ISO-10303-21;
HEADER;
/* Generated by software containing ST-Developer
 * from STEP Tools, Inc. (www.steptools.com) 
 */

FILE_DESCRIPTION(
/* description */ (''),
/* implementation_level */ '2;1');

FILE_NAME(
/* name */ 'enclosure-cover.step',
/* time_stamp */ '2026-09-03T15:00:45+02:00',
/* author */ (''),
/* organization */ (''),
/* preprocessor_version */ 'ST-DEVELOPER v20.1',
/* originating_system */ 'Autodesk Translation Framework v15.8.0.0',
/* authorisation */ '');

FILE_SCHEMA (('AUTOMOTIVE_DESIGN { 1 0 10303 214 3 1 1 }'));
ENDSEC;

DATA;
#10=MECHANICAL_DESIGN_GEOMETRIC_PRESENTATION_REPRESENTATION('',(#13),#10453);
#11=SHAPE_REPRESENTATION_RELATIONSHIP('SRR','None',#10459,#12);
#12=ADVANCED_BREP_SHAPE_REPRESENTATION('',(#14),#10452);
#13=STYLED_ITEM('',(#10469),#14);
#14=MANIFOLD_SOLID_BREP('Body4',#3315);
#15=(
BOUNDED_SURFACE()
B_SPLINE_SURFACE(5,1,((#10408,#10409),(#10410,#10411),(#10412,#10413),(#10414,
#10415),(#10416,#10417),(#10418,#10419),(#10420,#10421),(#10422,#10423),
(#10424,#10425),(#10426,#10427),(#10428,#10429),(#10430,#10431),(#10432,
#10433),(#10434,#10435),(#10436,#10437),(#10438,#10439),(#10440,#10441),
(#10442,#10443),(#10444,#10445),(#10446,#10447),(#10448,#10449)),
 .UNSPECIFIED.,.F.,.F.,.F.)
B_SPLINE_SURFACE_WITH_KNOTS((6,1,1,1,1,1,1,1,1,1,1,1,1,1,1,1,6),(2,2),(0.,
0.04,0.08,0.12,0.16,0.2,0.24,0.28,0.32,0.36,0.4,0.44,0.48,0.52,0.56,0.6,
0.610610512243548),(0.,5.68336655220917),.UNSPECIFIED.)
GEOMETRIC_REPRESENTATION_ITEM()
RATIONAL_B_SPLINE_SURFACE(((1.,1.),(1.,1.),(1.,1.),(1.,1.),(1.,1.),(1.,
1.),(1.,1.),(1.,1.),(1.,1.),(1.,1.),(1.,1.),(1.,1.),(1.,1.),(1.,1.),(1.,
1.),(1.,1.),(1.,1.),(1.,1.),(1.,1.),(1.,1.),(1.,1.)))
REPRESENTATION_ITEM('')
SURFACE()
);
#16=(
BOUNDED_CURVE()
B_SPLINE_CURVE(5,(#8448,#8449,#8450,#8451,#8452,#8453,#8454,#8455,#8456,
#8457,#8458,#8459,#8460,#8461,#8462,#8463,#8464,#8465,#8466,#8467,#8468),
 .UNSPECIFIED.,.F.,.F.)
B_SPLINE_CURVE_WITH_KNOTS((6,1,1,1,1,1,1,1,1,1,1,1,1,1,1,1,6),(0.,0.04,
0.08,0.12,0.16,0.2,0.24,0.28,0.32,0.36,0.4,0.44,0.48,0.52,0.56,0.6,0.610610512243548),
 .UNSPECIFIED.)
CURVE()
GEOMETRIC_REPRESENTATION_ITEM()
RATIONAL_B_SPLINE_CURVE((1.,1.,1.,1.,1.,1.,1.,1.,1.,1.,1.,1.,1.,1.,1.,1.,
1.,1.,1.,1.,1.))
REPRESENTATION_ITEM('')
);
#17=FACE_BOUND('',#374,.T.);
#18=FACE_BOUND('',#377,.T.);
#19=FACE_BOUND('',#538,.T.);
#20=FACE_BOUND('',#541,.T.);
#21=FACE_BOUND('',#545,.T.);
#22=B_SPLINE_SURFACE_WITH_KNOTS('',3,3,((#3724,#3725,#3726,#3727),(#3728,
#3729,#3730,#3731),(#3732,#3733,#3734,#3735),(#3736,#3737,#3738,#3739)),
 .UNSPECIFIED.,.F.,.F.,.F.,(4,4),(4,4),(-0.0754160342453675,-0.028583965754627),
(-0.506301766635864,-0.00764703319052033),.UNSPECIFIED.);
#23=B_SPLINE_SURFACE_WITH_KNOTS('',3,3,((#3756,#3757,#3758,#3759),(#3760,
#3761,#3762,#3763),(#3764,#3765,#3766,#3767),(#3768,#3769,#3770,#3771)),
 .UNSPECIFIED.,.F.,.F.,.F.,(4,4),(4,4),(-0.0754160342453673,-0.028583965754627),
(-2.71102592986633,-2.25975015190595),.UNSPECIFIED.);
#24=B_SPLINE_SURFACE_WITH_KNOTS('',3,3,((#3927,#3928,#3929,#3930),(#3931,
#3932,#3933,#3934),(#3935,#3936,#3937,#3938),(#3939,#3940,#3941,#3942)),
 .UNSPECIFIED.,.F.,.F.,.F.,(4,4),(4,4),(-0.0754160342453664,-0.0285839657546272),
(-1.14001671457147,-0.968887789306071),.UNSPECIFIED.);
#25=B_SPLINE_SURFACE_WITH_KNOTS('',3,3,((#4216,#4217,#4218,#4219),(#4220,
#4221,#4222,#4223),(#4224,#4225,#4226,#4227),(#4228,#4229,#4230,#4231)),
 .UNSPECIFIED.,.F.,.F.,.F.,(4,4),(4,4),(-0.075416034245366,-0.0285839657546272),
(-3.34442265459867,-3.12816645330228),.UNSPECIFIED.);
#26=B_SPLINE_SURFACE_WITH_KNOTS('',3,3,((#4252,#4253,#4254,#4255,#4256),
(#4257,#4258,#4259,#4260,#4261),(#4262,#4263,#4264,#4265,#4266),(#4267,
#4268,#4269,#4270,#4271)),.UNSPECIFIED.,.F.,.F.,.F.,(4,4),(4,1,4),(-0.0754160342453656,
-0.0285839657546272),(-0.802627841679801,-0.461923618163024,-0.0076513201406558),
 .UNSPECIFIED.);
#27=B_SPLINE_SURFACE_WITH_KNOTS('',3,3,((#4280,#4281,#4282,#4283),(#4284,
#4285,#4286,#4287),(#4288,#4289,#4290,#4291),(#4292,#4293,#4294,#4295)),
 .UNSPECIFIED.,.F.,.F.,.F.,(4,4),(4,4),(-0.0754160342453656,-0.0285839657546272),
(-1.42298717907759,-0.802627841679801),.UNSPECIFIED.);
#28=B_SPLINE_SURFACE_WITH_KNOTS('',3,3,((#4300,#4301,#4302,#4303),(#4304,
#4305,#4306,#4307),(#4308,#4309,#4310,#4311),(#4312,#4313,#4314,#4315)),
 .UNSPECIFIED.,.F.,.F.,.F.,(4,4),(4,4),(-0.0754160342453657,-0.0285839657546272),
(-2.39482099690631,-1.42298717907759),.UNSPECIFIED.);
#29=B_SPLINE_SURFACE_WITH_KNOTS('',3,3,((#4317,#4318,#4319,#4320),(#4321,
#4322,#4323,#4324),(#4325,#4326,#4327,#4328),(#4329,#4330,#4331,#4332)),
 .UNSPECIFIED.,.F.,.F.,.F.,(4,4),(4,4),(-0.0754160342453658,-0.0285839657546272),
(-2.44056258000212,-2.39482099690631),.UNSPECIFIED.);
#30=B_SPLINE_SURFACE_WITH_KNOTS('',3,3,((#4337,#4338,#4339,#4340),(#4341,
#4342,#4343,#4344),(#4345,#4346,#4347,#4348),(#4349,#4350,#4351,#4352)),
 .UNSPECIFIED.,.F.,.F.,.F.,(4,4),(4,4),(-0.0754160342453657,-0.0285839657546272),
(-3.25164680611438,-2.44056258000212),.UNSPECIFIED.);
#31=B_SPLINE_SURFACE_WITH_KNOTS('',3,3,((#4354,#4355,#4356,#4357),(#4358,
#4359,#4360,#4361),(#4362,#4363,#4364,#4365),(#4366,#4367,#4368,#4369)),
 .UNSPECIFIED.,.F.,.F.,.F.,(4,4),(4,4),(-0.0754160342453657,-0.0285839657546272),
(-3.98120862842807,-3.25164680611438),.UNSPECIFIED.);
#32=B_SPLINE_SURFACE_WITH_KNOTS('',3,3,((#4376,#4377,#4378,#4379),(#4380,
#4381,#4382,#4383),(#4384,#4385,#4386,#4387),(#4388,#4389,#4390,#4391)),
 .UNSPECIFIED.,.F.,.F.,.F.,(4,4),(4,4),(-0.0754160342453667,-0.0285839657546272),
(-0.282838136951137,-0.00784392119057206),.UNSPECIFIED.);
#33=B_SPLINE_SURFACE_WITH_KNOTS('',3,3,((#4396,#4397,#4398,#4399,#4400),
(#4401,#4402,#4403,#4404,#4405),(#4406,#4407,#4408,#4409,#4410),(#4411,
#4412,#4413,#4414,#4415)),.UNSPECIFIED.,.F.,.F.,.F.,(4,4),(4,1,4),(-0.0754160342453666,
-0.0285839657546272),(-1.01600882735794,-0.701792817183597,-0.282838136951137),
 .UNSPECIFIED.);
#34=B_SPLINE_SURFACE_WITH_KNOTS('',3,3,((#4420,#4421,#4422,#4423),(#4424,
#4425,#4426,#4427),(#4428,#4429,#4430,#4431),(#4432,#4433,#4434,#4435)),
 .UNSPECIFIED.,.F.,.F.,.F.,(4,4),(4,4),(-0.0754160342453666,-0.0285839657546272),
(-1.38968998649389,-1.01600882735794),.UNSPECIFIED.);
#35=B_SPLINE_SURFACE_WITH_KNOTS('',3,3,((#4440,#4441,#4442,#4443),(#4444,
#4445,#4446,#4447),(#4448,#4449,#4450,#4451),(#4452,#4453,#4454,#4455)),
 .UNSPECIFIED.,.F.,.F.,.F.,(4,4),(4,4),(-0.0754160342453666,-0.0285839657546272),
(-1.85210138454932,-1.38968998649389),.UNSPECIFIED.);
#36=B_SPLINE_SURFACE_WITH_KNOTS('',3,3,((#4460,#4461,#4462,#4463),(#4464,
#4465,#4466,#4467),(#4468,#4469,#4470,#4471),(#4472,#4473,#4474,#4475)),
 .UNSPECIFIED.,.F.,.F.,.F.,(4,4),(4,4),(-0.0754160342453666,-0.0285839657546272),
(-2.46946851273243,-1.85210138454932),.UNSPECIFIED.);
#37=B_SPLINE_SURFACE_WITH_KNOTS('',3,3,((#4480,#4481,#4482,#4483),(#4484,
#4485,#4486,#4487),(#4488,#4489,#4490,#4491),(#4492,#4493,#4494,#4495)),
 .UNSPECIFIED.,.F.,.F.,.F.,(4,4),(4,4),(-0.0754160342453666,-0.0285839657546272),
(-3.11203427071738,-2.46946851273243),.UNSPECIFIED.);
#38=B_SPLINE_SURFACE_WITH_KNOTS('',3,3,((#4500,#4501,#4502,#4503),(#4504,
#4505,#4506,#4507),(#4508,#4509,#4510,#4511),(#4512,#4513,#4514,#4515)),
 .UNSPECIFIED.,.F.,.F.,.F.,(4,4),(4,4),(-0.0754160342453666,-0.0285839657546272),
(-4.2585621765676,-3.11203427071738),.UNSPECIFIED.);
#39=B_SPLINE_SURFACE_WITH_KNOTS('',3,3,((#4520,#4521,#4522,#4523),(#4524,
#4525,#4526,#4527),(#4528,#4529,#4530,#4531),(#4532,#4533,#4534,#4535),
(#4536,#4537,#4538,#4539),(#4540,#4541,#4542,#4543),(#4544,#4545,#4546,
#4547),(#4548,#4549,#4550,#4551)),.UNSPECIFIED.,.F.,.F.,.F.,(4,1,1,1,1,
4),(4,4),(-0.298620313457218,-0.254026255764084,-0.209432198070949,-0.149973454480104,
-0.120244082684681,-0.0905147108892581),(0.,0.000775129941234286),
 .UNSPECIFIED.);
#40=B_SPLINE_SURFACE_WITH_KNOTS('',3,3,((#4580,#4581,#4582,#4583),(#4584,
#4585,#4586,#4587),(#4588,#4589,#4590,#4591),(#4592,#4593,#4594,#4595),
(#4596,#4597,#4598,#4599),(#4600,#4601,#4602,#4603),(#4604,#4605,#4606,
#4607),(#4608,#4609,#4610,#4611),(#4612,#4613,#4614,#4615),(#4616,#4617,
#4618,#4619),(#4620,#4621,#4622,#4623)),.UNSPECIFIED.,.F.,.F.,.F.,(4,1,
1,1,1,1,1,1,4),(4,4),(-0.298620313457218,-0.255960268677615,-0.213300223898013,
-0.17064017911841,-0.127980134338808,-0.106650111949006,-0.0853200895592051,
-0.0426600447796025,0.),(-0.282838136951137,0.),.UNSPECIFIED.);
#41=B_SPLINE_SURFACE_WITH_KNOTS('',3,3,((#4653,#4654,#4655,#4656),(#4657,
#4658,#4659,#4660),(#4661,#4662,#4663,#4664),(#4665,#4666,#4667,#4668),
(#4669,#4670,#4671,#4672),(#4673,#4674,#4675,#4676),(#4677,#4678,#4679,
#4680),(#4681,#4682,#4683,#4684),(#4685,#4686,#4687,#4688),(#4689,#4690,
#4691,#4692),(#4693,#4694,#4695,#4696)),.UNSPECIFIED.,.F.,.F.,.F.,(4,1,
1,1,1,1,1,1,4),(4,4),(-0.298620313457218,-0.255960268677615,-0.213300223898013,
-0.17064017911841,-0.127980134338808,-0.106650111949006,-0.0853200895592051,
-0.0426600447796025,0.),(-1.01600882735794,-0.282838136951137),
 .UNSPECIFIED.);
#42=B_SPLINE_SURFACE_WITH_KNOTS('',3,3,((#4718,#4719,#4720,#4721),(#4722,
#4723,#4724,#4725),(#4726,#4727,#4728,#4729),(#4730,#4731,#4732,#4733),
(#4734,#4735,#4736,#4737),(#4738,#4739,#4740,#4741),(#4742,#4743,#4744,
#4745),(#4746,#4747,#4748,#4749),(#4750,#4751,#4752,#4753),(#4754,#4755,
#4756,#4757),(#4758,#4759,#4760,#4761)),.UNSPECIFIED.,.F.,.F.,.F.,(4,1,
1,1,1,1,1,1,4),(4,4),(-0.298620313457218,-0.255960268677615,-0.213300223898013,
-0.17064017911841,-0.127980134338808,-0.106650111949006,-0.0853200895592051,
-0.0426600447796025,0.),(-1.38968998649389,-1.01600882735794),
 .UNSPECIFIED.);
#43=B_SPLINE_SURFACE_WITH_KNOTS('',3,3,((#4783,#4784,#4785,#4786),(#4787,
#4788,#4789,#4790),(#4791,#4792,#4793,#4794),(#4795,#4796,#4797,#4798),
(#4799,#4800,#4801,#4802),(#4803,#4804,#4805,#4806),(#4807,#4808,#4809,
#4810),(#4811,#4812,#4813,#4814),(#4815,#4816,#4817,#4818),(#4819,#4820,
#4821,#4822),(#4823,#4824,#4825,#4826)),.UNSPECIFIED.,.F.,.F.,.F.,(4,1,
1,1,1,1,1,1,4),(4,4),(-0.298620313457218,-0.255960268677615,-0.213300223898013,
-0.17064017911841,-0.127980134338808,-0.106650111949006,-0.0853200895592051,
-0.0426600447796025,0.),(-1.85210138454932,-1.38968998649389),
 .UNSPECIFIED.);
#44=B_SPLINE_SURFACE_WITH_KNOTS('',3,3,((#4848,#4849,#4850,#4851),(#4852,
#4853,#4854,#4855),(#4856,#4857,#4858,#4859),(#4860,#4861,#4862,#4863),
(#4864,#4865,#4866,#4867),(#4868,#4869,#4870,#4871),(#4872,#4873,#4874,
#4875),(#4876,#4877,#4878,#4879),(#4880,#4881,#4882,#4883),(#4884,#4885,
#4886,#4887),(#4888,#4889,#4890,#4891)),.UNSPECIFIED.,.F.,.F.,.F.,(4,1,
1,1,1,1,1,1,4),(4,4),(-0.298620313457218,-0.255960268677615,-0.213300223898013,
-0.17064017911841,-0.127980134338808,-0.106650111949006,-0.0853200895592051,
-0.0426600447796025,0.),(-2.46946851273243,-1.85210138454932),
 .UNSPECIFIED.);
#45=B_SPLINE_SURFACE_WITH_KNOTS('',3,3,((#4913,#4914,#4915,#4916),(#4917,
#4918,#4919,#4920),(#4921,#4922,#4923,#4924),(#4925,#4926,#4927,#4928),
(#4929,#4930,#4931,#4932),(#4933,#4934,#4935,#4936),(#4937,#4938,#4939,
#4940),(#4941,#4942,#4943,#4944),(#4945,#4946,#4947,#4948),(#4949,#4950,
#4951,#4952),(#4953,#4954,#4955,#4956)),.UNSPECIFIED.,.F.,.F.,.F.,(4,1,
1,1,1,1,1,1,4),(4,4),(-0.298620313457218,-0.255960268677615,-0.213300223898013,
-0.17064017911841,-0.127980134338808,-0.106650111949006,-0.0853200895592051,
-0.0426600447796025,0.),(-3.11203427071738,-2.46946851273243),
 .UNSPECIFIED.);
#46=B_SPLINE_SURFACE_WITH_KNOTS('',3,3,((#4978,#4979,#4980,#4981),(#4982,
#4983,#4984,#4985),(#4986,#4987,#4988,#4989),(#4990,#4991,#4992,#4993)),
 .UNSPECIFIED.,.F.,.F.,.F.,(4,4),(4,4),(-0.0785839657546272,0.147583965754628),
(-0.282838136951137,-0.0024355000890633),.UNSPECIFIED.);
#47=B_SPLINE_SURFACE_WITH_KNOTS('',3,3,((#5010,#5011,#5012,#5013),(#5014,
#5015,#5016,#5017),(#5018,#5019,#5020,#5021),(#5022,#5023,#5024,#5025)),
 .UNSPECIFIED.,.F.,.F.,.F.,(4,4),(4,4),(-0.0785839657546272,0.147583965754628),
(-1.01600882735794,-0.282838136951137),.UNSPECIFIED.);
#48=B_SPLINE_SURFACE_WITH_KNOTS('',3,3,((#5035,#5036,#5037,#5038),(#5039,
#5040,#5041,#5042),(#5043,#5044,#5045,#5046),(#5047,#5048,#5049,#5050)),
 .UNSPECIFIED.,.F.,.F.,.F.,(4,4),(4,4),(-0.0785839657546272,0.147583965754628),
(-1.38968998649389,-1.01600882735794),.UNSPECIFIED.);
#49=B_SPLINE_SURFACE_WITH_KNOTS('',3,3,((#5060,#5061,#5062,#5063),(#5064,
#5065,#5066,#5067),(#5068,#5069,#5070,#5071),(#5072,#5073,#5074,#5075)),
 .UNSPECIFIED.,.F.,.F.,.F.,(4,4),(4,4),(-0.0785839657546272,0.147583965754628),
(-1.85210138454932,-1.38968998649389),.UNSPECIFIED.);
#50=B_SPLINE_SURFACE_WITH_KNOTS('',3,3,((#5085,#5086,#5087,#5088),(#5089,
#5090,#5091,#5092),(#5093,#5094,#5095,#5096),(#5097,#5098,#5099,#5100)),
 .UNSPECIFIED.,.F.,.F.,.F.,(4,4),(4,4),(-0.0785839657546272,0.147583965754628),
(-2.46946851273243,-1.85210138454932),.UNSPECIFIED.);
#51=B_SPLINE_SURFACE_WITH_KNOTS('',3,3,((#5110,#5111,#5112,#5113),(#5114,
#5115,#5116,#5117),(#5118,#5119,#5120,#5121),(#5122,#5123,#5124,#5125)),
 .UNSPECIFIED.,.F.,.F.,.F.,(4,4),(4,4),(-0.0785839657546272,0.147583965754628),
(-3.11203427071738,-2.46946851273243),.UNSPECIFIED.);
#52=B_SPLINE_SURFACE_WITH_KNOTS('',3,3,((#5135,#5136,#5137,#5138),(#5139,
#5140,#5141,#5142),(#5143,#5144,#5145,#5146),(#5147,#5148,#5149,#5150)),
 .UNSPECIFIED.,.F.,.F.,.F.,(4,4),(4,4),(-0.0345000000000004,0.0364999999999995),
(-0.282838136951137,-0.000552440956899101),.UNSPECIFIED.);
#53=B_SPLINE_SURFACE_WITH_KNOTS('',3,3,((#5173,#5174,#5175,#5176),(#5177,
#5178,#5179,#5180),(#5181,#5182,#5183,#5184),(#5185,#5186,#5187,#5188)),
 .UNSPECIFIED.,.F.,.F.,.F.,(4,4),(4,4),(-0.0345000000000004,0.0364999999999995),
(-1.01600882735794,-0.282838136951137),.UNSPECIFIED.);
#54=B_SPLINE_SURFACE_WITH_KNOTS('',3,3,((#5203,#5204,#5205,#5206),(#5207,
#5208,#5209,#5210),(#5211,#5212,#5213,#5214),(#5215,#5216,#5217,#5218)),
 .UNSPECIFIED.,.F.,.F.,.F.,(4,4),(4,4),(-0.0345000000000004,0.0364999999999995),
(-1.38968998649389,-1.01600882735794),.UNSPECIFIED.);
#55=B_SPLINE_SURFACE_WITH_KNOTS('',3,3,((#5233,#5234,#5235,#5236),(#5237,
#5238,#5239,#5240),(#5241,#5242,#5243,#5244),(#5245,#5246,#5247,#5248)),
 .UNSPECIFIED.,.F.,.F.,.F.,(4,4),(4,4),(-0.0345000000000004,0.0364999999999995),
(-1.85210138454932,-1.38968998649389),.UNSPECIFIED.);
#56=B_SPLINE_SURFACE_WITH_KNOTS('',3,3,((#5263,#5264,#5265,#5266),(#5267,
#5268,#5269,#5270),(#5271,#5272,#5273,#5274),(#5275,#5276,#5277,#5278)),
 .UNSPECIFIED.,.F.,.F.,.F.,(4,4),(4,4),(-0.0345000000000004,0.0364999999999995),
(-2.46946851273243,-1.85210138454932),.UNSPECIFIED.);
#57=B_SPLINE_SURFACE_WITH_KNOTS('',3,3,((#5293,#5294,#5295,#5296),(#5297,
#5298,#5299,#5300),(#5301,#5302,#5303,#5304),(#5305,#5306,#5307,#5308)),
 .UNSPECIFIED.,.F.,.F.,.F.,(4,4),(4,4),(-0.0345000000000004,0.0364999999999995),
(-3.11203427071738,-2.46946851273243),.UNSPECIFIED.);
#58=B_SPLINE_SURFACE_WITH_KNOTS('',3,3,((#5323,#5324,#5325,#5326),(#5327,
#5328,#5329,#5330),(#5331,#5332,#5333,#5334),(#5335,#5336,#5337,#5338)),
 .UNSPECIFIED.,.F.,.F.,.F.,(4,4),(4,4),(0.000999999999999668,0.0299999999999998),
(0.,0.00077056286074223),.UNSPECIFIED.);
#59=B_SPLINE_SURFACE_WITH_KNOTS('',3,3,((#5355,#5356,#5357,#5358),(#5359,
#5360,#5361,#5362),(#5363,#5364,#5365,#5366),(#5367,#5368,#5369,#5370)),
 .UNSPECIFIED.,.F.,.F.,.F.,(4,4),(4,4),(0.000999999999999668,0.0299999999999998),
(-0.282838136951137,0.),.UNSPECIFIED.);
#60=B_SPLINE_SURFACE_WITH_KNOTS('',3,3,((#5380,#5381,#5382,#5383),(#5384,
#5385,#5386,#5387),(#5388,#5389,#5390,#5391),(#5392,#5393,#5394,#5395)),
 .UNSPECIFIED.,.F.,.F.,.F.,(4,4),(4,4),(0.000999999999999668,0.0299999999999998),
(-1.01600882735794,-0.282838136951137),.UNSPECIFIED.);
#61=B_SPLINE_SURFACE_WITH_KNOTS('',3,3,((#5405,#5406,#5407,#5408),(#5409,
#5410,#5411,#5412),(#5413,#5414,#5415,#5416),(#5417,#5418,#5419,#5420)),
 .UNSPECIFIED.,.F.,.F.,.F.,(4,4),(4,4),(0.000999999999999668,0.0299999999999998),
(-1.38968998649389,-1.01600882735794),.UNSPECIFIED.);
#62=B_SPLINE_SURFACE_WITH_KNOTS('',3,3,((#5430,#5431,#5432,#5433),(#5434,
#5435,#5436,#5437),(#5438,#5439,#5440,#5441),(#5442,#5443,#5444,#5445)),
 .UNSPECIFIED.,.F.,.F.,.F.,(4,4),(4,4),(0.000999999999999668,0.0299999999999998),
(-1.85210138454932,-1.38968998649389),.UNSPECIFIED.);
#63=B_SPLINE_SURFACE_WITH_KNOTS('',3,3,((#5455,#5456,#5457,#5458),(#5459,
#5460,#5461,#5462),(#5463,#5464,#5465,#5466),(#5467,#5468,#5469,#5470)),
 .UNSPECIFIED.,.F.,.F.,.F.,(4,4),(4,4),(0.000999999999999668,0.0299999999999998),
(-2.46946851273243,-1.85210138454932),.UNSPECIFIED.);
#64=B_SPLINE_SURFACE_WITH_KNOTS('',3,3,((#5480,#5481,#5482,#5483),(#5484,
#5485,#5486,#5487),(#5488,#5489,#5490,#5491),(#5492,#5493,#5494,#5495)),
 .UNSPECIFIED.,.F.,.F.,.F.,(4,4),(4,4),(0.000999999999999668,0.0299999999999998),
(-3.11203427071738,-2.46946851273243),.UNSPECIFIED.);
#65=B_SPLINE_SURFACE_WITH_KNOTS('',3,3,((#5505,#5506,#5507,#5508),(#5509,
#5510,#5511,#5512),(#5513,#5514,#5515,#5516),(#5517,#5518,#5519,#5520),
(#5521,#5522,#5523,#5524),(#5525,#5526,#5527,#5528),(#5529,#5530,#5531,
#5532),(#5533,#5534,#5535,#5536),(#5537,#5538,#5539,#5540),(#5541,#5542,
#5543,#5544),(#5545,#5546,#5547,#5548),(#5549,#5550,#5551,#5552),(#5553,
#5554,#5555,#5556),(#5557,#5558,#5559,#5560),(#5561,#5562,#5563,#5564),
(#5565,#5566,#5567,#5568),(#5569,#5570,#5571,#5572),(#5573,#5574,#5575,
#5576),(#5577,#5578,#5579,#5580),(#5581,#5582,#5583,#5584),(#5585,#5586,
#5587,#5588),(#5589,#5590,#5591,#5592),(#5593,#5594,#5595,#5596),(#5597,
#5598,#5599,#5600)),.UNSPECIFIED.,.F.,.F.,.F.,(4,1,1,1,1,1,1,1,1,1,1,1,
1,1,1,1,2,1,1,1,4),(4,4),(-0.434927428190545,-0.373839357183324,-0.343295321679714,
-0.328023303927909,-0.320387295052006,-0.312751286176104,-0.297479268424298,
-0.284116252891469,-0.282207250672493,-0.280298248453518,-0.274571241796591,
-0.270753237358639,-0.266935232920688,-0.251663215168883,-0.190575144161662,
-0.160031108658052,-0.129487073154442,-0.103589658523554,-0.0776922438926651,
-0.0388461219463326,0.),(-2.44056258000212,-2.39482099690631),
 .UNSPECIFIED.);
#66=B_SPLINE_SURFACE_WITH_KNOTS('',3,3,((#5698,#5699,#5700,#5701),(#5702,
#5703,#5704,#5705),(#5706,#5707,#5708,#5709),(#5710,#5711,#5712,#5713)),
 .UNSPECIFIED.,.F.,.F.,.F.,(4,4),(4,4),(-0.0785839657546272,0.147583965754628),
(-2.44056258000212,-2.39482099690631),.UNSPECIFIED.);
#67=B_SPLINE_SURFACE_WITH_KNOTS('',3,3,((#5725,#5726,#5727,#5728),(#5729,
#5730,#5731,#5732),(#5733,#5734,#5735,#5736),(#5737,#5738,#5739,#5740)),
 .UNSPECIFIED.,.F.,.F.,.F.,(4,4),(4,4),(-0.0345000000000004,0.0364999999999995),
(-2.44056258000212,-2.39482099690631),.UNSPECIFIED.);
#68=B_SPLINE_SURFACE_WITH_KNOTS('',3,3,((#5758,#5759,#5760,#5761),(#5762,
#5763,#5764,#5765),(#5766,#5767,#5768,#5769),(#5770,#5771,#5772,#5773)),
 .UNSPECIFIED.,.F.,.F.,.F.,(4,4),(4,4),(0.000999999999999668,0.0299999999999998),
(-2.44056258000212,-2.39482099690631),.UNSPECIFIED.);
#69=B_SPLINE_SURFACE_WITH_KNOTS('',3,3,((#5785,#5786,#5787,#5788),(#5789,
#5790,#5791,#5792),(#5793,#5794,#5795,#5796),(#5797,#5798,#5799,#5800),
(#5801,#5802,#5803,#5804),(#5805,#5806,#5807,#5808),(#5809,#5810,#5811,
#5812),(#5813,#5814,#5815,#5816),(#5817,#5818,#5819,#5820),(#5821,#5822,
#5823,#5824),(#5825,#5826,#5827,#5828),(#5829,#5830,#5831,#5832),(#5833,
#5834,#5835,#5836),(#5837,#5838,#5839,#5840),(#5841,#5842,#5843,#5844),
(#5845,#5846,#5847,#5848),(#5849,#5850,#5851,#5852),(#5853,#5854,#5855,
#5856),(#5857,#5858,#5859,#5860),(#5861,#5862,#5863,#5864),(#5865,#5866,
#5867,#5868),(#5869,#5870,#5871,#5872),(#5873,#5874,#5875,#5876),(#5877,
#5878,#5879,#5880),(#5881,#5882,#5883,#5884),(#5885,#5886,#5887,#5888),
(#5889,#5890,#5891,#5892),(#5893,#5894,#5895,#5896),(#5897,#5898,#5899,
#5900),(#5901,#5902,#5903,#5904),(#5905,#5906,#5907,#5908),(#5909,#5910,
#5911,#5912),(#5913,#5914,#5915,#5916),(#5917,#5918,#5919,#5920),(#5921,
#5922,#5923,#5924)),.UNSPECIFIED.,.F.,.F.,.F.,(4,1,1,1,1,1,1,1,1,1,1,1,
1,1,1,1,1,1,1,1,1,1,1,1,1,1,1,1,1,1,1,1,4),(4,4),(-0.434927428190545,-0.391293091756815,
-0.347658755323085,-0.325841587106221,-0.320387295052004,-0.314933002997788,
-0.306751564916464,-0.304024418889356,-0.282207250672491,-0.282036804045797,
-0.281866357419102,-0.281525464165714,-0.280843677658937,-0.279480104645383,
-0.276752958618275,-0.274025812591167,-0.271298666564059,-0.26857152053695,
-0.265844374509842,-0.260390082455626,-0.257662936428518,-0.25493579040141,
-0.249481498347194,-0.244027206292978,-0.241300060265869,-0.238572914238761,
-0.227664330130329,-0.222210038076113,-0.219482892049005,-0.218119319035451,
-0.216755746021896,-0.173121409588167,-0.129487073154437),(0.,0.000774783303615567),
 .UNSPECIFIED.);
#70=B_SPLINE_SURFACE_WITH_KNOTS('',3,3,((#6148,#6149,#6150,#6151),(#6152,
#6153,#6154,#6155),(#6156,#6157,#6158,#6159),(#6160,#6161,#6162,#6163),
(#6164,#6165,#6166,#6167),(#6168,#6169,#6170,#6171),(#6172,#6173,#6174,
#6175),(#6176,#6177,#6178,#6179),(#6180,#6181,#6182,#6183),(#6184,#6185,
#6186,#6187),(#6188,#6189,#6190,#6191),(#6192,#6193,#6194,#6195),(#6196,
#6197,#6198,#6199),(#6200,#6201,#6202,#6203),(#6204,#6205,#6206,#6207),
(#6208,#6209,#6210,#6211),(#6212,#6213,#6214,#6215),(#6216,#6217,#6218,
#6219),(#6220,#6221,#6222,#6223),(#6224,#6225,#6226,#6227),(#6228,#6229,
#6230,#6231),(#6232,#6233,#6234,#6235),(#6236,#6237,#6238,#6239),(#6240,
#6241,#6242,#6243)),.UNSPECIFIED.,.F.,.F.,.F.,(4,1,1,1,1,1,1,1,1,1,1,1,
1,1,1,1,2,1,1,1,4),(4,4),(-0.434927428190545,-0.373839357183324,-0.343295321679714,
-0.328023303927909,-0.320387295052006,-0.312751286176104,-0.297479268424298,
-0.284116252891469,-0.282207250672493,-0.280298248453518,-0.274571241796591,
-0.270753237358639,-0.266935232920688,-0.251663215168883,-0.190575144161662,
-0.160031108658052,-0.129487073154442,-0.103589658523554,-0.0776922438926651,
-0.0388461219463326,0.),(-0.802627841679801,0.),.UNSPECIFIED.);
#71=B_SPLINE_SURFACE_WITH_KNOTS('',3,3,((#6286,#6287,#6288,#6289),(#6290,
#6291,#6292,#6293),(#6294,#6295,#6296,#6297),(#6298,#6299,#6300,#6301),
(#6302,#6303,#6304,#6305),(#6306,#6307,#6308,#6309),(#6310,#6311,#6312,
#6313),(#6314,#6315,#6316,#6317),(#6318,#6319,#6320,#6321),(#6322,#6323,
#6324,#6325),(#6326,#6327,#6328,#6329),(#6330,#6331,#6332,#6333),(#6334,
#6335,#6336,#6337),(#6338,#6339,#6340,#6341),(#6342,#6343,#6344,#6345),
(#6346,#6347,#6348,#6349),(#6350,#6351,#6352,#6353),(#6354,#6355,#6356,
#6357),(#6358,#6359,#6360,#6361),(#6362,#6363,#6364,#6365),(#6366,#6367,
#6368,#6369),(#6370,#6371,#6372,#6373),(#6374,#6375,#6376,#6377),(#6378,
#6379,#6380,#6381)),.UNSPECIFIED.,.F.,.F.,.F.,(4,1,1,1,1,1,1,1,1,1,1,1,
1,1,1,1,2,1,1,1,4),(4,4),(-0.434927428190545,-0.373839357183324,-0.343295321679714,
-0.328023303927909,-0.320387295052006,-0.312751286176104,-0.297479268424298,
-0.284116252891469,-0.282207250672493,-0.280298248453518,-0.274571241796591,
-0.270753237358639,-0.266935232920688,-0.251663215168883,-0.190575144161662,
-0.160031108658052,-0.129487073154442,-0.103589658523554,-0.0776922438926651,
-0.0388461219463326,0.),(-1.42298717907759,-0.802627841679801),
 .UNSPECIFIED.);
#72=B_SPLINE_SURFACE_WITH_KNOTS('',3,3,((#6416,#6417,#6418,#6419),(#6420,
#6421,#6422,#6423),(#6424,#6425,#6426,#6427),(#6428,#6429,#6430,#6431)),
 .UNSPECIFIED.,.F.,.F.,.F.,(4,4),(4,4),(-0.0785839657546272,0.147583965754628),
(-0.802627841679801,-0.00242583792609438),.UNSPECIFIED.);
#73=B_SPLINE_SURFACE_WITH_KNOTS('',3,3,((#6448,#6449,#6450,#6451),(#6452,
#6453,#6454,#6455),(#6456,#6457,#6458,#6459),(#6460,#6461,#6462,#6463)),
 .UNSPECIFIED.,.F.,.F.,.F.,(4,4),(4,4),(-0.0785839657546272,0.147583965754628),
(-1.42298717907759,-0.802627841679801),.UNSPECIFIED.);
#74=B_SPLINE_SURFACE_WITH_KNOTS('',3,3,((#6473,#6474,#6475,#6476),(#6477,
#6478,#6479,#6480),(#6481,#6482,#6483,#6484),(#6485,#6486,#6487,#6488)),
 .UNSPECIFIED.,.F.,.F.,.F.,(4,4),(4,4),(-0.0345000000000004,0.0364999999999995),
(-0.802627841679801,-0.000554277796710245),.UNSPECIFIED.);
#75=B_SPLINE_SURFACE_WITH_KNOTS('',3,3,((#6511,#6512,#6513,#6514),(#6515,
#6516,#6517,#6518),(#6519,#6520,#6521,#6522),(#6523,#6524,#6525,#6526)),
 .UNSPECIFIED.,.F.,.F.,.F.,(4,4),(4,4),(-0.0345000000000004,0.0364999999999995),
(-1.42298717907759,-0.802627841679801),.UNSPECIFIED.);
#76=B_SPLINE_SURFACE_WITH_KNOTS('',3,3,((#6541,#6542,#6543,#6544),(#6545,
#6546,#6547,#6548),(#6549,#6550,#6551,#6552),(#6553,#6554,#6555,#6556)),
 .UNSPECIFIED.,.F.,.F.,.F.,(4,4),(4,4),(0.000999999999999668,0.0299999999999998),
(0.,0.000774783303611582),.UNSPECIFIED.);
#77=B_SPLINE_SURFACE_WITH_KNOTS('',3,3,((#6573,#6574,#6575,#6576),(#6577,
#6578,#6579,#6580),(#6581,#6582,#6583,#6584),(#6585,#6586,#6587,#6588)),
 .UNSPECIFIED.,.F.,.F.,.F.,(4,4),(4,4),(0.000999999999999668,0.0299999999999998),
(-0.802627841679801,0.),.UNSPECIFIED.);
#78=B_SPLINE_SURFACE_WITH_KNOTS('',3,3,((#6598,#6599,#6600,#6601),(#6602,
#6603,#6604,#6605),(#6606,#6607,#6608,#6609),(#6610,#6611,#6612,#6613)),
 .UNSPECIFIED.,.F.,.F.,.F.,(4,4),(4,4),(0.000999999999999668,0.0299999999999998),
(-1.42298717907759,-0.802627841679801),.UNSPECIFIED.);
#79=B_SPLINE_SURFACE_WITH_KNOTS('',3,3,((#6623,#6624,#6625,#6626),(#6627,
#6628,#6629,#6630),(#6631,#6632,#6633,#6634),(#6635,#6636,#6637,#6638),
(#6639,#6640,#6641,#6642),(#6643,#6644,#6645,#6646),(#6647,#6648,#6649,
#6650),(#6651,#6652,#6653,#6654),(#6655,#6656,#6657,#6658),(#6659,#6660,
#6661,#6662),(#6663,#6664,#6665,#6666),(#6667,#6668,#6669,#6670),(#6671,
#6672,#6673,#6674),(#6675,#6676,#6677,#6678),(#6679,#6680,#6681,#6682)),
 .UNSPECIFIED.,.F.,.F.,.F.,(4,1,1,1,1,1,1,2,1,1,1,4),(4,4),(-0.410210628613989,
-0.347968457575449,-0.28572628653691,-0.254605201017641,-0.223484115498371,
-0.176802487219467,-0.145681401700197,-0.0989997734212931,-0.0692998413949052,
-0.0395999093685172,-0.0247499433553233,0.),(-0.968887789306071,-0.740607335148128),
 .UNSPECIFIED.);
#80=B_SPLINE_SURFACE_WITH_KNOTS('',3,3,((#6744,#6745,#6746,#6747),(#6748,
#6749,#6750,#6751),(#6752,#6753,#6754,#6755),(#6756,#6757,#6758,#6759),
(#6760,#6761,#6762,#6763),(#6764,#6765,#6766,#6767),(#6768,#6769,#6770,
#6771),(#6772,#6773,#6774,#6775),(#6776,#6777,#6778,#6779),(#6780,#6781,
#6782,#6783),(#6784,#6785,#6786,#6787),(#6788,#6789,#6790,#6791),(#6792,
#6793,#6794,#6795),(#6796,#6797,#6798,#6799),(#6800,#6801,#6802,#6803)),
 .UNSPECIFIED.,.F.,.F.,.F.,(4,1,1,1,1,1,1,2,1,1,1,4),(4,4),(-0.410210628613989,
-0.347968457575449,-0.28572628653691,-0.254605201017641,-0.223484115498371,
-0.176802487219467,-0.145681401700197,-0.0989997734212931,-0.0692998413949052,
-0.0395999093685172,-0.0247499433553233,0.),(-1.32677274374672,-0.968887789306071),
 .UNSPECIFIED.);
#81=B_SPLINE_SURFACE_WITH_KNOTS('',3,3,((#6829,#6830,#6831,#6832),(#6833,
#6834,#6835,#6836),(#6837,#6838,#6839,#6840),(#6841,#6842,#6843,#6844),
(#6845,#6846,#6847,#6848),(#6849,#6850,#6851,#6852),(#6853,#6854,#6855,
#6856),(#6857,#6858,#6859,#6860),(#6861,#6862,#6863,#6864),(#6865,#6866,
#6867,#6868),(#6869,#6870,#6871,#6872),(#6873,#6874,#6875,#6876),(#6877,
#6878,#6879,#6880),(#6881,#6882,#6883,#6884),(#6885,#6886,#6887,#6888)),
 .UNSPECIFIED.,.F.,.F.,.F.,(4,1,1,1,1,1,1,2,1,1,1,4),(4,4),(-0.410210628613989,
-0.347968457575449,-0.28572628653691,-0.254605201017641,-0.223484115498371,
-0.176802487219467,-0.145681401700197,-0.0989997734212931,-0.0692998413949052,
-0.0395999093685172,-0.0247499433553233,0.),(-1.77717582609472,-1.32677274374672),
 .UNSPECIFIED.);
#82=B_SPLINE_SURFACE_WITH_KNOTS('',3,3,((#6914,#6915,#6916,#6917),(#6918,
#6919,#6920,#6921),(#6922,#6923,#6924,#6925),(#6926,#6927,#6928,#6929),
(#6930,#6931,#6932,#6933),(#6934,#6935,#6936,#6937),(#6938,#6939,#6940,
#6941),(#6942,#6943,#6944,#6945),(#6946,#6947,#6948,#6949),(#6950,#6951,
#6952,#6953),(#6954,#6955,#6956,#6957),(#6958,#6959,#6960,#6961),(#6962,
#6963,#6964,#6965),(#6966,#6967,#6968,#6969),(#6970,#6971,#6972,#6973)),
 .UNSPECIFIED.,.F.,.F.,.F.,(4,1,1,1,1,1,1,2,1,1,1,4),(4,4),(-0.410210628613989,
-0.347968457575449,-0.28572628653691,-0.254605201017641,-0.223484115498371,
-0.176802487219467,-0.145681401700197,-0.0989997734212931,-0.0692998413949052,
-0.0395999093685172,-0.0247499433553233,0.),(-2.4031377826773,-1.77717582609472),
 .UNSPECIFIED.);
#83=B_SPLINE_SURFACE_WITH_KNOTS('',3,3,((#6999,#7000,#7001,#7002),(#7003,
#7004,#7005,#7006),(#7007,#7008,#7009,#7010),(#7011,#7012,#7013,#7014),
(#7015,#7016,#7017,#7018),(#7019,#7020,#7021,#7022),(#7023,#7024,#7025,
#7026),(#7027,#7028,#7029,#7030),(#7031,#7032,#7033,#7034),(#7035,#7036,
#7037,#7038),(#7039,#7040,#7041,#7042),(#7043,#7044,#7045,#7046),(#7047,
#7048,#7049,#7050),(#7051,#7052,#7053,#7054),(#7055,#7056,#7057,#7058),
(#7059,#7060,#7061,#7062)),.UNSPECIFIED.,.F.,.F.,.F.,(4,1,1,1,1,1,1,1,2,
1,1,1,4),(4,4),(-0.410210628613989,-0.347968457575449,-0.28572628653691,
-0.262385472397458,-0.254605201017641,-0.223484115498371,-0.176802487219467,
-0.145681401700197,-0.0989997734212931,-0.0692998413949052,-0.0395999093685172,
-0.0296999320263879,0.),(-2.81742292182277,-2.4031377826773),
 .UNSPECIFIED.);
#84=B_SPLINE_SURFACE_WITH_KNOTS('',3,3,((#7089,#7090,#7091,#7092),(#7093,
#7094,#7095,#7096),(#7097,#7098,#7099,#7100),(#7101,#7102,#7103,#7104)),
 .UNSPECIFIED.,.F.,.F.,.F.,(4,4),(4,4),(-0.075416034245366,-0.0285839657546272),
(-0.968887789306071,-0.740607335148128),.UNSPECIFIED.);
#85=B_SPLINE_SURFACE_WITH_KNOTS('',3,3,((#7106,#7107,#7108,#7109),(#7110,
#7111,#7112,#7113),(#7114,#7115,#7116,#7117),(#7118,#7119,#7120,#7121)),
 .UNSPECIFIED.,.F.,.F.,.F.,(4,4),(4,4),(-0.0754160342453661,-0.0285839657546272),
(-1.77052489669972,-1.50392537257174),.UNSPECIFIED.);
#86=B_SPLINE_SURFACE_WITH_KNOTS('',3,3,((#7122,#7123,#7124,#7125),(#7126,
#7127,#7128,#7129),(#7130,#7131,#7132,#7133),(#7134,#7135,#7136,#7137)),
 .UNSPECIFIED.,.F.,.F.,.F.,(4,4),(4,4),(-0.0785839657546272,0.147583965754628),
(-0.968887789306071,-0.740607335148128),.UNSPECIFIED.);
#87=B_SPLINE_SURFACE_WITH_KNOTS('',3,3,((#7149,#7150,#7151,#7152),(#7153,
#7154,#7155,#7156),(#7157,#7158,#7159,#7160),(#7161,#7162,#7163,#7164)),
 .UNSPECIFIED.,.F.,.F.,.F.,(4,4),(4,4),(-0.0785839657546272,0.147583965754628),
(-1.32677274374672,-0.968887789306071),.UNSPECIFIED.);
#88=B_SPLINE_SURFACE_WITH_KNOTS('',3,3,((#7174,#7175,#7176,#7177),(#7178,
#7179,#7180,#7181),(#7182,#7183,#7184,#7185),(#7186,#7187,#7188,#7189)),
 .UNSPECIFIED.,.F.,.F.,.F.,(4,4),(4,4),(-0.0785839657546272,0.147583965754628),
(-1.77717582609472,-1.32677274374672),.UNSPECIFIED.);
#89=B_SPLINE_SURFACE_WITH_KNOTS('',3,3,((#7199,#7200,#7201,#7202),(#7203,
#7204,#7205,#7206),(#7207,#7208,#7209,#7210),(#7211,#7212,#7213,#7214)),
 .UNSPECIFIED.,.F.,.F.,.F.,(4,4),(4,4),(-0.0785839657546272,0.147583965754628),
(-2.4031377826773,-1.77717582609472),.UNSPECIFIED.);
#90=B_SPLINE_SURFACE_WITH_KNOTS('',3,3,((#7224,#7225,#7226,#7227),(#7228,
#7229,#7230,#7231),(#7232,#7233,#7234,#7235),(#7236,#7237,#7238,#7239)),
 .UNSPECIFIED.,.F.,.F.,.F.,(4,4),(4,4),(-0.0785839657546272,0.147583965754628),
(-2.81742292182277,-2.4031377826773),.UNSPECIFIED.);
#91=B_SPLINE_SURFACE_WITH_KNOTS('',3,3,((#7249,#7250,#7251,#7252),(#7253,
#7254,#7255,#7256),(#7257,#7258,#7259,#7260),(#7261,#7262,#7263,#7264)),
 .UNSPECIFIED.,.F.,.F.,.F.,(4,4),(4,4),(-0.0785839657546272,0.147583965754628),
(-3.34442265459867,-2.81742292182277),.UNSPECIFIED.);
#92=B_SPLINE_SURFACE_WITH_KNOTS('',3,3,((#7274,#7275,#7276,#7277),(#7278,
#7279,#7280,#7281),(#7282,#7283,#7284,#7285),(#7286,#7287,#7288,#7289)),
 .UNSPECIFIED.,.F.,.F.,.F.,(4,4),(4,4),(-0.0345000000000011,0.0364999999999989),
(-0.968887789306071,-0.740607335148128),.UNSPECIFIED.);
#93=B_SPLINE_SURFACE_WITH_KNOTS('',3,3,((#7307,#7308,#7309,#7310),(#7311,
#7312,#7313,#7314),(#7315,#7316,#7317,#7318),(#7319,#7320,#7321,#7322)),
 .UNSPECIFIED.,.F.,.F.,.F.,(4,4),(4,4),(-0.0345000000000011,0.0364999999999989),
(-1.32677274374672,-0.968887789306071),.UNSPECIFIED.);
#94=B_SPLINE_SURFACE_WITH_KNOTS('',3,3,((#7337,#7338,#7339,#7340),(#7341,
#7342,#7343,#7344),(#7345,#7346,#7347,#7348),(#7349,#7350,#7351,#7352)),
 .UNSPECIFIED.,.F.,.F.,.F.,(4,4),(4,4),(-0.0345000000000011,0.0364999999999989),
(-1.77717582609472,-1.32677274374672),.UNSPECIFIED.);
#95=B_SPLINE_SURFACE_WITH_KNOTS('',3,3,((#7367,#7368,#7369,#7370),(#7371,
#7372,#7373,#7374),(#7375,#7376,#7377,#7378),(#7379,#7380,#7381,#7382)),
 .UNSPECIFIED.,.F.,.F.,.F.,(4,4),(4,4),(-0.0345000000000011,0.0364999999999989),
(-2.4031377826773,-1.77717582609472),.UNSPECIFIED.);
#96=B_SPLINE_SURFACE_WITH_KNOTS('',3,3,((#7397,#7398,#7399,#7400),(#7401,
#7402,#7403,#7404),(#7405,#7406,#7407,#7408),(#7409,#7410,#7411,#7412)),
 .UNSPECIFIED.,.F.,.F.,.F.,(4,4),(4,4),(-0.0345000000000011,0.0364999999999989),
(-2.81742292182277,-2.4031377826773),.UNSPECIFIED.);
#97=B_SPLINE_SURFACE_WITH_KNOTS('',3,3,((#7427,#7428,#7429,#7430),(#7431,
#7432,#7433,#7434),(#7435,#7436,#7437,#7438),(#7439,#7440,#7441,#7442)),
 .UNSPECIFIED.,.F.,.F.,.F.,(4,4),(4,4),(0.000999999999999224,0.0299999999999994),
(-0.968887789306071,-0.740607335148128),.UNSPECIFIED.);
#98=B_SPLINE_SURFACE_WITH_KNOTS('',3,3,((#7454,#7455,#7456,#7457),(#7458,
#7459,#7460,#7461),(#7462,#7463,#7464,#7465),(#7466,#7467,#7468,#7469)),
 .UNSPECIFIED.,.F.,.F.,.F.,(4,4),(4,4),(0.000999999999999224,0.0299999999999994),
(-1.32677274374672,-0.968887789306071),.UNSPECIFIED.);
#99=B_SPLINE_SURFACE_WITH_KNOTS('',3,3,((#7479,#7480,#7481,#7482),(#7483,
#7484,#7485,#7486),(#7487,#7488,#7489,#7490),(#7491,#7492,#7493,#7494)),
 .UNSPECIFIED.,.F.,.F.,.F.,(4,4),(4,4),(0.000999999999999224,0.0299999999999994),
(-1.77717582609472,-1.32677274374672),.UNSPECIFIED.);
#100=B_SPLINE_SURFACE_WITH_KNOTS('',3,3,((#7504,#7505,#7506,#7507),(#7508,
#7509,#7510,#7511),(#7512,#7513,#7514,#7515),(#7516,#7517,#7518,#7519)),
 .UNSPECIFIED.,.F.,.F.,.F.,(4,4),(4,4),(0.000999999999999224,0.0299999999999994),
(-2.4031377826773,-1.77717582609472),.UNSPECIFIED.);
#101=B_SPLINE_SURFACE_WITH_KNOTS('',3,3,((#7529,#7530,#7531,#7532),(#7533,
#7534,#7535,#7536),(#7537,#7538,#7539,#7540),(#7541,#7542,#7543,#7544)),
 .UNSPECIFIED.,.F.,.F.,.F.,(4,4),(4,4),(0.000999999999999224,0.0299999999999994),
(-2.81742292182277,-2.4031377826773),.UNSPECIFIED.);
#102=B_SPLINE_SURFACE_WITH_KNOTS('',3,3,((#7554,#7555,#7556,#7557),(#7558,
#7559,#7560,#7561),(#7562,#7563,#7564,#7565),(#7566,#7567,#7568,#7569),
(#7570,#7571,#7572,#7573),(#7574,#7575,#7576,#7577),(#7578,#7579,#7580,
#7581),(#7582,#7583,#7584,#7585),(#7586,#7587,#7588,#7589),(#7590,#7591,
#7592,#7593)),.UNSPECIFIED.,.F.,.F.,.F.,(4,1,1,1,1,1,1,4),(4,4),(-0.410210628613989,
-0.321293241406028,-0.276834547802048,-0.243490527599063,-0.221261180797073,
-0.187917160594088,-0.143458466990108,-0.0989997733861274),(0.,0.000775462138043779),
 .UNSPECIFIED.);
#103=B_SPLINE_SURFACE_WITH_KNOTS('',3,3,((#7624,#7625,#7626,#7627),(#7628,
#7629,#7630,#7631),(#7632,#7633,#7634,#7635),(#7636,#7637,#7638,#7639)),
 .UNSPECIFIED.,.F.,.F.,.F.,(4,4),(4,4),(0.000999999999999224,0.0299999999999994),
(0.,0.000770562860756973),.UNSPECIFIED.);
#104=B_SPLINE_SURFACE_WITH_KNOTS('',3,3,((#7656,#7657,#7658,#7659),(#7660,
#7661,#7662,#7663),(#7664,#7665,#7666,#7667),(#7668,#7669,#7670,#7671),
(#7672,#7673,#7674,#7675),(#7676,#7677,#7678,#7679),(#7680,#7681,#7682,
#7683),(#7684,#7685,#7686,#7687),(#7688,#7689,#7690,#7691),(#7692,#7693,
#7694,#7695)),.UNSPECIFIED.,.F.,.F.,.F.,(4,1,1,1,1,1,1,4),(4,4),(-0.391986573995179,
-0.30793245532502,-0.26590539598994,-0.234385101488631,-0.213371571821091,
-0.181851277319781,-0.139824217984702,-0.0977971586496223),(0.,0.000778112752176846),
 .UNSPECIFIED.);
#105=B_SPLINE_SURFACE_WITH_KNOTS('',3,3,((#7726,#7727,#7728,#7729),(#7730,
#7731,#7732,#7733),(#7734,#7735,#7736,#7737),(#7738,#7739,#7740,#7741),
(#7742,#7743,#7744,#7745),(#7746,#7747,#7748,#7749),(#7750,#7751,#7752,
#7753),(#7754,#7755,#7756,#7757),(#7758,#7759,#7760,#7761),(#7762,#7763,
#7764,#7765),(#7766,#7767,#7768,#7769),(#7770,#7771,#7772,#7773),(#7774,
#7775,#7776,#7777)),.UNSPECIFIED.,.F.,.F.,.F.,(4,1,1,1,1,1,2,1,1,4),(4,
4),(-0.391986573995179,-0.333148690931829,-0.274310807868479,-0.244891866336804,
-0.215472924805129,-0.156635041741778,-0.0977971586784282,-0.0586782952070569,
-0.0391188634713713,0.),(-0.686492850422845,0.),.UNSPECIFIED.);
#106=B_SPLINE_SURFACE_WITH_KNOTS('',3,3,((#7809,#7810,#7811,#7812),(#7813,
#7814,#7815,#7816),(#7817,#7818,#7819,#7820),(#7821,#7822,#7823,#7824),
(#7825,#7826,#7827,#7828),(#7829,#7830,#7831,#7832),(#7833,#7834,#7835,
#7836),(#7837,#7838,#7839,#7840),(#7841,#7842,#7843,#7844),(#7845,#7846,
#7847,#7848),(#7849,#7850,#7851,#7852),(#7853,#7854,#7855,#7856),(#7857,
#7858,#7859,#7860)),.UNSPECIFIED.,.F.,.F.,.F.,(4,1,1,1,1,1,2,1,1,4),(4,
4),(-0.391986573995179,-0.333148690931829,-0.274310807868479,-0.244891866336804,
-0.215472924805129,-0.156635041741778,-0.0977971586784282,-0.0586782952070569,
-0.0391188634713713,0.),(-1.19718203081172,-0.686492850422845),
 .UNSPECIFIED.);
#107=B_SPLINE_SURFACE_WITH_KNOTS('',3,3,((#7884,#7885,#7886,#7887),(#7888,
#7889,#7890,#7891),(#7892,#7893,#7894,#7895),(#7896,#7897,#7898,#7899),
(#7900,#7901,#7902,#7903),(#7904,#7905,#7906,#7907),(#7908,#7909,#7910,
#7911),(#7912,#7913,#7914,#7915),(#7916,#7917,#7918,#7919),(#7920,#7921,
#7922,#7923),(#7924,#7925,#7926,#7927),(#7928,#7929,#7930,#7931),(#7932,
#7933,#7934,#7935)),.UNSPECIFIED.,.F.,.F.,.F.,(4,1,1,1,1,1,2,1,1,4),(4,
4),(-0.391986573995179,-0.333148690931829,-0.274310807868479,-0.244891866336804,
-0.215472924805129,-0.156635041741778,-0.0977971586784282,-0.0586782952070569,
-0.0391188634713713,0.),(-1.96512338732637,-1.19718203081172),
 .UNSPECIFIED.);
#108=B_SPLINE_SURFACE_WITH_KNOTS('',3,3,((#7959,#7960,#7961,#7962),(#7963,
#7964,#7965,#7966),(#7967,#7968,#7969,#7970),(#7971,#7972,#7973,#7974),
(#7975,#7976,#7977,#7978),(#7979,#7980,#7981,#7982),(#7983,#7984,#7985,
#7986),(#7987,#7988,#7989,#7990),(#7991,#7992,#7993,#7994),(#7995,#7996,
#7997,#7998),(#7999,#8000,#8001,#8002),(#8003,#8004,#8005,#8006),(#8007,
#8008,#8009,#8010)),.UNSPECIFIED.,.F.,.F.,.F.,(4,1,1,1,1,1,2,1,1,4),(4,
4),(-0.391986573995179,-0.333148690931829,-0.274310807868479,-0.244891866336804,
-0.215472924805129,-0.156635041741778,-0.0977971586784282,-0.0586782952070569,
-0.0391188634713713,0.),(-2.71102592986633,-1.96512338732637),
 .UNSPECIFIED.);
#109=B_SPLINE_SURFACE_WITH_KNOTS('',3,3,((#8034,#8035,#8036,#8037),(#8038,
#8039,#8040,#8041),(#8042,#8043,#8044,#8045),(#8046,#8047,#8048,#8049)),
 .UNSPECIFIED.,.F.,.F.,.F.,(4,4),(4,4),(-0.0754160342453667,-0.028583965754627),
(-1.7331037616908,-1.41374076319196),.UNSPECIFIED.);
#110=B_SPLINE_SURFACE_WITH_KNOTS('',3,3,((#8054,#8055,#8056,#8057),(#8058,
#8059,#8060,#8061),(#8062,#8063,#8064,#8065),(#8066,#8067,#8068,#8069)),
 .UNSPECIFIED.,.F.,.F.,.F.,(4,4),(4,4),(-0.0785839657546274,0.147583965754628),
(-0.686492850422845,-0.00242540653219269),.UNSPECIFIED.);
#111=B_SPLINE_SURFACE_WITH_KNOTS('',3,3,((#8086,#8087,#8088,#8089),(#8090,
#8091,#8092,#8093),(#8094,#8095,#8096,#8097),(#8098,#8099,#8100,#8101)),
 .UNSPECIFIED.,.F.,.F.,.F.,(4,4),(4,4),(-0.0785839657546274,0.147583965754628),
(-1.19718203081172,-0.686492850422845),.UNSPECIFIED.);
#112=B_SPLINE_SURFACE_WITH_KNOTS('',3,3,((#8111,#8112,#8113,#8114),(#8115,
#8116,#8117,#8118),(#8119,#8120,#8121,#8122),(#8123,#8124,#8125,#8126)),
 .UNSPECIFIED.,.F.,.F.,.F.,(4,4),(4,4),(-0.0785839657546274,0.147583965754628),
(-1.96512338732637,-1.19718203081172),.UNSPECIFIED.);
#113=B_SPLINE_SURFACE_WITH_KNOTS('',3,3,((#8136,#8137,#8138,#8139),(#8140,
#8141,#8142,#8143),(#8144,#8145,#8146,#8147),(#8148,#8149,#8150,#8151)),
 .UNSPECIFIED.,.F.,.F.,.F.,(4,4),(4,4),(-0.0785839657546274,0.147583965754628),
(-2.71102592986633,-1.96512338732637),.UNSPECIFIED.);
#114=B_SPLINE_SURFACE_WITH_KNOTS('',3,3,((#8161,#8162,#8163,#8164),(#8165,
#8166,#8167,#8168),(#8169,#8170,#8171,#8172),(#8173,#8174,#8175,#8176)),
 .UNSPECIFIED.,.F.,.F.,.F.,(4,4),(4,4),(-0.0345000000000013,0.0364999999999986),
(-0.686492850422845,-0.000554255262687597),.UNSPECIFIED.);
#115=B_SPLINE_SURFACE_WITH_KNOTS('',3,3,((#8199,#8200,#8201,#8202),(#8203,
#8204,#8205,#8206),(#8207,#8208,#8209,#8210),(#8211,#8212,#8213,#8214)),
 .UNSPECIFIED.,.F.,.F.,.F.,(4,4),(4,4),(-0.0345000000000013,0.0364999999999986),
(-1.19718203081172,-0.686492850422845),.UNSPECIFIED.);
#116=B_SPLINE_SURFACE_WITH_KNOTS('',3,3,((#8229,#8230,#8231,#8232),(#8233,
#8234,#8235,#8236),(#8237,#8238,#8239,#8240),(#8241,#8242,#8243,#8244)),
 .UNSPECIFIED.,.F.,.F.,.F.,(4,4),(4,4),(-0.0345000000000013,0.0364999999999986),
(-1.96512338732637,-1.19718203081172),.UNSPECIFIED.);
#117=B_SPLINE_SURFACE_WITH_KNOTS('',3,3,((#8259,#8260,#8261,#8262),(#8263,
#8264,#8265,#8266),(#8267,#8268,#8269,#8270),(#8271,#8272,#8273,#8274)),
 .UNSPECIFIED.,.F.,.F.,.F.,(4,4),(4,4),(-0.0345000000000013,0.0364999999999986),
(-2.71102592986633,-1.96512338732637),.UNSPECIFIED.);
#118=B_SPLINE_SURFACE_WITH_KNOTS('',3,3,((#8289,#8290,#8291,#8292),(#8293,
#8294,#8295,#8296),(#8297,#8298,#8299,#8300),(#8301,#8302,#8303,#8304)),
 .UNSPECIFIED.,.F.,.F.,.F.,(4,4),(4,4),(0.000999999999999668,0.0299999999999998),
(0.,0.000774783303618576),.UNSPECIFIED.);
#119=B_SPLINE_SURFACE_WITH_KNOTS('',3,3,((#8321,#8322,#8323,#8324),(#8325,
#8326,#8327,#8328),(#8329,#8330,#8331,#8332),(#8333,#8334,#8335,#8336)),
 .UNSPECIFIED.,.F.,.F.,.F.,(4,4),(4,4),(0.000999999999999668,0.0299999999999998),
(-0.686492850422845,0.),.UNSPECIFIED.);
#120=B_SPLINE_SURFACE_WITH_KNOTS('',3,3,((#8346,#8347,#8348,#8349),(#8350,
#8351,#8352,#8353),(#8354,#8355,#8356,#8357),(#8358,#8359,#8360,#8361)),
 .UNSPECIFIED.,.F.,.F.,.F.,(4,4),(4,4),(0.000999999999999668,0.0299999999999998),
(-1.19718203081172,-0.686492850422845),.UNSPECIFIED.);
#121=B_SPLINE_SURFACE_WITH_KNOTS('',3,3,((#8371,#8372,#8373,#8374),(#8375,
#8376,#8377,#8378),(#8379,#8380,#8381,#8382),(#8383,#8384,#8385,#8386)),
 .UNSPECIFIED.,.F.,.F.,.F.,(4,4),(4,4),(0.000999999999999668,0.0299999999999998),
(-1.96512338732637,-1.19718203081172),.UNSPECIFIED.);
#122=B_SPLINE_SURFACE_WITH_KNOTS('',3,3,((#8396,#8397,#8398,#8399),(#8400,
#8401,#8402,#8403),(#8404,#8405,#8406,#8407),(#8408,#8409,#8410,#8411)),
 .UNSPECIFIED.,.F.,.F.,.F.,(4,4),(4,4),(0.000999999999999668,0.0299999999999998),
(-2.71102592986633,-1.96512338732637),.UNSPECIFIED.);
#123=B_SPLINE_SURFACE_WITH_KNOTS('',3,1,((#8421,#8422),(#8423,#8424),(#8425,
#8426),(#8427,#8428),(#8429,#8430),(#8431,#8432),(#8433,#8434),(#8435,#8436),
(#8437,#8438),(#8439,#8440),(#8441,#8442),(#8443,#8444)),.UNSPECIFIED.,
 .F.,.F.,.F.,(4,2,2,2,2,4),(2,2),(-0.217012539815362,-0.151545678934187,
-0.122997588775576,-0.0971532417675424,-0.060131479522932,0.),(0.,5.70164243262502),
 .UNSPECIFIED.);
#124=B_SPLINE_SURFACE_WITH_KNOTS('',3,3,((#8470,#8471,#8472,#8473),(#8474,
#8475,#8476,#8477),(#8478,#8479,#8480,#8481),(#8482,#8483,#8484,#8485)),
 .UNSPECIFIED.,.F.,.F.,.F.,(4,4),(4,4),(0.000999999999999668,0.0299999999999998),
(-3.49254080283172,-2.71102592986633),.UNSPECIFIED.);
#125=B_SPLINE_SURFACE_WITH_KNOTS('',3,3,((#8497,#8498,#8499,#8500),(#8501,
#8502,#8503,#8504),(#8505,#8506,#8507,#8508),(#8509,#8510,#8511,#8512)),
 .UNSPECIFIED.,.F.,.F.,.F.,(4,4),(4,4),(-0.0345000000000013,0.0364999999999986),
(-3.49254080283172,-2.71102592986633),.UNSPECIFIED.);
#126=B_SPLINE_SURFACE_WITH_KNOTS('',3,3,((#8524,#8525,#8526,#8527),(#8528,
#8529,#8530,#8531),(#8532,#8533,#8534,#8535),(#8536,#8537,#8538,#8539)),
 .UNSPECIFIED.,.F.,.F.,.F.,(4,4),(4,4),(-0.0785839657546274,0.147583965754628),
(-3.49254080283172,-2.71102592986633),.UNSPECIFIED.);
#127=B_SPLINE_SURFACE_WITH_KNOTS('',3,3,((#8546,#8547,#8548,#8549),(#8550,
#8551,#8552,#8553),(#8554,#8555,#8556,#8557),(#8558,#8559,#8560,#8561)),
 .UNSPECIFIED.,.F.,.F.,.F.,(4,4),(4,4),(-0.0754160342453667,-0.028583965754627),
(-3.49254080283172,-2.71102592986633),.UNSPECIFIED.);
#128=B_SPLINE_SURFACE_WITH_KNOTS('',3,3,((#8563,#8564,#8565,#8566),(#8567,
#8568,#8569,#8570),(#8571,#8572,#8573,#8574),(#8575,#8576,#8577,#8578),
(#8579,#8580,#8581,#8582),(#8583,#8584,#8585,#8586),(#8587,#8588,#8589,
#8590),(#8591,#8592,#8593,#8594),(#8595,#8596,#8597,#8598),(#8599,#8600,
#8601,#8602),(#8603,#8604,#8605,#8606),(#8607,#8608,#8609,#8610),(#8611,
#8612,#8613,#8614)),.UNSPECIFIED.,.F.,.F.,.F.,(4,1,1,1,1,1,2,1,1,4),(4,
4),(-0.391986573995179,-0.333148690931829,-0.274310807868479,-0.244891866336804,
-0.215472924805129,-0.156635041741778,-0.0977971586784282,-0.0586782952070569,
-0.0391188634713713,0.),(-3.49254080283172,-2.71102592986633),
 .UNSPECIFIED.);
#129=B_SPLINE_SURFACE_WITH_KNOTS('',3,3,((#8648,#8649,#8650,#8651),(#8652,
#8653,#8654,#8655),(#8656,#8657,#8658,#8659),(#8660,#8661,#8662,#8663)),
 .UNSPECIFIED.,.F.,.F.,.F.,(4,4),(4,4),(0.000999999999999668,0.0299999999999998),
(-3.98120862766845,-3.49254080283172),.UNSPECIFIED.);
#130=B_SPLINE_SURFACE_WITH_KNOTS('',3,3,((#8675,#8676,#8677,#8678),(#8679,
#8680,#8681,#8682),(#8683,#8684,#8685,#8686),(#8687,#8688,#8689,#8690)),
 .UNSPECIFIED.,.F.,.F.,.F.,(4,4),(4,4),(-0.0345000000000013,0.0364999999999986),
(-3.98120862766845,-3.49254080283172),.UNSPECIFIED.);
#131=B_SPLINE_SURFACE_WITH_KNOTS('',3,3,((#8702,#8703,#8704,#8705),(#8706,
#8707,#8708,#8709),(#8710,#8711,#8712,#8713),(#8714,#8715,#8716,#8717)),
 .UNSPECIFIED.,.F.,.F.,.F.,(4,4),(4,4),(-0.0785839657546274,0.147583965754628),
(-3.98120862766845,-3.49254080283172),.UNSPECIFIED.);
#132=B_SPLINE_SURFACE_WITH_KNOTS('',3,3,((#8724,#8725,#8726,#8727),(#8728,
#8729,#8730,#8731),(#8732,#8733,#8734,#8735),(#8736,#8737,#8738,#8739)),
 .UNSPECIFIED.,.F.,.F.,.F.,(4,4),(4,4),(-0.0754160342453668,-0.028583965754627),
(-3.98120862766845,-3.49254080283172),.UNSPECIFIED.);
#133=B_SPLINE_SURFACE_WITH_KNOTS('',3,3,((#8741,#8742,#8743,#8744),(#8745,
#8746,#8747,#8748),(#8749,#8750,#8751,#8752),(#8753,#8754,#8755,#8756),
(#8757,#8758,#8759,#8760),(#8761,#8762,#8763,#8764),(#8765,#8766,#8767,
#8768),(#8769,#8770,#8771,#8772),(#8773,#8774,#8775,#8776),(#8777,#8778,
#8779,#8780),(#8781,#8782,#8783,#8784),(#8785,#8786,#8787,#8788),(#8789,
#8790,#8791,#8792)),.UNSPECIFIED.,.F.,.F.,.F.,(4,1,1,1,1,1,2,1,1,4),(4,
4),(-0.391986573995179,-0.333148690931829,-0.274310807868479,-0.244891866336804,
-0.215472924805129,-0.156635041741778,-0.0977971586784282,-0.0586782952070569,
-0.0391188634713713,0.),(-3.98120862766845,-3.49254080283172),
 .UNSPECIFIED.);
#134=B_SPLINE_SURFACE_WITH_KNOTS('',3,1,((#8854,#8855),(#8856,#8857),(#8858,
#8859),(#8860,#8861),(#8862,#8863),(#8864,#8865),(#8866,#8867),(#8868,#8869),
(#8870,#8871),(#8872,#8873),(#8874,#8875),(#8876,#8877)),.UNSPECIFIED.,
 .F.,.F.,.F.,(4,2,2,2,2,4),(2,2),(-0.215149907230755,-0.148544415043325,
-0.120548500708824,-0.095175130909122,-0.0591438734745364,0.),(0.,14.6305082173188),
 .UNSPECIFIED.);
#135=B_SPLINE_SURFACE_WITH_KNOTS('',3,3,((#8887,#8888,#8889,#8890),(#8891,
#8892,#8893,#8894),(#8895,#8896,#8897,#8898),(#8899,#8900,#8901,#8902)),
 .UNSPECIFIED.,.F.,.F.,.F.,(4,4),(4,4),(0.000999999999999224,0.0299999999999994),
(-0.473043449717745,0.),.UNSPECIFIED.);
#136=B_SPLINE_SURFACE_WITH_KNOTS('',3,3,((#8914,#8915,#8916,#8917),(#8918,
#8919,#8920,#8921),(#8922,#8923,#8924,#8925),(#8926,#8927,#8928,#8929)),
 .UNSPECIFIED.,.F.,.F.,.F.,(4,4),(4,4),(-0.0345000000000011,0.0364999999999989),
(-0.473043449717745,-0.000552445398946666),.UNSPECIFIED.);
#137=B_SPLINE_SURFACE_WITH_KNOTS('',3,3,((#8941,#8942,#8943,#8944),(#8945,
#8946,#8947,#8948),(#8949,#8950,#8951,#8952),(#8953,#8954,#8955,#8956)),
 .UNSPECIFIED.,.F.,.F.,.F.,(4,4),(4,4),(-0.0785839657546272,0.147583965754628),
(-0.473043449717745,-0.00243558649834875),.UNSPECIFIED.);
#138=B_SPLINE_SURFACE_WITH_KNOTS('',3,3,((#8963,#8964,#8965,#8966),(#8967,
#8968,#8969,#8970),(#8971,#8972,#8973,#8974),(#8975,#8976,#8977,#8978)),
 .UNSPECIFIED.,.F.,.F.,.F.,(4,4),(4,4),(-0.0754160342453662,-0.0285839657546272),
(-0.473043449717745,-0.00784482020734195),.UNSPECIFIED.);
#139=B_SPLINE_SURFACE_WITH_KNOTS('',3,3,((#8980,#8981,#8982,#8983),(#8984,
#8985,#8986,#8987),(#8988,#8989,#8990,#8991),(#8992,#8993,#8994,#8995),
(#8996,#8997,#8998,#8999),(#9000,#9001,#9002,#9003),(#9004,#9005,#9006,
#9007),(#9008,#9009,#9010,#9011),(#9012,#9013,#9014,#9015),(#9016,#9017,
#9018,#9019),(#9020,#9021,#9022,#9023),(#9024,#9025,#9026,#9027),(#9028,
#9029,#9030,#9031),(#9032,#9033,#9034,#9035),(#9036,#9037,#9038,#9039)),
 .UNSPECIFIED.,.F.,.F.,.F.,(4,1,1,1,1,1,1,2,1,1,1,4),(4,4),(-0.410210628613989,
-0.347968457575449,-0.28572628653691,-0.254605201017641,-0.223484115498371,
-0.176802487219467,-0.145681401700197,-0.0989997734212931,-0.0692998413949052,
-0.0395999093685172,-0.0247499433553233,0.),(-0.473043449717745,0.),
 .UNSPECIFIED.);
#140=B_SPLINE_SURFACE_WITH_KNOTS('',3,3,((#9079,#9080,#9081,#9082),(#9083,
#9084,#9085,#9086),(#9087,#9088,#9089,#9090),(#9091,#9092,#9093,#9094)),
 .UNSPECIFIED.,.F.,.F.,.F.,(4,4),(4,4),(0.000999999999999224,0.0299999999999994),
(-0.740607335148128,-0.473043449717745),.UNSPECIFIED.);
#141=B_SPLINE_SURFACE_WITH_KNOTS('',3,3,((#9103,#9104,#9105,#9106),(#9107,
#9108,#9109,#9110),(#9111,#9112,#9113,#9114),(#9115,#9116,#9117,#9118)),
 .UNSPECIFIED.,.F.,.F.,.F.,(4,4),(4,4),(-0.0345000000000011,0.0364999999999989),
(-0.740607335148128,-0.473043449717745),.UNSPECIFIED.);
#142=B_SPLINE_SURFACE_WITH_KNOTS('',3,3,((#9127,#9128,#9129,#9130),(#9131,
#9132,#9133,#9134),(#9135,#9136,#9137,#9138),(#9139,#9140,#9141,#9142)),
 .UNSPECIFIED.,.F.,.F.,.F.,(4,4),(4,4),(-0.0785839657546272,0.147583965754628),
(-0.740607335148128,-0.473043449717745),.UNSPECIFIED.);
#143=B_SPLINE_SURFACE_WITH_KNOTS('',3,3,((#9147,#9148,#9149,#9150),(#9151,
#9152,#9153,#9154),(#9155,#9156,#9157,#9158),(#9159,#9160,#9161,#9162)),
 .UNSPECIFIED.,.F.,.F.,.F.,(4,4),(4,4),(-0.0754160342453661,-0.0285839657546272),
(-0.740607335148128,-0.473043449717745),.UNSPECIFIED.);
#144=B_SPLINE_SURFACE_WITH_KNOTS('',3,3,((#9163,#9164,#9165,#9166),(#9167,
#9168,#9169,#9170),(#9171,#9172,#9173,#9174),(#9175,#9176,#9177,#9178),
(#9179,#9180,#9181,#9182),(#9183,#9184,#9185,#9186),(#9187,#9188,#9189,
#9190),(#9191,#9192,#9193,#9194),(#9195,#9196,#9197,#9198),(#9199,#9200,
#9201,#9202),(#9203,#9204,#9205,#9206),(#9207,#9208,#9209,#9210),(#9211,
#9212,#9213,#9214),(#9215,#9216,#9217,#9218),(#9219,#9220,#9221,#9222)),
 .UNSPECIFIED.,.F.,.F.,.F.,(4,1,1,1,1,1,1,2,1,1,1,4),(4,4),(-0.410210628613989,
-0.347968457575449,-0.28572628653691,-0.254605201017641,-0.223484115498371,
-0.176802487219467,-0.145681401700197,-0.0989997734212931,-0.0692998413949052,
-0.0395999093685172,-0.0247499433553233,0.),(-0.740607335148128,-0.473043449717745),
 .UNSPECIFIED.);
#145=B_SPLINE_SURFACE_WITH_KNOTS('',3,3,((#9227,#9228,#9229,#9230,#9231,
#9232),(#9233,#9234,#9235,#9236,#9237,#9238),(#9239,#9240,#9241,#9242,#9243,
#9244),(#9245,#9246,#9247,#9248,#9249,#9250)),.UNSPECIFIED.,.F.,.F.,.F.,
(4,4),(4,2,4),(0.000999999999999224,0.0299999999999994),(-4.2585621769308,
-3.34442265459867,-2.81744981416909),.UNSPECIFIED.);
#146=B_SPLINE_SURFACE_WITH_KNOTS('',3,3,((#9298,#9299,#9300,#9301,#9302,
#9303),(#9304,#9305,#9306,#9307,#9308,#9309),(#9310,#9311,#9312,#9313,#9314,
#9315),(#9316,#9317,#9318,#9319,#9320,#9321)),.UNSPECIFIED.,.F.,.F.,.F.,
(4,4),(4,2,4),(-0.0345000000000011,0.0364999999999989),(-4.2585621769308,
-3.34442265459867,-2.81740312428027),.UNSPECIFIED.);
#147=B_SPLINE_SURFACE_WITH_KNOTS('',3,3,((#9363,#9364,#9365,#9366),(#9367,
#9368,#9369,#9370),(#9371,#9372,#9373,#9374),(#9375,#9376,#9377,#9378)),
 .UNSPECIFIED.,.F.,.F.,.F.,(4,4),(4,4),(-0.0785839657546272,0.147583965754628),
(-4.2585621769308,-3.34442265459867),.UNSPECIFIED.);
#148=B_SPLINE_SURFACE_WITH_KNOTS('',3,3,((#9385,#9386,#9387,#9388),(#9389,
#9390,#9391,#9392),(#9393,#9394,#9395,#9396),(#9397,#9398,#9399,#9400)),
 .UNSPECIFIED.,.F.,.F.,.F.,(4,4),(4,4),(-0.075416034245366,-0.0285839657546272),
(-4.2585621769308,-3.34442265459867),.UNSPECIFIED.);
#149=B_SPLINE_SURFACE_WITH_KNOTS('',3,3,((#9402,#9403,#9404,#9405,#9406,
#9407),(#9408,#9409,#9410,#9411,#9412,#9413),(#9414,#9415,#9416,#9417,#9418,
#9419),(#9420,#9421,#9422,#9423,#9424,#9425),(#9426,#9427,#9428,#9429,#9430,
#9431),(#9432,#9433,#9434,#9435,#9436,#9437),(#9438,#9439,#9440,#9441,#9442,
#9443),(#9444,#9445,#9446,#9447,#9448,#9449),(#9450,#9451,#9452,#9453,#9454,
#9455),(#9456,#9457,#9458,#9459,#9460,#9461),(#9462,#9463,#9464,#9465,#9466,
#9467),(#9468,#9469,#9470,#9471,#9472,#9473),(#9474,#9475,#9476,#9477,#9478,
#9479),(#9480,#9481,#9482,#9483,#9484,#9485),(#9486,#9487,#9488,#9489,#9490,
#9491)),.UNSPECIFIED.,.F.,.F.,.F.,(4,1,1,1,1,1,1,2,1,1,1,4),(4,2,4),(-0.410210628613989,
-0.347968457575449,-0.28572628653691,-0.270165743777276,-0.254605201017641,
-0.223484115498371,-0.161241944459832,-0.0989997734212931,-0.0692998413949052,
-0.0395999093685172,-0.0296999320263879,0.),(-4.2585621769308,-3.34442265459867,
-2.81749345110826),.UNSPECIFIED.);
#150=B_SPLINE_SURFACE_WITH_KNOTS('',3,1,((#9539,#9540),(#9541,#9542),(#9543,
#9544),(#9545,#9546),(#9547,#9548),(#9549,#9550),(#9551,#9552),(#9553,#9554),
(#9555,#9556),(#9557,#9558),(#9559,#9560),(#9561,#9562),(#9563,#9564),(#9565,
#9566)),.UNSPECIFIED.,.F.,.F.,.F.,(4,2,2,2,2,2,4),(2,2),(-0.218816861979112,
-0.191173700044737,-0.155101430701223,-0.124679260319806,-0.0964519734189027,
-0.0602030529527686,0.),(0.,11.1877583578165),.UNSPECIFIED.);
#151=B_SPLINE_SURFACE_WITH_KNOTS('',3,3,((#9568,#9569,#9570,#9571),(#9572,
#9573,#9574,#9575),(#9576,#9577,#9578,#9579),(#9580,#9581,#9582,#9583)),
 .UNSPECIFIED.,.F.,.F.,.F.,(4,4),(4,4),(0.000999999999999668,0.0299999999999998),
(-2.39482099690631,-1.42298717907759),.UNSPECIFIED.);
#152=B_SPLINE_SURFACE_WITH_KNOTS('',3,3,((#9592,#9593,#9594,#9595),(#9596,
#9597,#9598,#9599),(#9600,#9601,#9602,#9603),(#9604,#9605,#9606,#9607)),
 .UNSPECIFIED.,.F.,.F.,.F.,(4,4),(4,4),(-0.0345000000000004,0.0364999999999995),
(-2.39482099690631,-1.42298717907759),.UNSPECIFIED.);
#153=B_SPLINE_SURFACE_WITH_KNOTS('',3,3,((#9616,#9617,#9618,#9619),(#9620,
#9621,#9622,#9623),(#9624,#9625,#9626,#9627),(#9628,#9629,#9630,#9631)),
 .UNSPECIFIED.,.F.,.F.,.F.,(4,4),(4,4),(-0.0785839657546272,0.147583965754628),
(-2.39482099690631,-1.42298717907759),.UNSPECIFIED.);
#154=B_SPLINE_SURFACE_WITH_KNOTS('',3,3,((#9636,#9637,#9638,#9639),(#9640,
#9641,#9642,#9643),(#9644,#9645,#9646,#9647),(#9648,#9649,#9650,#9651),
(#9652,#9653,#9654,#9655),(#9656,#9657,#9658,#9659),(#9660,#9661,#9662,
#9663),(#9664,#9665,#9666,#9667),(#9668,#9669,#9670,#9671),(#9672,#9673,
#9674,#9675),(#9676,#9677,#9678,#9679),(#9680,#9681,#9682,#9683),(#9684,
#9685,#9686,#9687),(#9688,#9689,#9690,#9691),(#9692,#9693,#9694,#9695),
(#9696,#9697,#9698,#9699),(#9700,#9701,#9702,#9703),(#9704,#9705,#9706,
#9707),(#9708,#9709,#9710,#9711),(#9712,#9713,#9714,#9715),(#9716,#9717,
#9718,#9719),(#9720,#9721,#9722,#9723),(#9724,#9725,#9726,#9727),(#9728,
#9729,#9730,#9731)),.UNSPECIFIED.,.F.,.F.,.F.,(4,1,1,1,1,1,1,1,1,1,1,1,
1,1,1,1,2,1,1,1,4),(4,4),(-0.434927428190545,-0.373839357183324,-0.343295321679714,
-0.328023303927909,-0.320387295052006,-0.312751286176104,-0.297479268424298,
-0.284116252891469,-0.282207250672493,-0.280298248453518,-0.274571241796591,
-0.270753237358639,-0.266935232920688,-0.251663215168883,-0.190575144161662,
-0.160031108658052,-0.129487073154442,-0.103589658523554,-0.0776922438926651,
-0.0388461219463326,0.),(-2.39482099690631,-1.42298717907759),
 .UNSPECIFIED.);
#155=B_SPLINE_SURFACE_WITH_KNOTS('',3,3,((#9736,#9737,#9738,#9739),(#9740,
#9741,#9742,#9743),(#9744,#9745,#9746,#9747),(#9748,#9749,#9750,#9751)),
 .UNSPECIFIED.,.F.,.F.,.F.,(4,4),(4,4),(0.000999999999999668,0.0299999999999998),
(-3.25164680611438,-2.44056258000212),.UNSPECIFIED.);
#156=B_SPLINE_SURFACE_WITH_KNOTS('',3,3,((#9763,#9764,#9765,#9766),(#9767,
#9768,#9769,#9770),(#9771,#9772,#9773,#9774),(#9775,#9776,#9777,#9778)),
 .UNSPECIFIED.,.F.,.F.,.F.,(4,4),(4,4),(-0.0345000000000004,0.0364999999999995),
(-3.25164680611438,-2.44056258000212),.UNSPECIFIED.);
#157=B_SPLINE_SURFACE_WITH_KNOTS('',3,3,((#9790,#9791,#9792,#9793),(#9794,
#9795,#9796,#9797),(#9798,#9799,#9800,#9801),(#9802,#9803,#9804,#9805)),
 .UNSPECIFIED.,.F.,.F.,.F.,(4,4),(4,4),(-0.0785839657546272,0.147583965754628),
(-3.25164680611438,-2.44056258000212),.UNSPECIFIED.);
#158=B_SPLINE_SURFACE_WITH_KNOTS('',3,3,((#9812,#9813,#9814,#9815),(#9816,
#9817,#9818,#9819),(#9820,#9821,#9822,#9823),(#9824,#9825,#9826,#9827),
(#9828,#9829,#9830,#9831),(#9832,#9833,#9834,#9835),(#9836,#9837,#9838,
#9839),(#9840,#9841,#9842,#9843),(#9844,#9845,#9846,#9847),(#9848,#9849,
#9850,#9851),(#9852,#9853,#9854,#9855),(#9856,#9857,#9858,#9859),(#9860,
#9861,#9862,#9863),(#9864,#9865,#9866,#9867),(#9868,#9869,#9870,#9871),
(#9872,#9873,#9874,#9875),(#9876,#9877,#9878,#9879),(#9880,#9881,#9882,
#9883),(#9884,#9885,#9886,#9887),(#9888,#9889,#9890,#9891),(#9892,#9893,
#9894,#9895),(#9896,#9897,#9898,#9899),(#9900,#9901,#9902,#9903),(#9904,
#9905,#9906,#9907)),.UNSPECIFIED.,.F.,.F.,.F.,(4,1,1,1,1,1,1,1,1,1,1,1,
1,1,1,1,2,1,1,1,4),(4,4),(-0.434927428190545,-0.373839357183324,-0.343295321679714,
-0.328023303927909,-0.320387295052006,-0.312751286176104,-0.297479268424298,
-0.284116252891469,-0.282207250672493,-0.280298248453518,-0.274571241796591,
-0.270753237358639,-0.266935232920688,-0.251663215168883,-0.190575144161662,
-0.160031108658052,-0.129487073154442,-0.103589658523554,-0.0776922438926651,
-0.0388461219463326,0.),(-3.25164680611438,-2.44056258000212),
 .UNSPECIFIED.);
#159=B_SPLINE_SURFACE_WITH_KNOTS('',3,3,((#9974,#9975,#9976,#9977),(#9978,
#9979,#9980,#9981),(#9982,#9983,#9984,#9985),(#9986,#9987,#9988,#9989)),
 .UNSPECIFIED.,.F.,.F.,.F.,(4,4),(4,4),(0.000999999999999668,0.0299999999999998),
(-3.98120862842807,-3.25164680611438),.UNSPECIFIED.);
#160=B_SPLINE_SURFACE_WITH_KNOTS('',3,3,((#10001,#10002,#10003,#10004),
(#10005,#10006,#10007,#10008),(#10009,#10010,#10011,#10012),(#10013,#10014,
#10015,#10016)),.UNSPECIFIED.,.F.,.F.,.F.,(4,4),(4,4),(-0.0345000000000004,
0.0364999999999995),(-3.98120862842807,-3.25164680611438),.UNSPECIFIED.);
#161=B_SPLINE_SURFACE_WITH_KNOTS('',3,3,((#10028,#10029,#10030,#10031),
(#10032,#10033,#10034,#10035),(#10036,#10037,#10038,#10039),(#10040,#10041,
#10042,#10043)),.UNSPECIFIED.,.F.,.F.,.F.,(4,4),(4,4),(-0.0785839657546272,
0.147583965754628),(-3.98120862842807,-3.25164680611438),.UNSPECIFIED.);
#162=B_SPLINE_SURFACE_WITH_KNOTS('',3,3,((#10050,#10051,#10052,#10053),
(#10054,#10055,#10056,#10057),(#10058,#10059,#10060,#10061),(#10062,#10063,
#10064,#10065),(#10066,#10067,#10068,#10069),(#10070,#10071,#10072,#10073),
(#10074,#10075,#10076,#10077),(#10078,#10079,#10080,#10081),(#10082,#10083,
#10084,#10085),(#10086,#10087,#10088,#10089),(#10090,#10091,#10092,#10093),
(#10094,#10095,#10096,#10097),(#10098,#10099,#10100,#10101),(#10102,#10103,
#10104,#10105),(#10106,#10107,#10108,#10109),(#10110,#10111,#10112,#10113),
(#10114,#10115,#10116,#10117),(#10118,#10119,#10120,#10121),(#10122,#10123,
#10124,#10125),(#10126,#10127,#10128,#10129),(#10130,#10131,#10132,#10133),
(#10134,#10135,#10136,#10137),(#10138,#10139,#10140,#10141),(#10142,#10143,
#10144,#10145)),.UNSPECIFIED.,.F.,.F.,.F.,(4,1,1,1,1,1,1,1,1,1,1,1,1,1,
1,1,2,1,1,1,4),(4,4),(-0.434927428190545,-0.373839357183324,-0.343295321679714,
-0.328023303927909,-0.320387295052006,-0.312751286176104,-0.297479268424298,
-0.284116252891469,-0.282207250672493,-0.280298248453518,-0.274571241796591,
-0.270753237358639,-0.266935232920688,-0.251663215168883,-0.190575144161662,
-0.160031108658052,-0.129487073154442,-0.103589658523554,-0.0776922438926651,
-0.0388461219463326,0.),(-3.98120862842807,-3.25164680611438),
 .UNSPECIFIED.);
#163=B_SPLINE_SURFACE_WITH_KNOTS('',3,1,((#10220,#10221),(#10222,#10223),
(#10224,#10225),(#10226,#10227),(#10228,#10229),(#10230,#10231),(#10232,
#10233),(#10234,#10235),(#10236,#10237),(#10238,#10239),(#10240,#10241),
(#10242,#10243)),.UNSPECIFIED.,.F.,.F.,.F.,(4,2,2,2,2,4),(2,2),(-0.297213471260993,
-0.189570530133625,-0.142808997490825,-0.101523283628457,-0.055292328191209,
0.),(0.,14.6301735010316),.UNSPECIFIED.);
#164=B_SPLINE_SURFACE_WITH_KNOTS('',3,3,((#10245,#10246,#10247,#10248),
(#10249,#10250,#10251,#10252),(#10253,#10254,#10255,#10256),(#10257,#10258,
#10259,#10260)),.UNSPECIFIED.,.F.,.F.,.F.,(4,4),(4,4),(0.000999999999999668,
0.0299999999999998),(-4.2585621765676,-3.11203427071738),.UNSPECIFIED.);
#165=B_SPLINE_SURFACE_WITH_KNOTS('',3,3,((#10280,#10281,#10282,#10283),
(#10284,#10285,#10286,#10287),(#10288,#10289,#10290,#10291),(#10292,#10293,
#10294,#10295)),.UNSPECIFIED.,.F.,.F.,.F.,(4,4),(4,4),(-0.0345000000000004,
0.0364999999999995),(-4.2585621765676,-3.11203427071738),.UNSPECIFIED.);
#166=B_SPLINE_SURFACE_WITH_KNOTS('',3,3,((#10310,#10311,#10312,#10313),
(#10314,#10315,#10316,#10317),(#10318,#10319,#10320,#10321),(#10322,#10323,
#10324,#10325)),.UNSPECIFIED.,.F.,.F.,.F.,(4,4),(4,4),(-0.0785839657546272,
0.147583965754628),(-4.2585621765676,-3.11203427071738),.UNSPECIFIED.);
#167=B_SPLINE_SURFACE_WITH_KNOTS('',3,3,((#10335,#10336,#10337,#10338),
(#10339,#10340,#10341,#10342),(#10343,#10344,#10345,#10346),(#10347,#10348,
#10349,#10350),(#10351,#10352,#10353,#10354),(#10355,#10356,#10357,#10358),
(#10359,#10360,#10361,#10362),(#10363,#10364,#10365,#10366),(#10367,#10368,
#10369,#10370),(#10371,#10372,#10373,#10374),(#10375,#10376,#10377,#10378)),
 .UNSPECIFIED.,.F.,.F.,.F.,(4,1,1,1,1,1,1,1,4),(4,4),(-0.298620313457218,
-0.255960268677615,-0.213300223898013,-0.17064017911841,-0.127980134338808,
-0.106650111949006,-0.0853200895592051,-0.0426600447796025,0.),(-4.2585621765676,
-3.11203427071738),.UNSPECIFIED.);
#168=FACE_OUTER_BOUND('',#357,.T.);
#169=FACE_OUTER_BOUND('',#358,.T.);
#170=FACE_OUTER_BOUND('',#359,.T.);
#171=FACE_OUTER_BOUND('',#360,.T.);
#172=FACE_OUTER_BOUND('',#361,.T.);
#173=FACE_OUTER_BOUND('',#362,.T.);
#174=FACE_OUTER_BOUND('',#363,.T.);
#175=FACE_OUTER_BOUND('',#364,.T.);
#176=FACE_OUTER_BOUND('',#365,.T.);
#177=FACE_OUTER_BOUND('',#366,.T.);
#178=FACE_OUTER_BOUND('',#367,.T.);
#179=FACE_OUTER_BOUND('',#368,.T.);
#180=FACE_OUTER_BOUND('',#369,.T.);
#181=FACE_OUTER_BOUND('',#370,.T.);
#182=FACE_OUTER_BOUND('',#371,.T.);
#183=FACE_OUTER_BOUND('',#372,.T.);
#184=FACE_OUTER_BOUND('',#373,.T.);
#185=FACE_OUTER_BOUND('',#375,.T.);
#186=FACE_OUTER_BOUND('',#376,.T.);
#187=FACE_OUTER_BOUND('',#378,.T.);
#188=FACE_OUTER_BOUND('',#379,.T.);
#189=FACE_OUTER_BOUND('',#380,.T.);
#190=FACE_OUTER_BOUND('',#381,.T.);
#191=FACE_OUTER_BOUND('',#382,.T.);
#192=FACE_OUTER_BOUND('',#383,.T.);
#193=FACE_OUTER_BOUND('',#384,.T.);
#194=FACE_OUTER_BOUND('',#385,.T.);
#195=FACE_OUTER_BOUND('',#386,.T.);
#196=FACE_OUTER_BOUND('',#387,.T.);
#197=FACE_OUTER_BOUND('',#388,.T.);
#198=FACE_OUTER_BOUND('',#389,.T.);
#199=FACE_OUTER_BOUND('',#390,.T.);
#200=FACE_OUTER_BOUND('',#391,.T.);
#201=FACE_OUTER_BOUND('',#392,.T.);
#202=FACE_OUTER_BOUND('',#393,.T.);
#203=FACE_OUTER_BOUND('',#394,.T.);
#204=FACE_OUTER_BOUND('',#395,.T.);
#205=FACE_OUTER_BOUND('',#396,.T.);
#206=FACE_OUTER_BOUND('',#397,.T.);
#207=FACE_OUTER_BOUND('',#398,.T.);
#208=FACE_OUTER_BOUND('',#399,.T.);
#209=FACE_OUTER_BOUND('',#400,.T.);
#210=FACE_OUTER_BOUND('',#401,.T.);
#211=FACE_OUTER_BOUND('',#402,.T.);
#212=FACE_OUTER_BOUND('',#403,.T.);
#213=FACE_OUTER_BOUND('',#404,.T.);
#214=FACE_OUTER_BOUND('',#405,.T.);
#215=FACE_OUTER_BOUND('',#406,.T.);
#216=FACE_OUTER_BOUND('',#407,.T.);
#217=FACE_OUTER_BOUND('',#408,.T.);
#218=FACE_OUTER_BOUND('',#409,.T.);
#219=FACE_OUTER_BOUND('',#410,.T.);
#220=FACE_OUTER_BOUND('',#411,.T.);
#221=FACE_OUTER_BOUND('',#412,.T.);
#222=FACE_OUTER_BOUND('',#413,.T.);
#223=FACE_OUTER_BOUND('',#414,.T.);
#224=FACE_OUTER_BOUND('',#415,.T.);
#225=FACE_OUTER_BOUND('',#416,.T.);
#226=FACE_OUTER_BOUND('',#417,.T.);
#227=FACE_OUTER_BOUND('',#418,.T.);
#228=FACE_OUTER_BOUND('',#419,.T.);
#229=FACE_OUTER_BOUND('',#420,.T.);
#230=FACE_OUTER_BOUND('',#421,.T.);
#231=FACE_OUTER_BOUND('',#422,.T.);
#232=FACE_OUTER_BOUND('',#423,.T.);
#233=FACE_OUTER_BOUND('',#424,.T.);
#234=FACE_OUTER_BOUND('',#425,.T.);
#235=FACE_OUTER_BOUND('',#426,.T.);
#236=FACE_OUTER_BOUND('',#427,.T.);
#237=FACE_OUTER_BOUND('',#428,.T.);
#238=FACE_OUTER_BOUND('',#429,.T.);
#239=FACE_OUTER_BOUND('',#430,.T.);
#240=FACE_OUTER_BOUND('',#431,.T.);
#241=FACE_OUTER_BOUND('',#432,.T.);
#242=FACE_OUTER_BOUND('',#433,.T.);
#243=FACE_OUTER_BOUND('',#434,.T.);
#244=FACE_OUTER_BOUND('',#435,.T.);
#245=FACE_OUTER_BOUND('',#436,.T.);
#246=FACE_OUTER_BOUND('',#437,.T.);
#247=FACE_OUTER_BOUND('',#438,.T.);
#248=FACE_OUTER_BOUND('',#439,.T.);
#249=FACE_OUTER_BOUND('',#440,.T.);
#250=FACE_OUTER_BOUND('',#441,.T.);
#251=FACE_OUTER_BOUND('',#442,.T.);
#252=FACE_OUTER_BOUND('',#443,.T.);
#253=FACE_OUTER_BOUND('',#444,.T.);
#254=FACE_OUTER_BOUND('',#445,.T.);
#255=FACE_OUTER_BOUND('',#446,.T.);
#256=FACE_OUTER_BOUND('',#447,.T.);
#257=FACE_OUTER_BOUND('',#448,.T.);
#258=FACE_OUTER_BOUND('',#449,.T.);
#259=FACE_OUTER_BOUND('',#450,.T.);
#260=FACE_OUTER_BOUND('',#451,.T.);
#261=FACE_OUTER_BOUND('',#452,.T.);
#262=FACE_OUTER_BOUND('',#453,.T.);
#263=FACE_OUTER_BOUND('',#454,.T.);
#264=FACE_OUTER_BOUND('',#455,.T.);
#265=FACE_OUTER_BOUND('',#456,.T.);
#266=FACE_OUTER_BOUND('',#457,.T.);
#267=FACE_OUTER_BOUND('',#458,.T.);
#268=FACE_OUTER_BOUND('',#459,.T.);
#269=FACE_OUTER_BOUND('',#460,.T.);
#270=FACE_OUTER_BOUND('',#461,.T.);
#271=FACE_OUTER_BOUND('',#462,.T.);
#272=FACE_OUTER_BOUND('',#463,.T.);
#273=FACE_OUTER_BOUND('',#464,.T.);
#274=FACE_OUTER_BOUND('',#465,.T.);
#275=FACE_OUTER_BOUND('',#466,.T.);
#276=FACE_OUTER_BOUND('',#467,.T.);
#277=FACE_OUTER_BOUND('',#468,.T.);
#278=FACE_OUTER_BOUND('',#469,.T.);
#279=FACE_OUTER_BOUND('',#470,.T.);
#280=FACE_OUTER_BOUND('',#471,.T.);
#281=FACE_OUTER_BOUND('',#472,.T.);
#282=FACE_OUTER_BOUND('',#473,.T.);
#283=FACE_OUTER_BOUND('',#474,.T.);
#284=FACE_OUTER_BOUND('',#475,.T.);
#285=FACE_OUTER_BOUND('',#476,.T.);
#286=FACE_OUTER_BOUND('',#477,.T.);
#287=FACE_OUTER_BOUND('',#478,.T.);
#288=FACE_OUTER_BOUND('',#479,.T.);
#289=FACE_OUTER_BOUND('',#480,.T.);
#290=FACE_OUTER_BOUND('',#481,.T.);
#291=FACE_OUTER_BOUND('',#482,.T.);
#292=FACE_OUTER_BOUND('',#483,.T.);
#293=FACE_OUTER_BOUND('',#484,.T.);
#294=FACE_OUTER_BOUND('',#485,.T.);
#295=FACE_OUTER_BOUND('',#486,.T.);
#296=FACE_OUTER_BOUND('',#487,.T.);
#297=FACE_OUTER_BOUND('',#488,.T.);
#298=FACE_OUTER_BOUND('',#489,.T.);
#299=FACE_OUTER_BOUND('',#490,.T.);
#300=FACE_OUTER_BOUND('',#491,.T.);
#301=FACE_OUTER_BOUND('',#492,.T.);
#302=FACE_OUTER_BOUND('',#493,.T.);
#303=FACE_OUTER_BOUND('',#494,.T.);
#304=FACE_OUTER_BOUND('',#495,.T.);
#305=FACE_OUTER_BOUND('',#496,.T.);
#306=FACE_OUTER_BOUND('',#497,.T.);
#307=FACE_OUTER_BOUND('',#498,.T.);
#308=FACE_OUTER_BOUND('',#499,.T.);
#309=FACE_OUTER_BOUND('',#500,.T.);
#310=FACE_OUTER_BOUND('',#501,.T.);
#311=FACE_OUTER_BOUND('',#502,.T.);
#312=FACE_OUTER_BOUND('',#503,.T.);
#313=FACE_OUTER_BOUND('',#504,.T.);
#314=FACE_OUTER_BOUND('',#505,.T.);
#315=FACE_OUTER_BOUND('',#506,.T.);
#316=FACE_OUTER_BOUND('',#507,.T.);
#317=FACE_OUTER_BOUND('',#508,.T.);
#318=FACE_OUTER_BOUND('',#509,.T.);
#319=FACE_OUTER_BOUND('',#510,.T.);
#320=FACE_OUTER_BOUND('',#511,.T.);
#321=FACE_OUTER_BOUND('',#512,.T.);
#322=FACE_OUTER_BOUND('',#513,.T.);
#323=FACE_OUTER_BOUND('',#514,.T.);
#324=FACE_OUTER_BOUND('',#515,.T.);
#325=FACE_OUTER_BOUND('',#516,.T.);
#326=FACE_OUTER_BOUND('',#517,.T.);
#327=FACE_OUTER_BOUND('',#518,.T.);
#328=FACE_OUTER_BOUND('',#519,.T.);
#329=FACE_OUTER_BOUND('',#520,.T.);
#330=FACE_OUTER_BOUND('',#521,.T.);
#331=FACE_OUTER_BOUND('',#522,.T.);
#332=FACE_OUTER_BOUND('',#523,.T.);
#333=FACE_OUTER_BOUND('',#524,.T.);
#334=FACE_OUTER_BOUND('',#525,.T.);
#335=FACE_OUTER_BOUND('',#526,.T.);
#336=FACE_OUTER_BOUND('',#527,.T.);
#337=FACE_OUTER_BOUND('',#528,.T.);
#338=FACE_OUTER_BOUND('',#529,.T.);
#339=FACE_OUTER_BOUND('',#530,.T.);
#340=FACE_OUTER_BOUND('',#531,.T.);
#341=FACE_OUTER_BOUND('',#532,.T.);
#342=FACE_OUTER_BOUND('',#533,.T.);
#343=FACE_OUTER_BOUND('',#534,.T.);
#344=FACE_OUTER_BOUND('',#535,.T.);
#345=FACE_OUTER_BOUND('',#536,.T.);
#346=FACE_OUTER_BOUND('',#537,.T.);
#347=FACE_OUTER_BOUND('',#539,.T.);
#348=FACE_OUTER_BOUND('',#540,.T.);
#349=FACE_OUTER_BOUND('',#542,.T.);
#350=FACE_OUTER_BOUND('',#543,.T.);
#351=FACE_OUTER_BOUND('',#544,.T.);
#352=FACE_OUTER_BOUND('',#546,.T.);
#353=FACE_OUTER_BOUND('',#547,.T.);
#354=FACE_OUTER_BOUND('',#548,.T.);
#355=FACE_OUTER_BOUND('',#549,.T.);
#356=FACE_OUTER_BOUND('',#550,.T.);
#357=EDGE_LOOP('',(#2050,#2051,#2052,#2053,#2054,#2055));
#358=EDGE_LOOP('',(#2056,#2057,#2058,#2059,#2060,#2061,#2062,#2063));
#359=EDGE_LOOP('',(#2064,#2065,#2066,#2067,#2068,#2069));
#360=EDGE_LOOP('',(#2070,#2071,#2072,#2073));
#361=EDGE_LOOP('',(#2074,#2075,#2076,#2077));
#362=EDGE_LOOP('',(#2078,#2079,#2080,#2081));
#363=EDGE_LOOP('',(#2082,#2083,#2084,#2085));
#364=EDGE_LOOP('',(#2086,#2087,#2088,#2089));
#365=EDGE_LOOP('',(#2090,#2091,#2092,#2093));
#366=EDGE_LOOP('',(#2094,#2095,#2096,#2097,#2098,#2099));
#367=EDGE_LOOP('',(#2100,#2101,#2102,#2103,#2104,#2105,#2106,#2107));
#368=EDGE_LOOP('',(#2108,#2109,#2110,#2111,#2112,#2113));
#369=EDGE_LOOP('',(#2114,#2115,#2116,#2117,#2118,#2119,#2120,#2121,#2122,
#2123,#2124,#2125));
#370=EDGE_LOOP('',(#2126,#2127,#2128,#2129));
#371=EDGE_LOOP('',(#2130,#2131,#2132,#2133));
#372=EDGE_LOOP('',(#2134,#2135,#2136,#2137,#2138,#2139,#2140,#2141,#2142));
#373=EDGE_LOOP('',(#2143,#2144,#2145,#2146,#2147,#2148,#2149,#2150,#2151,
#2152,#2153,#2154,#2155,#2156,#2157,#2158,#2159,#2160,#2161,#2162,#2163,
#2164,#2165,#2166,#2167,#2168,#2169,#2170,#2171,#2172,#2173,#2174,#2175));
#374=EDGE_LOOP('',(#2176,#2177,#2178,#2179));
#375=EDGE_LOOP('',(#2180,#2181,#2182,#2183));
#376=EDGE_LOOP('',(#2184,#2185,#2186,#2187,#2188,#2189,#2190,#2191,#2192,
#2193,#2194,#2195,#2196,#2197,#2198,#2199,#2200,#2201,#2202,#2203,#2204,
#2205,#2206,#2207,#2208,#2209,#2210,#2211,#2212,#2213,#2214,#2215));
#377=EDGE_LOOP('',(#2216,#2217,#2218,#2219,#2220,#2221,#2222,#2223,#2224,
#2225,#2226,#2227,#2228,#2229,#2230,#2231,#2232,#2233,#2234,#2235,#2236,
#2237,#2238,#2239,#2240,#2241,#2242,#2243,#2244,#2245,#2246,#2247));
#378=EDGE_LOOP('',(#2248,#2249,#2250));
#379=EDGE_LOOP('',(#2251,#2252,#2253,#2254));
#380=EDGE_LOOP('',(#2255,#2256,#2257,#2258));
#381=EDGE_LOOP('',(#2259,#2260,#2261,#2262));
#382=EDGE_LOOP('',(#2263,#2264,#2265,#2266));
#383=EDGE_LOOP('',(#2267,#2268,#2269,#2270));
#384=EDGE_LOOP('',(#2271,#2272,#2273,#2274));
#385=EDGE_LOOP('',(#2275,#2276,#2277,#2278));
#386=EDGE_LOOP('',(#2279,#2280,#2281,#2282));
#387=EDGE_LOOP('',(#2283,#2284,#2285,#2286));
#388=EDGE_LOOP('',(#2287,#2288,#2289,#2290));
#389=EDGE_LOOP('',(#2291,#2292,#2293,#2294));
#390=EDGE_LOOP('',(#2295,#2296,#2297,#2298));
#391=EDGE_LOOP('',(#2299,#2300,#2301,#2302));
#392=EDGE_LOOP('',(#2303,#2304,#2305,#2306));
#393=EDGE_LOOP('',(#2307,#2308,#2309,#2310));
#394=EDGE_LOOP('',(#2311,#2312,#2313,#2314));
#395=EDGE_LOOP('',(#2315,#2316,#2317,#2318));
#396=EDGE_LOOP('',(#2319,#2320,#2321,#2322));
#397=EDGE_LOOP('',(#2323,#2324,#2325,#2326));
#398=EDGE_LOOP('',(#2327,#2328,#2329,#2330));
#399=EDGE_LOOP('',(#2331,#2332,#2333,#2334));
#400=EDGE_LOOP('',(#2335,#2336,#2337));
#401=EDGE_LOOP('',(#2338,#2339,#2340,#2341,#2342));
#402=EDGE_LOOP('',(#2343,#2344,#2345,#2346));
#403=EDGE_LOOP('',(#2347,#2348,#2349,#2350));
#404=EDGE_LOOP('',(#2351,#2352,#2353,#2354));
#405=EDGE_LOOP('',(#2355,#2356,#2357,#2358));
#406=EDGE_LOOP('',(#2359,#2360,#2361,#2362));
#407=EDGE_LOOP('',(#2363,#2364,#2365,#2366));
#408=EDGE_LOOP('',(#2367,#2368,#2369,#2370));
#409=EDGE_LOOP('',(#2371,#2372,#2373,#2374));
#410=EDGE_LOOP('',(#2375,#2376,#2377,#2378));
#411=EDGE_LOOP('',(#2379,#2380,#2381,#2382));
#412=EDGE_LOOP('',(#2383,#2384,#2385,#2386));
#413=EDGE_LOOP('',(#2387,#2388,#2389,#2390));
#414=EDGE_LOOP('',(#2391,#2392,#2393,#2394));
#415=EDGE_LOOP('',(#2395,#2396,#2397,#2398));
#416=EDGE_LOOP('',(#2399,#2400,#2401,#2402));
#417=EDGE_LOOP('',(#2403,#2404,#2405,#2406));
#418=EDGE_LOOP('',(#2407,#2408,#2409,#2410));
#419=EDGE_LOOP('',(#2411,#2412,#2413,#2414));
#420=EDGE_LOOP('',(#2415,#2416,#2417,#2418));
#421=EDGE_LOOP('',(#2419,#2420,#2421,#2422));
#422=EDGE_LOOP('',(#2423,#2424,#2425,#2426));
#423=EDGE_LOOP('',(#2427,#2428,#2429,#2430));
#424=EDGE_LOOP('',(#2431,#2432,#2433,#2434));
#425=EDGE_LOOP('',(#2435,#2436,#2437,#2438));
#426=EDGE_LOOP('',(#2439,#2440,#2441,#2442));
#427=EDGE_LOOP('',(#2443,#2444,#2445,#2446));
#428=EDGE_LOOP('',(#2447,#2448,#2449,#2450));
#429=EDGE_LOOP('',(#2451,#2452,#2453,#2454));
#430=EDGE_LOOP('',(#2455,#2456,#2457));
#431=EDGE_LOOP('',(#2458,#2459,#2460,#2461,#2462));
#432=EDGE_LOOP('',(#2463,#2464,#2465,#2466));
#433=EDGE_LOOP('',(#2467,#2468,#2469,#2470));
#434=EDGE_LOOP('',(#2471,#2472,#2473,#2474));
#435=EDGE_LOOP('',(#2475,#2476,#2477,#2478));
#436=EDGE_LOOP('',(#2479,#2480,#2481,#2482));
#437=EDGE_LOOP('',(#2483,#2484,#2485,#2486));
#438=EDGE_LOOP('',(#2487,#2488,#2489,#2490));
#439=EDGE_LOOP('',(#2491,#2492,#2493,#2494));
#440=EDGE_LOOP('',(#2495,#2496,#2497,#2498));
#441=EDGE_LOOP('',(#2499,#2500,#2501,#2502));
#442=EDGE_LOOP('',(#2503,#2504,#2505,#2506));
#443=EDGE_LOOP('',(#2507,#2508,#2509,#2510));
#444=EDGE_LOOP('',(#2511,#2512,#2513,#2514));
#445=EDGE_LOOP('',(#2515,#2516,#2517,#2518));
#446=EDGE_LOOP('',(#2519,#2520,#2521,#2522));
#447=EDGE_LOOP('',(#2523,#2524,#2525,#2526));
#448=EDGE_LOOP('',(#2527,#2528,#2529,#2530));
#449=EDGE_LOOP('',(#2531,#2532,#2533,#2534));
#450=EDGE_LOOP('',(#2535,#2536,#2537,#2538));
#451=EDGE_LOOP('',(#2539,#2540,#2541,#2542));
#452=EDGE_LOOP('',(#2543,#2544,#2545,#2546));
#453=EDGE_LOOP('',(#2547,#2548,#2549,#2550));
#454=EDGE_LOOP('',(#2551,#2552,#2553,#2554));
#455=EDGE_LOOP('',(#2555,#2556,#2557,#2558));
#456=EDGE_LOOP('',(#2559,#2560,#2561,#2562));
#457=EDGE_LOOP('',(#2563,#2564,#2565,#2566));
#458=EDGE_LOOP('',(#2567,#2568,#2569,#2570));
#459=EDGE_LOOP('',(#2571,#2572,#2573,#2574));
#460=EDGE_LOOP('',(#2575,#2576,#2577,#2578));
#461=EDGE_LOOP('',(#2579,#2580,#2581,#2582));
#462=EDGE_LOOP('',(#2583,#2584,#2585,#2586));
#463=EDGE_LOOP('',(#2587,#2588,#2589));
#464=EDGE_LOOP('',(#2590,#2591,#2592,#2593));
#465=EDGE_LOOP('',(#2594,#2595,#2596));
#466=EDGE_LOOP('',(#2597,#2598,#2599,#2600,#2601));
#467=EDGE_LOOP('',(#2602,#2603,#2604,#2605));
#468=EDGE_LOOP('',(#2606,#2607,#2608,#2609));
#469=EDGE_LOOP('',(#2610,#2611,#2612,#2613));
#470=EDGE_LOOP('',(#2614,#2615,#2616,#2617));
#471=EDGE_LOOP('',(#2618,#2619,#2620,#2621));
#472=EDGE_LOOP('',(#2622,#2623,#2624,#2625));
#473=EDGE_LOOP('',(#2626,#2627,#2628,#2629));
#474=EDGE_LOOP('',(#2630,#2631,#2632,#2633));
#475=EDGE_LOOP('',(#2634,#2635,#2636,#2637));
#476=EDGE_LOOP('',(#2638,#2639,#2640,#2641));
#477=EDGE_LOOP('',(#2642,#2643,#2644,#2645));
#478=EDGE_LOOP('',(#2646,#2647,#2648,#2649));
#479=EDGE_LOOP('',(#2650,#2651,#2652,#2653));
#480=EDGE_LOOP('',(#2654,#2655,#2656,#2657));
#481=EDGE_LOOP('',(#2658,#2659,#2660,#2661));
#482=EDGE_LOOP('',(#2662,#2663,#2664,#2665));
#483=EDGE_LOOP('',(#2666,#2667,#2668,#2669));
#484=EDGE_LOOP('',(#2670,#2671,#2672,#2673,#2674));
#485=EDGE_LOOP('',(#2675,#2676,#2677,#2678));
#486=EDGE_LOOP('',(#2679,#2680,#2681,#2682));
#487=EDGE_LOOP('',(#2683,#2684,#2685,#2686));
#488=EDGE_LOOP('',(#2687,#2688,#2689,#2690));
#489=EDGE_LOOP('',(#2691,#2692,#2693,#2694));
#490=EDGE_LOOP('',(#2695,#2696,#2697,#2698));
#491=EDGE_LOOP('',(#2699,#2700,#2701,#2702));
#492=EDGE_LOOP('',(#2703,#2704,#2705,#2706));
#493=EDGE_LOOP('',(#2707,#2708,#2709,#2710));
#494=EDGE_LOOP('',(#2711,#2712,#2713,#2714));
#495=EDGE_LOOP('',(#2715,#2716,#2717,#2718));
#496=EDGE_LOOP('',(#2719,#2720,#2721,#2722));
#497=EDGE_LOOP('',(#2723,#2724,#2725,#2726));
#498=EDGE_LOOP('',(#2727,#2728,#2729,#2730));
#499=EDGE_LOOP('',(#2731,#2732,#2733,#2734,#2735));
#500=EDGE_LOOP('',(#2736,#2737,#2738,#2739));
#501=EDGE_LOOP('',(#2740,#2741,#2742,#2743));
#502=EDGE_LOOP('',(#2744,#2745,#2746,#2747));
#503=EDGE_LOOP('',(#2748,#2749,#2750,#2751));
#504=EDGE_LOOP('',(#2752,#2753,#2754,#2755,#2756));
#505=EDGE_LOOP('',(#2757,#2758,#2759,#2760));
#506=EDGE_LOOP('',(#2761,#2762,#2763,#2764));
#507=EDGE_LOOP('',(#2765,#2766,#2767,#2768));
#508=EDGE_LOOP('',(#2769,#2770,#2771,#2772));
#509=EDGE_LOOP('',(#2773,#2774,#2775,#2776));
#510=EDGE_LOOP('',(#2777,#2778,#2779,#2780));
#511=EDGE_LOOP('',(#2781,#2782,#2783,#2784));
#512=EDGE_LOOP('',(#2785,#2786,#2787,#2788));
#513=EDGE_LOOP('',(#2789,#2790,#2791,#2792));
#514=EDGE_LOOP('',(#2793,#2794,#2795,#2796));
#515=EDGE_LOOP('',(#2797,#2798,#2799,#2800));
#516=EDGE_LOOP('',(#2801,#2802,#2803,#2804));
#517=EDGE_LOOP('',(#2805,#2806,#2807,#2808));
#518=EDGE_LOOP('',(#2809,#2810,#2811,#2812));
#519=EDGE_LOOP('',(#2813,#2814,#2815,#2816,#2817));
#520=EDGE_LOOP('',(#2818,#2819,#2820,#2821));
#521=EDGE_LOOP('',(#2822,#2823,#2824,#2825));
#522=EDGE_LOOP('',(#2826,#2827,#2828,#2829));
#523=EDGE_LOOP('',(#2830,#2831,#2832,#2833));
#524=EDGE_LOOP('',(#2834,#2835,#2836,#2837));
#525=EDGE_LOOP('',(#2838,#2839,#2840,#2841));
#526=EDGE_LOOP('',(#2842,#2843,#2844,#2845));
#527=EDGE_LOOP('',(#2846,#2847,#2848,#2849));
#528=EDGE_LOOP('',(#2850,#2851,#2852,#2853));
#529=EDGE_LOOP('',(#2854,#2855,#2856,#2857));
#530=EDGE_LOOP('',(#2858,#2859,#2860,#2861));
#531=EDGE_LOOP('',(#2862,#2863,#2864,#2865));
#532=EDGE_LOOP('',(#2866,#2867,#2868,#2869));
#533=EDGE_LOOP('',(#2870,#2871,#2872,#2873));
#534=EDGE_LOOP('',(#2874,#2875,#2876,#2877));
#535=EDGE_LOOP('',(#2878,#2879,#2880,#2881,#2882));
#536=EDGE_LOOP('',(#2883,#2884,#2885,#2886));
#537=EDGE_LOOP('',(#2887,#2888,#2889,#2890,#2891,#2892,#2893,#2894,#2895,
#2896,#2897,#2898,#2899,#2900,#2901,#2902,#2903,#2904,#2905,#2906,#2907,
#2908,#2909,#2910,#2911,#2912,#2913,#2914,#2915,#2916,#2917,#2918,#2919,
#2920,#2921));
#538=EDGE_LOOP('',(#2922,#2923,#2924,#2925,#2926,#2927,#2928,#2929,#2930,
#2931,#2932,#2933,#2934,#2935,#2936,#2937,#2938,#2939,#2940,#2941,#2942,
#2943,#2944,#2945,#2946,#2947,#2948,#2949,#2950,#2951,#2952));
#539=EDGE_LOOP('',(#2953,#2954,#2955,#2956));
#540=EDGE_LOOP('',(#2957,#2958,#2959,#2960,#2961,#2962,#2963,#2964,#2965,
#2966,#2967,#2968,#2969,#2970,#2971,#2972,#2973,#2974,#2975,#2976,#2977,
#2978,#2979,#2980,#2981,#2982,#2983,#2984,#2985,#2986,#2987));
#541=EDGE_LOOP('',(#2988,#2989,#2990,#2991,#2992,#2993,#2994,#2995,#2996,
#2997,#2998,#2999,#3000,#3001,#3002,#3003,#3004,#3005,#3006,#3007,#3008,
#3009,#3010,#3011,#3012,#3013,#3014,#3015,#3016,#3017,#3018,#3019));
#542=EDGE_LOOP('',(#3020,#3021,#3022,#3023));
#543=EDGE_LOOP('',(#3024,#3025,#3026));
#544=EDGE_LOOP('',(#3027,#3028,#3029,#3030,#3031,#3032,#3033,#3034,#3035,
#3036,#3037,#3038,#3039,#3040,#3041,#3042,#3043,#3044,#3045,#3046,#3047,
#3048,#3049,#3050,#3051,#3052,#3053,#3054,#3055,#3056,#3057,#3058));
#545=EDGE_LOOP('',(#3059,#3060,#3061,#3062));
#546=EDGE_LOOP('',(#3063,#3064,#3065,#3066));
#547=EDGE_LOOP('',(#3067,#3068,#3069,#3070,#3071));
#548=EDGE_LOOP('',(#3072,#3073,#3074,#3075));
#549=EDGE_LOOP('',(#3076,#3077,#3078,#3079));
#550=EDGE_LOOP('',(#3080,#3081,#3082,#3083));
#551=B_SPLINE_CURVE_WITH_KNOTS('',3,(#3584,#3585,#3586,#3587,#3588,#3589),
 .UNSPECIFIED.,.F.,.F.,(4,2,4),(-0.0468320684907397,-0.0234160342453698,
0.),.UNSPECIFIED.);
#552=B_SPLINE_CURVE_WITH_KNOTS('',3,(#3601,#3602,#3603,#3604,#3605,#3606),
 .UNSPECIFIED.,.F.,.F.,(4,2,4),(-0.0468320684907397,-0.02341603424537,0.),
 .UNSPECIFIED.);
#553=B_SPLINE_CURVE_WITH_KNOTS('',3,(#3610,#3611,#3612,#3613,#3614,#3615),
 .UNSPECIFIED.,.F.,.F.,(4,2,4),(-0.0468320684907388,-0.0234160342453693,
0.),.UNSPECIFIED.);
#554=B_SPLINE_CURVE_WITH_KNOTS('',3,(#3625,#3626,#3627,#3628,#3629,#3630),
 .UNSPECIFIED.,.F.,.F.,(4,2,4),(-0.0468320684907388,-0.0234160342453695,
0.),.UNSPECIFIED.);
#555=B_SPLINE_CURVE_WITH_KNOTS('',3,(#3681,#3682,#3683,#3684,#3685,#3686),
 .UNSPECIFIED.,.F.,.F.,(4,2,4),(-0.0468320684907404,-0.0234160342453702,
0.),.UNSPECIFIED.);
#556=B_SPLINE_CURVE_WITH_KNOTS('',3,(#3697,#3698,#3699,#3700,#3701,#3702),
 .UNSPECIFIED.,.F.,.F.,(4,2,4),(-0.0468320684907391,-0.0234160342453695,
0.),.UNSPECIFIED.);
#557=B_SPLINE_CURVE_WITH_KNOTS('',3,(#3705,#3706,#3707,#3708,#3709,#3710),
 .UNSPECIFIED.,.F.,.F.,(4,2,4),(-0.0468320684907404,-0.0234160342453702,
0.),.UNSPECIFIED.);
#558=B_SPLINE_CURVE_WITH_KNOTS('',3,(#3717,#3718,#3719,#3720,#3721,#3722),
 .UNSPECIFIED.,.F.,.F.,(4,2,4),(-0.0468320684907388,-0.0234160342453695,
0.),.UNSPECIFIED.);
#559=B_SPLINE_CURVE_WITH_KNOTS('',3,(#3741,#3742,#3743,#3744),
 .UNSPECIFIED.,.F.,.F.,(4,4),(-0.506301766635864,-0.00764703362720597),
 .UNSPECIFIED.);
#560=B_SPLINE_CURVE_WITH_KNOTS('',3,(#3746,#3747,#3748,#3749),
 .UNSPECIFIED.,.F.,.F.,(4,4),(-0.0468320684907398,0.),.UNSPECIFIED.);
#561=B_SPLINE_CURVE_WITH_KNOTS('',3,(#3750,#3751,#3752,#3753,#3754,#3755),
 .UNSPECIFIED.,.F.,.F.,(4,2,4),(-0.344421466749253,-0.146658619395577,-0.0717357286878563),
 .UNSPECIFIED.);
#562=B_SPLINE_CURVE_WITH_KNOTS('',3,(#3773,#3774,#3775,#3776),
 .UNSPECIFIED.,.F.,.F.,(4,4),(-0.126762880550693,0.),.UNSPECIFIED.);
#563=B_SPLINE_CURVE_WITH_KNOTS('',3,(#3778,#3779,#3780,#3781),
 .UNSPECIFIED.,.F.,.F.,(4,4),(0.028583965754627,0.0754160342453673),
 .UNSPECIFIED.);
#564=B_SPLINE_CURVE_WITH_KNOTS('',3,(#3782,#3783,#3784,#3785),
 .UNSPECIFIED.,.F.,.F.,(4,4),(-2.71102592986633,-2.25975015190595),
 .UNSPECIFIED.);
#565=B_SPLINE_CURVE_WITH_KNOTS('',3,(#3788,#3789,#3790,#3791),
 .UNSPECIFIED.,.F.,.F.,(4,4),(-0.143013213171277,-0.0745171291613944),
 .UNSPECIFIED.);
#566=B_SPLINE_CURVE_WITH_KNOTS('',3,(#3793,#3794,#3795,#3796),
 .UNSPECIFIED.,.F.,.F.,(4,4),(-0.0991611876457548,0.),.UNSPECIFIED.);
#567=B_SPLINE_CURVE_WITH_KNOTS('',3,(#3798,#3799,#3800,#3801),
 .UNSPECIFIED.,.F.,.F.,(4,4),(-0.140117331198822,0.),.UNSPECIFIED.);
#568=B_SPLINE_CURVE_WITH_KNOTS('',3,(#3803,#3804,#3805,#3806),
 .UNSPECIFIED.,.F.,.F.,(4,4),(-0.347031671397241,0.),.UNSPECIFIED.);
#569=B_SPLINE_CURVE_WITH_KNOTS('',3,(#3810,#3811,#3812,#3813),
 .UNSPECIFIED.,.F.,.F.,(4,4),(-0.249092696021293,2.77555756156289E-17),
 .UNSPECIFIED.);
#570=B_SPLINE_CURVE_WITH_KNOTS('',3,(#3814,#3815,#3816,#3817),
 .UNSPECIFIED.,.F.,.F.,(4,4),(-0.276554287370463,0.),.UNSPECIFIED.);
#571=B_SPLINE_CURVE_WITH_KNOTS('',3,(#3824,#3825,#3826,#3827),
 .UNSPECIFIED.,.F.,.F.,(4,4),(-0.336317695726967,0.),.UNSPECIFIED.);
#572=B_SPLINE_CURVE_WITH_KNOTS('',3,(#3829,#3830,#3831,#3832),
 .UNSPECIFIED.,.F.,.F.,(4,4),(-0.136580455512127,0.),.UNSPECIFIED.);
#573=B_SPLINE_CURVE_WITH_KNOTS('',3,(#3834,#3835,#3836,#3837),
 .UNSPECIFIED.,.F.,.F.,(4,4),(-0.171559279195005,0.),.UNSPECIFIED.);
#574=B_SPLINE_CURVE_WITH_KNOTS('',3,(#3839,#3840,#3841,#3842),
 .UNSPECIFIED.,.F.,.F.,(4,4),(-0.176892363844323,0.),.UNSPECIFIED.);
#575=B_SPLINE_CURVE_WITH_KNOTS('',3,(#3844,#3845,#3846,#3847),
 .UNSPECIFIED.,.F.,.F.,(4,4),(-0.148242587138896,0.),.UNSPECIFIED.);
#576=B_SPLINE_CURVE_WITH_KNOTS('',3,(#3849,#3850,#3851,#3852,#3853,#3854,
#3855),.UNSPECIFIED.,.F.,.F.,(4,3,4),(-0.311379213067789,-0.13344823417191,
0.),.UNSPECIFIED.);
#577=B_SPLINE_CURVE_WITH_KNOTS('',3,(#3857,#3858,#3859,#3860),
 .UNSPECIFIED.,.F.,.F.,(4,4),(-0.224733499925697,0.),.UNSPECIFIED.);
#578=B_SPLINE_CURVE_WITH_KNOTS('',3,(#3864,#3865,#3866,#3867),
 .UNSPECIFIED.,.F.,.F.,(4,4),(-0.341646462914008,0.),.UNSPECIFIED.);
#579=B_SPLINE_CURVE_WITH_KNOTS('',3,(#3869,#3870,#3871,#3872),
 .UNSPECIFIED.,.F.,.F.,(4,4),(-0.257920149018622,0.),.UNSPECIFIED.);
#580=B_SPLINE_CURVE_WITH_KNOTS('',3,(#3874,#3875,#3876,#3877,#3878,#3879),
 .UNSPECIFIED.,.F.,.F.,(4,2,4),(-0.0125530627669266,-0.00629618097046792,
0.),.UNSPECIFIED.);
#581=B_SPLINE_CURVE_WITH_KNOTS('',3,(#3881,#3882,#3883,#3884),
 .UNSPECIFIED.,.F.,.F.,(4,4),(-0.283419901673256,0.),.UNSPECIFIED.);
#582=B_SPLINE_CURVE_WITH_KNOTS('',3,(#3886,#3887,#3888,#3889),
 .UNSPECIFIED.,.F.,.F.,(4,4),(-0.211074634168306,0.),.UNSPECIFIED.);
#583=B_SPLINE_CURVE_WITH_KNOTS('',3,(#3891,#3892,#3893,#3894,#3895,#3896,
#3897),.UNSPECIFIED.,.F.,.F.,(4,3,4),(-0.299266891059508,-0.128257239025503,
0.),.UNSPECIFIED.);
#584=B_SPLINE_CURVE_WITH_KNOTS('',3,(#3901,#3902,#3903,#3904),
 .UNSPECIFIED.,.F.,.F.,(4,4),(-0.29469847625896,0.),.UNSPECIFIED.);
#585=B_SPLINE_CURVE_WITH_KNOTS('',3,(#3905,#3906,#3907,#3908),
 .UNSPECIFIED.,.F.,.F.,(4,4),(-0.0485944487340314,0.),.UNSPECIFIED.);
#586=B_SPLINE_CURVE_WITH_KNOTS('',3,(#3909,#3910,#3911,#3912),
 .UNSPECIFIED.,.F.,.F.,(4,4),(-0.104501523921929,-0.00240721804993499),
 .UNSPECIFIED.);
#587=B_SPLINE_CURVE_WITH_KNOTS('',3,(#3913,#3914,#3915,#3916,#3917,#3918),
 .UNSPECIFIED.,.F.,.F.,(4,2,4),(-0.168522426138588,-0.114007012583106,-0.0669236776123908),
 .UNSPECIFIED.);
#588=B_SPLINE_CURVE_WITH_KNOTS('',3,(#3944,#3945,#3946,#3947),
 .UNSPECIFIED.,.F.,.F.,(4,4),(-1.14001671161017,-0.968887789306071),
 .UNSPECIFIED.);
#589=B_SPLINE_CURVE_WITH_KNOTS('',3,(#3948,#3949,#3950,#3951),
 .UNSPECIFIED.,.F.,.F.,(4,4),(0.0285839657546272,0.0754160342453664),
 .UNSPECIFIED.);
#590=B_SPLINE_CURVE_WITH_KNOTS('',3,(#3955,#3956,#3957,#3958),
 .UNSPECIFIED.,.F.,.F.,(4,4),(-4.2585621765676,-3.11203427071738),
 .UNSPECIFIED.);
#591=B_SPLINE_CURVE_WITH_KNOTS('',3,(#3960,#3961,#3962,#3963),
 .UNSPECIFIED.,.F.,.F.,(4,4),(-3.11203427071738,-2.46946851273243),
 .UNSPECIFIED.);
#592=B_SPLINE_CURVE_WITH_KNOTS('',3,(#3965,#3966,#3967,#3968),
 .UNSPECIFIED.,.F.,.F.,(4,4),(-2.46946851273243,-1.85210138454932),
 .UNSPECIFIED.);
#593=B_SPLINE_CURVE_WITH_KNOTS('',3,(#3970,#3971,#3972,#3973),
 .UNSPECIFIED.,.F.,.F.,(4,4),(-1.85210138454932,-1.38968998649389),
 .UNSPECIFIED.);
#594=B_SPLINE_CURVE_WITH_KNOTS('',3,(#3975,#3976,#3977,#3978),
 .UNSPECIFIED.,.F.,.F.,(4,4),(-1.38968998649389,-1.01600882735794),
 .UNSPECIFIED.);
#595=B_SPLINE_CURVE_WITH_KNOTS('',3,(#3980,#3981,#3982,#3983),
 .UNSPECIFIED.,.F.,.F.,(4,4),(-1.01600882735794,-0.282838136951137),
 .UNSPECIFIED.);
#596=B_SPLINE_CURVE_WITH_KNOTS('',3,(#3985,#3986,#3987,#3988),
 .UNSPECIFIED.,.F.,.F.,(4,4),(-0.282838136951137,-0.0024355000890633),
 .UNSPECIFIED.);
#597=B_SPLINE_CURVE_WITH_KNOTS('',3,(#3992,#3993,#3994,#3995),
 .UNSPECIFIED.,.F.,.F.,(4,4),(-3.98120862842807,-3.25164680611438),
 .UNSPECIFIED.);
#598=B_SPLINE_CURVE_WITH_KNOTS('',3,(#3997,#3998,#3999,#4000),
 .UNSPECIFIED.,.F.,.F.,(4,4),(-3.25164680611438,-2.44056258000212),
 .UNSPECIFIED.);
#599=B_SPLINE_CURVE_WITH_KNOTS('',3,(#4002,#4003,#4004,#4005),
 .UNSPECIFIED.,.F.,.F.,(4,4),(-2.44056258000212,-2.39482099690631),
 .UNSPECIFIED.);
#600=B_SPLINE_CURVE_WITH_KNOTS('',3,(#4007,#4008,#4009,#4010),
 .UNSPECIFIED.,.F.,.F.,(4,4),(-2.39482099690631,-1.42298717907759),
 .UNSPECIFIED.);
#601=B_SPLINE_CURVE_WITH_KNOTS('',3,(#4012,#4013,#4014,#4015),
 .UNSPECIFIED.,.F.,.F.,(4,4),(-1.42298717907759,-0.802627841679801),
 .UNSPECIFIED.);
#602=B_SPLINE_CURVE_WITH_KNOTS('',3,(#4017,#4018,#4019,#4020),
 .UNSPECIFIED.,.F.,.F.,(4,4),(-0.802627841679801,-0.00242583792609438),
 .UNSPECIFIED.);
#603=B_SPLINE_CURVE_WITH_KNOTS('',3,(#4024,#4025,#4026,#4027),
 .UNSPECIFIED.,.F.,.F.,(4,4),(-4.2585621769308,-3.34442265459867),
 .UNSPECIFIED.);
#604=B_SPLINE_CURVE_WITH_KNOTS('',3,(#4029,#4030,#4031,#4032),
 .UNSPECIFIED.,.F.,.F.,(4,4),(-3.34442265459867,-2.81742292182277),
 .UNSPECIFIED.);
#605=B_SPLINE_CURVE_WITH_KNOTS('',3,(#4034,#4035,#4036,#4037),
 .UNSPECIFIED.,.F.,.F.,(4,4),(-2.81742292182277,-2.4031377826773),
 .UNSPECIFIED.);
#606=B_SPLINE_CURVE_WITH_KNOTS('',3,(#4039,#4040,#4041,#4042),
 .UNSPECIFIED.,.F.,.F.,(4,4),(-2.4031377826773,-1.77717582609472),
 .UNSPECIFIED.);
#607=B_SPLINE_CURVE_WITH_KNOTS('',3,(#4044,#4045,#4046,#4047),
 .UNSPECIFIED.,.F.,.F.,(4,4),(-1.77717582609472,-1.32677274374672),
 .UNSPECIFIED.);
#608=B_SPLINE_CURVE_WITH_KNOTS('',3,(#4049,#4050,#4051,#4052),
 .UNSPECIFIED.,.F.,.F.,(4,4),(-1.32677274374672,-0.968887789306071),
 .UNSPECIFIED.);
#609=B_SPLINE_CURVE_WITH_KNOTS('',3,(#4054,#4055,#4056,#4057),
 .UNSPECIFIED.,.F.,.F.,(4,4),(-0.968887789306071,-0.740607335148128),
 .UNSPECIFIED.);
#610=B_SPLINE_CURVE_WITH_KNOTS('',3,(#4059,#4060,#4061,#4062),
 .UNSPECIFIED.,.F.,.F.,(4,4),(-0.740607335148128,-0.473043449717745),
 .UNSPECIFIED.);
#611=B_SPLINE_CURVE_WITH_KNOTS('',3,(#4064,#4065,#4066,#4067),
 .UNSPECIFIED.,.F.,.F.,(4,4),(-0.473043449717745,-0.00243558667414827),
 .UNSPECIFIED.);
#612=B_SPLINE_CURVE_WITH_KNOTS('',3,(#4071,#4072,#4073,#4074),
 .UNSPECIFIED.,.F.,.F.,(4,4),(-3.98120862766845,-3.49254080283172),
 .UNSPECIFIED.);
#613=B_SPLINE_CURVE_WITH_KNOTS('',3,(#4076,#4077,#4078,#4079),
 .UNSPECIFIED.,.F.,.F.,(4,4),(-3.49254080283172,-2.71102592986633),
 .UNSPECIFIED.);
#614=B_SPLINE_CURVE_WITH_KNOTS('',3,(#4081,#4082,#4083,#4084),
 .UNSPECIFIED.,.F.,.F.,(4,4),(-2.71102592986633,-1.96512338732637),
 .UNSPECIFIED.);
#615=B_SPLINE_CURVE_WITH_KNOTS('',3,(#4086,#4087,#4088,#4089),
 .UNSPECIFIED.,.F.,.F.,(4,4),(-1.96512338732637,-1.19718203081172),
 .UNSPECIFIED.);
#616=B_SPLINE_CURVE_WITH_KNOTS('',3,(#4091,#4092,#4093,#4094),
 .UNSPECIFIED.,.F.,.F.,(4,4),(-1.19718203081172,-0.686492850422845),
 .UNSPECIFIED.);
#617=B_SPLINE_CURVE_WITH_KNOTS('',3,(#4096,#4097,#4098,#4099),
 .UNSPECIFIED.,.F.,.F.,(4,4),(-0.686492850422845,-0.00242540653219269),
 .UNSPECIFIED.);
#618=B_SPLINE_CURVE_WITH_KNOTS('',3,(#4102,#4103,#4104,#4105),
 .UNSPECIFIED.,.F.,.F.,(4,4),(-3.49254080283172,-2.71102592986633),
 .UNSPECIFIED.);
#619=B_SPLINE_CURVE_WITH_KNOTS('',3,(#4107,#4108,#4109,#4110),
 .UNSPECIFIED.,.F.,.F.,(4,4),(-3.98120862766845,-3.49254080283172),
 .UNSPECIFIED.);
#620=B_SPLINE_CURVE_WITH_KNOTS('',3,(#4114,#4115,#4116,#4117),
 .UNSPECIFIED.,.F.,.F.,(4,4),(-0.473043449717745,-0.00784482623774407),
 .UNSPECIFIED.);
#621=B_SPLINE_CURVE_WITH_KNOTS('',3,(#4119,#4120,#4121,#4122),
 .UNSPECIFIED.,.F.,.F.,(4,4),(-0.740607335148128,-0.473043449717745),
 .UNSPECIFIED.);
#622=B_SPLINE_CURVE_WITH_KNOTS('',3,(#4123,#4124,#4125,#4126),
 .UNSPECIFIED.,.F.,.F.,(4,4),(-0.968887789306071,-0.740607335148128),
 .UNSPECIFIED.);
#623=B_SPLINE_CURVE_WITH_KNOTS('',3,(#4128,#4129,#4130,#4131),
 .UNSPECIFIED.,.F.,.F.,(4,4),(-3.34442265459867,-3.12816645330228),
 .UNSPECIFIED.);
#624=B_SPLINE_CURVE_WITH_KNOTS('',3,(#4133,#4134,#4135,#4136),
 .UNSPECIFIED.,.F.,.F.,(4,4),(-4.2585621769308,-3.34442265459867),
 .UNSPECIFIED.);
#625=B_SPLINE_CURVE_WITH_KNOTS('',3,(#4140,#4141,#4142,#4143,#4144),
 .UNSPECIFIED.,.F.,.F.,(4,1,4),(-0.802627841679801,-0.461923618163024,-0.00765132074211073),
 .UNSPECIFIED.);
#626=B_SPLINE_CURVE_WITH_KNOTS('',3,(#4146,#4147,#4148,#4149),
 .UNSPECIFIED.,.F.,.F.,(4,4),(-1.42298717907759,-0.802627841679801),
 .UNSPECIFIED.);
#627=B_SPLINE_CURVE_WITH_KNOTS('',3,(#4151,#4152,#4153,#4154),
 .UNSPECIFIED.,.F.,.F.,(4,4),(-2.39482099690631,-1.42298717907759),
 .UNSPECIFIED.);
#628=B_SPLINE_CURVE_WITH_KNOTS('',3,(#4156,#4157,#4158,#4159),
 .UNSPECIFIED.,.F.,.F.,(4,4),(-2.44056258000212,-2.39482099690631),
 .UNSPECIFIED.);
#629=B_SPLINE_CURVE_WITH_KNOTS('',3,(#4161,#4162,#4163,#4164),
 .UNSPECIFIED.,.F.,.F.,(4,4),(-3.25164680611438,-2.44056258000212),
 .UNSPECIFIED.);
#630=B_SPLINE_CURVE_WITH_KNOTS('',3,(#4166,#4167,#4168,#4169),
 .UNSPECIFIED.,.F.,.F.,(4,4),(-3.98120862842807,-3.25164680611438),
 .UNSPECIFIED.);
#631=B_SPLINE_CURVE_WITH_KNOTS('',3,(#4173,#4174,#4175,#4176),
 .UNSPECIFIED.,.F.,.F.,(4,4),(-0.282838136951137,-0.00784392220294648),
 .UNSPECIFIED.);
#632=B_SPLINE_CURVE_WITH_KNOTS('',3,(#4178,#4179,#4180,#4181,#4182),
 .UNSPECIFIED.,.F.,.F.,(4,1,4),(-1.01600882735794,-0.701792817183597,-0.282838136951137),
 .UNSPECIFIED.);
#633=B_SPLINE_CURVE_WITH_KNOTS('',3,(#4184,#4185,#4186,#4187),
 .UNSPECIFIED.,.F.,.F.,(4,4),(-1.38968998649389,-1.01600882735794),
 .UNSPECIFIED.);
#634=B_SPLINE_CURVE_WITH_KNOTS('',3,(#4189,#4190,#4191,#4192),
 .UNSPECIFIED.,.F.,.F.,(4,4),(-1.85210138454932,-1.38968998649389),
 .UNSPECIFIED.);
#635=B_SPLINE_CURVE_WITH_KNOTS('',3,(#4194,#4195,#4196,#4197),
 .UNSPECIFIED.,.F.,.F.,(4,4),(-2.46946851273243,-1.85210138454932),
 .UNSPECIFIED.);
#636=B_SPLINE_CURVE_WITH_KNOTS('',3,(#4199,#4200,#4201,#4202),
 .UNSPECIFIED.,.F.,.F.,(4,4),(-3.11203427071738,-2.46946851273243),
 .UNSPECIFIED.);
#637=B_SPLINE_CURVE_WITH_KNOTS('',3,(#4204,#4205,#4206,#4207),
 .UNSPECIFIED.,.F.,.F.,(4,4),(-4.2585621765676,-3.11203427071738),
 .UNSPECIFIED.);
#638=B_SPLINE_CURVE_WITH_KNOTS('',3,(#4212,#4213,#4214,#4215),
 .UNSPECIFIED.,.F.,.F.,(4,4),(-1.77052489669972,-1.50392537427596),
 .UNSPECIFIED.);
#639=B_SPLINE_CURVE_WITH_KNOTS('',3,(#4232,#4233,#4234,#4235),
 .UNSPECIFIED.,.F.,.F.,(4,4),(0.0285839657546272,0.075416034245366),
 .UNSPECIFIED.);
#640=B_SPLINE_CURVE_WITH_KNOTS('',3,(#4272,#4273,#4274,#4275),
 .UNSPECIFIED.,.F.,.F.,(4,4),(0.0285839657546272,0.0754160342453656),
 .UNSPECIFIED.);
#641=B_SPLINE_CURVE_WITH_KNOTS('',3,(#4276,#4277,#4278,#4279),
 .UNSPECIFIED.,.F.,.F.,(4,4),(-0.046832068490739,0.),.UNSPECIFIED.);
#642=B_SPLINE_CURVE_WITH_KNOTS('',3,(#4296,#4297,#4298,#4299),
 .UNSPECIFIED.,.F.,.F.,(4,4),(0.0285839657546272,0.0754160342453656),
 .UNSPECIFIED.);
#643=B_SPLINE_CURVE_WITH_KNOTS('',3,(#4333,#4334,#4335,#4336),
 .UNSPECIFIED.,.F.,.F.,(4,4),(0.0285839657546272,0.0754160342453658),
 .UNSPECIFIED.);
#644=B_SPLINE_CURVE_WITH_KNOTS('',3,(#4372,#4373,#4374,#4375),
 .UNSPECIFIED.,.F.,.F.,(4,4),(-0.0468320684907392,0.),.UNSPECIFIED.);
#645=B_SPLINE_CURVE_WITH_KNOTS('',3,(#4392,#4393,#4394,#4395),
 .UNSPECIFIED.,.F.,.F.,(4,4),(0.0285839657546272,0.0754160342453667),
 .UNSPECIFIED.);
#646=B_SPLINE_CURVE_WITH_KNOTS('',3,(#4416,#4417,#4418,#4419),
 .UNSPECIFIED.,.F.,.F.,(4,4),(0.0285839657546272,0.0754160342453666),
 .UNSPECIFIED.);
#647=B_SPLINE_CURVE_WITH_KNOTS('',3,(#4436,#4437,#4438,#4439),
 .UNSPECIFIED.,.F.,.F.,(4,4),(0.0285839657546272,0.0754160342453666),
 .UNSPECIFIED.);
#648=B_SPLINE_CURVE_WITH_KNOTS('',3,(#4456,#4457,#4458,#4459),
 .UNSPECIFIED.,.F.,.F.,(4,4),(0.0285839657546272,0.0754160342453666),
 .UNSPECIFIED.);
#649=B_SPLINE_CURVE_WITH_KNOTS('',3,(#4476,#4477,#4478,#4479),
 .UNSPECIFIED.,.F.,.F.,(4,4),(0.0285839657546272,0.0754160342453666),
 .UNSPECIFIED.);
#650=B_SPLINE_CURVE_WITH_KNOTS('',3,(#4496,#4497,#4498,#4499),
 .UNSPECIFIED.,.F.,.F.,(4,4),(0.0285839657546272,0.0754160342453666),
 .UNSPECIFIED.);
#651=B_SPLINE_CURVE_WITH_KNOTS('',3,(#4554,#4555,#4556,#4557,#4558,#4559,
#4560,#4561),.UNSPECIFIED.,.F.,.F.,(4,1,1,1,1,4),(0.0905147112206453,0.120244082684681,
0.149973454480104,0.209432198070949,0.254026255764084,0.298620313457218),
 .UNSPECIFIED.);
#652=B_SPLINE_CURVE_WITH_KNOTS('',3,(#4563,#4564,#4565,#4566,#4567,#4568,
#4569,#4570,#4571,#4572,#4573,#4574,#4575),.UNSPECIFIED.,.F.,.F.,(4,3,3,
3,4),(-0.297213471260993,-0.189570530133625,-0.142808997490825,-0.101523283628456,
-0.0920483627722708),.UNSPECIFIED.);
#653=B_SPLINE_CURVE_WITH_KNOTS('',3,(#4576,#4577,#4578,#4579),
 .UNSPECIFIED.,.F.,.F.,(4,4),(0.,0.000770562860741701),.UNSPECIFIED.);
#654=B_SPLINE_CURVE_WITH_KNOTS('',3,(#4625,#4626,#4627,#4628),
 .UNSPECIFIED.,.F.,.F.,(4,4),(-0.282838136951137,0.),.UNSPECIFIED.);
#655=B_SPLINE_CURVE_WITH_KNOTS('',3,(#4630,#4631,#4632,#4633,#4634,#4635,
#4636,#4637,#4638,#4639,#4640),.UNSPECIFIED.,.F.,.F.,(4,1,1,1,1,1,1,1,4),
(0.,0.0426600447796025,0.0853200895592051,0.106650111949006,0.127980134338808,
0.17064017911841,0.213300223898013,0.255960268677615,0.298620313457218),
 .UNSPECIFIED.);
#656=B_SPLINE_CURVE_WITH_KNOTS('',3,(#4642,#4643,#4644,#4645),
 .UNSPECIFIED.,.F.,.F.,(4,4),(-0.282838136951137,-0.00185302446424046),
 .UNSPECIFIED.);
#657=B_SPLINE_CURVE_WITH_KNOTS('',3,(#4646,#4647,#4648,#4649,#4650,#4651,
#4652),.UNSPECIFIED.,.F.,.F.,(4,3,4),(-0.0920483627722708,-0.0552923281912081,
0.),.UNSPECIFIED.);
#658=B_SPLINE_CURVE_WITH_KNOTS('',3,(#4698,#4699,#4700,#4701),
 .UNSPECIFIED.,.F.,.F.,(4,4),(-1.01600882735794,-0.282838136951137),
 .UNSPECIFIED.);
#659=B_SPLINE_CURVE_WITH_KNOTS('',3,(#4703,#4704,#4705,#4706,#4707,#4708,
#4709,#4710,#4711,#4712,#4713),.UNSPECIFIED.,.F.,.F.,(4,1,1,1,1,1,1,1,4),
(0.,0.0426600447796025,0.0853200895592051,0.106650111949006,0.127980134338808,
0.17064017911841,0.213300223898013,0.255960268677615,0.298620313457218),
 .UNSPECIFIED.);
#660=B_SPLINE_CURVE_WITH_KNOTS('',3,(#4714,#4715,#4716,#4717),
 .UNSPECIFIED.,.F.,.F.,(4,4),(-1.01600882735794,-0.282838136951137),
 .UNSPECIFIED.);
#661=B_SPLINE_CURVE_WITH_KNOTS('',3,(#4763,#4764,#4765,#4766),
 .UNSPECIFIED.,.F.,.F.,(4,4),(-1.38968998649389,-1.01600882735794),
 .UNSPECIFIED.);
#662=B_SPLINE_CURVE_WITH_KNOTS('',3,(#4768,#4769,#4770,#4771,#4772,#4773,
#4774,#4775,#4776,#4777,#4778),.UNSPECIFIED.,.F.,.F.,(4,1,1,1,1,1,1,1,4),
(0.,0.0426600447796025,0.0853200895592051,0.106650111949006,0.127980134338808,
0.17064017911841,0.213300223898013,0.255960268677615,0.298620313457218),
 .UNSPECIFIED.);
#663=B_SPLINE_CURVE_WITH_KNOTS('',3,(#4779,#4780,#4781,#4782),
 .UNSPECIFIED.,.F.,.F.,(4,4),(-1.38968998649389,-1.01600882735794),
 .UNSPECIFIED.);
#664=B_SPLINE_CURVE_WITH_KNOTS('',3,(#4828,#4829,#4830,#4831),
 .UNSPECIFIED.,.F.,.F.,(4,4),(-1.85210138454932,-1.38968998649389),
 .UNSPECIFIED.);
#665=B_SPLINE_CURVE_WITH_KNOTS('',3,(#4833,#4834,#4835,#4836,#4837,#4838,
#4839,#4840,#4841,#4842,#4843),.UNSPECIFIED.,.F.,.F.,(4,1,1,1,1,1,1,1,4),
(0.,0.0426600447796025,0.0853200895592051,0.106650111949006,0.127980134338808,
0.17064017911841,0.213300223898013,0.255960268677615,0.298620313457218),
 .UNSPECIFIED.);
#666=B_SPLINE_CURVE_WITH_KNOTS('',3,(#4844,#4845,#4846,#4847),
 .UNSPECIFIED.,.F.,.F.,(4,4),(-1.85210138454932,-1.38968998649389),
 .UNSPECIFIED.);
#667=B_SPLINE_CURVE_WITH_KNOTS('',3,(#4893,#4894,#4895,#4896),
 .UNSPECIFIED.,.F.,.F.,(4,4),(-2.46946851273243,-1.85210138454932),
 .UNSPECIFIED.);
#668=B_SPLINE_CURVE_WITH_KNOTS('',3,(#4898,#4899,#4900,#4901,#4902,#4903,
#4904,#4905,#4906,#4907,#4908),.UNSPECIFIED.,.F.,.F.,(4,1,1,1,1,1,1,1,4),
(0.,0.0426600447796025,0.0853200895592051,0.106650111949006,0.127980134338808,
0.17064017911841,0.213300223898013,0.255960268677615,0.298620313457218),
 .UNSPECIFIED.);
#669=B_SPLINE_CURVE_WITH_KNOTS('',3,(#4909,#4910,#4911,#4912),
 .UNSPECIFIED.,.F.,.F.,(4,4),(-2.46946851273243,-1.85210138454932),
 .UNSPECIFIED.);
#670=B_SPLINE_CURVE_WITH_KNOTS('',3,(#4958,#4959,#4960,#4961),
 .UNSPECIFIED.,.F.,.F.,(4,4),(-3.11203427071738,-2.46946851273243),
 .UNSPECIFIED.);
#671=B_SPLINE_CURVE_WITH_KNOTS('',3,(#4963,#4964,#4965,#4966,#4967,#4968,
#4969,#4970,#4971,#4972,#4973),.UNSPECIFIED.,.F.,.F.,(4,1,1,1,1,1,1,1,4),
(0.,0.0426600447796025,0.0853200895592051,0.106650111949006,0.127980134338808,
0.17064017911841,0.213300223898013,0.255960268677615,0.298620313457218),
 .UNSPECIFIED.);
#672=B_SPLINE_CURVE_WITH_KNOTS('',3,(#4974,#4975,#4976,#4977),
 .UNSPECIFIED.,.F.,.F.,(4,4),(-3.11203427071738,-2.46946851273243),
 .UNSPECIFIED.);
#673=B_SPLINE_CURVE_WITH_KNOTS('',3,(#4995,#4996,#4997,#4998),
 .UNSPECIFIED.,.F.,.F.,(4,4),(-0.147583965754628,0.0785839657546272),
 .UNSPECIFIED.);
#674=B_SPLINE_CURVE_WITH_KNOTS('',3,(#5000,#5001,#5002,#5003),
 .UNSPECIFIED.,.F.,.F.,(4,4),(-0.282838136951137,-0.0024355000890633),
 .UNSPECIFIED.);
#675=B_SPLINE_CURVE_WITH_KNOTS('',3,(#5004,#5005,#5006,#5007,#5008,#5009),
 .UNSPECIFIED.,.F.,.F.,(4,2,4),(-0.226167931509255,-0.113083965754628,0.),
 .UNSPECIFIED.);
#676=B_SPLINE_CURVE_WITH_KNOTS('',3,(#5027,#5028,#5029,#5030),
 .UNSPECIFIED.,.F.,.F.,(4,4),(-0.147583965754628,0.0785839657546272),
 .UNSPECIFIED.);
#677=B_SPLINE_CURVE_WITH_KNOTS('',3,(#5031,#5032,#5033,#5034),
 .UNSPECIFIED.,.F.,.F.,(4,4),(-1.01600882735794,-0.282838136951137),
 .UNSPECIFIED.);
#678=B_SPLINE_CURVE_WITH_KNOTS('',3,(#5052,#5053,#5054,#5055),
 .UNSPECIFIED.,.F.,.F.,(4,4),(-0.147583965754628,0.0785839657546272),
 .UNSPECIFIED.);
#679=B_SPLINE_CURVE_WITH_KNOTS('',3,(#5056,#5057,#5058,#5059),
 .UNSPECIFIED.,.F.,.F.,(4,4),(-1.38968998649389,-1.01600882735794),
 .UNSPECIFIED.);
#680=B_SPLINE_CURVE_WITH_KNOTS('',3,(#5077,#5078,#5079,#5080),
 .UNSPECIFIED.,.F.,.F.,(4,4),(-0.147583965754628,0.0785839657546272),
 .UNSPECIFIED.);
#681=B_SPLINE_CURVE_WITH_KNOTS('',3,(#5081,#5082,#5083,#5084),
 .UNSPECIFIED.,.F.,.F.,(4,4),(-1.85210138454932,-1.38968998649389),
 .UNSPECIFIED.);
#682=B_SPLINE_CURVE_WITH_KNOTS('',3,(#5102,#5103,#5104,#5105),
 .UNSPECIFIED.,.F.,.F.,(4,4),(-0.147583965754628,0.0785839657546272),
 .UNSPECIFIED.);
#683=B_SPLINE_CURVE_WITH_KNOTS('',3,(#5106,#5107,#5108,#5109),
 .UNSPECIFIED.,.F.,.F.,(4,4),(-2.46946851273243,-1.85210138454932),
 .UNSPECIFIED.);
#684=B_SPLINE_CURVE_WITH_KNOTS('',3,(#5127,#5128,#5129,#5130),
 .UNSPECIFIED.,.F.,.F.,(4,4),(-0.147583965754628,0.0785839657546272),
 .UNSPECIFIED.);
#685=B_SPLINE_CURVE_WITH_KNOTS('',3,(#5131,#5132,#5133,#5134),
 .UNSPECIFIED.,.F.,.F.,(4,4),(-3.11203427071738,-2.46946851273243),
 .UNSPECIFIED.);
#686=B_SPLINE_CURVE_WITH_KNOTS('',3,(#5153,#5154,#5155,#5156),
 .UNSPECIFIED.,.F.,.F.,(4,4),(-0.0364999999999995,0.0345000000000004),
 .UNSPECIFIED.);
#687=B_SPLINE_CURVE_WITH_KNOTS('',3,(#5158,#5159,#5160,#5161),
 .UNSPECIFIED.,.F.,.F.,(4,4),(-0.282838136951137,-0.000552440956899101),
 .UNSPECIFIED.);
#688=B_SPLINE_CURVE_WITH_KNOTS('',3,(#5163,#5164,#5165,#5166,#5167,#5168),
 .UNSPECIFIED.,.F.,.F.,(4,2,4),(-0.071,-0.0355000000000001,0.),
 .UNSPECIFIED.);
#689=B_SPLINE_CURVE_WITH_KNOTS('',3,(#5169,#5170,#5171,#5172),
 .UNSPECIFIED.,.F.,.F.,(4,4),(-0.282838136951137,-0.000552440956899101),
 .UNSPECIFIED.);
#690=B_SPLINE_CURVE_WITH_KNOTS('',3,(#5190,#5191,#5192,#5193),
 .UNSPECIFIED.,.F.,.F.,(4,4),(-1.01600882735794,-0.282838136951137),
 .UNSPECIFIED.);
#691=B_SPLINE_CURVE_WITH_KNOTS('',3,(#5195,#5196,#5197,#5198),
 .UNSPECIFIED.,.F.,.F.,(4,4),(-0.0364999999999995,0.0345000000000004),
 .UNSPECIFIED.);
#692=B_SPLINE_CURVE_WITH_KNOTS('',3,(#5199,#5200,#5201,#5202),
 .UNSPECIFIED.,.F.,.F.,(4,4),(-1.01600882735794,-0.282838136951137),
 .UNSPECIFIED.);
#693=B_SPLINE_CURVE_WITH_KNOTS('',3,(#5220,#5221,#5222,#5223),
 .UNSPECIFIED.,.F.,.F.,(4,4),(-1.38968998649389,-1.01600882735794),
 .UNSPECIFIED.);
#694=B_SPLINE_CURVE_WITH_KNOTS('',3,(#5225,#5226,#5227,#5228),
 .UNSPECIFIED.,.F.,.F.,(4,4),(-0.0364999999999995,0.0345000000000004),
 .UNSPECIFIED.);
#695=B_SPLINE_CURVE_WITH_KNOTS('',3,(#5229,#5230,#5231,#5232),
 .UNSPECIFIED.,.F.,.F.,(4,4),(-1.38968998649389,-1.01600882735794),
 .UNSPECIFIED.);
#696=B_SPLINE_CURVE_WITH_KNOTS('',3,(#5250,#5251,#5252,#5253),
 .UNSPECIFIED.,.F.,.F.,(4,4),(-1.85210138454932,-1.38968998649389),
 .UNSPECIFIED.);
#697=B_SPLINE_CURVE_WITH_KNOTS('',3,(#5255,#5256,#5257,#5258),
 .UNSPECIFIED.,.F.,.F.,(4,4),(-0.0364999999999995,0.0345000000000004),
 .UNSPECIFIED.);
#698=B_SPLINE_CURVE_WITH_KNOTS('',3,(#5259,#5260,#5261,#5262),
 .UNSPECIFIED.,.F.,.F.,(4,4),(-1.85210138454932,-1.38968998649389),
 .UNSPECIFIED.);
#699=B_SPLINE_CURVE_WITH_KNOTS('',3,(#5280,#5281,#5282,#5283),
 .UNSPECIFIED.,.F.,.F.,(4,4),(-2.46946851273243,-1.85210138454932),
 .UNSPECIFIED.);
#700=B_SPLINE_CURVE_WITH_KNOTS('',3,(#5285,#5286,#5287,#5288),
 .UNSPECIFIED.,.F.,.F.,(4,4),(-0.0364999999999995,0.0345000000000004),
 .UNSPECIFIED.);
#701=B_SPLINE_CURVE_WITH_KNOTS('',3,(#5289,#5290,#5291,#5292),
 .UNSPECIFIED.,.F.,.F.,(4,4),(-2.46946851273243,-1.85210138454932),
 .UNSPECIFIED.);
#702=B_SPLINE_CURVE_WITH_KNOTS('',3,(#5310,#5311,#5312,#5313),
 .UNSPECIFIED.,.F.,.F.,(4,4),(-3.11203427071738,-2.46946851273243),
 .UNSPECIFIED.);
#703=B_SPLINE_CURVE_WITH_KNOTS('',3,(#5315,#5316,#5317,#5318),
 .UNSPECIFIED.,.F.,.F.,(4,4),(-0.0364999999999995,0.0345000000000004),
 .UNSPECIFIED.);
#704=B_SPLINE_CURVE_WITH_KNOTS('',3,(#5319,#5320,#5321,#5322),
 .UNSPECIFIED.,.F.,.F.,(4,4),(-3.11203427071738,-2.46946851273243),
 .UNSPECIFIED.);
#705=B_SPLINE_CURVE_WITH_KNOTS('',3,(#5340,#5341,#5342,#5343),
 .UNSPECIFIED.,.F.,.F.,(4,4),(-0.0299999999999998,-0.000999999999999668),
 .UNSPECIFIED.);
#706=B_SPLINE_CURVE_WITH_KNOTS('',3,(#5345,#5346,#5347,#5348,#5349,#5350),
 .UNSPECIFIED.,.F.,.F.,(4,2,4),(-0.0290000000000001,-0.0145,0.),
 .UNSPECIFIED.);
#707=B_SPLINE_CURVE_WITH_KNOTS('',3,(#5351,#5352,#5353,#5354),
 .UNSPECIFIED.,.F.,.F.,(4,4),(0.,0.00077056286074223),.UNSPECIFIED.);
#708=B_SPLINE_CURVE_WITH_KNOTS('',3,(#5372,#5373,#5374,#5375),
 .UNSPECIFIED.,.F.,.F.,(4,4),(-0.282838136951137,0.),.UNSPECIFIED.);
#709=B_SPLINE_CURVE_WITH_KNOTS('',3,(#5376,#5377,#5378,#5379),
 .UNSPECIFIED.,.F.,.F.,(4,4),(-0.0299999999999998,-0.000999999999999668),
 .UNSPECIFIED.);
#710=B_SPLINE_CURVE_WITH_KNOTS('',3,(#5397,#5398,#5399,#5400),
 .UNSPECIFIED.,.F.,.F.,(4,4),(-1.01600882735794,-0.282838136951137),
 .UNSPECIFIED.);
#711=B_SPLINE_CURVE_WITH_KNOTS('',3,(#5401,#5402,#5403,#5404),
 .UNSPECIFIED.,.F.,.F.,(4,4),(-0.0299999999999998,-0.000999999999999668),
 .UNSPECIFIED.);
#712=B_SPLINE_CURVE_WITH_KNOTS('',3,(#5422,#5423,#5424,#5425),
 .UNSPECIFIED.,.F.,.F.,(4,4),(-1.38968998649389,-1.01600882735794),
 .UNSPECIFIED.);
#713=B_SPLINE_CURVE_WITH_KNOTS('',3,(#5426,#5427,#5428,#5429),
 .UNSPECIFIED.,.F.,.F.,(4,4),(-0.0299999999999998,-0.000999999999999668),
 .UNSPECIFIED.);
#714=B_SPLINE_CURVE_WITH_KNOTS('',3,(#5447,#5448,#5449,#5450),
 .UNSPECIFIED.,.F.,.F.,(4,4),(-1.85210138454932,-1.38968998649389),
 .UNSPECIFIED.);
#715=B_SPLINE_CURVE_WITH_KNOTS('',3,(#5451,#5452,#5453,#5454),
 .UNSPECIFIED.,.F.,.F.,(4,4),(-0.0299999999999998,-0.000999999999999668),
 .UNSPECIFIED.);
#716=B_SPLINE_CURVE_WITH_KNOTS('',3,(#5472,#5473,#5474,#5475),
 .UNSPECIFIED.,.F.,.F.,(4,4),(-2.46946851273243,-1.85210138454932),
 .UNSPECIFIED.);
#717=B_SPLINE_CURVE_WITH_KNOTS('',3,(#5476,#5477,#5478,#5479),
 .UNSPECIFIED.,.F.,.F.,(4,4),(-0.0299999999999998,-0.000999999999999668),
 .UNSPECIFIED.);
#718=B_SPLINE_CURVE_WITH_KNOTS('',3,(#5497,#5498,#5499,#5500),
 .UNSPECIFIED.,.F.,.F.,(4,4),(-3.11203427071738,-2.46946851273243),
 .UNSPECIFIED.);
#719=B_SPLINE_CURVE_WITH_KNOTS('',3,(#5501,#5502,#5503,#5504),
 .UNSPECIFIED.,.F.,.F.,(4,4),(-0.0299999999999998,-0.000999999999999668),
 .UNSPECIFIED.);
#720=B_SPLINE_CURVE_WITH_KNOTS('',3,(#5603,#5604,#5605,#5606,#5607,#5608,
#5609,#5610,#5611,#5612,#5613,#5614,#5615,#5616,#5617,#5618,#5619,#5620,
#5621,#5622,#5623,#5624,#5625,#5626),.UNSPECIFIED.,.F.,.F.,(4,1,1,1,2,1,
1,1,1,1,1,1,1,1,1,1,1,1,1,1,4),(0.,0.0388461219463326,0.0776922438926651,
0.103589658523554,0.129487073154442,0.160031108658052,0.190575144161662,
0.251663215168883,0.266935232920688,0.270753237358639,0.274571241796591,
0.280298248453518,0.282207250672493,0.284116252891469,0.297479268424298,
0.312751286176104,0.320387295052006,0.328023303927909,0.343295321679714,
0.373839357183324,0.434927428190545),.UNSPECIFIED.);
#721=B_SPLINE_CURVE_WITH_KNOTS('',3,(#5628,#5629,#5630,#5631),
 .UNSPECIFIED.,.F.,.F.,(4,4),(-2.44056258000212,-2.39482099690631),
 .UNSPECIFIED.);
#722=B_SPLINE_CURVE_WITH_KNOTS('',3,(#5633,#5634,#5635,#5636,#5637,#5638,
#5639,#5640,#5641,#5642,#5643,#5644,#5645,#5646,#5647,#5648,#5649,#5650,
#5651,#5652,#5653,#5654,#5655,#5656,#5657,#5658,#5659,#5660,#5661,#5662,
#5663,#5664,#5665,#5666,#5667,#5668,#5669,#5670,#5671,#5672,#5673,#5674,
#5675,#5676,#5677,#5678,#5679,#5680,#5681,#5682,#5683,#5684,#5685,#5686,
#5687,#5688,#5689,#5690,#5691,#5692,#5693),.UNSPECIFIED.,.F.,.F.,(4,3,3,
3,3,3,3,3,3,3,3,3,3,3,3,3,3,3,3,3,4),(-0.434927428190545,-0.373839357183324,
-0.343295321679714,-0.328023303927909,-0.320387295052006,-0.312751286176104,
-0.297479268424298,-0.284116252891469,-0.282207250672493,-0.280298248453518,
-0.274571241796591,-0.270753237358639,-0.266935232920688,-0.251663215168883,
-0.190575144161662,-0.160031108658052,-0.129487073154442,-0.103589658523554,
-0.0776922438926651,-0.0388461219463326,0.),.UNSPECIFIED.);
#723=B_SPLINE_CURVE_WITH_KNOTS('',3,(#5694,#5695,#5696,#5697),
 .UNSPECIFIED.,.F.,.F.,(4,4),(-2.44056258000212,-2.39482099690631),
 .UNSPECIFIED.);
#724=B_SPLINE_CURVE_WITH_KNOTS('',3,(#5715,#5716,#5717,#5718),
 .UNSPECIFIED.,.F.,.F.,(4,4),(-0.147583965754628,0.0785839657546272),
 .UNSPECIFIED.);
#725=B_SPLINE_CURVE_WITH_KNOTS('',3,(#5720,#5721,#5722,#5723),
 .UNSPECIFIED.,.F.,.F.,(4,4),(-2.44056258000212,-2.39482099690631),
 .UNSPECIFIED.);
#726=B_SPLINE_CURVE_WITH_KNOTS('',3,(#5743,#5744,#5745,#5746),
 .UNSPECIFIED.,.F.,.F.,(4,4),(-0.0364999999999995,0.0345000000000004),
 .UNSPECIFIED.);
#727=B_SPLINE_CURVE_WITH_KNOTS('',3,(#5748,#5749,#5750,#5751),
 .UNSPECIFIED.,.F.,.F.,(4,4),(-2.44056258000212,-2.39482099690631),
 .UNSPECIFIED.);
#728=B_SPLINE_CURVE_WITH_KNOTS('',3,(#5754,#5755,#5756,#5757),
 .UNSPECIFIED.,.F.,.F.,(4,4),(-2.44056258000212,-2.39482099690631),
 .UNSPECIFIED.);
#729=B_SPLINE_CURVE_WITH_KNOTS('',3,(#5775,#5776,#5777,#5778),
 .UNSPECIFIED.,.F.,.F.,(4,4),(-0.0299999999999998,-0.000999999999999668),
 .UNSPECIFIED.);
#730=B_SPLINE_CURVE_WITH_KNOTS('',3,(#5781,#5782,#5783,#5784),
 .UNSPECIFIED.,.F.,.F.,(4,4),(-2.44056258000212,-2.39482099690631),
 .UNSPECIFIED.);
#731=B_SPLINE_CURVE_WITH_KNOTS('',3,(#5927,#5928,#5929,#5930,#5931,#5932,
#5933,#5934,#5935,#5936,#5937,#5938,#5939,#5940,#5941,#5942,#5943,#5944,
#5945,#5946,#5947,#5948,#5949,#5950,#5951,#5952,#5953,#5954,#5955,#5956,
#5957,#5958,#5959,#5960,#5961),.UNSPECIFIED.,.F.,.F.,(4,1,1,1,1,1,1,1,1,
1,1,1,1,1,1,1,1,1,1,1,1,1,1,1,1,1,1,1,1,1,1,1,4),(0.129487073154437,0.173121409588167,
0.216755746021896,0.218119319035451,0.219482892049005,0.222210038076113,
0.227664330130329,0.238572914238761,0.241300060265869,0.244027206292978,
0.249481498347194,0.25493579040141,0.257662936428518,0.260390082455626,
0.265844374509842,0.26857152053695,0.271298666564059,0.274025812591167,
0.276752958618275,0.279480104645383,0.280843677658937,0.281525464165714,
0.281866357419102,0.282036804045797,0.282207250672491,0.304024418889356,
0.306751564916464,0.314933002997788,0.320387295052004,0.325841587106221,
0.347658755323085,0.391293091756815,0.434927428190545),.UNSPECIFIED.);
#732=B_SPLINE_CURVE_WITH_KNOTS('',3,(#5963,#5964,#5965,#5966,#5967,#5968,
#5969,#5970,#5971,#5972,#5973,#5974,#5975,#5976,#5977,#5978,#5979,#5980,
#5981,#5982,#5983,#5984,#5985,#5986,#5987,#5988,#5989,#5990,#5991,#5992,
#5993,#5994,#5995,#5996,#5997,#5998,#5999,#6000,#6001,#6002,#6003,#6004,
#6005,#6006,#6007,#6008,#6009,#6010,#6011,#6012,#6013,#6014,#6015,#6016,
#6017,#6018,#6019,#6020,#6021,#6022,#6023,#6024,#6025,#6026,#6027,#6028,
#6029,#6030,#6031,#6032,#6033,#6034,#6035,#6036,#6037,#6038,#6039,#6040,
#6041,#6042,#6043,#6044,#6045,#6046,#6047,#6048,#6049,#6050,#6051,#6052,
#6053,#6054,#6055,#6056,#6057,#6058,#6059,#6060,#6061,#6062,#6063,#6064,
#6065,#6066,#6067,#6068,#6069,#6070,#6071,#6072,#6073,#6074,#6075,#6076,
#6077,#6078,#6079,#6080,#6081,#6082,#6083,#6084,#6085,#6086,#6087,#6088,
#6089,#6090,#6091,#6092,#6093,#6094,#6095,#6096,#6097,#6098,#6099,#6100,
#6101,#6102,#6103,#6104,#6105,#6106,#6107,#6108,#6109,#6110,#6111,#6112,
#6113,#6114,#6115,#6116,#6117,#6118,#6119,#6120,#6121,#6122,#6123,#6124,
#6125,#6126,#6127,#6128,#6129,#6130,#6131,#6132,#6133,#6134,#6135,#6136,
#6137,#6138,#6139,#6140,#6141,#6142,#6143),.UNSPECIFIED.,.F.,.F.,(4,3,3,
3,3,3,3,3,3,3,3,3,3,3,3,3,3,3,3,3,3,3,3,3,3,3,3,3,3,3,3,3,3,3,3,3,3,3,3,
3,3,3,3,3,3,3,3,3,3,3,3,3,3,3,3,3,3,3,3,3,4),(-0.218816861979112,-0.212427020602566,
-0.205254436103901,-0.203863623808144,-0.1936713427765,-0.191173700044737,
-0.189247740276576,-0.18679580621389,-0.184212952867777,-0.18140222138667,
-0.18105071406861,-0.180188345042636,-0.179300080934276,-0.178787685923188,
-0.177847248734107,-0.176878184300145,-0.176433747123144,-0.174881449934321,
-0.173252768096875,-0.17273214204693,-0.171777878964172,-0.171453841181246,
-0.169906157249998,-0.168294188434432,-0.166605350059951,-0.164763225328913,
-0.162791352611504,-0.160567692572876,-0.160479293246363,-0.160390864909208,
-0.160213923697089,-0.159859720692685,-0.159150174502855,-0.157727679974296,
-0.156302899966768,-0.155101430701223,-0.154878572397308,-0.153457008850046,
-0.152038671314896,-0.149211847918599,-0.147803445739434,-0.146398436942466,
-0.143598753134019,-0.140813091413859,-0.139425605630545,-0.138041727093089,
-0.132542895519248,-0.129815883515311,-0.128458068960784,-0.127780594932103,
-0.127104080174891,-0.124679260319806,-0.119444444960293,-0.114194852969546,
-0.109061605297919,-0.105037059438669,-0.0997580005519839,-0.0964519734189027,
-0.092037155846122,-0.0874065845541347,-0.0842518571727419),
 .UNSPECIFIED.);
#733=B_SPLINE_CURVE_WITH_KNOTS('',3,(#6144,#6145,#6146,#6147),
 .UNSPECIFIED.,.F.,.F.,(4,4),(0.,0.000774783303615567),.UNSPECIFIED.);
#734=B_SPLINE_CURVE_WITH_KNOTS('',3,(#6245,#6246,#6247,#6248),
 .UNSPECIFIED.,.F.,.F.,(4,4),(-0.802627841679801,0.),.UNSPECIFIED.);
#735=B_SPLINE_CURVE_WITH_KNOTS('',3,(#6250,#6251,#6252,#6253,#6254,#6255,
#6256,#6257,#6258,#6259,#6260,#6261,#6262,#6263,#6264,#6265,#6266,#6267,
#6268,#6269,#6270,#6271,#6272,#6273),.UNSPECIFIED.,.F.,.F.,(4,1,1,1,2,1,
1,1,1,1,1,1,1,1,1,1,1,1,1,1,4),(0.,0.0388461219463326,0.0776922438926651,
0.103589658523554,0.129487073154442,0.160031108658052,0.190575144161662,
0.251663215168883,0.266935232920688,0.270753237358639,0.274571241796591,
0.280298248453518,0.282207250672493,0.284116252891469,0.297479268424298,
0.312751286176104,0.320387295052006,0.328023303927909,0.343295321679714,
0.373839357183324,0.434927428190545),.UNSPECIFIED.);
#736=B_SPLINE_CURVE_WITH_KNOTS('',3,(#6275,#6276,#6277,#6278),
 .UNSPECIFIED.,.F.,.F.,(4,4),(-0.802627841679801,-0.00184983968080998),
 .UNSPECIFIED.);
#737=B_SPLINE_CURVE_WITH_KNOTS('',3,(#6279,#6280,#6281,#6282,#6283,#6284,
#6285),.UNSPECIFIED.,.F.,.F.,(4,3,4),(-0.0842518571727419,-0.0602030529527686,
0.),.UNSPECIFIED.);
#738=B_SPLINE_CURVE_WITH_KNOTS('',3,(#6383,#6384,#6385,#6386),
 .UNSPECIFIED.,.F.,.F.,(4,4),(-1.42298717907759,-0.802627841679801),
 .UNSPECIFIED.);
#739=B_SPLINE_CURVE_WITH_KNOTS('',3,(#6388,#6389,#6390,#6391,#6392,#6393,
#6394,#6395,#6396,#6397,#6398,#6399,#6400,#6401,#6402,#6403,#6404,#6405,
#6406,#6407,#6408,#6409,#6410,#6411),.UNSPECIFIED.,.F.,.F.,(4,1,1,1,2,1,
1,1,1,1,1,1,1,1,1,1,1,1,1,1,4),(0.,0.0388461219463326,0.0776922438926651,
0.103589658523554,0.129487073154442,0.160031108658052,0.190575144161662,
0.251663215168883,0.266935232920688,0.270753237358639,0.274571241796591,
0.280298248453518,0.282207250672493,0.284116252891469,0.297479268424298,
0.312751286176104,0.320387295052006,0.328023303927909,0.343295321679714,
0.373839357183324,0.434927428190545),.UNSPECIFIED.);
#740=B_SPLINE_CURVE_WITH_KNOTS('',3,(#6412,#6413,#6414,#6415),
 .UNSPECIFIED.,.F.,.F.,(4,4),(-1.42298717907759,-0.802627841679801),
 .UNSPECIFIED.);
#741=B_SPLINE_CURVE_WITH_KNOTS('',3,(#6433,#6434,#6435,#6436),
 .UNSPECIFIED.,.F.,.F.,(4,4),(-0.147583965754628,0.0785839657546272),
 .UNSPECIFIED.);
#742=B_SPLINE_CURVE_WITH_KNOTS('',3,(#6438,#6439,#6440,#6441),
 .UNSPECIFIED.,.F.,.F.,(4,4),(-0.802627841679801,-0.00242583792609438),
 .UNSPECIFIED.);
#743=B_SPLINE_CURVE_WITH_KNOTS('',3,(#6442,#6443,#6444,#6445,#6446,#6447),
 .UNSPECIFIED.,.F.,.F.,(4,2,4),(-0.226167931509255,-0.113083965754627,0.),
 .UNSPECIFIED.);
#744=B_SPLINE_CURVE_WITH_KNOTS('',3,(#6465,#6466,#6467,#6468),
 .UNSPECIFIED.,.F.,.F.,(4,4),(-0.147583965754628,0.0785839657546272),
 .UNSPECIFIED.);
#745=B_SPLINE_CURVE_WITH_KNOTS('',3,(#6469,#6470,#6471,#6472),
 .UNSPECIFIED.,.F.,.F.,(4,4),(-1.42298717907759,-0.802627841679801),
 .UNSPECIFIED.);
#746=B_SPLINE_CURVE_WITH_KNOTS('',3,(#6491,#6492,#6493,#6494),
 .UNSPECIFIED.,.F.,.F.,(4,4),(-0.0364999999999995,0.0345000000000004),
 .UNSPECIFIED.);
#747=B_SPLINE_CURVE_WITH_KNOTS('',3,(#6496,#6497,#6498,#6499),
 .UNSPECIFIED.,.F.,.F.,(4,4),(-0.802627841679801,-0.000554277796710245),
 .UNSPECIFIED.);
#748=B_SPLINE_CURVE_WITH_KNOTS('',3,(#6501,#6502,#6503,#6504,#6505,#6506),
 .UNSPECIFIED.,.F.,.F.,(4,2,4),(-0.071,-0.0355000000000001,0.),
 .UNSPECIFIED.);
#749=B_SPLINE_CURVE_WITH_KNOTS('',3,(#6507,#6508,#6509,#6510),
 .UNSPECIFIED.,.F.,.F.,(4,4),(-0.802627841679801,-0.000554277796710245),
 .UNSPECIFIED.);
#750=B_SPLINE_CURVE_WITH_KNOTS('',3,(#6528,#6529,#6530,#6531),
 .UNSPECIFIED.,.F.,.F.,(4,4),(-1.42298717907759,-0.802627841679801),
 .UNSPECIFIED.);
#751=B_SPLINE_CURVE_WITH_KNOTS('',3,(#6533,#6534,#6535,#6536),
 .UNSPECIFIED.,.F.,.F.,(4,4),(-0.0364999999999995,0.0345000000000004),
 .UNSPECIFIED.);
#752=B_SPLINE_CURVE_WITH_KNOTS('',3,(#6537,#6538,#6539,#6540),
 .UNSPECIFIED.,.F.,.F.,(4,4),(-1.42298717907759,-0.802627841679801),
 .UNSPECIFIED.);
#753=B_SPLINE_CURVE_WITH_KNOTS('',3,(#6558,#6559,#6560,#6561),
 .UNSPECIFIED.,.F.,.F.,(4,4),(-0.0299999999999998,-0.000999999999999668),
 .UNSPECIFIED.);
#754=B_SPLINE_CURVE_WITH_KNOTS('',3,(#6563,#6564,#6565,#6566,#6567,#6568),
 .UNSPECIFIED.,.F.,.F.,(4,2,4),(-0.0290000000000001,-0.0145000000000002,
0.),.UNSPECIFIED.);
#755=B_SPLINE_CURVE_WITH_KNOTS('',3,(#6569,#6570,#6571,#6572),
 .UNSPECIFIED.,.F.,.F.,(4,4),(0.,0.000774783303611582),.UNSPECIFIED.);
#756=B_SPLINE_CURVE_WITH_KNOTS('',3,(#6590,#6591,#6592,#6593),
 .UNSPECIFIED.,.F.,.F.,(4,4),(-0.802627841679801,0.),.UNSPECIFIED.);
#757=B_SPLINE_CURVE_WITH_KNOTS('',3,(#6594,#6595,#6596,#6597),
 .UNSPECIFIED.,.F.,.F.,(4,4),(-0.0299999999999998,-0.000999999999999668),
 .UNSPECIFIED.);
#758=B_SPLINE_CURVE_WITH_KNOTS('',3,(#6615,#6616,#6617,#6618),
 .UNSPECIFIED.,.F.,.F.,(4,4),(-1.42298717907759,-0.802627841679801),
 .UNSPECIFIED.);
#759=B_SPLINE_CURVE_WITH_KNOTS('',3,(#6619,#6620,#6621,#6622),
 .UNSPECIFIED.,.F.,.F.,(4,4),(-0.0299999999999998,-0.000999999999999668),
 .UNSPECIFIED.);
#760=B_SPLINE_CURVE_WITH_KNOTS('',3,(#6685,#6686,#6687,#6688,#6689,#6690,
#6691,#6692,#6693,#6694,#6695,#6696,#6697,#6698,#6699),.UNSPECIFIED.,.F.,
 .F.,(4,1,1,1,2,1,1,1,1,1,1,4),(0.,0.0247499433553233,0.0395999093685172,
0.0692998413949052,0.0989997734212931,0.145681401700197,0.176802487219467,
0.223484115498371,0.254605201017641,0.28572628653691,0.347968457575449,
0.410210628613989),.UNSPECIFIED.);
#761=B_SPLINE_CURVE_WITH_KNOTS('',3,(#6701,#6702,#6703,#6704),
 .UNSPECIFIED.,.F.,.F.,(4,4),(-0.968887789306071,-0.740607335148128),
 .UNSPECIFIED.);
#762=B_SPLINE_CURVE_WITH_KNOTS('',3,(#6706,#6707,#6708,#6709,#6710,#6711,
#6712,#6713,#6714,#6715,#6716,#6717,#6718,#6719,#6720,#6721,#6722,#6723,
#6724,#6725,#6726,#6727,#6728,#6729,#6730,#6731,#6732,#6733,#6734,#6735,
#6736,#6737,#6738,#6739),.UNSPECIFIED.,.F.,.F.,(4,3,3,3,3,3,3,3,3,3,3,4),
(-0.410210628613989,-0.34796845757545,-0.285726286536911,-0.254605201017641,
-0.223484115498371,-0.176802487219467,-0.145681401700198,-0.0989997734212932,
-0.0692998413949052,-0.0395999093685173,-0.0247499433553233,0.),
 .UNSPECIFIED.);
#763=B_SPLINE_CURVE_WITH_KNOTS('',3,(#6740,#6741,#6742,#6743),
 .UNSPECIFIED.,.F.,.F.,(4,4),(-0.968887789306071,-0.740607335148128),
 .UNSPECIFIED.);
#764=B_SPLINE_CURVE_WITH_KNOTS('',3,(#6805,#6806,#6807,#6808),
 .UNSPECIFIED.,.F.,.F.,(4,4),(-1.32677274374672,-0.968887789306071),
 .UNSPECIFIED.);
#765=B_SPLINE_CURVE_WITH_KNOTS('',3,(#6810,#6811,#6812,#6813,#6814,#6815,
#6816,#6817,#6818,#6819,#6820,#6821,#6822,#6823,#6824),.UNSPECIFIED.,.F.,
 .F.,(4,1,1,1,2,1,1,1,1,1,1,4),(0.,0.0247499433553233,0.0395999093685172,
0.0692998413949052,0.0989997734212931,0.145681401700197,0.176802487219467,
0.223484115498371,0.254605201017641,0.28572628653691,0.347968457575449,
0.410210628613989),.UNSPECIFIED.);
#766=B_SPLINE_CURVE_WITH_KNOTS('',3,(#6825,#6826,#6827,#6828),
 .UNSPECIFIED.,.F.,.F.,(4,4),(-1.32677274374672,-0.968887789306071),
 .UNSPECIFIED.);
#767=B_SPLINE_CURVE_WITH_KNOTS('',3,(#6890,#6891,#6892,#6893),
 .UNSPECIFIED.,.F.,.F.,(4,4),(-1.77717582609472,-1.32677274374672),
 .UNSPECIFIED.);
#768=B_SPLINE_CURVE_WITH_KNOTS('',3,(#6895,#6896,#6897,#6898,#6899,#6900,
#6901,#6902,#6903,#6904,#6905,#6906,#6907,#6908,#6909),.UNSPECIFIED.,.F.,
 .F.,(4,1,1,1,2,1,1,1,1,1,1,4),(0.,0.0247499433553233,0.0395999093685172,
0.0692998413949052,0.0989997734212931,0.145681401700197,0.176802487219467,
0.223484115498371,0.254605201017641,0.28572628653691,0.347968457575449,
0.410210628613989),.UNSPECIFIED.);
#769=B_SPLINE_CURVE_WITH_KNOTS('',3,(#6910,#6911,#6912,#6913),
 .UNSPECIFIED.,.F.,.F.,(4,4),(-1.77717582609472,-1.32677274374672),
 .UNSPECIFIED.);
#770=B_SPLINE_CURVE_WITH_KNOTS('',3,(#6975,#6976,#6977,#6978),
 .UNSPECIFIED.,.F.,.F.,(4,4),(-2.4031377826773,-1.77717582609472),
 .UNSPECIFIED.);
#771=B_SPLINE_CURVE_WITH_KNOTS('',3,(#6980,#6981,#6982,#6983,#6984,#6985,
#6986,#6987,#6988,#6989,#6990,#6991,#6992,#6993,#6994),.UNSPECIFIED.,.F.,
 .F.,(4,1,1,1,2,1,1,1,1,1,1,4),(0.,0.0247499433553233,0.0395999093685172,
0.0692998413949052,0.0989997734212931,0.145681401700197,0.176802487219467,
0.223484115498371,0.254605201017641,0.28572628653691,0.347968457575449,
0.410210628613989),.UNSPECIFIED.);
#772=B_SPLINE_CURVE_WITH_KNOTS('',3,(#6995,#6996,#6997,#6998),
 .UNSPECIFIED.,.F.,.F.,(4,4),(-2.4031377826773,-1.77717582609472),
 .UNSPECIFIED.);
#773=B_SPLINE_CURVE_WITH_KNOTS('',3,(#7064,#7065,#7066,#7067),
 .UNSPECIFIED.,.F.,.F.,(4,4),(-2.81742292182277,-2.4031377826773),
 .UNSPECIFIED.);
#774=B_SPLINE_CURVE_WITH_KNOTS('',3,(#7069,#7070,#7071,#7072,#7073,#7074,
#7075,#7076,#7077,#7078,#7079,#7080,#7081,#7082,#7083,#7084),
 .UNSPECIFIED.,.F.,.F.,(4,1,1,1,2,1,1,1,1,1,1,1,4),(0.,0.0296999320263879,
0.0395999093685172,0.0692998413949052,0.0989997734212931,0.145681401700197,
0.176802487219467,0.223484115498371,0.254605201017641,0.262385472397458,
0.28572628653691,0.347968457575449,0.410210628613989),.UNSPECIFIED.);
#775=B_SPLINE_CURVE_WITH_KNOTS('',3,(#7085,#7086,#7087,#7088),
 .UNSPECIFIED.,.F.,.F.,(4,4),(-2.81742292182277,-2.4031377826773),
 .UNSPECIFIED.);
#776=B_SPLINE_CURVE_WITH_KNOTS('',3,(#7139,#7140,#7141,#7142),
 .UNSPECIFIED.,.F.,.F.,(4,4),(-0.147583965754628,0.0785839657546272),
 .UNSPECIFIED.);
#777=B_SPLINE_CURVE_WITH_KNOTS('',3,(#7144,#7145,#7146,#7147),
 .UNSPECIFIED.,.F.,.F.,(4,4),(-0.968887789306071,-0.740607335148128),
 .UNSPECIFIED.);
#778=B_SPLINE_CURVE_WITH_KNOTS('',3,(#7166,#7167,#7168,#7169),
 .UNSPECIFIED.,.F.,.F.,(4,4),(-0.147583965754628,0.0785839657546272),
 .UNSPECIFIED.);
#779=B_SPLINE_CURVE_WITH_KNOTS('',3,(#7170,#7171,#7172,#7173),
 .UNSPECIFIED.,.F.,.F.,(4,4),(-1.32677274374672,-0.968887789306071),
 .UNSPECIFIED.);
#780=B_SPLINE_CURVE_WITH_KNOTS('',3,(#7191,#7192,#7193,#7194),
 .UNSPECIFIED.,.F.,.F.,(4,4),(-0.147583965754628,0.0785839657546272),
 .UNSPECIFIED.);
#781=B_SPLINE_CURVE_WITH_KNOTS('',3,(#7195,#7196,#7197,#7198),
 .UNSPECIFIED.,.F.,.F.,(4,4),(-1.77717582609472,-1.32677274374672),
 .UNSPECIFIED.);
#782=B_SPLINE_CURVE_WITH_KNOTS('',3,(#7216,#7217,#7218,#7219),
 .UNSPECIFIED.,.F.,.F.,(4,4),(-0.147583965754628,0.0785839657546272),
 .UNSPECIFIED.);
#783=B_SPLINE_CURVE_WITH_KNOTS('',3,(#7220,#7221,#7222,#7223),
 .UNSPECIFIED.,.F.,.F.,(4,4),(-2.4031377826773,-1.77717582609472),
 .UNSPECIFIED.);
#784=B_SPLINE_CURVE_WITH_KNOTS('',3,(#7241,#7242,#7243,#7244),
 .UNSPECIFIED.,.F.,.F.,(4,4),(-0.147583965754628,0.0785839657546272),
 .UNSPECIFIED.);
#785=B_SPLINE_CURVE_WITH_KNOTS('',3,(#7245,#7246,#7247,#7248),
 .UNSPECIFIED.,.F.,.F.,(4,4),(-2.81742292182277,-2.4031377826773),
 .UNSPECIFIED.);
#786=B_SPLINE_CURVE_WITH_KNOTS('',3,(#7266,#7267,#7268,#7269),
 .UNSPECIFIED.,.F.,.F.,(4,4),(-0.147583965754628,0.0785839657546272),
 .UNSPECIFIED.);
#787=B_SPLINE_CURVE_WITH_KNOTS('',3,(#7270,#7271,#7272,#7273),
 .UNSPECIFIED.,.F.,.F.,(4,4),(-3.34442265459867,-2.81742292182277),
 .UNSPECIFIED.);
#788=B_SPLINE_CURVE_WITH_KNOTS('',3,(#7292,#7293,#7294,#7295),
 .UNSPECIFIED.,.F.,.F.,(4,4),(-0.0364999999999989,0.0345000000000011),
 .UNSPECIFIED.);
#789=B_SPLINE_CURVE_WITH_KNOTS('',3,(#7297,#7298,#7299,#7300),
 .UNSPECIFIED.,.F.,.F.,(4,4),(-0.968887789306071,-0.740607335148128),
 .UNSPECIFIED.);
#790=B_SPLINE_CURVE_WITH_KNOTS('',3,(#7303,#7304,#7305,#7306),
 .UNSPECIFIED.,.F.,.F.,(4,4),(-0.968887789306071,-0.740607335148128),
 .UNSPECIFIED.);
#791=B_SPLINE_CURVE_WITH_KNOTS('',3,(#7324,#7325,#7326,#7327),
 .UNSPECIFIED.,.F.,.F.,(4,4),(-1.32677274374672,-0.968887789306071),
 .UNSPECIFIED.);
#792=B_SPLINE_CURVE_WITH_KNOTS('',3,(#7329,#7330,#7331,#7332),
 .UNSPECIFIED.,.F.,.F.,(4,4),(-0.0364999999999989,0.0345000000000011),
 .UNSPECIFIED.);
#793=B_SPLINE_CURVE_WITH_KNOTS('',3,(#7333,#7334,#7335,#7336),
 .UNSPECIFIED.,.F.,.F.,(4,4),(-1.32677274374672,-0.968887789306071),
 .UNSPECIFIED.);
#794=B_SPLINE_CURVE_WITH_KNOTS('',3,(#7354,#7355,#7356,#7357),
 .UNSPECIFIED.,.F.,.F.,(4,4),(-1.77717582609472,-1.32677274374672),
 .UNSPECIFIED.);
#795=B_SPLINE_CURVE_WITH_KNOTS('',3,(#7359,#7360,#7361,#7362),
 .UNSPECIFIED.,.F.,.F.,(4,4),(-0.0364999999999989,0.0345000000000011),
 .UNSPECIFIED.);
#796=B_SPLINE_CURVE_WITH_KNOTS('',3,(#7363,#7364,#7365,#7366),
 .UNSPECIFIED.,.F.,.F.,(4,4),(-1.77717582609472,-1.32677274374672),
 .UNSPECIFIED.);
#797=B_SPLINE_CURVE_WITH_KNOTS('',3,(#7384,#7385,#7386,#7387),
 .UNSPECIFIED.,.F.,.F.,(4,4),(-2.4031377826773,-1.77717582609472),
 .UNSPECIFIED.);
#798=B_SPLINE_CURVE_WITH_KNOTS('',3,(#7389,#7390,#7391,#7392),
 .UNSPECIFIED.,.F.,.F.,(4,4),(-0.0364999999999989,0.0345000000000011),
 .UNSPECIFIED.);
#799=B_SPLINE_CURVE_WITH_KNOTS('',3,(#7393,#7394,#7395,#7396),
 .UNSPECIFIED.,.F.,.F.,(4,4),(-2.4031377826773,-1.77717582609472),
 .UNSPECIFIED.);
#800=B_SPLINE_CURVE_WITH_KNOTS('',3,(#7414,#7415,#7416,#7417),
 .UNSPECIFIED.,.F.,.F.,(4,4),(-2.81742292182277,-2.4031377826773),
 .UNSPECIFIED.);
#801=B_SPLINE_CURVE_WITH_KNOTS('',3,(#7419,#7420,#7421,#7422),
 .UNSPECIFIED.,.F.,.F.,(4,4),(-0.0364999999999989,0.0345000000000011),
 .UNSPECIFIED.);
#802=B_SPLINE_CURVE_WITH_KNOTS('',3,(#7423,#7424,#7425,#7426),
 .UNSPECIFIED.,.F.,.F.,(4,4),(-2.81742292182277,-2.4031377826773),
 .UNSPECIFIED.);
#803=B_SPLINE_CURVE_WITH_KNOTS('',3,(#7444,#7445,#7446,#7447),
 .UNSPECIFIED.,.F.,.F.,(4,4),(-0.0299999999999994,-0.000999999999999224),
 .UNSPECIFIED.);
#804=B_SPLINE_CURVE_WITH_KNOTS('',3,(#7450,#7451,#7452,#7453),
 .UNSPECIFIED.,.F.,.F.,(4,4),(-0.968887789306071,-0.740607335148128),
 .UNSPECIFIED.);
#805=B_SPLINE_CURVE_WITH_KNOTS('',3,(#7471,#7472,#7473,#7474),
 .UNSPECIFIED.,.F.,.F.,(4,4),(-1.32677274374672,-0.968887789306071),
 .UNSPECIFIED.);
#806=B_SPLINE_CURVE_WITH_KNOTS('',3,(#7475,#7476,#7477,#7478),
 .UNSPECIFIED.,.F.,.F.,(4,4),(-0.0299999999999994,-0.000999999999999224),
 .UNSPECIFIED.);
#807=B_SPLINE_CURVE_WITH_KNOTS('',3,(#7496,#7497,#7498,#7499),
 .UNSPECIFIED.,.F.,.F.,(4,4),(-1.77717582609472,-1.32677274374672),
 .UNSPECIFIED.);
#808=B_SPLINE_CURVE_WITH_KNOTS('',3,(#7500,#7501,#7502,#7503),
 .UNSPECIFIED.,.F.,.F.,(4,4),(-0.0299999999999994,-0.000999999999999224),
 .UNSPECIFIED.);
#809=B_SPLINE_CURVE_WITH_KNOTS('',3,(#7521,#7522,#7523,#7524),
 .UNSPECIFIED.,.F.,.F.,(4,4),(-2.4031377826773,-1.77717582609472),
 .UNSPECIFIED.);
#810=B_SPLINE_CURVE_WITH_KNOTS('',3,(#7525,#7526,#7527,#7528),
 .UNSPECIFIED.,.F.,.F.,(4,4),(-0.0299999999999994,-0.000999999999999224),
 .UNSPECIFIED.);
#811=B_SPLINE_CURVE_WITH_KNOTS('',3,(#7546,#7547,#7548,#7549),
 .UNSPECIFIED.,.F.,.F.,(4,4),(-2.81742292182277,-2.4031377826773),
 .UNSPECIFIED.);
#812=B_SPLINE_CURVE_WITH_KNOTS('',3,(#7550,#7551,#7552,#7553),
 .UNSPECIFIED.,.F.,.F.,(4,4),(-0.0299999999999994,-0.000999999999999224),
 .UNSPECIFIED.);
#813=B_SPLINE_CURVE_WITH_KNOTS('',3,(#7596,#7597,#7598,#7599,#7600,#7601,
#7602,#7603,#7604,#7605),.UNSPECIFIED.,.F.,.F.,(4,1,1,1,1,1,1,4),(0.0989997733861274,
0.143458466990108,0.187917160594088,0.221261180797073,0.243490527599063,
0.276834547802048,0.321293241406028,0.410210628613989),.UNSPECIFIED.);
#814=B_SPLINE_CURVE_WITH_KNOTS('',3,(#7607,#7608,#7609,#7610,#7611,#7612,
#7613,#7614,#7615,#7616,#7617,#7618,#7619),.UNSPECIFIED.,.F.,.F.,(4,3,3,
3,4),(-0.215149907230755,-0.148544415043325,-0.120548500708824,-0.095175130909122,
-0.0837056090620924),.UNSPECIFIED.);
#815=B_SPLINE_CURVE_WITH_KNOTS('',3,(#7620,#7621,#7622,#7623),
 .UNSPECIFIED.,.F.,.F.,(4,4),(0.,0.000770562860755289),.UNSPECIFIED.);
#816=B_SPLINE_CURVE_WITH_KNOTS('',3,(#7641,#7642,#7643,#7644),
 .UNSPECIFIED.,.F.,.F.,(4,4),(-0.0299999999999994,-0.000999999999999224),
 .UNSPECIFIED.);
#817=B_SPLINE_CURVE_WITH_KNOTS('',3,(#7646,#7647,#7648,#7649,#7650,#7651),
 .UNSPECIFIED.,.F.,.F.,(4,2,4),(-0.0290000000000001,-0.0145,0.),
 .UNSPECIFIED.);
#818=B_SPLINE_CURVE_WITH_KNOTS('',3,(#7652,#7653,#7654,#7655),
 .UNSPECIFIED.,.F.,.F.,(4,4),(0.,0.000770562860756973),.UNSPECIFIED.);
#819=B_SPLINE_CURVE_WITH_KNOTS('',3,(#7698,#7699,#7700,#7701,#7702,#7703,
#7704,#7705,#7706,#7707),.UNSPECIFIED.,.F.,.F.,(4,1,1,1,1,1,1,4),(0.0977971586496223,
0.139824217984702,0.181851277319781,0.213371571821091,0.234385101488631,
0.26590539598994,0.30793245532502,0.391986573995179),.UNSPECIFIED.);
#820=B_SPLINE_CURVE_WITH_KNOTS('',3,(#7709,#7710,#7711,#7712,#7713,#7714,
#7715,#7716,#7717,#7718,#7719,#7720,#7721),.UNSPECIFIED.,.F.,.F.,(4,3,3,
3,4),(-0.217012539815362,-0.151545678934187,-0.122997588775576,-0.0971532417675423,
-0.0848204564876453),.UNSPECIFIED.);
#821=B_SPLINE_CURVE_WITH_KNOTS('',3,(#7722,#7723,#7724,#7725),
 .UNSPECIFIED.,.F.,.F.,(4,4),(0.,0.000774783303618188),.UNSPECIFIED.);
#822=B_SPLINE_CURVE_WITH_KNOTS('',3,(#7779,#7780,#7781,#7782),
 .UNSPECIFIED.,.F.,.F.,(4,4),(-0.686492850422845,0.),.UNSPECIFIED.);
#823=B_SPLINE_CURVE_WITH_KNOTS('',3,(#7784,#7785,#7786,#7787,#7788,#7789,
#7790,#7791,#7792,#7793,#7794,#7795,#7796),.UNSPECIFIED.,.F.,.F.,(4,1,1,
2,1,1,1,1,1,4),(0.,0.0391188634713713,0.0586782952070569,0.0977971586784282,
0.156635041741778,0.215472924805129,0.244891866336804,0.274310807868479,
0.333148690931829,0.391986573995179),.UNSPECIFIED.);
#824=B_SPLINE_CURVE_WITH_KNOTS('',3,(#7798,#7799,#7800,#7801),
 .UNSPECIFIED.,.F.,.F.,(4,4),(-0.686492850422845,-0.00184958879281316),
 .UNSPECIFIED.);
#825=B_SPLINE_CURVE_WITH_KNOTS('',3,(#7802,#7803,#7804,#7805,#7806,#7807,
#7808),.UNSPECIFIED.,.F.,.F.,(4,3,4),(-0.0848204564876453,-0.060131479522932,
0.),.UNSPECIFIED.);
#826=B_SPLINE_CURVE_WITH_KNOTS('',3,(#7862,#7863,#7864,#7865),
 .UNSPECIFIED.,.F.,.F.,(4,4),(-1.19718203081172,-0.686492850422845),
 .UNSPECIFIED.);
#827=B_SPLINE_CURVE_WITH_KNOTS('',3,(#7867,#7868,#7869,#7870,#7871,#7872,
#7873,#7874,#7875,#7876,#7877,#7878,#7879),.UNSPECIFIED.,.F.,.F.,(4,1,1,
2,1,1,1,1,1,4),(0.,0.0391188634713713,0.0586782952070569,0.0977971586784282,
0.156635041741778,0.215472924805129,0.244891866336804,0.274310807868479,
0.333148690931829,0.391986573995179),.UNSPECIFIED.);
#828=B_SPLINE_CURVE_WITH_KNOTS('',3,(#7880,#7881,#7882,#7883),
 .UNSPECIFIED.,.F.,.F.,(4,4),(-1.19718203081172,-0.686492850422845),
 .UNSPECIFIED.);
#829=B_SPLINE_CURVE_WITH_KNOTS('',3,(#7937,#7938,#7939,#7940),
 .UNSPECIFIED.,.F.,.F.,(4,4),(-1.96512338732637,-1.19718203081172),
 .UNSPECIFIED.);
#830=B_SPLINE_CURVE_WITH_KNOTS('',3,(#7942,#7943,#7944,#7945,#7946,#7947,
#7948,#7949,#7950,#7951,#7952,#7953,#7954),.UNSPECIFIED.,.F.,.F.,(4,1,1,
2,1,1,1,1,1,4),(0.,0.0391188634713713,0.0586782952070569,0.0977971586784282,
0.156635041741778,0.215472924805129,0.244891866336804,0.274310807868479,
0.333148690931829,0.391986573995179),.UNSPECIFIED.);
#831=B_SPLINE_CURVE_WITH_KNOTS('',3,(#7955,#7956,#7957,#7958),
 .UNSPECIFIED.,.F.,.F.,(4,4),(-1.96512338732637,-1.19718203081172),
 .UNSPECIFIED.);
#832=B_SPLINE_CURVE_WITH_KNOTS('',3,(#8012,#8013,#8014,#8015),
 .UNSPECIFIED.,.F.,.F.,(4,4),(-2.71102592986633,-1.96512338732637),
 .UNSPECIFIED.);
#833=B_SPLINE_CURVE_WITH_KNOTS('',3,(#8017,#8018,#8019,#8020,#8021,#8022,
#8023,#8024,#8025,#8026,#8027,#8028,#8029),.UNSPECIFIED.,.F.,.F.,(4,1,1,
2,1,1,1,1,1,4),(0.,0.0391188634713713,0.0586782952070569,0.0977971586784282,
0.156635041741778,0.215472924805129,0.244891866336804,0.274310807868479,
0.333148690931829,0.391986573995179),.UNSPECIFIED.);
#834=B_SPLINE_CURVE_WITH_KNOTS('',3,(#8030,#8031,#8032,#8033),
 .UNSPECIFIED.,.F.,.F.,(4,4),(-2.71102592986633,-1.96512338732637),
 .UNSPECIFIED.);
#835=B_SPLINE_CURVE_WITH_KNOTS('',3,(#8050,#8051,#8052,#8053),
 .UNSPECIFIED.,.F.,.F.,(4,4),(-1.73310374997622,-1.41374078861994),
 .UNSPECIFIED.);
#836=B_SPLINE_CURVE_WITH_KNOTS('',3,(#8071,#8072,#8073,#8074),
 .UNSPECIFIED.,.F.,.F.,(4,4),(-0.147583965754628,0.0785839657546274),
 .UNSPECIFIED.);
#837=B_SPLINE_CURVE_WITH_KNOTS('',3,(#8076,#8077,#8078,#8079),
 .UNSPECIFIED.,.F.,.F.,(4,4),(-0.686492850422845,-0.00242540653219269),
 .UNSPECIFIED.);
#838=B_SPLINE_CURVE_WITH_KNOTS('',3,(#8080,#8081,#8082,#8083,#8084,#8085),
 .UNSPECIFIED.,.F.,.F.,(4,2,4),(-0.226167931509256,-0.113083965754628,0.),
 .UNSPECIFIED.);
#839=B_SPLINE_CURVE_WITH_KNOTS('',3,(#8103,#8104,#8105,#8106),
 .UNSPECIFIED.,.F.,.F.,(4,4),(-0.147583965754628,0.0785839657546274),
 .UNSPECIFIED.);
#840=B_SPLINE_CURVE_WITH_KNOTS('',3,(#8107,#8108,#8109,#8110),
 .UNSPECIFIED.,.F.,.F.,(4,4),(-1.19718203081172,-0.686492850422845),
 .UNSPECIFIED.);
#841=B_SPLINE_CURVE_WITH_KNOTS('',3,(#8128,#8129,#8130,#8131),
 .UNSPECIFIED.,.F.,.F.,(4,4),(-0.147583965754628,0.0785839657546274),
 .UNSPECIFIED.);
#842=B_SPLINE_CURVE_WITH_KNOTS('',3,(#8132,#8133,#8134,#8135),
 .UNSPECIFIED.,.F.,.F.,(4,4),(-1.96512338732637,-1.19718203081172),
 .UNSPECIFIED.);
#843=B_SPLINE_CURVE_WITH_KNOTS('',3,(#8153,#8154,#8155,#8156),
 .UNSPECIFIED.,.F.,.F.,(4,4),(-0.147583965754628,0.0785839657546274),
 .UNSPECIFIED.);
#844=B_SPLINE_CURVE_WITH_KNOTS('',3,(#8157,#8158,#8159,#8160),
 .UNSPECIFIED.,.F.,.F.,(4,4),(-2.71102592986633,-1.96512338732637),
 .UNSPECIFIED.);
#845=B_SPLINE_CURVE_WITH_KNOTS('',3,(#8179,#8180,#8181,#8182),
 .UNSPECIFIED.,.F.,.F.,(4,4),(-0.0364999999999986,0.0345000000000013),
 .UNSPECIFIED.);
#846=B_SPLINE_CURVE_WITH_KNOTS('',3,(#8184,#8185,#8186,#8187),
 .UNSPECIFIED.,.F.,.F.,(4,4),(-0.686492850422845,-0.000554255262687597),
 .UNSPECIFIED.);
#847=B_SPLINE_CURVE_WITH_KNOTS('',3,(#8189,#8190,#8191,#8192,#8193,#8194),
 .UNSPECIFIED.,.F.,.F.,(4,2,4),(-0.071,-0.0355000000000001,0.),
 .UNSPECIFIED.);
#848=B_SPLINE_CURVE_WITH_KNOTS('',3,(#8195,#8196,#8197,#8198),
 .UNSPECIFIED.,.F.,.F.,(4,4),(-0.686492850422845,-0.000554255262687597),
 .UNSPECIFIED.);
#849=B_SPLINE_CURVE_WITH_KNOTS('',3,(#8216,#8217,#8218,#8219),
 .UNSPECIFIED.,.F.,.F.,(4,4),(-1.19718203081172,-0.686492850422845),
 .UNSPECIFIED.);
#850=B_SPLINE_CURVE_WITH_KNOTS('',3,(#8221,#8222,#8223,#8224),
 .UNSPECIFIED.,.F.,.F.,(4,4),(-0.0364999999999986,0.0345000000000013),
 .UNSPECIFIED.);
#851=B_SPLINE_CURVE_WITH_KNOTS('',3,(#8225,#8226,#8227,#8228),
 .UNSPECIFIED.,.F.,.F.,(4,4),(-1.19718203081172,-0.686492850422845),
 .UNSPECIFIED.);
#852=B_SPLINE_CURVE_WITH_KNOTS('',3,(#8246,#8247,#8248,#8249),
 .UNSPECIFIED.,.F.,.F.,(4,4),(-1.96512338732637,-1.19718203081172),
 .UNSPECIFIED.);
#853=B_SPLINE_CURVE_WITH_KNOTS('',3,(#8251,#8252,#8253,#8254),
 .UNSPECIFIED.,.F.,.F.,(4,4),(-0.0364999999999986,0.0345000000000013),
 .UNSPECIFIED.);
#854=B_SPLINE_CURVE_WITH_KNOTS('',3,(#8255,#8256,#8257,#8258),
 .UNSPECIFIED.,.F.,.F.,(4,4),(-1.96512338732637,-1.19718203081172),
 .UNSPECIFIED.);
#855=B_SPLINE_CURVE_WITH_KNOTS('',3,(#8276,#8277,#8278,#8279),
 .UNSPECIFIED.,.F.,.F.,(4,4),(-2.71102592986633,-1.96512338732637),
 .UNSPECIFIED.);
#856=B_SPLINE_CURVE_WITH_KNOTS('',3,(#8281,#8282,#8283,#8284),
 .UNSPECIFIED.,.F.,.F.,(4,4),(-0.0364999999999986,0.0345000000000013),
 .UNSPECIFIED.);
#857=B_SPLINE_CURVE_WITH_KNOTS('',3,(#8285,#8286,#8287,#8288),
 .UNSPECIFIED.,.F.,.F.,(4,4),(-2.71102592986633,-1.96512338732637),
 .UNSPECIFIED.);
#858=B_SPLINE_CURVE_WITH_KNOTS('',3,(#8306,#8307,#8308,#8309),
 .UNSPECIFIED.,.F.,.F.,(4,4),(-0.0299999999999998,-0.000999999999999668),
 .UNSPECIFIED.);
#859=B_SPLINE_CURVE_WITH_KNOTS('',3,(#8311,#8312,#8313,#8314,#8315,#8316),
 .UNSPECIFIED.,.F.,.F.,(4,2,4),(-0.0290000000000001,-0.0145,0.),
 .UNSPECIFIED.);
#860=B_SPLINE_CURVE_WITH_KNOTS('',3,(#8317,#8318,#8319,#8320),
 .UNSPECIFIED.,.F.,.F.,(4,4),(0.,0.000774783303618576),.UNSPECIFIED.);
#861=B_SPLINE_CURVE_WITH_KNOTS('',3,(#8338,#8339,#8340,#8341),
 .UNSPECIFIED.,.F.,.F.,(4,4),(-0.686492850422845,0.),.UNSPECIFIED.);
#862=B_SPLINE_CURVE_WITH_KNOTS('',3,(#8342,#8343,#8344,#8345),
 .UNSPECIFIED.,.F.,.F.,(4,4),(-0.0299999999999998,-0.000999999999999668),
 .UNSPECIFIED.);
#863=B_SPLINE_CURVE_WITH_KNOTS('',3,(#8363,#8364,#8365,#8366),
 .UNSPECIFIED.,.F.,.F.,(4,4),(-1.19718203081172,-0.686492850422845),
 .UNSPECIFIED.);
#864=B_SPLINE_CURVE_WITH_KNOTS('',3,(#8367,#8368,#8369,#8370),
 .UNSPECIFIED.,.F.,.F.,(4,4),(-0.0299999999999998,-0.000999999999999668),
 .UNSPECIFIED.);
#865=B_SPLINE_CURVE_WITH_KNOTS('',3,(#8388,#8389,#8390,#8391),
 .UNSPECIFIED.,.F.,.F.,(4,4),(-1.96512338732637,-1.19718203081172),
 .UNSPECIFIED.);
#866=B_SPLINE_CURVE_WITH_KNOTS('',3,(#8392,#8393,#8394,#8395),
 .UNSPECIFIED.,.F.,.F.,(4,4),(-0.0299999999999998,-0.000999999999999668),
 .UNSPECIFIED.);
#867=B_SPLINE_CURVE_WITH_KNOTS('',3,(#8413,#8414,#8415,#8416),
 .UNSPECIFIED.,.F.,.F.,(4,4),(-2.71102592986633,-1.96512338732637),
 .UNSPECIFIED.);
#868=B_SPLINE_CURVE_WITH_KNOTS('',3,(#8417,#8418,#8419,#8420),
 .UNSPECIFIED.,.F.,.F.,(4,4),(-0.0299999999999998,-0.000999999999999668),
 .UNSPECIFIED.);
#869=B_SPLINE_CURVE_WITH_KNOTS('',3,(#8487,#8488,#8489,#8490),
 .UNSPECIFIED.,.F.,.F.,(4,4),(-3.49254080283172,-2.71102592986633),
 .UNSPECIFIED.);
#870=B_SPLINE_CURVE_WITH_KNOTS('',3,(#8493,#8494,#8495,#8496),
 .UNSPECIFIED.,.F.,.F.,(4,4),(-3.49254080283172,-2.71102592986633),
 .UNSPECIFIED.);
#871=B_SPLINE_CURVE_WITH_KNOTS('',3,(#8514,#8515,#8516,#8517),
 .UNSPECIFIED.,.F.,.F.,(4,4),(-3.49254080283172,-2.71102592986633),
 .UNSPECIFIED.);
#872=B_SPLINE_CURVE_WITH_KNOTS('',3,(#8520,#8521,#8522,#8523),
 .UNSPECIFIED.,.F.,.F.,(4,4),(-3.49254080283172,-2.71102592986633),
 .UNSPECIFIED.);
#873=B_SPLINE_CURVE_WITH_KNOTS('',3,(#8542,#8543,#8544,#8545),
 .UNSPECIFIED.,.F.,.F.,(4,4),(-3.49254080283172,-2.71102592986633),
 .UNSPECIFIED.);
#874=B_SPLINE_CURVE_WITH_KNOTS('',3,(#8616,#8617,#8618,#8619,#8620,#8621,
#8622,#8623,#8624,#8625,#8626,#8627,#8628,#8629,#8630,#8631,#8632,#8633,
#8634,#8635,#8636,#8637,#8638,#8639,#8640,#8641,#8642,#8643),
 .UNSPECIFIED.,.F.,.F.,(4,3,3,3,3,3,3,3,3,4),(-0.391986573995179,-0.333148690931829,
-0.274310807868478,-0.244891866336803,-0.215472924805128,-0.156635041741777,
-0.0977971586784271,-0.0586782952070557,-0.03911886347137,0.),
 .UNSPECIFIED.);
#875=B_SPLINE_CURVE_WITH_KNOTS('',3,(#8644,#8645,#8646,#8647),
 .UNSPECIFIED.,.F.,.F.,(4,4),(-3.49254080283172,-2.71102592986633),
 .UNSPECIFIED.);
#876=B_SPLINE_CURVE_WITH_KNOTS('',3,(#8667,#8668,#8669,#8670),
 .UNSPECIFIED.,.F.,.F.,(4,4),(-3.98120862766845,-3.49254080283172),
 .UNSPECIFIED.);
#877=B_SPLINE_CURVE_WITH_KNOTS('',3,(#8671,#8672,#8673,#8674),
 .UNSPECIFIED.,.F.,.F.,(4,4),(-3.98120862766845,-3.49254080283172),
 .UNSPECIFIED.);
#878=B_SPLINE_CURVE_WITH_KNOTS('',3,(#8694,#8695,#8696,#8697),
 .UNSPECIFIED.,.F.,.F.,(4,4),(-3.98120862766845,-3.49254080283172),
 .UNSPECIFIED.);
#879=B_SPLINE_CURVE_WITH_KNOTS('',3,(#8698,#8699,#8700,#8701),
 .UNSPECIFIED.,.F.,.F.,(4,4),(-3.98120862766845,-3.49254080283172),
 .UNSPECIFIED.);
#880=B_SPLINE_CURVE_WITH_KNOTS('',3,(#8720,#8721,#8722,#8723),
 .UNSPECIFIED.,.F.,.F.,(4,4),(-3.98120862766845,-3.49254080283172),
 .UNSPECIFIED.);
#881=B_SPLINE_CURVE_WITH_KNOTS('',3,(#8794,#8795,#8796,#8797,#8798,#8799,
#8800,#8801,#8802,#8803,#8804,#8805,#8806,#8807,#8808,#8809,#8810,#8811,
#8812,#8813,#8814,#8815,#8816,#8817,#8818,#8819,#8820,#8821),
 .UNSPECIFIED.,.F.,.F.,(4,3,3,3,3,3,3,3,3,4),(-0.391986573995179,-0.333148690931828,
-0.274310807868476,-0.244891866336801,-0.215472924805125,-0.156635041741774,
-0.0977971586784224,-0.0586782952070504,-0.0391188634713644,0.),
 .UNSPECIFIED.);
#882=B_SPLINE_CURVE_WITH_KNOTS('',3,(#8822,#8823,#8824,#8825),
 .UNSPECIFIED.,.F.,.F.,(4,4),(-3.98120862766845,-3.49254080283172),
 .UNSPECIFIED.);
#883=B_SPLINE_CURVE_WITH_KNOTS('',3,(#8832,#8833,#8834,#8835,#8836,#8837),
 .UNSPECIFIED.,.F.,.F.,(4,2,4),(-0.071,-0.0354999999999999,0.),
 .UNSPECIFIED.);
#884=B_SPLINE_CURVE_WITH_KNOTS('',3,(#8842,#8843,#8844,#8845,#8846,#8847),
 .UNSPECIFIED.,.F.,.F.,(4,2,4),(-0.226167931509255,-0.113083965754628,0.),
 .UNSPECIFIED.);
#885=B_SPLINE_CURVE_WITH_KNOTS('',3,(#8850,#8851,#8852,#8853),
 .UNSPECIFIED.,.F.,.F.,(4,4),(-0.0468320684907389,0.),.UNSPECIFIED.);
#886=B_SPLINE_CURVE_WITH_KNOTS('',3,(#8879,#8880,#8881,#8882,#8883,#8884,
#8885),.UNSPECIFIED.,.F.,.F.,(4,3,4),(-0.0837056090620924,-0.0591438734745363,
0.),.UNSPECIFIED.);
#887=B_SPLINE_CURVE_WITH_KNOTS('',3,(#8904,#8905,#8906,#8907),
 .UNSPECIFIED.,.F.,.F.,(4,4),(-0.473043449717745,0.),.UNSPECIFIED.);
#888=B_SPLINE_CURVE_WITH_KNOTS('',3,(#8910,#8911,#8912,#8913),
 .UNSPECIFIED.,.F.,.F.,(4,4),(-0.473043449717745,0.),.UNSPECIFIED.);
#889=B_SPLINE_CURVE_WITH_KNOTS('',3,(#8933,#8934,#8935,#8936),
 .UNSPECIFIED.,.F.,.F.,(4,4),(-0.473043449717745,-0.000552445398946666),
 .UNSPECIFIED.);
#890=B_SPLINE_CURVE_WITH_KNOTS('',3,(#8937,#8938,#8939,#8940),
 .UNSPECIFIED.,.F.,.F.,(4,4),(-0.473043449717745,-0.000552445398946666),
 .UNSPECIFIED.);
#891=B_SPLINE_CURVE_WITH_KNOTS('',3,(#8959,#8960,#8961,#8962),
 .UNSPECIFIED.,.F.,.F.,(4,4),(-0.473043449717745,-0.00243558667414634),
 .UNSPECIFIED.);
#892=B_SPLINE_CURVE_WITH_KNOTS('',3,(#9041,#9042,#9043,#9044,#9045,#9046,
#9047,#9048,#9049,#9050,#9051,#9052,#9053,#9054,#9055,#9056,#9057,#9058,
#9059,#9060,#9061,#9062,#9063,#9064,#9065,#9066,#9067,#9068,#9069,#9070,
#9071,#9072,#9073,#9074),.UNSPECIFIED.,.F.,.F.,(4,3,3,3,3,3,3,3,3,3,3,4),
(-0.410210628613989,-0.347968457575449,-0.285726286536909,-0.254605201017639,
-0.223484115498369,-0.176802487219464,-0.145681401700195,-0.0989997734212898,
-0.0692998413949015,-0.0395999093685133,-0.0247499433553192,0.),
 .UNSPECIFIED.);
#893=B_SPLINE_CURVE_WITH_KNOTS('',3,(#9075,#9076,#9077,#9078),
 .UNSPECIFIED.,.F.,.F.,(4,4),(-0.473043449717745,-0.0018530745347391),
 .UNSPECIFIED.);
#894=B_SPLINE_CURVE_WITH_KNOTS('',3,(#9095,#9096,#9097,#9098),
 .UNSPECIFIED.,.F.,.F.,(4,4),(-0.740607335148128,-0.473043449717745),
 .UNSPECIFIED.);
#895=B_SPLINE_CURVE_WITH_KNOTS('',3,(#9099,#9100,#9101,#9102),
 .UNSPECIFIED.,.F.,.F.,(4,4),(-0.740607335148128,-0.473043449717745),
 .UNSPECIFIED.);
#896=B_SPLINE_CURVE_WITH_KNOTS('',3,(#9119,#9120,#9121,#9122),
 .UNSPECIFIED.,.F.,.F.,(4,4),(-0.740607335148128,-0.473043449717745),
 .UNSPECIFIED.);
#897=B_SPLINE_CURVE_WITH_KNOTS('',3,(#9123,#9124,#9125,#9126),
 .UNSPECIFIED.,.F.,.F.,(4,4),(-0.740607335148128,-0.473043449717745),
 .UNSPECIFIED.);
#898=B_SPLINE_CURVE_WITH_KNOTS('',3,(#9143,#9144,#9145,#9146),
 .UNSPECIFIED.,.F.,.F.,(4,4),(-0.740607335148128,-0.473043449717745),
 .UNSPECIFIED.);
#899=B_SPLINE_CURVE_WITH_KNOTS('',3,(#9223,#9224,#9225,#9226),
 .UNSPECIFIED.,.F.,.F.,(4,4),(-0.740607335148128,-0.473043449717745),
 .UNSPECIFIED.);
#900=B_SPLINE_CURVE_WITH_KNOTS('',3,(#9252,#9253,#9254,#9255,#9256,#9257,
#9258,#9259,#9260,#9261,#9262,#9263,#9264,#9265,#9266,#9267,#9268,#9269,
#9270,#9271,#9272,#9273),.UNSPECIFIED.,.F.,.F.,(4,3,3,3,3,3,3,4),(-4.2585621769308,
-3.89573703533359,-3.62007984496613,-3.37201730504207,-3.34442265459867,
-3.13394083245146,-2.93485970624798,-2.81742292182277),.UNSPECIFIED.);
#901=B_SPLINE_CURVE_WITH_KNOTS('',3,(#9276,#9277,#9278,#9279,#9280,#9281,
#9282,#9283,#9284,#9285,#9286,#9287,#9288,#9289,#9290,#9291,#9292,#9293,
#9294,#9295,#9296,#9297),.UNSPECIFIED.,.F.,.F.,(4,3,3,3,3,3,3,4),(-4.2585621769308,
-3.89573703533359,-3.62007984496613,-3.37201730504207,-3.34442265459867,
-3.13394083245146,-2.93485970624798,-2.81742292182277),.UNSPECIFIED.);
#902=B_SPLINE_CURVE_WITH_KNOTS('',3,(#9323,#9324,#9325,#9326,#9327,#9328,
#9329,#9330,#9331,#9332,#9333,#9334,#9335,#9336,#9337,#9338,#9339,#9340,
#9341),.UNSPECIFIED.,.F.,.F.,(4,3,3,3,3,3,4),(-4.2585621769308,-3.86377651474625,
-3.56852284713821,-3.34442265459867,-3.11539992159648,-2.89904172711197,
-2.81742292182277),.UNSPECIFIED.);
#903=B_SPLINE_CURVE_WITH_KNOTS('',3,(#9344,#9345,#9346,#9347,#9348,#9349,
#9350,#9351,#9352,#9353,#9354,#9355,#9356,#9357,#9358,#9359,#9360,#9361,
#9362),.UNSPECIFIED.,.F.,.F.,(4,3,3,3,3,3,4),(-4.2585621769308,-3.86377651474625,
-3.56852284713821,-3.34442265459867,-3.11539992159648,-2.89904172711197,
-2.81742292182277),.UNSPECIFIED.);
#904=B_SPLINE_CURVE_WITH_KNOTS('',3,(#9381,#9382,#9383,#9384),
 .UNSPECIFIED.,.F.,.F.,(4,4),(-4.2585621769308,-3.34442265459867),
 .UNSPECIFIED.);
#905=B_SPLINE_CURVE_WITH_KNOTS('',3,(#9493,#9494,#9495,#9496,#9497,#9498,
#9499,#9500,#9501,#9502,#9503,#9504),.UNSPECIFIED.,.F.,.F.,(4,2,2,2,2,4),
(-0.410210628613989,-0.231711887982187,-0.159228632948379,-0.10328151084624,
-0.0515116120423209,0.),.UNSPECIFIED.);
#906=B_SPLINE_CURVE_WITH_KNOTS('',3,(#9505,#9506,#9507,#9508,#9509,#9510,
#9511,#9512,#9513,#9514,#9515,#9516,#9517,#9518,#9519,#9520,#9521,#9522,
#9523,#9524,#9525,#9526,#9527,#9528,#9529),.UNSPECIFIED.,.F.,.F.,(4,3,3,
3,3,3,3,3,4),(-4.2585621769308,-3.96600368680519,-3.70058857860779,-3.49478002379919,
-3.34442265459867,-3.17470386440248,-3.01173693767073,-2.8520603064662,
-2.81742292182277),.UNSPECIFIED.);
#907=B_SPLINE_CURVE_WITH_KNOTS('',3,(#9584,#9585,#9586,#9587),
 .UNSPECIFIED.,.F.,.F.,(4,4),(-2.39482099690631,-1.42298717907759),
 .UNSPECIFIED.);
#908=B_SPLINE_CURVE_WITH_KNOTS('',3,(#9588,#9589,#9590,#9591),
 .UNSPECIFIED.,.F.,.F.,(4,4),(-2.39482099690631,-1.42298717907759),
 .UNSPECIFIED.);
#909=B_SPLINE_CURVE_WITH_KNOTS('',3,(#9608,#9609,#9610,#9611),
 .UNSPECIFIED.,.F.,.F.,(4,4),(-2.39482099690631,-1.42298717907759),
 .UNSPECIFIED.);
#910=B_SPLINE_CURVE_WITH_KNOTS('',3,(#9612,#9613,#9614,#9615),
 .UNSPECIFIED.,.F.,.F.,(4,4),(-2.39482099690631,-1.42298717907759),
 .UNSPECIFIED.);
#911=B_SPLINE_CURVE_WITH_KNOTS('',3,(#9632,#9633,#9634,#9635),
 .UNSPECIFIED.,.F.,.F.,(4,4),(-2.39482099690631,-1.42298717907759),
 .UNSPECIFIED.);
#912=B_SPLINE_CURVE_WITH_KNOTS('',3,(#9732,#9733,#9734,#9735),
 .UNSPECIFIED.,.F.,.F.,(4,4),(-2.39482099690631,-1.42298717907759),
 .UNSPECIFIED.);
#913=B_SPLINE_CURVE_WITH_KNOTS('',3,(#9753,#9754,#9755,#9756),
 .UNSPECIFIED.,.F.,.F.,(4,4),(-3.25164680611438,-2.44056258000212),
 .UNSPECIFIED.);
#914=B_SPLINE_CURVE_WITH_KNOTS('',3,(#9759,#9760,#9761,#9762),
 .UNSPECIFIED.,.F.,.F.,(4,4),(-3.25164680611438,-2.44056258000212),
 .UNSPECIFIED.);
#915=B_SPLINE_CURVE_WITH_KNOTS('',3,(#9780,#9781,#9782,#9783),
 .UNSPECIFIED.,.F.,.F.,(4,4),(-3.25164680611438,-2.44056258000212),
 .UNSPECIFIED.);
#916=B_SPLINE_CURVE_WITH_KNOTS('',3,(#9786,#9787,#9788,#9789),
 .UNSPECIFIED.,.F.,.F.,(4,4),(-3.25164680611438,-2.44056258000212),
 .UNSPECIFIED.);
#917=B_SPLINE_CURVE_WITH_KNOTS('',3,(#9808,#9809,#9810,#9811),
 .UNSPECIFIED.,.F.,.F.,(4,4),(-3.25164680611438,-2.44056258000212),
 .UNSPECIFIED.);
#918=B_SPLINE_CURVE_WITH_KNOTS('',3,(#9909,#9910,#9911,#9912,#9913,#9914,
#9915,#9916,#9917,#9918,#9919,#9920,#9921,#9922,#9923,#9924,#9925,#9926,
#9927,#9928,#9929,#9930,#9931,#9932,#9933,#9934,#9935,#9936,#9937,#9938,
#9939,#9940,#9941,#9942,#9943,#9944,#9945,#9946,#9947,#9948,#9949,#9950,
#9951,#9952,#9953,#9954,#9955,#9956,#9957,#9958,#9959,#9960,#9961,#9962,
#9963,#9964,#9965,#9966,#9967,#9968,#9969),.UNSPECIFIED.,.F.,.F.,(4,3,3,
3,3,3,3,3,3,3,3,3,3,3,3,3,3,3,3,3,4),(-0.434927428190545,-0.373839357183324,
-0.343295321679714,-0.328023303927909,-0.320387295052006,-0.312751286176104,
-0.297479268424298,-0.284116252891469,-0.282207250672493,-0.280298248453518,
-0.274571241796591,-0.270753237358639,-0.266935232920688,-0.251663215168883,
-0.190575144161663,-0.160031108658052,-0.129487073154442,-0.103589658523554,
-0.0776922438926651,-0.0388461219463326,0.),.UNSPECIFIED.);
#919=B_SPLINE_CURVE_WITH_KNOTS('',3,(#9970,#9971,#9972,#9973),
 .UNSPECIFIED.,.F.,.F.,(4,4),(-3.25164680611438,-2.44056258000212),
 .UNSPECIFIED.);
#920=B_SPLINE_CURVE_WITH_KNOTS('',3,(#9993,#9994,#9995,#9996),
 .UNSPECIFIED.,.F.,.F.,(4,4),(-3.98120862842807,-3.25164680611438),
 .UNSPECIFIED.);
#921=B_SPLINE_CURVE_WITH_KNOTS('',3,(#9997,#9998,#9999,#10000),
 .UNSPECIFIED.,.F.,.F.,(4,4),(-3.98120862842807,-3.25164680611438),
 .UNSPECIFIED.);
#922=B_SPLINE_CURVE_WITH_KNOTS('',3,(#10020,#10021,#10022,#10023),
 .UNSPECIFIED.,.F.,.F.,(4,4),(-3.98120862842807,-3.25164680611438),
 .UNSPECIFIED.);
#923=B_SPLINE_CURVE_WITH_KNOTS('',3,(#10024,#10025,#10026,#10027),
 .UNSPECIFIED.,.F.,.F.,(4,4),(-3.98120862842807,-3.25164680611438),
 .UNSPECIFIED.);
#924=B_SPLINE_CURVE_WITH_KNOTS('',3,(#10046,#10047,#10048,#10049),
 .UNSPECIFIED.,.F.,.F.,(4,4),(-3.98120862842807,-3.25164680611438),
 .UNSPECIFIED.);
#925=B_SPLINE_CURVE_WITH_KNOTS('',3,(#10147,#10148,#10149,#10150,#10151,
#10152,#10153,#10154,#10155,#10156,#10157,#10158,#10159,#10160,#10161,#10162,
#10163,#10164,#10165,#10166,#10167,#10168,#10169,#10170,#10171,#10172,#10173,
#10174,#10175,#10176,#10177,#10178,#10179,#10180,#10181,#10182,#10183,#10184,
#10185,#10186,#10187,#10188,#10189,#10190,#10191,#10192,#10193,#10194,#10195,
#10196,#10197,#10198,#10199,#10200,#10201,#10202,#10203,#10204,#10205,#10206,
#10207),.UNSPECIFIED.,.F.,.F.,(4,3,3,3,3,3,3,3,3,3,3,3,3,3,3,3,3,3,3,3,
4),(-0.434927428190545,-0.373839357183324,-0.343295321679713,-0.328023303927908,
-0.320387295052005,-0.312751286176102,-0.297479268424297,-0.284116252891467,
-0.282207250672492,-0.280298248453516,-0.274571241796589,-0.270753237358638,
-0.266935232920686,-0.251663215168881,-0.19057514416166,-0.160031108658049,
-0.129487073154438,-0.10358965852355,-0.0776922438926611,-0.0388461219463281,
0.),.UNSPECIFIED.);
#926=B_SPLINE_CURVE_WITH_KNOTS('',3,(#10208,#10209,#10210,#10211),
 .UNSPECIFIED.,.F.,.F.,(4,4),(-3.98120862842807,-3.25164680611438),
 .UNSPECIFIED.);
#927=B_SPLINE_CURVE_WITH_KNOTS('',3,(#10262,#10263,#10264,#10265),
 .UNSPECIFIED.,.F.,.F.,(4,4),(-4.2585621765676,-3.11203427071738),
 .UNSPECIFIED.);
#928=B_SPLINE_CURVE_WITH_KNOTS('',3,(#10268,#10269,#10270,#10271),
 .UNSPECIFIED.,.F.,.F.,(4,4),(-4.2585621765676,-3.11203427071738),
 .UNSPECIFIED.);
#929=B_SPLINE_CURVE_WITH_KNOTS('',3,(#10276,#10277,#10278,#10279),
 .UNSPECIFIED.,.F.,.F.,(4,4),(-4.2585621765676,-3.11203427071738),
 .UNSPECIFIED.);
#930=B_SPLINE_CURVE_WITH_KNOTS('',3,(#10297,#10298,#10299,#10300),
 .UNSPECIFIED.,.F.,.F.,(4,4),(-4.2585621765676,-3.11203427071738),
 .UNSPECIFIED.);
#931=B_SPLINE_CURVE_WITH_KNOTS('',3,(#10306,#10307,#10308,#10309),
 .UNSPECIFIED.,.F.,.F.,(4,4),(-4.2585621765676,-3.11203427071738),
 .UNSPECIFIED.);
#932=B_SPLINE_CURVE_WITH_KNOTS('',3,(#10331,#10332,#10333,#10334),
 .UNSPECIFIED.,.F.,.F.,(4,4),(-4.2585621765676,-3.11203427071738),
 .UNSPECIFIED.);
#933=B_SPLINE_CURVE_WITH_KNOTS('',3,(#10379,#10380,#10381,#10382,#10383,
#10384,#10385,#10386,#10387,#10388,#10389,#10390,#10391,#10392,#10393,#10394,
#10395,#10396,#10397,#10398,#10399,#10400,#10401,#10402,#10403),
 .UNSPECIFIED.,.F.,.F.,(4,3,3,3,3,3,3,3,4),(-0.298620313457218,-0.255960268677615,
-0.213300223898013,-0.17064017911841,-0.127980134338807,-0.106650111949006,
-0.0853200895592049,-0.0426600447796023,0.),.UNSPECIFIED.);
#934=LINE('',#3582,#1067);
#935=LINE('',#3591,#1068);
#936=LINE('',#3593,#1069);
#937=LINE('',#3595,#1070);
#938=LINE('',#3596,#1071);
#939=LINE('',#3599,#1072);
#940=LINE('',#3608,#1073);
#941=LINE('',#3617,#1074);
#942=LINE('',#3619,#1075);
#943=LINE('',#3620,#1076);
#944=LINE('',#3623,#1077);
#945=LINE('',#3632,#1078);
#946=LINE('',#3634,#1079);
#947=LINE('',#3635,#1080);
#948=LINE('',#3638,#1081);
#949=LINE('',#3640,#1082);
#950=LINE('',#3641,#1083);
#951=LINE('',#3644,#1084);
#952=LINE('',#3646,#1085);
#953=LINE('',#3647,#1086);
#954=LINE('',#3650,#1087);
#955=LINE('',#3652,#1088);
#956=LINE('',#3653,#1089);
#957=LINE('',#3656,#1090);
#958=LINE('',#3658,#1091);
#959=LINE('',#3659,#1092);
#960=LINE('',#3662,#1093);
#961=LINE('',#3664,#1094);
#962=LINE('',#3665,#1095);
#963=LINE('',#3668,#1096);
#964=LINE('',#3670,#1097);
#965=LINE('',#3671,#1098);
#966=LINE('',#3674,#1099);
#967=LINE('',#3676,#1100);
#968=LINE('',#3678,#1101);
#969=LINE('',#3680,#1102);
#970=LINE('',#3689,#1103);
#971=LINE('',#3691,#1104);
#972=LINE('',#3693,#1105);
#973=LINE('',#3695,#1106);
#974=LINE('',#3704,#1107);
#975=LINE('',#3713,#1108);
#976=LINE('',#3714,#1109);
#977=LINE('',#3716,#1110);
#978=LINE('',#3808,#1111);
#979=LINE('',#3820,#1112);
#980=LINE('',#3822,#1113);
#981=LINE('',#3862,#1114);
#982=LINE('',#3899,#1115);
#983=LINE('',#3921,#1116);
#984=LINE('',#3923,#1117);
#985=LINE('',#3925,#1118);
#986=LINE('',#3926,#1119);
#987=LINE('',#3990,#1120);
#988=LINE('',#4022,#1121);
#989=LINE('',#4069,#1122);
#990=LINE('',#4100,#1123);
#991=LINE('',#4112,#1124);
#992=LINE('',#4138,#1125);
#993=LINE('',#4171,#1126);
#994=LINE('',#4209,#1127);
#995=LINE('',#4210,#1128);
#996=LINE('',#4238,#1129);
#997=LINE('',#4240,#1130);
#998=LINE('',#4241,#1131);
#999=LINE('',#4244,#1132);
#1000=LINE('',#4245,#1133);
#1001=LINE('',#4248,#1134);
#1002=LINE('',#4249,#1135);
#1003=LINE('',#4251,#1136);
#1004=LINE('',#4316,#1137);
#1005=LINE('',#4353,#1138);
#1006=LINE('',#4370,#1139);
#1007=LINE('',#4516,#1140);
#1008=LINE('',#4518,#1141);
#1009=LINE('',#5724,#1142);
#1010=LINE('',#5753,#1143);
#1011=LINE('',#5780,#1144);
#1012=LINE('',#7105,#1145);
#1013=LINE('',#7148,#1146);
#1014=LINE('',#7302,#1147);
#1015=LINE('',#7449,#1148);
#1016=LINE('',#8446,#1149);
#1017=LINE('',#8469,#1150);
#1018=LINE('',#8492,#1151);
#1019=LINE('',#8519,#1152);
#1020=LINE('',#8541,#1153);
#1021=LINE('',#8562,#1154);
#1022=LINE('',#8666,#1155);
#1023=LINE('',#8693,#1156);
#1024=LINE('',#8719,#1157);
#1025=LINE('',#8740,#1158);
#1026=LINE('',#8827,#1159);
#1027=LINE('',#8828,#1160);
#1028=LINE('',#8838,#1161);
#1029=LINE('',#8839,#1162);
#1030=LINE('',#8848,#1163);
#1031=LINE('',#8886,#1164);
#1032=LINE('',#8909,#1165);
#1033=LINE('',#8932,#1166);
#1034=LINE('',#8958,#1167);
#1035=LINE('',#8979,#1168);
#1036=LINE('',#9275,#1169);
#1037=LINE('',#9343,#1170);
#1038=LINE('',#9380,#1171);
#1039=LINE('',#9401,#1172);
#1040=LINE('',#9531,#1173);
#1041=LINE('',#9532,#1174);
#1042=LINE('',#9534,#1175);
#1043=LINE('',#9535,#1176);
#1044=LINE('',#9537,#1177);
#1045=LINE('',#9567,#1178);
#1046=LINE('',#9758,#1179);
#1047=LINE('',#9785,#1180);
#1048=LINE('',#9807,#1181);
#1049=LINE('',#9992,#1182);
#1050=LINE('',#10019,#1183);
#1051=LINE('',#10045,#1184);
#1052=LINE('',#10213,#1185);
#1053=LINE('',#10214,#1186);
#1054=LINE('',#10216,#1187);
#1055=LINE('',#10217,#1188);
#1056=LINE('',#10219,#1189);
#1057=LINE('',#10244,#1190);
#1058=LINE('',#10267,#1191);
#1059=LINE('',#10273,#1192);
#1060=LINE('',#10275,#1193);
#1061=LINE('',#10301,#1194);
#1062=LINE('',#10303,#1195);
#1063=LINE('',#10305,#1196);
#1064=LINE('',#10326,#1197);
#1065=LINE('',#10330,#1198);
#1066=LINE('',#10405,#1199);
#1067=VECTOR('',#3363,10.);
#1068=VECTOR('',#3364,10.);
#1069=VECTOR('',#3365,10.);
#1070=VECTOR('',#3366,10.);
#1071=VECTOR('',#3367,10.);
#1072=VECTOR('',#3370,10.);
#1073=VECTOR('',#3371,10.);
#1074=VECTOR('',#3372,10.);
#1075=VECTOR('',#3373,10.);
#1076=VECTOR('',#3374,10.);
#1077=VECTOR('',#3377,10.);
#1078=VECTOR('',#3378,10.);
#1079=VECTOR('',#3379,10.);
#1080=VECTOR('',#3380,10.);
#1081=VECTOR('',#3383,10.);
#1082=VECTOR('',#3384,10.);
#1083=VECTOR('',#3385,10.);
#1084=VECTOR('',#3388,10.);
#1085=VECTOR('',#3389,10.);
#1086=VECTOR('',#3390,10.);
#1087=VECTOR('',#3393,10.);
#1088=VECTOR('',#3394,10.);
#1089=VECTOR('',#3395,10.);
#1090=VECTOR('',#3398,10.);
#1091=VECTOR('',#3399,10.);
#1092=VECTOR('',#3400,10.);
#1093=VECTOR('',#3403,10.);
#1094=VECTOR('',#3404,10.);
#1095=VECTOR('',#3405,10.);
#1096=VECTOR('',#3408,10.);
#1097=VECTOR('',#3409,10.);
#1098=VECTOR('',#3410,10.);
#1099=VECTOR('',#3413,10.);
#1100=VECTOR('',#3414,10.);
#1101=VECTOR('',#3415,10.);
#1102=VECTOR('',#3416,10.);
#1103=VECTOR('',#3419,10.);
#1104=VECTOR('',#3420,10.);
#1105=VECTOR('',#3421,10.);
#1106=VECTOR('',#3422,10.);
#1107=VECTOR('',#3423,10.);
#1108=VECTOR('',#3426,10.);
#1109=VECTOR('',#3427,10.);
#1110=VECTOR('',#3428,10.);
#1111=VECTOR('',#3433,10.);
#1112=VECTOR('',#3436,10.);
#1113=VECTOR('',#3437,10.);
#1114=VECTOR('',#3438,10.);
#1115=VECTOR('',#3439,10.);
#1116=VECTOR('',#3440,10.);
#1117=VECTOR('',#3441,10.);
#1118=VECTOR('',#3442,10.);
#1119=VECTOR('',#3443,10.);
#1120=VECTOR('',#3446,10.);
#1121=VECTOR('',#3447,10.);
#1122=VECTOR('',#3448,10.);
#1123=VECTOR('',#3449,10.);
#1124=VECTOR('',#3450,10.);
#1125=VECTOR('',#3451,10.);
#1126=VECTOR('',#3452,10.);
#1127=VECTOR('',#3453,10.);
#1128=VECTOR('',#3454,10.);
#1129=VECTOR('',#3459,10.);
#1130=VECTOR('',#3460,10.);
#1131=VECTOR('',#3461,10.);
#1132=VECTOR('',#3464,10.);
#1133=VECTOR('',#3465,10.);
#1134=VECTOR('',#3468,10.);
#1135=VECTOR('',#3469,10.);
#1136=VECTOR('',#3472,10.);
#1137=VECTOR('',#3473,10.);
#1138=VECTOR('',#3474,10.);
#1139=VECTOR('',#3475,10.);
#1140=VECTOR('',#3478,10.);
#1141=VECTOR('',#3481,10.);
#1142=VECTOR('',#3484,10.);
#1143=VECTOR('',#3485,10.);
#1144=VECTOR('',#3486,10.);
#1145=VECTOR('',#3487,10.);
#1146=VECTOR('',#3488,10.);
#1147=VECTOR('',#3489,10.);
#1148=VECTOR('',#3490,10.);
#1149=VECTOR('',#3491,10.);
#1150=VECTOR('',#3492,10.);
#1151=VECTOR('',#3493,10.);
#1152=VECTOR('',#3494,10.);
#1153=VECTOR('',#3495,10.);
#1154=VECTOR('',#3496,10.);
#1155=VECTOR('',#3497,10.);
#1156=VECTOR('',#3498,10.);
#1157=VECTOR('',#3499,10.);
#1158=VECTOR('',#3500,10.);
#1159=VECTOR('',#3503,10.);
#1160=VECTOR('',#3504,10.);
#1161=VECTOR('',#3507,10.);
#1162=VECTOR('',#3508,10.);
#1163=VECTOR('',#3511,10.);
#1164=VECTOR('',#3514,10.);
#1165=VECTOR('',#3515,10.);
#1166=VECTOR('',#3516,10.);
#1167=VECTOR('',#3517,10.);
#1168=VECTOR('',#3518,10.);
#1169=VECTOR('',#3519,10.);
#1170=VECTOR('',#3520,10.);
#1171=VECTOR('',#3521,10.);
#1172=VECTOR('',#3522,10.);
#1173=VECTOR('',#3525,10.);
#1174=VECTOR('',#3526,10.);
#1175=VECTOR('',#3529,10.);
#1176=VECTOR('',#3530,10.);
#1177=VECTOR('',#3533,10.);
#1178=VECTOR('',#3536,10.);
#1179=VECTOR('',#3537,10.);
#1180=VECTOR('',#3538,10.);
#1181=VECTOR('',#3539,10.);
#1182=VECTOR('',#3540,10.);
#1183=VECTOR('',#3541,10.);
#1184=VECTOR('',#3542,10.);
#1185=VECTOR('',#3545,10.);
#1186=VECTOR('',#3546,10.);
#1187=VECTOR('',#3549,10.);
#1188=VECTOR('',#3550,10.);
#1189=VECTOR('',#3553,10.);
#1190=VECTOR('',#3554,10.);
#1191=VECTOR('',#3555,10.);
#1192=VECTOR('',#3558,10.);
#1193=VECTOR('',#3559,10.);
#1194=VECTOR('',#3560,10.);
#1195=VECTOR('',#3563,10.);
#1196=VECTOR('',#3564,10.);
#1197=VECTOR('',#3565,10.);
#1198=VECTOR('',#3570,10.);
#1199=VECTOR('',#3573,10.);
#1200=VERTEX_POINT('',#3580);
#1201=VERTEX_POINT('',#3581);
#1202=VERTEX_POINT('',#3583);
#1203=VERTEX_POINT('',#3590);
#1204=VERTEX_POINT('',#3592);
#1205=VERTEX_POINT('',#3594);
#1206=VERTEX_POINT('',#3598);
#1207=VERTEX_POINT('',#3600);
#1208=VERTEX_POINT('',#3607);
#1209=VERTEX_POINT('',#3609);
#1210=VERTEX_POINT('',#3616);
#1211=VERTEX_POINT('',#3618);
#1212=VERTEX_POINT('',#3622);
#1213=VERTEX_POINT('',#3624);
#1214=VERTEX_POINT('',#3631);
#1215=VERTEX_POINT('',#3633);
#1216=VERTEX_POINT('',#3637);
#1217=VERTEX_POINT('',#3639);
#1218=VERTEX_POINT('',#3643);
#1219=VERTEX_POINT('',#3645);
#1220=VERTEX_POINT('',#3649);
#1221=VERTEX_POINT('',#3651);
#1222=VERTEX_POINT('',#3655);
#1223=VERTEX_POINT('',#3657);
#1224=VERTEX_POINT('',#3661);
#1225=VERTEX_POINT('',#3663);
#1226=VERTEX_POINT('',#3667);
#1227=VERTEX_POINT('',#3669);
#1228=VERTEX_POINT('',#3673);
#1229=VERTEX_POINT('',#3675);
#1230=VERTEX_POINT('',#3677);
#1231=VERTEX_POINT('',#3679);
#1232=VERTEX_POINT('',#3688);
#1233=VERTEX_POINT('',#3690);
#1234=VERTEX_POINT('',#3692);
#1235=VERTEX_POINT('',#3694);
#1236=VERTEX_POINT('',#3696);
#1237=VERTEX_POINT('',#3703);
#1238=VERTEX_POINT('',#3712);
#1239=VERTEX_POINT('',#3715);
#1240=VERTEX_POINT('',#3740);
#1241=VERTEX_POINT('',#3745);
#1242=VERTEX_POINT('',#3772);
#1243=VERTEX_POINT('',#3777);
#1244=VERTEX_POINT('',#3787);
#1245=VERTEX_POINT('',#3792);
#1246=VERTEX_POINT('',#3797);
#1247=VERTEX_POINT('',#3802);
#1248=VERTEX_POINT('',#3807);
#1249=VERTEX_POINT('',#3809);
#1250=VERTEX_POINT('',#3819);
#1251=VERTEX_POINT('',#3821);
#1252=VERTEX_POINT('',#3823);
#1253=VERTEX_POINT('',#3828);
#1254=VERTEX_POINT('',#3833);
#1255=VERTEX_POINT('',#3838);
#1256=VERTEX_POINT('',#3843);
#1257=VERTEX_POINT('',#3848);
#1258=VERTEX_POINT('',#3856);
#1259=VERTEX_POINT('',#3861);
#1260=VERTEX_POINT('',#3863);
#1261=VERTEX_POINT('',#3868);
#1262=VERTEX_POINT('',#3873);
#1263=VERTEX_POINT('',#3880);
#1264=VERTEX_POINT('',#3885);
#1265=VERTEX_POINT('',#3890);
#1266=VERTEX_POINT('',#3898);
#1267=VERTEX_POINT('',#3900);
#1268=VERTEX_POINT('',#3919);
#1269=VERTEX_POINT('',#3920);
#1270=VERTEX_POINT('',#3922);
#1271=VERTEX_POINT('',#3924);
#1272=VERTEX_POINT('',#3943);
#1273=VERTEX_POINT('',#3953);
#1274=VERTEX_POINT('',#3954);
#1275=VERTEX_POINT('',#3959);
#1276=VERTEX_POINT('',#3964);
#1277=VERTEX_POINT('',#3969);
#1278=VERTEX_POINT('',#3974);
#1279=VERTEX_POINT('',#3979);
#1280=VERTEX_POINT('',#3984);
#1281=VERTEX_POINT('',#3989);
#1282=VERTEX_POINT('',#3991);
#1283=VERTEX_POINT('',#3996);
#1284=VERTEX_POINT('',#4001);
#1285=VERTEX_POINT('',#4006);
#1286=VERTEX_POINT('',#4011);
#1287=VERTEX_POINT('',#4016);
#1288=VERTEX_POINT('',#4021);
#1289=VERTEX_POINT('',#4023);
#1290=VERTEX_POINT('',#4028);
#1291=VERTEX_POINT('',#4033);
#1292=VERTEX_POINT('',#4038);
#1293=VERTEX_POINT('',#4043);
#1294=VERTEX_POINT('',#4048);
#1295=VERTEX_POINT('',#4053);
#1296=VERTEX_POINT('',#4058);
#1297=VERTEX_POINT('',#4063);
#1298=VERTEX_POINT('',#4068);
#1299=VERTEX_POINT('',#4070);
#1300=VERTEX_POINT('',#4075);
#1301=VERTEX_POINT('',#4080);
#1302=VERTEX_POINT('',#4085);
#1303=VERTEX_POINT('',#4090);
#1304=VERTEX_POINT('',#4095);
#1305=VERTEX_POINT('',#4101);
#1306=VERTEX_POINT('',#4106);
#1307=VERTEX_POINT('',#4111);
#1308=VERTEX_POINT('',#4113);
#1309=VERTEX_POINT('',#4118);
#1310=VERTEX_POINT('',#4127);
#1311=VERTEX_POINT('',#4132);
#1312=VERTEX_POINT('',#4137);
#1313=VERTEX_POINT('',#4139);
#1314=VERTEX_POINT('',#4145);
#1315=VERTEX_POINT('',#4150);
#1316=VERTEX_POINT('',#4155);
#1317=VERTEX_POINT('',#4160);
#1318=VERTEX_POINT('',#4165);
#1319=VERTEX_POINT('',#4170);
#1320=VERTEX_POINT('',#4172);
#1321=VERTEX_POINT('',#4177);
#1322=VERTEX_POINT('',#4183);
#1323=VERTEX_POINT('',#4188);
#1324=VERTEX_POINT('',#4193);
#1325=VERTEX_POINT('',#4198);
#1326=VERTEX_POINT('',#4203);
#1327=VERTEX_POINT('',#4208);
#1328=VERTEX_POINT('',#4237);
#1329=VERTEX_POINT('',#4239);
#1330=VERTEX_POINT('',#4243);
#1331=VERTEX_POINT('',#4247);
#1332=VERTEX_POINT('',#4552);
#1333=VERTEX_POINT('',#4553);
#1334=VERTEX_POINT('',#4562);
#1335=VERTEX_POINT('',#4624);
#1336=VERTEX_POINT('',#4629);
#1337=VERTEX_POINT('',#4641);
#1338=VERTEX_POINT('',#4697);
#1339=VERTEX_POINT('',#4702);
#1340=VERTEX_POINT('',#4762);
#1341=VERTEX_POINT('',#4767);
#1342=VERTEX_POINT('',#4827);
#1343=VERTEX_POINT('',#4832);
#1344=VERTEX_POINT('',#4892);
#1345=VERTEX_POINT('',#4897);
#1346=VERTEX_POINT('',#4957);
#1347=VERTEX_POINT('',#4962);
#1348=VERTEX_POINT('',#4994);
#1349=VERTEX_POINT('',#4999);
#1350=VERTEX_POINT('',#5026);
#1351=VERTEX_POINT('',#5051);
#1352=VERTEX_POINT('',#5076);
#1353=VERTEX_POINT('',#5101);
#1354=VERTEX_POINT('',#5126);
#1355=VERTEX_POINT('',#5151);
#1356=VERTEX_POINT('',#5152);
#1357=VERTEX_POINT('',#5157);
#1358=VERTEX_POINT('',#5162);
#1359=VERTEX_POINT('',#5189);
#1360=VERTEX_POINT('',#5194);
#1361=VERTEX_POINT('',#5219);
#1362=VERTEX_POINT('',#5224);
#1363=VERTEX_POINT('',#5249);
#1364=VERTEX_POINT('',#5254);
#1365=VERTEX_POINT('',#5279);
#1366=VERTEX_POINT('',#5284);
#1367=VERTEX_POINT('',#5309);
#1368=VERTEX_POINT('',#5314);
#1369=VERTEX_POINT('',#5339);
#1370=VERTEX_POINT('',#5344);
#1371=VERTEX_POINT('',#5371);
#1372=VERTEX_POINT('',#5396);
#1373=VERTEX_POINT('',#5421);
#1374=VERTEX_POINT('',#5446);
#1375=VERTEX_POINT('',#5471);
#1376=VERTEX_POINT('',#5496);
#1377=VERTEX_POINT('',#5601);
#1378=VERTEX_POINT('',#5602);
#1379=VERTEX_POINT('',#5627);
#1380=VERTEX_POINT('',#5632);
#1381=VERTEX_POINT('',#5714);
#1382=VERTEX_POINT('',#5719);
#1383=VERTEX_POINT('',#5741);
#1384=VERTEX_POINT('',#5742);
#1385=VERTEX_POINT('',#5747);
#1386=VERTEX_POINT('',#5752);
#1387=VERTEX_POINT('',#5774);
#1388=VERTEX_POINT('',#5779);
#1389=VERTEX_POINT('',#5925);
#1390=VERTEX_POINT('',#5926);
#1391=VERTEX_POINT('',#5962);
#1392=VERTEX_POINT('',#6244);
#1393=VERTEX_POINT('',#6249);
#1394=VERTEX_POINT('',#6274);
#1395=VERTEX_POINT('',#6382);
#1396=VERTEX_POINT('',#6387);
#1397=VERTEX_POINT('',#6432);
#1398=VERTEX_POINT('',#6437);
#1399=VERTEX_POINT('',#6464);
#1400=VERTEX_POINT('',#6489);
#1401=VERTEX_POINT('',#6490);
#1402=VERTEX_POINT('',#6495);
#1403=VERTEX_POINT('',#6500);
#1404=VERTEX_POINT('',#6527);
#1405=VERTEX_POINT('',#6532);
#1406=VERTEX_POINT('',#6557);
#1407=VERTEX_POINT('',#6562);
#1408=VERTEX_POINT('',#6589);
#1409=VERTEX_POINT('',#6614);
#1410=VERTEX_POINT('',#6683);
#1411=VERTEX_POINT('',#6684);
#1412=VERTEX_POINT('',#6700);
#1413=VERTEX_POINT('',#6705);
#1414=VERTEX_POINT('',#6804);
#1415=VERTEX_POINT('',#6809);
#1416=VERTEX_POINT('',#6889);
#1417=VERTEX_POINT('',#6894);
#1418=VERTEX_POINT('',#6974);
#1419=VERTEX_POINT('',#6979);
#1420=VERTEX_POINT('',#7063);
#1421=VERTEX_POINT('',#7068);
#1422=VERTEX_POINT('',#7138);
#1423=VERTEX_POINT('',#7143);
#1424=VERTEX_POINT('',#7165);
#1425=VERTEX_POINT('',#7190);
#1426=VERTEX_POINT('',#7215);
#1427=VERTEX_POINT('',#7240);
#1428=VERTEX_POINT('',#7265);
#1429=VERTEX_POINT('',#7290);
#1430=VERTEX_POINT('',#7291);
#1431=VERTEX_POINT('',#7296);
#1432=VERTEX_POINT('',#7301);
#1433=VERTEX_POINT('',#7323);
#1434=VERTEX_POINT('',#7328);
#1435=VERTEX_POINT('',#7353);
#1436=VERTEX_POINT('',#7358);
#1437=VERTEX_POINT('',#7383);
#1438=VERTEX_POINT('',#7388);
#1439=VERTEX_POINT('',#7413);
#1440=VERTEX_POINT('',#7418);
#1441=VERTEX_POINT('',#7443);
#1442=VERTEX_POINT('',#7448);
#1443=VERTEX_POINT('',#7470);
#1444=VERTEX_POINT('',#7495);
#1445=VERTEX_POINT('',#7520);
#1446=VERTEX_POINT('',#7545);
#1447=VERTEX_POINT('',#7594);
#1448=VERTEX_POINT('',#7595);
#1449=VERTEX_POINT('',#7606);
#1450=VERTEX_POINT('',#7640);
#1451=VERTEX_POINT('',#7645);
#1452=VERTEX_POINT('',#7696);
#1453=VERTEX_POINT('',#7697);
#1454=VERTEX_POINT('',#7708);
#1455=VERTEX_POINT('',#7778);
#1456=VERTEX_POINT('',#7783);
#1457=VERTEX_POINT('',#7797);
#1458=VERTEX_POINT('',#7861);
#1459=VERTEX_POINT('',#7866);
#1460=VERTEX_POINT('',#7936);
#1461=VERTEX_POINT('',#7941);
#1462=VERTEX_POINT('',#8011);
#1463=VERTEX_POINT('',#8016);
#1464=VERTEX_POINT('',#8070);
#1465=VERTEX_POINT('',#8075);
#1466=VERTEX_POINT('',#8102);
#1467=VERTEX_POINT('',#8127);
#1468=VERTEX_POINT('',#8152);
#1469=VERTEX_POINT('',#8177);
#1470=VERTEX_POINT('',#8178);
#1471=VERTEX_POINT('',#8183);
#1472=VERTEX_POINT('',#8188);
#1473=VERTEX_POINT('',#8215);
#1474=VERTEX_POINT('',#8220);
#1475=VERTEX_POINT('',#8245);
#1476=VERTEX_POINT('',#8250);
#1477=VERTEX_POINT('',#8275);
#1478=VERTEX_POINT('',#8280);
#1479=VERTEX_POINT('',#8305);
#1480=VERTEX_POINT('',#8310);
#1481=VERTEX_POINT('',#8337);
#1482=VERTEX_POINT('',#8362);
#1483=VERTEX_POINT('',#8387);
#1484=VERTEX_POINT('',#8412);
#1485=VERTEX_POINT('',#8445);
#1486=VERTEX_POINT('',#8447);
#1487=VERTEX_POINT('',#8486);
#1488=VERTEX_POINT('',#8491);
#1489=VERTEX_POINT('',#8513);
#1490=VERTEX_POINT('',#8518);
#1491=VERTEX_POINT('',#8540);
#1492=VERTEX_POINT('',#8615);
#1493=VERTEX_POINT('',#8664);
#1494=VERTEX_POINT('',#8665);
#1495=VERTEX_POINT('',#8691);
#1496=VERTEX_POINT('',#8692);
#1497=VERTEX_POINT('',#8718);
#1498=VERTEX_POINT('',#8793);
#1499=VERTEX_POINT('',#8830);
#1500=VERTEX_POINT('',#8831);
#1501=VERTEX_POINT('',#8841);
#1502=VERTEX_POINT('',#8878);
#1503=VERTEX_POINT('',#8903);
#1504=VERTEX_POINT('',#8908);
#1505=VERTEX_POINT('',#8930);
#1506=VERTEX_POINT('',#8931);
#1507=VERTEX_POINT('',#8957);
#1508=VERTEX_POINT('',#9040);
#1509=VERTEX_POINT('',#9251);
#1510=VERTEX_POINT('',#9274);
#1511=VERTEX_POINT('',#9322);
#1512=VERTEX_POINT('',#9342);
#1513=VERTEX_POINT('',#9379);
#1514=VERTEX_POINT('',#9492);
#1515=VERTEX_POINT('',#9752);
#1516=VERTEX_POINT('',#9757);
#1517=VERTEX_POINT('',#9779);
#1518=VERTEX_POINT('',#9784);
#1519=VERTEX_POINT('',#9806);
#1520=VERTEX_POINT('',#9908);
#1521=VERTEX_POINT('',#9990);
#1522=VERTEX_POINT('',#9991);
#1523=VERTEX_POINT('',#10017);
#1524=VERTEX_POINT('',#10018);
#1525=VERTEX_POINT('',#10044);
#1526=VERTEX_POINT('',#10146);
#1527=VERTEX_POINT('',#10261);
#1528=VERTEX_POINT('',#10266);
#1529=VERTEX_POINT('',#10274);
#1530=VERTEX_POINT('',#10296);
#1531=VERTEX_POINT('',#10304);
#1532=VERTEX_POINT('',#10329);
#1533=EDGE_CURVE('',#1200,#1201,#934,.T.);
#1534=EDGE_CURVE('',#1202,#1200,#551,.T.);
#1535=EDGE_CURVE('',#1203,#1202,#935,.T.);
#1536=EDGE_CURVE('',#1203,#1204,#936,.T.);
#1537=EDGE_CURVE('',#1205,#1204,#937,.T.);
#1538=EDGE_CURVE('',#1201,#1205,#938,.T.);
#1539=EDGE_CURVE('',#1206,#1203,#939,.T.);
#1540=EDGE_CURVE('',#1207,#1206,#552,.T.);
#1541=EDGE_CURVE('',#1208,#1207,#940,.T.);
#1542=EDGE_CURVE('',#1209,#1208,#553,.T.);
#1543=EDGE_CURVE('',#1210,#1209,#941,.T.);
#1544=EDGE_CURVE('',#1210,#1211,#942,.T.);
#1545=EDGE_CURVE('',#1204,#1211,#943,.T.);
#1546=EDGE_CURVE('',#1212,#1210,#944,.T.);
#1547=EDGE_CURVE('',#1213,#1212,#554,.T.);
#1548=EDGE_CURVE('',#1214,#1213,#945,.T.);
#1549=EDGE_CURVE('',#1214,#1215,#946,.T.);
#1550=EDGE_CURVE('',#1211,#1215,#947,.T.);
#1551=EDGE_CURVE('',#1216,#1214,#948,.T.);
#1552=EDGE_CURVE('',#1216,#1217,#949,.T.);
#1553=EDGE_CURVE('',#1215,#1217,#950,.T.);
#1554=EDGE_CURVE('',#1218,#1216,#951,.T.);
#1555=EDGE_CURVE('',#1218,#1219,#952,.T.);
#1556=EDGE_CURVE('',#1217,#1219,#953,.T.);
#1557=EDGE_CURVE('',#1220,#1218,#954,.T.);
#1558=EDGE_CURVE('',#1220,#1221,#955,.T.);
#1559=EDGE_CURVE('',#1219,#1221,#956,.T.);
#1560=EDGE_CURVE('',#1201,#1222,#957,.T.);
#1561=EDGE_CURVE('',#1223,#1205,#958,.T.);
#1562=EDGE_CURVE('',#1222,#1223,#959,.T.);
#1563=EDGE_CURVE('',#1222,#1224,#960,.T.);
#1564=EDGE_CURVE('',#1225,#1223,#961,.T.);
#1565=EDGE_CURVE('',#1224,#1225,#962,.T.);
#1566=EDGE_CURVE('',#1224,#1226,#963,.T.);
#1567=EDGE_CURVE('',#1227,#1225,#964,.T.);
#1568=EDGE_CURVE('',#1226,#1227,#965,.T.);
#1569=EDGE_CURVE('',#1226,#1228,#966,.T.);
#1570=EDGE_CURVE('',#1229,#1227,#967,.T.);
#1571=EDGE_CURVE('',#1230,#1229,#968,.T.);
#1572=EDGE_CURVE('',#1231,#1230,#969,.T.);
#1573=EDGE_CURVE('',#1228,#1231,#555,.T.);
#1574=EDGE_CURVE('',#1230,#1232,#970,.T.);
#1575=EDGE_CURVE('',#1233,#1229,#971,.T.);
#1576=EDGE_CURVE('',#1234,#1233,#972,.T.);
#1577=EDGE_CURVE('',#1235,#1234,#973,.T.);
#1578=EDGE_CURVE('',#1236,#1235,#556,.T.);
#1579=EDGE_CURVE('',#1237,#1236,#974,.T.);
#1580=EDGE_CURVE('',#1232,#1237,#557,.T.);
#1581=EDGE_CURVE('',#1234,#1238,#975,.T.);
#1582=EDGE_CURVE('',#1221,#1233,#976,.T.);
#1583=EDGE_CURVE('',#1239,#1220,#977,.T.);
#1584=EDGE_CURVE('',#1238,#1239,#558,.T.);
#1585=EDGE_CURVE('',#1231,#1240,#559,.T.);
#1586=EDGE_CURVE('',#1241,#1240,#560,.T.);
#1587=EDGE_CURVE('',#1241,#1228,#561,.T.);
#1588=EDGE_CURVE('',#1237,#1242,#562,.T.);
#1589=EDGE_CURVE('',#1243,#1242,#563,.T.);
#1590=EDGE_CURVE('',#1243,#1232,#564,.T.);
#1591=EDGE_CURVE('',#1244,#1236,#565,.T.);
#1592=EDGE_CURVE('',#1245,#1244,#566,.T.);
#1593=EDGE_CURVE('',#1246,#1245,#567,.T.);
#1594=EDGE_CURVE('',#1247,#1246,#568,.T.);
#1595=EDGE_CURVE('',#1248,#1247,#978,.T.);
#1596=EDGE_CURVE('',#1249,#1248,#569,.T.);
#1597=EDGE_CURVE('',#1242,#1249,#570,.T.);
#1598=EDGE_CURVE('',#1250,#1241,#979,.T.);
#1599=EDGE_CURVE('',#1251,#1250,#980,.T.);
#1600=EDGE_CURVE('',#1252,#1251,#571,.T.);
#1601=EDGE_CURVE('',#1253,#1252,#572,.T.);
#1602=EDGE_CURVE('',#1254,#1253,#573,.T.);
#1603=EDGE_CURVE('',#1255,#1254,#574,.T.);
#1604=EDGE_CURVE('',#1256,#1255,#575,.T.);
#1605=EDGE_CURVE('',#1257,#1256,#576,.T.);
#1606=EDGE_CURVE('',#1258,#1257,#577,.T.);
#1607=EDGE_CURVE('',#1259,#1258,#981,.T.);
#1608=EDGE_CURVE('',#1260,#1259,#578,.T.);
#1609=EDGE_CURVE('',#1261,#1260,#579,.T.);
#1610=EDGE_CURVE('',#1262,#1261,#580,.T.);
#1611=EDGE_CURVE('',#1263,#1262,#581,.T.);
#1612=EDGE_CURVE('',#1264,#1263,#582,.T.);
#1613=EDGE_CURVE('',#1265,#1264,#583,.T.);
#1614=EDGE_CURVE('',#1266,#1265,#982,.T.);
#1615=EDGE_CURVE('',#1267,#1266,#584,.T.);
#1616=EDGE_CURVE('',#1239,#1267,#585,.T.);
#1617=EDGE_CURVE('',#1208,#1213,#586,.T.);
#1618=EDGE_CURVE('',#1200,#1207,#587,.T.);
#1619=EDGE_CURVE('',#1268,#1269,#983,.T.);
#1620=EDGE_CURVE('',#1269,#1270,#984,.T.);
#1621=EDGE_CURVE('',#1270,#1271,#985,.T.);
#1622=EDGE_CURVE('',#1271,#1268,#986,.T.);
#1623=EDGE_CURVE('',#1235,#1272,#588,.T.);
#1624=EDGE_CURVE('',#1272,#1244,#589,.T.);
#1625=EDGE_CURVE('',#1273,#1274,#590,.T.);
#1626=EDGE_CURVE('',#1274,#1275,#591,.T.);
#1627=EDGE_CURVE('',#1275,#1276,#592,.T.);
#1628=EDGE_CURVE('',#1276,#1277,#593,.T.);
#1629=EDGE_CURVE('',#1277,#1278,#594,.T.);
#1630=EDGE_CURVE('',#1278,#1279,#595,.T.);
#1631=EDGE_CURVE('',#1279,#1280,#596,.T.);
#1632=EDGE_CURVE('',#1280,#1281,#987,.T.);
#1633=EDGE_CURVE('',#1281,#1282,#597,.T.);
#1634=EDGE_CURVE('',#1282,#1283,#598,.T.);
#1635=EDGE_CURVE('',#1283,#1284,#599,.T.);
#1636=EDGE_CURVE('',#1284,#1285,#600,.T.);
#1637=EDGE_CURVE('',#1285,#1286,#601,.T.);
#1638=EDGE_CURVE('',#1286,#1287,#602,.T.);
#1639=EDGE_CURVE('',#1287,#1288,#988,.T.);
#1640=EDGE_CURVE('',#1288,#1289,#603,.T.);
#1641=EDGE_CURVE('',#1289,#1290,#604,.T.);
#1642=EDGE_CURVE('',#1290,#1291,#605,.T.);
#1643=EDGE_CURVE('',#1291,#1292,#606,.T.);
#1644=EDGE_CURVE('',#1292,#1293,#607,.T.);
#1645=EDGE_CURVE('',#1293,#1294,#608,.T.);
#1646=EDGE_CURVE('',#1294,#1295,#609,.T.);
#1647=EDGE_CURVE('',#1295,#1296,#610,.T.);
#1648=EDGE_CURVE('',#1296,#1297,#611,.T.);
#1649=EDGE_CURVE('',#1297,#1298,#989,.T.);
#1650=EDGE_CURVE('',#1298,#1299,#612,.T.);
#1651=EDGE_CURVE('',#1299,#1300,#613,.T.);
#1652=EDGE_CURVE('',#1300,#1301,#614,.T.);
#1653=EDGE_CURVE('',#1301,#1302,#615,.T.);
#1654=EDGE_CURVE('',#1302,#1303,#616,.T.);
#1655=EDGE_CURVE('',#1303,#1304,#617,.T.);
#1656=EDGE_CURVE('',#1304,#1273,#990,.T.);
#1657=EDGE_CURVE('',#1305,#1243,#618,.T.);
#1658=EDGE_CURVE('',#1306,#1305,#619,.T.);
#1659=EDGE_CURVE('',#1307,#1306,#991,.T.);
#1660=EDGE_CURVE('',#1308,#1307,#620,.T.);
#1661=EDGE_CURVE('',#1309,#1308,#621,.T.);
#1662=EDGE_CURVE('',#1272,#1309,#622,.T.);
#1663=EDGE_CURVE('',#1310,#1238,#623,.T.);
#1664=EDGE_CURVE('',#1311,#1310,#624,.T.);
#1665=EDGE_CURVE('',#1312,#1311,#992,.T.);
#1666=EDGE_CURVE('',#1313,#1312,#625,.T.);
#1667=EDGE_CURVE('',#1314,#1313,#626,.T.);
#1668=EDGE_CURVE('',#1315,#1314,#627,.T.);
#1669=EDGE_CURVE('',#1316,#1315,#628,.T.);
#1670=EDGE_CURVE('',#1317,#1316,#629,.T.);
#1671=EDGE_CURVE('',#1318,#1317,#630,.T.);
#1672=EDGE_CURVE('',#1319,#1318,#993,.T.);
#1673=EDGE_CURVE('',#1320,#1319,#631,.T.);
#1674=EDGE_CURVE('',#1321,#1320,#632,.T.);
#1675=EDGE_CURVE('',#1322,#1321,#633,.T.);
#1676=EDGE_CURVE('',#1323,#1322,#634,.T.);
#1677=EDGE_CURVE('',#1324,#1323,#635,.T.);
#1678=EDGE_CURVE('',#1325,#1324,#636,.T.);
#1679=EDGE_CURVE('',#1326,#1325,#637,.T.);
#1680=EDGE_CURVE('',#1327,#1326,#994,.T.);
#1681=EDGE_CURVE('',#1240,#1327,#995,.T.);
#1682=EDGE_CURVE('',#1212,#1209,#638,.T.);
#1683=EDGE_CURVE('',#1310,#1267,#639,.T.);
#1684=EDGE_CURVE('',#1328,#1269,#996,.T.);
#1685=EDGE_CURVE('',#1329,#1328,#997,.T.);
#1686=EDGE_CURVE('',#1329,#1270,#998,.T.);
#1687=EDGE_CURVE('',#1330,#1268,#999,.T.);
#1688=EDGE_CURVE('',#1328,#1330,#1000,.T.);
#1689=EDGE_CURVE('',#1331,#1271,#1001,.T.);
#1690=EDGE_CURVE('',#1330,#1331,#1002,.T.);
#1691=EDGE_CURVE('',#1331,#1329,#1003,.T.);
#1692=EDGE_CURVE('',#1313,#1264,#640,.T.);
#1693=EDGE_CURVE('',#1265,#1312,#641,.T.);
#1694=EDGE_CURVE('',#1314,#1263,#642,.T.);
#1695=EDGE_CURVE('',#1262,#1315,#1004,.T.);
#1696=EDGE_CURVE('',#1316,#1261,#643,.T.);
#1697=EDGE_CURVE('',#1260,#1317,#1005,.T.);
#1698=EDGE_CURVE('',#1259,#1318,#1006,.T.);
#1699=EDGE_CURVE('',#1258,#1319,#644,.T.);
#1700=EDGE_CURVE('',#1320,#1257,#645,.T.);
#1701=EDGE_CURVE('',#1321,#1256,#646,.T.);
#1702=EDGE_CURVE('',#1322,#1255,#647,.T.);
#1703=EDGE_CURVE('',#1323,#1254,#648,.T.);
#1704=EDGE_CURVE('',#1324,#1253,#649,.T.);
#1705=EDGE_CURVE('',#1325,#1252,#650,.T.);
#1706=EDGE_CURVE('',#1251,#1326,#1007,.T.);
#1707=EDGE_CURVE('',#1250,#1327,#1008,.T.);
#1708=EDGE_CURVE('',#1332,#1333,#651,.T.);
#1709=EDGE_CURVE('',#1334,#1332,#652,.T.);
#1710=EDGE_CURVE('',#1333,#1334,#653,.T.);
#1711=EDGE_CURVE('',#1335,#1333,#654,.T.);
#1712=EDGE_CURVE('',#1336,#1335,#655,.T.);
#1713=EDGE_CURVE('',#1336,#1337,#656,.T.);
#1714=EDGE_CURVE('',#1332,#1337,#657,.T.);
#1715=EDGE_CURVE('',#1338,#1335,#658,.T.);
#1716=EDGE_CURVE('',#1339,#1338,#659,.T.);
#1717=EDGE_CURVE('',#1339,#1336,#660,.T.);
#1718=EDGE_CURVE('',#1340,#1338,#661,.T.);
#1719=EDGE_CURVE('',#1341,#1340,#662,.T.);
#1720=EDGE_CURVE('',#1341,#1339,#663,.T.);
#1721=EDGE_CURVE('',#1342,#1340,#664,.T.);
#1722=EDGE_CURVE('',#1343,#1342,#665,.T.);
#1723=EDGE_CURVE('',#1343,#1341,#666,.T.);
#1724=EDGE_CURVE('',#1344,#1342,#667,.T.);
#1725=EDGE_CURVE('',#1345,#1344,#668,.T.);
#1726=EDGE_CURVE('',#1345,#1343,#669,.T.);
#1727=EDGE_CURVE('',#1346,#1344,#670,.T.);
#1728=EDGE_CURVE('',#1347,#1346,#671,.T.);
#1729=EDGE_CURVE('',#1347,#1345,#672,.T.);
#1730=EDGE_CURVE('',#1348,#1279,#673,.T.);
#1731=EDGE_CURVE('',#1348,#1349,#674,.T.);
#1732=EDGE_CURVE('',#1280,#1349,#675,.T.);
#1733=EDGE_CURVE('',#1350,#1278,#676,.T.);
#1734=EDGE_CURVE('',#1350,#1348,#677,.T.);
#1735=EDGE_CURVE('',#1351,#1277,#678,.T.);
#1736=EDGE_CURVE('',#1351,#1350,#679,.T.);
#1737=EDGE_CURVE('',#1352,#1276,#680,.T.);
#1738=EDGE_CURVE('',#1352,#1351,#681,.T.);
#1739=EDGE_CURVE('',#1353,#1275,#682,.T.);
#1740=EDGE_CURVE('',#1353,#1352,#683,.T.);
#1741=EDGE_CURVE('',#1354,#1274,#684,.T.);
#1742=EDGE_CURVE('',#1354,#1353,#685,.T.);
#1743=EDGE_CURVE('',#1355,#1356,#686,.T.);
#1744=EDGE_CURVE('',#1355,#1357,#687,.T.);
#1745=EDGE_CURVE('',#1358,#1357,#688,.T.);
#1746=EDGE_CURVE('',#1356,#1358,#689,.T.);
#1747=EDGE_CURVE('',#1359,#1356,#690,.T.);
#1748=EDGE_CURVE('',#1360,#1359,#691,.T.);
#1749=EDGE_CURVE('',#1360,#1355,#692,.T.);
#1750=EDGE_CURVE('',#1361,#1359,#693,.T.);
#1751=EDGE_CURVE('',#1362,#1361,#694,.T.);
#1752=EDGE_CURVE('',#1362,#1360,#695,.T.);
#1753=EDGE_CURVE('',#1363,#1361,#696,.T.);
#1754=EDGE_CURVE('',#1364,#1363,#697,.T.);
#1755=EDGE_CURVE('',#1364,#1362,#698,.T.);
#1756=EDGE_CURVE('',#1365,#1363,#699,.T.);
#1757=EDGE_CURVE('',#1366,#1365,#700,.T.);
#1758=EDGE_CURVE('',#1366,#1364,#701,.T.);
#1759=EDGE_CURVE('',#1367,#1365,#702,.T.);
#1760=EDGE_CURVE('',#1368,#1367,#703,.T.);
#1761=EDGE_CURVE('',#1368,#1366,#704,.T.);
#1762=EDGE_CURVE('',#1333,#1369,#705,.T.);
#1763=EDGE_CURVE('',#1370,#1334,#706,.T.);
#1764=EDGE_CURVE('',#1369,#1370,#707,.T.);
#1765=EDGE_CURVE('',#1371,#1369,#708,.T.);
#1766=EDGE_CURVE('',#1335,#1371,#709,.T.);
#1767=EDGE_CURVE('',#1372,#1371,#710,.T.);
#1768=EDGE_CURVE('',#1338,#1372,#711,.T.);
#1769=EDGE_CURVE('',#1373,#1372,#712,.T.);
#1770=EDGE_CURVE('',#1340,#1373,#713,.T.);
#1771=EDGE_CURVE('',#1374,#1373,#714,.T.);
#1772=EDGE_CURVE('',#1342,#1374,#715,.T.);
#1773=EDGE_CURVE('',#1375,#1374,#716,.T.);
#1774=EDGE_CURVE('',#1344,#1375,#717,.T.);
#1775=EDGE_CURVE('',#1376,#1375,#718,.T.);
#1776=EDGE_CURVE('',#1346,#1376,#719,.T.);
#1777=EDGE_CURVE('',#1377,#1378,#720,.T.);
#1778=EDGE_CURVE('',#1377,#1379,#721,.T.);
#1779=EDGE_CURVE('',#1380,#1379,#722,.T.);
#1780=EDGE_CURVE('',#1378,#1380,#723,.T.);
#1781=EDGE_CURVE('',#1381,#1283,#724,.T.);
#1782=EDGE_CURVE('',#1381,#1382,#725,.T.);
#1783=EDGE_CURVE('',#1284,#1382,#1009,.T.);
#1784=EDGE_CURVE('',#1383,#1384,#726,.T.);
#1785=EDGE_CURVE('',#1383,#1385,#727,.T.);
#1786=EDGE_CURVE('',#1386,#1385,#1010,.T.);
#1787=EDGE_CURVE('',#1384,#1386,#728,.T.);
#1788=EDGE_CURVE('',#1378,#1387,#729,.T.);
#1789=EDGE_CURVE('',#1388,#1380,#1011,.T.);
#1790=EDGE_CURVE('',#1387,#1388,#730,.T.);
#1791=EDGE_CURVE('',#1389,#1390,#731,.T.);
#1792=EDGE_CURVE('',#1391,#1389,#732,.T.);
#1793=EDGE_CURVE('',#1390,#1391,#733,.T.);
#1794=EDGE_CURVE('',#1392,#1390,#734,.T.);
#1795=EDGE_CURVE('',#1393,#1392,#735,.T.);
#1796=EDGE_CURVE('',#1393,#1394,#736,.T.);
#1797=EDGE_CURVE('',#1389,#1394,#737,.T.);
#1798=EDGE_CURVE('',#1395,#1392,#738,.T.);
#1799=EDGE_CURVE('',#1396,#1395,#739,.T.);
#1800=EDGE_CURVE('',#1396,#1393,#740,.T.);
#1801=EDGE_CURVE('',#1397,#1286,#741,.T.);
#1802=EDGE_CURVE('',#1397,#1398,#742,.T.);
#1803=EDGE_CURVE('',#1287,#1398,#743,.T.);
#1804=EDGE_CURVE('',#1399,#1285,#744,.T.);
#1805=EDGE_CURVE('',#1399,#1397,#745,.T.);
#1806=EDGE_CURVE('',#1400,#1401,#746,.T.);
#1807=EDGE_CURVE('',#1400,#1402,#747,.T.);
#1808=EDGE_CURVE('',#1403,#1402,#748,.T.);
#1809=EDGE_CURVE('',#1401,#1403,#749,.T.);
#1810=EDGE_CURVE('',#1404,#1401,#750,.T.);
#1811=EDGE_CURVE('',#1405,#1404,#751,.T.);
#1812=EDGE_CURVE('',#1405,#1400,#752,.T.);
#1813=EDGE_CURVE('',#1390,#1406,#753,.T.);
#1814=EDGE_CURVE('',#1407,#1391,#754,.T.);
#1815=EDGE_CURVE('',#1406,#1407,#755,.T.);
#1816=EDGE_CURVE('',#1408,#1406,#756,.T.);
#1817=EDGE_CURVE('',#1392,#1408,#757,.T.);
#1818=EDGE_CURVE('',#1409,#1408,#758,.T.);
#1819=EDGE_CURVE('',#1395,#1409,#759,.T.);
#1820=EDGE_CURVE('',#1410,#1411,#760,.T.);
#1821=EDGE_CURVE('',#1410,#1412,#761,.T.);
#1822=EDGE_CURVE('',#1413,#1412,#762,.T.);
#1823=EDGE_CURVE('',#1411,#1413,#763,.T.);
#1824=EDGE_CURVE('',#1414,#1411,#764,.T.);
#1825=EDGE_CURVE('',#1415,#1414,#765,.T.);
#1826=EDGE_CURVE('',#1415,#1410,#766,.T.);
#1827=EDGE_CURVE('',#1416,#1414,#767,.T.);
#1828=EDGE_CURVE('',#1417,#1416,#768,.T.);
#1829=EDGE_CURVE('',#1417,#1415,#769,.T.);
#1830=EDGE_CURVE('',#1418,#1416,#770,.T.);
#1831=EDGE_CURVE('',#1419,#1418,#771,.T.);
#1832=EDGE_CURVE('',#1419,#1417,#772,.T.);
#1833=EDGE_CURVE('',#1420,#1418,#773,.T.);
#1834=EDGE_CURVE('',#1421,#1420,#774,.T.);
#1835=EDGE_CURVE('',#1421,#1419,#775,.T.);
#1836=EDGE_CURVE('',#1245,#1309,#1012,.T.);
#1837=EDGE_CURVE('',#1422,#1294,#776,.T.);
#1838=EDGE_CURVE('',#1422,#1423,#777,.T.);
#1839=EDGE_CURVE('',#1295,#1423,#1013,.T.);
#1840=EDGE_CURVE('',#1424,#1293,#778,.T.);
#1841=EDGE_CURVE('',#1424,#1422,#779,.T.);
#1842=EDGE_CURVE('',#1425,#1292,#780,.T.);
#1843=EDGE_CURVE('',#1425,#1424,#781,.T.);
#1844=EDGE_CURVE('',#1426,#1291,#782,.T.);
#1845=EDGE_CURVE('',#1426,#1425,#783,.T.);
#1846=EDGE_CURVE('',#1427,#1290,#784,.T.);
#1847=EDGE_CURVE('',#1427,#1426,#785,.T.);
#1848=EDGE_CURVE('',#1428,#1289,#786,.T.);
#1849=EDGE_CURVE('',#1428,#1427,#787,.T.);
#1850=EDGE_CURVE('',#1429,#1430,#788,.T.);
#1851=EDGE_CURVE('',#1429,#1431,#789,.T.);
#1852=EDGE_CURVE('',#1432,#1431,#1014,.T.);
#1853=EDGE_CURVE('',#1430,#1432,#790,.T.);
#1854=EDGE_CURVE('',#1433,#1430,#791,.T.);
#1855=EDGE_CURVE('',#1434,#1433,#792,.T.);
#1856=EDGE_CURVE('',#1434,#1429,#793,.T.);
#1857=EDGE_CURVE('',#1435,#1433,#794,.T.);
#1858=EDGE_CURVE('',#1436,#1435,#795,.T.);
#1859=EDGE_CURVE('',#1436,#1434,#796,.T.);
#1860=EDGE_CURVE('',#1437,#1435,#797,.T.);
#1861=EDGE_CURVE('',#1438,#1437,#798,.T.);
#1862=EDGE_CURVE('',#1438,#1436,#799,.T.);
#1863=EDGE_CURVE('',#1439,#1437,#800,.T.);
#1864=EDGE_CURVE('',#1440,#1439,#801,.T.);
#1865=EDGE_CURVE('',#1440,#1438,#802,.T.);
#1866=EDGE_CURVE('',#1411,#1441,#803,.T.);
#1867=EDGE_CURVE('',#1442,#1413,#1015,.T.);
#1868=EDGE_CURVE('',#1441,#1442,#804,.T.);
#1869=EDGE_CURVE('',#1443,#1441,#805,.T.);
#1870=EDGE_CURVE('',#1414,#1443,#806,.T.);
#1871=EDGE_CURVE('',#1444,#1443,#807,.T.);
#1872=EDGE_CURVE('',#1416,#1444,#808,.T.);
#1873=EDGE_CURVE('',#1445,#1444,#809,.T.);
#1874=EDGE_CURVE('',#1418,#1445,#810,.T.);
#1875=EDGE_CURVE('',#1446,#1445,#811,.T.);
#1876=EDGE_CURVE('',#1420,#1446,#812,.T.);
#1877=EDGE_CURVE('',#1447,#1448,#813,.T.);
#1878=EDGE_CURVE('',#1449,#1447,#814,.T.);
#1879=EDGE_CURVE('',#1448,#1449,#815,.T.);
#1880=EDGE_CURVE('',#1448,#1450,#816,.T.);
#1881=EDGE_CURVE('',#1451,#1449,#817,.T.);
#1882=EDGE_CURVE('',#1450,#1451,#818,.T.);
#1883=EDGE_CURVE('',#1452,#1453,#819,.T.);
#1884=EDGE_CURVE('',#1454,#1452,#820,.T.);
#1885=EDGE_CURVE('',#1453,#1454,#821,.T.);
#1886=EDGE_CURVE('',#1455,#1453,#822,.T.);
#1887=EDGE_CURVE('',#1456,#1455,#823,.T.);
#1888=EDGE_CURVE('',#1456,#1457,#824,.T.);
#1889=EDGE_CURVE('',#1452,#1457,#825,.T.);
#1890=EDGE_CURVE('',#1458,#1455,#826,.T.);
#1891=EDGE_CURVE('',#1459,#1458,#827,.T.);
#1892=EDGE_CURVE('',#1459,#1456,#828,.T.);
#1893=EDGE_CURVE('',#1460,#1458,#829,.T.);
#1894=EDGE_CURVE('',#1461,#1460,#830,.T.);
#1895=EDGE_CURVE('',#1461,#1459,#831,.T.);
#1896=EDGE_CURVE('',#1462,#1460,#832,.T.);
#1897=EDGE_CURVE('',#1463,#1462,#833,.T.);
#1898=EDGE_CURVE('',#1463,#1461,#834,.T.);
#1899=EDGE_CURVE('',#1206,#1202,#835,.T.);
#1900=EDGE_CURVE('',#1464,#1303,#836,.T.);
#1901=EDGE_CURVE('',#1464,#1465,#837,.T.);
#1902=EDGE_CURVE('',#1304,#1465,#838,.T.);
#1903=EDGE_CURVE('',#1466,#1302,#839,.T.);
#1904=EDGE_CURVE('',#1466,#1464,#840,.T.);
#1905=EDGE_CURVE('',#1467,#1301,#841,.T.);
#1906=EDGE_CURVE('',#1467,#1466,#842,.T.);
#1907=EDGE_CURVE('',#1468,#1300,#843,.T.);
#1908=EDGE_CURVE('',#1468,#1467,#844,.T.);
#1909=EDGE_CURVE('',#1469,#1470,#845,.T.);
#1910=EDGE_CURVE('',#1469,#1471,#846,.T.);
#1911=EDGE_CURVE('',#1472,#1471,#847,.T.);
#1912=EDGE_CURVE('',#1470,#1472,#848,.T.);
#1913=EDGE_CURVE('',#1473,#1470,#849,.T.);
#1914=EDGE_CURVE('',#1474,#1473,#850,.T.);
#1915=EDGE_CURVE('',#1474,#1469,#851,.T.);
#1916=EDGE_CURVE('',#1475,#1473,#852,.T.);
#1917=EDGE_CURVE('',#1476,#1475,#853,.T.);
#1918=EDGE_CURVE('',#1476,#1474,#854,.T.);
#1919=EDGE_CURVE('',#1477,#1475,#855,.T.);
#1920=EDGE_CURVE('',#1478,#1477,#856,.T.);
#1921=EDGE_CURVE('',#1478,#1476,#857,.T.);
#1922=EDGE_CURVE('',#1453,#1479,#858,.T.);
#1923=EDGE_CURVE('',#1480,#1454,#859,.T.);
#1924=EDGE_CURVE('',#1479,#1480,#860,.T.);
#1925=EDGE_CURVE('',#1481,#1479,#861,.T.);
#1926=EDGE_CURVE('',#1455,#1481,#862,.T.);
#1927=EDGE_CURVE('',#1482,#1481,#863,.T.);
#1928=EDGE_CURVE('',#1458,#1482,#864,.T.);
#1929=EDGE_CURVE('',#1483,#1482,#865,.T.);
#1930=EDGE_CURVE('',#1460,#1483,#866,.T.);
#1931=EDGE_CURVE('',#1484,#1483,#867,.T.);
#1932=EDGE_CURVE('',#1462,#1484,#868,.T.);
#1933=EDGE_CURVE('',#1457,#1485,#1016,.T.);
#1934=EDGE_CURVE('',#1486,#1485,#16,.T.);
#1935=EDGE_CURVE('',#1454,#1486,#1017,.T.);
#1936=EDGE_CURVE('',#1487,#1484,#869,.T.);
#1937=EDGE_CURVE('',#1487,#1488,#1018,.T.);
#1938=EDGE_CURVE('',#1488,#1462,#870,.T.);
#1939=EDGE_CURVE('',#1489,#1477,#871,.T.);
#1940=EDGE_CURVE('',#1489,#1490,#1019,.T.);
#1941=EDGE_CURVE('',#1490,#1478,#872,.T.);
#1942=EDGE_CURVE('',#1299,#1491,#1020,.T.);
#1943=EDGE_CURVE('',#1491,#1468,#873,.T.);
#1944=EDGE_CURVE('',#1249,#1305,#1021,.T.);
#1945=EDGE_CURVE('',#1488,#1492,#874,.T.);
#1946=EDGE_CURVE('',#1492,#1463,#875,.T.);
#1947=EDGE_CURVE('',#1493,#1494,#1022,.T.);
#1948=EDGE_CURVE('',#1494,#1488,#876,.T.);
#1949=EDGE_CURVE('',#1493,#1487,#877,.T.);
#1950=EDGE_CURVE('',#1495,#1496,#1023,.T.);
#1951=EDGE_CURVE('',#1496,#1490,#878,.T.);
#1952=EDGE_CURVE('',#1495,#1489,#879,.T.);
#1953=EDGE_CURVE('',#1298,#1497,#1024,.T.);
#1954=EDGE_CURVE('',#1497,#1491,#880,.T.);
#1955=EDGE_CURVE('',#1248,#1306,#1025,.T.);
#1956=EDGE_CURVE('',#1494,#1498,#881,.T.);
#1957=EDGE_CURVE('',#1498,#1492,#882,.T.);
#1958=EDGE_CURVE('',#1449,#1494,#1026,.T.);
#1959=EDGE_CURVE('',#1451,#1493,#1027,.T.);
#1960=EDGE_CURVE('',#1499,#1500,#883,.T.);
#1961=EDGE_CURVE('',#1500,#1496,#1028,.T.);
#1962=EDGE_CURVE('',#1499,#1495,#1029,.T.);
#1963=EDGE_CURVE('',#1297,#1501,#884,.T.);
#1964=EDGE_CURVE('',#1501,#1497,#1030,.T.);
#1965=EDGE_CURVE('',#1247,#1307,#885,.T.);
#1966=EDGE_CURVE('',#1447,#1502,#886,.T.);
#1967=EDGE_CURVE('',#1502,#1498,#1031,.T.);
#1968=EDGE_CURVE('',#1503,#1450,#887,.T.);
#1969=EDGE_CURVE('',#1503,#1504,#1032,.T.);
#1970=EDGE_CURVE('',#1504,#1448,#888,.T.);
#1971=EDGE_CURVE('',#1505,#1506,#1033,.T.);
#1972=EDGE_CURVE('',#1506,#1500,#889,.T.);
#1973=EDGE_CURVE('',#1505,#1499,#890,.T.);
#1974=EDGE_CURVE('',#1296,#1507,#1034,.T.);
#1975=EDGE_CURVE('',#1507,#1501,#891,.T.);
#1976=EDGE_CURVE('',#1246,#1308,#1035,.T.);
#1977=EDGE_CURVE('',#1504,#1508,#892,.T.);
#1978=EDGE_CURVE('',#1508,#1502,#893,.T.);
#1979=EDGE_CURVE('',#1413,#1504,#894,.T.);
#1980=EDGE_CURVE('',#1442,#1503,#895,.T.);
#1981=EDGE_CURVE('',#1431,#1506,#896,.T.);
#1982=EDGE_CURVE('',#1432,#1505,#897,.T.);
#1983=EDGE_CURVE('',#1423,#1507,#898,.T.);
#1984=EDGE_CURVE('',#1412,#1508,#899,.T.);
#1985=EDGE_CURVE('',#1509,#1446,#900,.T.);
#1986=EDGE_CURVE('',#1509,#1510,#1036,.T.);
#1987=EDGE_CURVE('',#1510,#1420,#901,.T.);
#1988=EDGE_CURVE('',#1511,#1439,#902,.T.);
#1989=EDGE_CURVE('',#1511,#1512,#1037,.T.);
#1990=EDGE_CURVE('',#1512,#1440,#903,.T.);
#1991=EDGE_CURVE('',#1288,#1513,#1038,.T.);
#1992=EDGE_CURVE('',#1513,#1428,#904,.T.);
#1993=EDGE_CURVE('',#1266,#1311,#1039,.T.);
#1994=EDGE_CURVE('',#1510,#1514,#905,.T.);
#1995=EDGE_CURVE('',#1514,#1421,#906,.T.);
#1996=EDGE_CURVE('',#1391,#1510,#1040,.T.);
#1997=EDGE_CURVE('',#1407,#1509,#1041,.T.);
#1998=EDGE_CURVE('',#1402,#1512,#1042,.T.);
#1999=EDGE_CURVE('',#1403,#1511,#1043,.T.);
#2000=EDGE_CURVE('',#1398,#1513,#1044,.T.);
#2001=EDGE_CURVE('',#1394,#1514,#1045,.T.);
#2002=EDGE_CURVE('',#1388,#1409,#907,.T.);
#2003=EDGE_CURVE('',#1380,#1395,#908,.T.);
#2004=EDGE_CURVE('',#1386,#1404,#909,.T.);
#2005=EDGE_CURVE('',#1385,#1405,#910,.T.);
#2006=EDGE_CURVE('',#1382,#1399,#911,.T.);
#2007=EDGE_CURVE('',#1379,#1396,#912,.T.);
#2008=EDGE_CURVE('',#1515,#1387,#913,.T.);
#2009=EDGE_CURVE('',#1515,#1516,#1046,.T.);
#2010=EDGE_CURVE('',#1516,#1378,#914,.T.);
#2011=EDGE_CURVE('',#1517,#1384,#915,.T.);
#2012=EDGE_CURVE('',#1517,#1518,#1047,.T.);
#2013=EDGE_CURVE('',#1518,#1383,#916,.T.);
#2014=EDGE_CURVE('',#1282,#1519,#1048,.T.);
#2015=EDGE_CURVE('',#1519,#1381,#917,.T.);
#2016=EDGE_CURVE('',#1516,#1520,#918,.T.);
#2017=EDGE_CURVE('',#1520,#1377,#919,.T.);
#2018=EDGE_CURVE('',#1521,#1522,#1049,.T.);
#2019=EDGE_CURVE('',#1522,#1516,#920,.T.);
#2020=EDGE_CURVE('',#1521,#1515,#921,.T.);
#2021=EDGE_CURVE('',#1523,#1524,#1050,.T.);
#2022=EDGE_CURVE('',#1524,#1518,#922,.T.);
#2023=EDGE_CURVE('',#1523,#1517,#923,.T.);
#2024=EDGE_CURVE('',#1281,#1525,#1051,.T.);
#2025=EDGE_CURVE('',#1525,#1519,#924,.T.);
#2026=EDGE_CURVE('',#1522,#1526,#925,.T.);
#2027=EDGE_CURVE('',#1526,#1520,#926,.T.);
#2028=EDGE_CURVE('',#1334,#1522,#1052,.T.);
#2029=EDGE_CURVE('',#1370,#1521,#1053,.T.);
#2030=EDGE_CURVE('',#1357,#1524,#1054,.T.);
#2031=EDGE_CURVE('',#1358,#1523,#1055,.T.);
#2032=EDGE_CURVE('',#1349,#1525,#1056,.T.);
#2033=EDGE_CURVE('',#1337,#1526,#1057,.T.);
#2034=EDGE_CURVE('',#1527,#1376,#927,.T.);
#2035=EDGE_CURVE('',#1527,#1528,#1058,.T.);
#2036=EDGE_CURVE('',#1528,#1346,#928,.T.);
#2037=EDGE_CURVE('',#1480,#1527,#1059,.T.);
#2038=EDGE_CURVE('',#1471,#1529,#1060,.T.);
#2039=EDGE_CURVE('',#1529,#1368,#929,.T.);
#2040=EDGE_CURVE('',#1530,#1367,#930,.T.);
#2041=EDGE_CURVE('',#1530,#1529,#1061,.T.);
#2042=EDGE_CURVE('',#1472,#1530,#1062,.T.);
#2043=EDGE_CURVE('',#1465,#1531,#1063,.T.);
#2044=EDGE_CURVE('',#1531,#1354,#931,.T.);
#2045=EDGE_CURVE('',#1273,#1531,#1064,.T.);
#2046=EDGE_CURVE('',#1485,#1532,#1065,.T.);
#2047=EDGE_CURVE('',#1532,#1347,#932,.T.);
#2048=EDGE_CURVE('',#1528,#1532,#933,.T.);
#2049=EDGE_CURVE('',#1486,#1528,#1066,.T.);
#2050=ORIENTED_EDGE('',*,*,#1533,.F.);
#2051=ORIENTED_EDGE('',*,*,#1534,.F.);
#2052=ORIENTED_EDGE('',*,*,#1535,.F.);
#2053=ORIENTED_EDGE('',*,*,#1536,.T.);
#2054=ORIENTED_EDGE('',*,*,#1537,.F.);
#2055=ORIENTED_EDGE('',*,*,#1538,.F.);
#2056=ORIENTED_EDGE('',*,*,#1539,.F.);
#2057=ORIENTED_EDGE('',*,*,#1540,.F.);
#2058=ORIENTED_EDGE('',*,*,#1541,.F.);
#2059=ORIENTED_EDGE('',*,*,#1542,.F.);
#2060=ORIENTED_EDGE('',*,*,#1543,.F.);
#2061=ORIENTED_EDGE('',*,*,#1544,.T.);
#2062=ORIENTED_EDGE('',*,*,#1545,.F.);
#2063=ORIENTED_EDGE('',*,*,#1536,.F.);
#2064=ORIENTED_EDGE('',*,*,#1546,.F.);
#2065=ORIENTED_EDGE('',*,*,#1547,.F.);
#2066=ORIENTED_EDGE('',*,*,#1548,.F.);
#2067=ORIENTED_EDGE('',*,*,#1549,.T.);
#2068=ORIENTED_EDGE('',*,*,#1550,.F.);
#2069=ORIENTED_EDGE('',*,*,#1544,.F.);
#2070=ORIENTED_EDGE('',*,*,#1551,.F.);
#2071=ORIENTED_EDGE('',*,*,#1552,.T.);
#2072=ORIENTED_EDGE('',*,*,#1553,.F.);
#2073=ORIENTED_EDGE('',*,*,#1549,.F.);
#2074=ORIENTED_EDGE('',*,*,#1554,.F.);
#2075=ORIENTED_EDGE('',*,*,#1555,.T.);
#2076=ORIENTED_EDGE('',*,*,#1556,.F.);
#2077=ORIENTED_EDGE('',*,*,#1552,.F.);
#2078=ORIENTED_EDGE('',*,*,#1557,.F.);
#2079=ORIENTED_EDGE('',*,*,#1558,.T.);
#2080=ORIENTED_EDGE('',*,*,#1559,.F.);
#2081=ORIENTED_EDGE('',*,*,#1555,.F.);
#2082=ORIENTED_EDGE('',*,*,#1560,.F.);
#2083=ORIENTED_EDGE('',*,*,#1538,.T.);
#2084=ORIENTED_EDGE('',*,*,#1561,.F.);
#2085=ORIENTED_EDGE('',*,*,#1562,.F.);
#2086=ORIENTED_EDGE('',*,*,#1563,.F.);
#2087=ORIENTED_EDGE('',*,*,#1562,.T.);
#2088=ORIENTED_EDGE('',*,*,#1564,.F.);
#2089=ORIENTED_EDGE('',*,*,#1565,.F.);
#2090=ORIENTED_EDGE('',*,*,#1566,.F.);
#2091=ORIENTED_EDGE('',*,*,#1565,.T.);
#2092=ORIENTED_EDGE('',*,*,#1567,.F.);
#2093=ORIENTED_EDGE('',*,*,#1568,.F.);
#2094=ORIENTED_EDGE('',*,*,#1569,.F.);
#2095=ORIENTED_EDGE('',*,*,#1568,.T.);
#2096=ORIENTED_EDGE('',*,*,#1570,.F.);
#2097=ORIENTED_EDGE('',*,*,#1571,.F.);
#2098=ORIENTED_EDGE('',*,*,#1572,.F.);
#2099=ORIENTED_EDGE('',*,*,#1573,.F.);
#2100=ORIENTED_EDGE('',*,*,#1574,.F.);
#2101=ORIENTED_EDGE('',*,*,#1571,.T.);
#2102=ORIENTED_EDGE('',*,*,#1575,.F.);
#2103=ORIENTED_EDGE('',*,*,#1576,.F.);
#2104=ORIENTED_EDGE('',*,*,#1577,.F.);
#2105=ORIENTED_EDGE('',*,*,#1578,.F.);
#2106=ORIENTED_EDGE('',*,*,#1579,.F.);
#2107=ORIENTED_EDGE('',*,*,#1580,.F.);
#2108=ORIENTED_EDGE('',*,*,#1581,.F.);
#2109=ORIENTED_EDGE('',*,*,#1576,.T.);
#2110=ORIENTED_EDGE('',*,*,#1582,.F.);
#2111=ORIENTED_EDGE('',*,*,#1558,.F.);
#2112=ORIENTED_EDGE('',*,*,#1583,.F.);
#2113=ORIENTED_EDGE('',*,*,#1584,.F.);
#2114=ORIENTED_EDGE('',*,*,#1567,.T.);
#2115=ORIENTED_EDGE('',*,*,#1564,.T.);
#2116=ORIENTED_EDGE('',*,*,#1561,.T.);
#2117=ORIENTED_EDGE('',*,*,#1537,.T.);
#2118=ORIENTED_EDGE('',*,*,#1545,.T.);
#2119=ORIENTED_EDGE('',*,*,#1550,.T.);
#2120=ORIENTED_EDGE('',*,*,#1553,.T.);
#2121=ORIENTED_EDGE('',*,*,#1556,.T.);
#2122=ORIENTED_EDGE('',*,*,#1559,.T.);
#2123=ORIENTED_EDGE('',*,*,#1582,.T.);
#2124=ORIENTED_EDGE('',*,*,#1575,.T.);
#2125=ORIENTED_EDGE('',*,*,#1570,.T.);
#2126=ORIENTED_EDGE('',*,*,#1573,.T.);
#2127=ORIENTED_EDGE('',*,*,#1585,.T.);
#2128=ORIENTED_EDGE('',*,*,#1586,.F.);
#2129=ORIENTED_EDGE('',*,*,#1587,.T.);
#2130=ORIENTED_EDGE('',*,*,#1580,.T.);
#2131=ORIENTED_EDGE('',*,*,#1588,.T.);
#2132=ORIENTED_EDGE('',*,*,#1589,.F.);
#2133=ORIENTED_EDGE('',*,*,#1590,.T.);
#2134=ORIENTED_EDGE('',*,*,#1579,.T.);
#2135=ORIENTED_EDGE('',*,*,#1591,.F.);
#2136=ORIENTED_EDGE('',*,*,#1592,.F.);
#2137=ORIENTED_EDGE('',*,*,#1593,.F.);
#2138=ORIENTED_EDGE('',*,*,#1594,.F.);
#2139=ORIENTED_EDGE('',*,*,#1595,.F.);
#2140=ORIENTED_EDGE('',*,*,#1596,.F.);
#2141=ORIENTED_EDGE('',*,*,#1597,.F.);
#2142=ORIENTED_EDGE('',*,*,#1588,.F.);
#2143=ORIENTED_EDGE('',*,*,#1533,.T.);
#2144=ORIENTED_EDGE('',*,*,#1560,.T.);
#2145=ORIENTED_EDGE('',*,*,#1563,.T.);
#2146=ORIENTED_EDGE('',*,*,#1566,.T.);
#2147=ORIENTED_EDGE('',*,*,#1569,.T.);
#2148=ORIENTED_EDGE('',*,*,#1587,.F.);
#2149=ORIENTED_EDGE('',*,*,#1598,.F.);
#2150=ORIENTED_EDGE('',*,*,#1599,.F.);
#2151=ORIENTED_EDGE('',*,*,#1600,.F.);
#2152=ORIENTED_EDGE('',*,*,#1601,.F.);
#2153=ORIENTED_EDGE('',*,*,#1602,.F.);
#2154=ORIENTED_EDGE('',*,*,#1603,.F.);
#2155=ORIENTED_EDGE('',*,*,#1604,.F.);
#2156=ORIENTED_EDGE('',*,*,#1605,.F.);
#2157=ORIENTED_EDGE('',*,*,#1606,.F.);
#2158=ORIENTED_EDGE('',*,*,#1607,.F.);
#2159=ORIENTED_EDGE('',*,*,#1608,.F.);
#2160=ORIENTED_EDGE('',*,*,#1609,.F.);
#2161=ORIENTED_EDGE('',*,*,#1610,.F.);
#2162=ORIENTED_EDGE('',*,*,#1611,.F.);
#2163=ORIENTED_EDGE('',*,*,#1612,.F.);
#2164=ORIENTED_EDGE('',*,*,#1613,.F.);
#2165=ORIENTED_EDGE('',*,*,#1614,.F.);
#2166=ORIENTED_EDGE('',*,*,#1615,.F.);
#2167=ORIENTED_EDGE('',*,*,#1616,.F.);
#2168=ORIENTED_EDGE('',*,*,#1583,.T.);
#2169=ORIENTED_EDGE('',*,*,#1557,.T.);
#2170=ORIENTED_EDGE('',*,*,#1554,.T.);
#2171=ORIENTED_EDGE('',*,*,#1551,.T.);
#2172=ORIENTED_EDGE('',*,*,#1548,.T.);
#2173=ORIENTED_EDGE('',*,*,#1617,.F.);
#2174=ORIENTED_EDGE('',*,*,#1541,.T.);
#2175=ORIENTED_EDGE('',*,*,#1618,.F.);
#2176=ORIENTED_EDGE('',*,*,#1619,.T.);
#2177=ORIENTED_EDGE('',*,*,#1620,.T.);
#2178=ORIENTED_EDGE('',*,*,#1621,.T.);
#2179=ORIENTED_EDGE('',*,*,#1622,.T.);
#2180=ORIENTED_EDGE('',*,*,#1578,.T.);
#2181=ORIENTED_EDGE('',*,*,#1623,.T.);
#2182=ORIENTED_EDGE('',*,*,#1624,.T.);
#2183=ORIENTED_EDGE('',*,*,#1591,.T.);
#2184=ORIENTED_EDGE('',*,*,#1625,.T.);
#2185=ORIENTED_EDGE('',*,*,#1626,.T.);
#2186=ORIENTED_EDGE('',*,*,#1627,.T.);
#2187=ORIENTED_EDGE('',*,*,#1628,.T.);
#2188=ORIENTED_EDGE('',*,*,#1629,.T.);
#2189=ORIENTED_EDGE('',*,*,#1630,.T.);
#2190=ORIENTED_EDGE('',*,*,#1631,.T.);
#2191=ORIENTED_EDGE('',*,*,#1632,.T.);
#2192=ORIENTED_EDGE('',*,*,#1633,.T.);
#2193=ORIENTED_EDGE('',*,*,#1634,.T.);
#2194=ORIENTED_EDGE('',*,*,#1635,.T.);
#2195=ORIENTED_EDGE('',*,*,#1636,.T.);
#2196=ORIENTED_EDGE('',*,*,#1637,.T.);
#2197=ORIENTED_EDGE('',*,*,#1638,.T.);
#2198=ORIENTED_EDGE('',*,*,#1639,.T.);
#2199=ORIENTED_EDGE('',*,*,#1640,.T.);
#2200=ORIENTED_EDGE('',*,*,#1641,.T.);
#2201=ORIENTED_EDGE('',*,*,#1642,.T.);
#2202=ORIENTED_EDGE('',*,*,#1643,.T.);
#2203=ORIENTED_EDGE('',*,*,#1644,.T.);
#2204=ORIENTED_EDGE('',*,*,#1645,.T.);
#2205=ORIENTED_EDGE('',*,*,#1646,.T.);
#2206=ORIENTED_EDGE('',*,*,#1647,.T.);
#2207=ORIENTED_EDGE('',*,*,#1648,.T.);
#2208=ORIENTED_EDGE('',*,*,#1649,.T.);
#2209=ORIENTED_EDGE('',*,*,#1650,.T.);
#2210=ORIENTED_EDGE('',*,*,#1651,.T.);
#2211=ORIENTED_EDGE('',*,*,#1652,.T.);
#2212=ORIENTED_EDGE('',*,*,#1653,.T.);
#2213=ORIENTED_EDGE('',*,*,#1654,.T.);
#2214=ORIENTED_EDGE('',*,*,#1655,.T.);
#2215=ORIENTED_EDGE('',*,*,#1656,.T.);
#2216=ORIENTED_EDGE('',*,*,#1572,.T.);
#2217=ORIENTED_EDGE('',*,*,#1574,.T.);
#2218=ORIENTED_EDGE('',*,*,#1590,.F.);
#2219=ORIENTED_EDGE('',*,*,#1657,.F.);
#2220=ORIENTED_EDGE('',*,*,#1658,.F.);
#2221=ORIENTED_EDGE('',*,*,#1659,.F.);
#2222=ORIENTED_EDGE('',*,*,#1660,.F.);
#2223=ORIENTED_EDGE('',*,*,#1661,.F.);
#2224=ORIENTED_EDGE('',*,*,#1662,.F.);
#2225=ORIENTED_EDGE('',*,*,#1623,.F.);
#2226=ORIENTED_EDGE('',*,*,#1577,.T.);
#2227=ORIENTED_EDGE('',*,*,#1581,.T.);
#2228=ORIENTED_EDGE('',*,*,#1663,.F.);
#2229=ORIENTED_EDGE('',*,*,#1664,.F.);
#2230=ORIENTED_EDGE('',*,*,#1665,.F.);
#2231=ORIENTED_EDGE('',*,*,#1666,.F.);
#2232=ORIENTED_EDGE('',*,*,#1667,.F.);
#2233=ORIENTED_EDGE('',*,*,#1668,.F.);
#2234=ORIENTED_EDGE('',*,*,#1669,.F.);
#2235=ORIENTED_EDGE('',*,*,#1670,.F.);
#2236=ORIENTED_EDGE('',*,*,#1671,.F.);
#2237=ORIENTED_EDGE('',*,*,#1672,.F.);
#2238=ORIENTED_EDGE('',*,*,#1673,.F.);
#2239=ORIENTED_EDGE('',*,*,#1674,.F.);
#2240=ORIENTED_EDGE('',*,*,#1675,.F.);
#2241=ORIENTED_EDGE('',*,*,#1676,.F.);
#2242=ORIENTED_EDGE('',*,*,#1677,.F.);
#2243=ORIENTED_EDGE('',*,*,#1678,.F.);
#2244=ORIENTED_EDGE('',*,*,#1679,.F.);
#2245=ORIENTED_EDGE('',*,*,#1680,.F.);
#2246=ORIENTED_EDGE('',*,*,#1681,.F.);
#2247=ORIENTED_EDGE('',*,*,#1585,.F.);
#2248=ORIENTED_EDGE('',*,*,#1543,.T.);
#2249=ORIENTED_EDGE('',*,*,#1682,.F.);
#2250=ORIENTED_EDGE('',*,*,#1546,.T.);
#2251=ORIENTED_EDGE('',*,*,#1584,.T.);
#2252=ORIENTED_EDGE('',*,*,#1616,.T.);
#2253=ORIENTED_EDGE('',*,*,#1683,.F.);
#2254=ORIENTED_EDGE('',*,*,#1663,.T.);
#2255=ORIENTED_EDGE('',*,*,#1620,.F.);
#2256=ORIENTED_EDGE('',*,*,#1684,.F.);
#2257=ORIENTED_EDGE('',*,*,#1685,.F.);
#2258=ORIENTED_EDGE('',*,*,#1686,.T.);
#2259=ORIENTED_EDGE('',*,*,#1619,.F.);
#2260=ORIENTED_EDGE('',*,*,#1687,.F.);
#2261=ORIENTED_EDGE('',*,*,#1688,.F.);
#2262=ORIENTED_EDGE('',*,*,#1684,.T.);
#2263=ORIENTED_EDGE('',*,*,#1622,.F.);
#2264=ORIENTED_EDGE('',*,*,#1689,.F.);
#2265=ORIENTED_EDGE('',*,*,#1690,.F.);
#2266=ORIENTED_EDGE('',*,*,#1687,.T.);
#2267=ORIENTED_EDGE('',*,*,#1621,.F.);
#2268=ORIENTED_EDGE('',*,*,#1686,.F.);
#2269=ORIENTED_EDGE('',*,*,#1691,.F.);
#2270=ORIENTED_EDGE('',*,*,#1689,.T.);
#2271=ORIENTED_EDGE('',*,*,#1613,.T.);
#2272=ORIENTED_EDGE('',*,*,#1692,.F.);
#2273=ORIENTED_EDGE('',*,*,#1666,.T.);
#2274=ORIENTED_EDGE('',*,*,#1693,.F.);
#2275=ORIENTED_EDGE('',*,*,#1612,.T.);
#2276=ORIENTED_EDGE('',*,*,#1694,.F.);
#2277=ORIENTED_EDGE('',*,*,#1667,.T.);
#2278=ORIENTED_EDGE('',*,*,#1692,.T.);
#2279=ORIENTED_EDGE('',*,*,#1611,.T.);
#2280=ORIENTED_EDGE('',*,*,#1695,.T.);
#2281=ORIENTED_EDGE('',*,*,#1668,.T.);
#2282=ORIENTED_EDGE('',*,*,#1694,.T.);
#2283=ORIENTED_EDGE('',*,*,#1610,.T.);
#2284=ORIENTED_EDGE('',*,*,#1696,.F.);
#2285=ORIENTED_EDGE('',*,*,#1669,.T.);
#2286=ORIENTED_EDGE('',*,*,#1695,.F.);
#2287=ORIENTED_EDGE('',*,*,#1609,.T.);
#2288=ORIENTED_EDGE('',*,*,#1697,.T.);
#2289=ORIENTED_EDGE('',*,*,#1670,.T.);
#2290=ORIENTED_EDGE('',*,*,#1696,.T.);
#2291=ORIENTED_EDGE('',*,*,#1608,.T.);
#2292=ORIENTED_EDGE('',*,*,#1698,.T.);
#2293=ORIENTED_EDGE('',*,*,#1671,.T.);
#2294=ORIENTED_EDGE('',*,*,#1697,.F.);
#2295=ORIENTED_EDGE('',*,*,#1607,.T.);
#2296=ORIENTED_EDGE('',*,*,#1699,.T.);
#2297=ORIENTED_EDGE('',*,*,#1672,.T.);
#2298=ORIENTED_EDGE('',*,*,#1698,.F.);
#2299=ORIENTED_EDGE('',*,*,#1606,.T.);
#2300=ORIENTED_EDGE('',*,*,#1700,.F.);
#2301=ORIENTED_EDGE('',*,*,#1673,.T.);
#2302=ORIENTED_EDGE('',*,*,#1699,.F.);
#2303=ORIENTED_EDGE('',*,*,#1605,.T.);
#2304=ORIENTED_EDGE('',*,*,#1701,.F.);
#2305=ORIENTED_EDGE('',*,*,#1674,.T.);
#2306=ORIENTED_EDGE('',*,*,#1700,.T.);
#2307=ORIENTED_EDGE('',*,*,#1604,.T.);
#2308=ORIENTED_EDGE('',*,*,#1702,.F.);
#2309=ORIENTED_EDGE('',*,*,#1675,.T.);
#2310=ORIENTED_EDGE('',*,*,#1701,.T.);
#2311=ORIENTED_EDGE('',*,*,#1603,.T.);
#2312=ORIENTED_EDGE('',*,*,#1703,.F.);
#2313=ORIENTED_EDGE('',*,*,#1676,.T.);
#2314=ORIENTED_EDGE('',*,*,#1702,.T.);
#2315=ORIENTED_EDGE('',*,*,#1602,.T.);
#2316=ORIENTED_EDGE('',*,*,#1704,.F.);
#2317=ORIENTED_EDGE('',*,*,#1677,.T.);
#2318=ORIENTED_EDGE('',*,*,#1703,.T.);
#2319=ORIENTED_EDGE('',*,*,#1601,.T.);
#2320=ORIENTED_EDGE('',*,*,#1705,.F.);
#2321=ORIENTED_EDGE('',*,*,#1678,.T.);
#2322=ORIENTED_EDGE('',*,*,#1704,.T.);
#2323=ORIENTED_EDGE('',*,*,#1600,.T.);
#2324=ORIENTED_EDGE('',*,*,#1706,.T.);
#2325=ORIENTED_EDGE('',*,*,#1679,.T.);
#2326=ORIENTED_EDGE('',*,*,#1705,.T.);
#2327=ORIENTED_EDGE('',*,*,#1599,.T.);
#2328=ORIENTED_EDGE('',*,*,#1707,.T.);
#2329=ORIENTED_EDGE('',*,*,#1680,.T.);
#2330=ORIENTED_EDGE('',*,*,#1706,.F.);
#2331=ORIENTED_EDGE('',*,*,#1598,.T.);
#2332=ORIENTED_EDGE('',*,*,#1586,.T.);
#2333=ORIENTED_EDGE('',*,*,#1681,.T.);
#2334=ORIENTED_EDGE('',*,*,#1707,.F.);
#2335=ORIENTED_EDGE('',*,*,#1708,.F.);
#2336=ORIENTED_EDGE('',*,*,#1709,.F.);
#2337=ORIENTED_EDGE('',*,*,#1710,.F.);
#2338=ORIENTED_EDGE('',*,*,#1708,.T.);
#2339=ORIENTED_EDGE('',*,*,#1711,.F.);
#2340=ORIENTED_EDGE('',*,*,#1712,.F.);
#2341=ORIENTED_EDGE('',*,*,#1713,.T.);
#2342=ORIENTED_EDGE('',*,*,#1714,.F.);
#2343=ORIENTED_EDGE('',*,*,#1712,.T.);
#2344=ORIENTED_EDGE('',*,*,#1715,.F.);
#2345=ORIENTED_EDGE('',*,*,#1716,.F.);
#2346=ORIENTED_EDGE('',*,*,#1717,.T.);
#2347=ORIENTED_EDGE('',*,*,#1716,.T.);
#2348=ORIENTED_EDGE('',*,*,#1718,.F.);
#2349=ORIENTED_EDGE('',*,*,#1719,.F.);
#2350=ORIENTED_EDGE('',*,*,#1720,.T.);
#2351=ORIENTED_EDGE('',*,*,#1719,.T.);
#2352=ORIENTED_EDGE('',*,*,#1721,.F.);
#2353=ORIENTED_EDGE('',*,*,#1722,.F.);
#2354=ORIENTED_EDGE('',*,*,#1723,.T.);
#2355=ORIENTED_EDGE('',*,*,#1722,.T.);
#2356=ORIENTED_EDGE('',*,*,#1724,.F.);
#2357=ORIENTED_EDGE('',*,*,#1725,.F.);
#2358=ORIENTED_EDGE('',*,*,#1726,.T.);
#2359=ORIENTED_EDGE('',*,*,#1725,.T.);
#2360=ORIENTED_EDGE('',*,*,#1727,.F.);
#2361=ORIENTED_EDGE('',*,*,#1728,.F.);
#2362=ORIENTED_EDGE('',*,*,#1729,.T.);
#2363=ORIENTED_EDGE('',*,*,#1730,.F.);
#2364=ORIENTED_EDGE('',*,*,#1731,.T.);
#2365=ORIENTED_EDGE('',*,*,#1732,.F.);
#2366=ORIENTED_EDGE('',*,*,#1631,.F.);
#2367=ORIENTED_EDGE('',*,*,#1730,.T.);
#2368=ORIENTED_EDGE('',*,*,#1630,.F.);
#2369=ORIENTED_EDGE('',*,*,#1733,.F.);
#2370=ORIENTED_EDGE('',*,*,#1734,.T.);
#2371=ORIENTED_EDGE('',*,*,#1733,.T.);
#2372=ORIENTED_EDGE('',*,*,#1629,.F.);
#2373=ORIENTED_EDGE('',*,*,#1735,.F.);
#2374=ORIENTED_EDGE('',*,*,#1736,.T.);
#2375=ORIENTED_EDGE('',*,*,#1735,.T.);
#2376=ORIENTED_EDGE('',*,*,#1628,.F.);
#2377=ORIENTED_EDGE('',*,*,#1737,.F.);
#2378=ORIENTED_EDGE('',*,*,#1738,.T.);
#2379=ORIENTED_EDGE('',*,*,#1737,.T.);
#2380=ORIENTED_EDGE('',*,*,#1627,.F.);
#2381=ORIENTED_EDGE('',*,*,#1739,.F.);
#2382=ORIENTED_EDGE('',*,*,#1740,.T.);
#2383=ORIENTED_EDGE('',*,*,#1739,.T.);
#2384=ORIENTED_EDGE('',*,*,#1626,.F.);
#2385=ORIENTED_EDGE('',*,*,#1741,.F.);
#2386=ORIENTED_EDGE('',*,*,#1742,.T.);
#2387=ORIENTED_EDGE('',*,*,#1743,.F.);
#2388=ORIENTED_EDGE('',*,*,#1744,.T.);
#2389=ORIENTED_EDGE('',*,*,#1745,.F.);
#2390=ORIENTED_EDGE('',*,*,#1746,.F.);
#2391=ORIENTED_EDGE('',*,*,#1743,.T.);
#2392=ORIENTED_EDGE('',*,*,#1747,.F.);
#2393=ORIENTED_EDGE('',*,*,#1748,.F.);
#2394=ORIENTED_EDGE('',*,*,#1749,.T.);
#2395=ORIENTED_EDGE('',*,*,#1748,.T.);
#2396=ORIENTED_EDGE('',*,*,#1750,.F.);
#2397=ORIENTED_EDGE('',*,*,#1751,.F.);
#2398=ORIENTED_EDGE('',*,*,#1752,.T.);
#2399=ORIENTED_EDGE('',*,*,#1751,.T.);
#2400=ORIENTED_EDGE('',*,*,#1753,.F.);
#2401=ORIENTED_EDGE('',*,*,#1754,.F.);
#2402=ORIENTED_EDGE('',*,*,#1755,.T.);
#2403=ORIENTED_EDGE('',*,*,#1754,.T.);
#2404=ORIENTED_EDGE('',*,*,#1756,.F.);
#2405=ORIENTED_EDGE('',*,*,#1757,.F.);
#2406=ORIENTED_EDGE('',*,*,#1758,.T.);
#2407=ORIENTED_EDGE('',*,*,#1757,.T.);
#2408=ORIENTED_EDGE('',*,*,#1759,.F.);
#2409=ORIENTED_EDGE('',*,*,#1760,.F.);
#2410=ORIENTED_EDGE('',*,*,#1761,.T.);
#2411=ORIENTED_EDGE('',*,*,#1762,.F.);
#2412=ORIENTED_EDGE('',*,*,#1710,.T.);
#2413=ORIENTED_EDGE('',*,*,#1763,.F.);
#2414=ORIENTED_EDGE('',*,*,#1764,.F.);
#2415=ORIENTED_EDGE('',*,*,#1762,.T.);
#2416=ORIENTED_EDGE('',*,*,#1765,.F.);
#2417=ORIENTED_EDGE('',*,*,#1766,.F.);
#2418=ORIENTED_EDGE('',*,*,#1711,.T.);
#2419=ORIENTED_EDGE('',*,*,#1766,.T.);
#2420=ORIENTED_EDGE('',*,*,#1767,.F.);
#2421=ORIENTED_EDGE('',*,*,#1768,.F.);
#2422=ORIENTED_EDGE('',*,*,#1715,.T.);
#2423=ORIENTED_EDGE('',*,*,#1768,.T.);
#2424=ORIENTED_EDGE('',*,*,#1769,.F.);
#2425=ORIENTED_EDGE('',*,*,#1770,.F.);
#2426=ORIENTED_EDGE('',*,*,#1718,.T.);
#2427=ORIENTED_EDGE('',*,*,#1770,.T.);
#2428=ORIENTED_EDGE('',*,*,#1771,.F.);
#2429=ORIENTED_EDGE('',*,*,#1772,.F.);
#2430=ORIENTED_EDGE('',*,*,#1721,.T.);
#2431=ORIENTED_EDGE('',*,*,#1772,.T.);
#2432=ORIENTED_EDGE('',*,*,#1773,.F.);
#2433=ORIENTED_EDGE('',*,*,#1774,.F.);
#2434=ORIENTED_EDGE('',*,*,#1724,.T.);
#2435=ORIENTED_EDGE('',*,*,#1774,.T.);
#2436=ORIENTED_EDGE('',*,*,#1775,.F.);
#2437=ORIENTED_EDGE('',*,*,#1776,.F.);
#2438=ORIENTED_EDGE('',*,*,#1727,.T.);
#2439=ORIENTED_EDGE('',*,*,#1777,.F.);
#2440=ORIENTED_EDGE('',*,*,#1778,.T.);
#2441=ORIENTED_EDGE('',*,*,#1779,.F.);
#2442=ORIENTED_EDGE('',*,*,#1780,.F.);
#2443=ORIENTED_EDGE('',*,*,#1781,.F.);
#2444=ORIENTED_EDGE('',*,*,#1782,.T.);
#2445=ORIENTED_EDGE('',*,*,#1783,.F.);
#2446=ORIENTED_EDGE('',*,*,#1635,.F.);
#2447=ORIENTED_EDGE('',*,*,#1784,.F.);
#2448=ORIENTED_EDGE('',*,*,#1785,.T.);
#2449=ORIENTED_EDGE('',*,*,#1786,.F.);
#2450=ORIENTED_EDGE('',*,*,#1787,.F.);
#2451=ORIENTED_EDGE('',*,*,#1788,.F.);
#2452=ORIENTED_EDGE('',*,*,#1780,.T.);
#2453=ORIENTED_EDGE('',*,*,#1789,.F.);
#2454=ORIENTED_EDGE('',*,*,#1790,.F.);
#2455=ORIENTED_EDGE('',*,*,#1791,.F.);
#2456=ORIENTED_EDGE('',*,*,#1792,.F.);
#2457=ORIENTED_EDGE('',*,*,#1793,.F.);
#2458=ORIENTED_EDGE('',*,*,#1791,.T.);
#2459=ORIENTED_EDGE('',*,*,#1794,.F.);
#2460=ORIENTED_EDGE('',*,*,#1795,.F.);
#2461=ORIENTED_EDGE('',*,*,#1796,.T.);
#2462=ORIENTED_EDGE('',*,*,#1797,.F.);
#2463=ORIENTED_EDGE('',*,*,#1795,.T.);
#2464=ORIENTED_EDGE('',*,*,#1798,.F.);
#2465=ORIENTED_EDGE('',*,*,#1799,.F.);
#2466=ORIENTED_EDGE('',*,*,#1800,.T.);
#2467=ORIENTED_EDGE('',*,*,#1801,.F.);
#2468=ORIENTED_EDGE('',*,*,#1802,.T.);
#2469=ORIENTED_EDGE('',*,*,#1803,.F.);
#2470=ORIENTED_EDGE('',*,*,#1638,.F.);
#2471=ORIENTED_EDGE('',*,*,#1801,.T.);
#2472=ORIENTED_EDGE('',*,*,#1637,.F.);
#2473=ORIENTED_EDGE('',*,*,#1804,.F.);
#2474=ORIENTED_EDGE('',*,*,#1805,.T.);
#2475=ORIENTED_EDGE('',*,*,#1806,.F.);
#2476=ORIENTED_EDGE('',*,*,#1807,.T.);
#2477=ORIENTED_EDGE('',*,*,#1808,.F.);
#2478=ORIENTED_EDGE('',*,*,#1809,.F.);
#2479=ORIENTED_EDGE('',*,*,#1806,.T.);
#2480=ORIENTED_EDGE('',*,*,#1810,.F.);
#2481=ORIENTED_EDGE('',*,*,#1811,.F.);
#2482=ORIENTED_EDGE('',*,*,#1812,.T.);
#2483=ORIENTED_EDGE('',*,*,#1813,.F.);
#2484=ORIENTED_EDGE('',*,*,#1793,.T.);
#2485=ORIENTED_EDGE('',*,*,#1814,.F.);
#2486=ORIENTED_EDGE('',*,*,#1815,.F.);
#2487=ORIENTED_EDGE('',*,*,#1813,.T.);
#2488=ORIENTED_EDGE('',*,*,#1816,.F.);
#2489=ORIENTED_EDGE('',*,*,#1817,.F.);
#2490=ORIENTED_EDGE('',*,*,#1794,.T.);
#2491=ORIENTED_EDGE('',*,*,#1817,.T.);
#2492=ORIENTED_EDGE('',*,*,#1818,.F.);
#2493=ORIENTED_EDGE('',*,*,#1819,.F.);
#2494=ORIENTED_EDGE('',*,*,#1798,.T.);
#2495=ORIENTED_EDGE('',*,*,#1820,.F.);
#2496=ORIENTED_EDGE('',*,*,#1821,.T.);
#2497=ORIENTED_EDGE('',*,*,#1822,.F.);
#2498=ORIENTED_EDGE('',*,*,#1823,.F.);
#2499=ORIENTED_EDGE('',*,*,#1820,.T.);
#2500=ORIENTED_EDGE('',*,*,#1824,.F.);
#2501=ORIENTED_EDGE('',*,*,#1825,.F.);
#2502=ORIENTED_EDGE('',*,*,#1826,.T.);
#2503=ORIENTED_EDGE('',*,*,#1825,.T.);
#2504=ORIENTED_EDGE('',*,*,#1827,.F.);
#2505=ORIENTED_EDGE('',*,*,#1828,.F.);
#2506=ORIENTED_EDGE('',*,*,#1829,.T.);
#2507=ORIENTED_EDGE('',*,*,#1828,.T.);
#2508=ORIENTED_EDGE('',*,*,#1830,.F.);
#2509=ORIENTED_EDGE('',*,*,#1831,.F.);
#2510=ORIENTED_EDGE('',*,*,#1832,.T.);
#2511=ORIENTED_EDGE('',*,*,#1831,.T.);
#2512=ORIENTED_EDGE('',*,*,#1833,.F.);
#2513=ORIENTED_EDGE('',*,*,#1834,.F.);
#2514=ORIENTED_EDGE('',*,*,#1835,.T.);
#2515=ORIENTED_EDGE('',*,*,#1592,.T.);
#2516=ORIENTED_EDGE('',*,*,#1624,.F.);
#2517=ORIENTED_EDGE('',*,*,#1662,.T.);
#2518=ORIENTED_EDGE('',*,*,#1836,.F.);
#2519=ORIENTED_EDGE('',*,*,#1542,.T.);
#2520=ORIENTED_EDGE('',*,*,#1617,.T.);
#2521=ORIENTED_EDGE('',*,*,#1547,.T.);
#2522=ORIENTED_EDGE('',*,*,#1682,.T.);
#2523=ORIENTED_EDGE('',*,*,#1837,.F.);
#2524=ORIENTED_EDGE('',*,*,#1838,.T.);
#2525=ORIENTED_EDGE('',*,*,#1839,.F.);
#2526=ORIENTED_EDGE('',*,*,#1646,.F.);
#2527=ORIENTED_EDGE('',*,*,#1837,.T.);
#2528=ORIENTED_EDGE('',*,*,#1645,.F.);
#2529=ORIENTED_EDGE('',*,*,#1840,.F.);
#2530=ORIENTED_EDGE('',*,*,#1841,.T.);
#2531=ORIENTED_EDGE('',*,*,#1840,.T.);
#2532=ORIENTED_EDGE('',*,*,#1644,.F.);
#2533=ORIENTED_EDGE('',*,*,#1842,.F.);
#2534=ORIENTED_EDGE('',*,*,#1843,.T.);
#2535=ORIENTED_EDGE('',*,*,#1842,.T.);
#2536=ORIENTED_EDGE('',*,*,#1643,.F.);
#2537=ORIENTED_EDGE('',*,*,#1844,.F.);
#2538=ORIENTED_EDGE('',*,*,#1845,.T.);
#2539=ORIENTED_EDGE('',*,*,#1844,.T.);
#2540=ORIENTED_EDGE('',*,*,#1642,.F.);
#2541=ORIENTED_EDGE('',*,*,#1846,.F.);
#2542=ORIENTED_EDGE('',*,*,#1847,.T.);
#2543=ORIENTED_EDGE('',*,*,#1846,.T.);
#2544=ORIENTED_EDGE('',*,*,#1641,.F.);
#2545=ORIENTED_EDGE('',*,*,#1848,.F.);
#2546=ORIENTED_EDGE('',*,*,#1849,.T.);
#2547=ORIENTED_EDGE('',*,*,#1850,.F.);
#2548=ORIENTED_EDGE('',*,*,#1851,.T.);
#2549=ORIENTED_EDGE('',*,*,#1852,.F.);
#2550=ORIENTED_EDGE('',*,*,#1853,.F.);
#2551=ORIENTED_EDGE('',*,*,#1850,.T.);
#2552=ORIENTED_EDGE('',*,*,#1854,.F.);
#2553=ORIENTED_EDGE('',*,*,#1855,.F.);
#2554=ORIENTED_EDGE('',*,*,#1856,.T.);
#2555=ORIENTED_EDGE('',*,*,#1855,.T.);
#2556=ORIENTED_EDGE('',*,*,#1857,.F.);
#2557=ORIENTED_EDGE('',*,*,#1858,.F.);
#2558=ORIENTED_EDGE('',*,*,#1859,.T.);
#2559=ORIENTED_EDGE('',*,*,#1858,.T.);
#2560=ORIENTED_EDGE('',*,*,#1860,.F.);
#2561=ORIENTED_EDGE('',*,*,#1861,.F.);
#2562=ORIENTED_EDGE('',*,*,#1862,.T.);
#2563=ORIENTED_EDGE('',*,*,#1861,.T.);
#2564=ORIENTED_EDGE('',*,*,#1863,.F.);
#2565=ORIENTED_EDGE('',*,*,#1864,.F.);
#2566=ORIENTED_EDGE('',*,*,#1865,.T.);
#2567=ORIENTED_EDGE('',*,*,#1866,.F.);
#2568=ORIENTED_EDGE('',*,*,#1823,.T.);
#2569=ORIENTED_EDGE('',*,*,#1867,.F.);
#2570=ORIENTED_EDGE('',*,*,#1868,.F.);
#2571=ORIENTED_EDGE('',*,*,#1866,.T.);
#2572=ORIENTED_EDGE('',*,*,#1869,.F.);
#2573=ORIENTED_EDGE('',*,*,#1870,.F.);
#2574=ORIENTED_EDGE('',*,*,#1824,.T.);
#2575=ORIENTED_EDGE('',*,*,#1870,.T.);
#2576=ORIENTED_EDGE('',*,*,#1871,.F.);
#2577=ORIENTED_EDGE('',*,*,#1872,.F.);
#2578=ORIENTED_EDGE('',*,*,#1827,.T.);
#2579=ORIENTED_EDGE('',*,*,#1872,.T.);
#2580=ORIENTED_EDGE('',*,*,#1873,.F.);
#2581=ORIENTED_EDGE('',*,*,#1874,.F.);
#2582=ORIENTED_EDGE('',*,*,#1830,.T.);
#2583=ORIENTED_EDGE('',*,*,#1874,.T.);
#2584=ORIENTED_EDGE('',*,*,#1875,.F.);
#2585=ORIENTED_EDGE('',*,*,#1876,.F.);
#2586=ORIENTED_EDGE('',*,*,#1833,.T.);
#2587=ORIENTED_EDGE('',*,*,#1877,.F.);
#2588=ORIENTED_EDGE('',*,*,#1878,.F.);
#2589=ORIENTED_EDGE('',*,*,#1879,.F.);
#2590=ORIENTED_EDGE('',*,*,#1880,.F.);
#2591=ORIENTED_EDGE('',*,*,#1879,.T.);
#2592=ORIENTED_EDGE('',*,*,#1881,.F.);
#2593=ORIENTED_EDGE('',*,*,#1882,.F.);
#2594=ORIENTED_EDGE('',*,*,#1883,.F.);
#2595=ORIENTED_EDGE('',*,*,#1884,.F.);
#2596=ORIENTED_EDGE('',*,*,#1885,.F.);
#2597=ORIENTED_EDGE('',*,*,#1883,.T.);
#2598=ORIENTED_EDGE('',*,*,#1886,.F.);
#2599=ORIENTED_EDGE('',*,*,#1887,.F.);
#2600=ORIENTED_EDGE('',*,*,#1888,.T.);
#2601=ORIENTED_EDGE('',*,*,#1889,.F.);
#2602=ORIENTED_EDGE('',*,*,#1887,.T.);
#2603=ORIENTED_EDGE('',*,*,#1890,.F.);
#2604=ORIENTED_EDGE('',*,*,#1891,.F.);
#2605=ORIENTED_EDGE('',*,*,#1892,.T.);
#2606=ORIENTED_EDGE('',*,*,#1891,.T.);
#2607=ORIENTED_EDGE('',*,*,#1893,.F.);
#2608=ORIENTED_EDGE('',*,*,#1894,.F.);
#2609=ORIENTED_EDGE('',*,*,#1895,.T.);
#2610=ORIENTED_EDGE('',*,*,#1894,.T.);
#2611=ORIENTED_EDGE('',*,*,#1896,.F.);
#2612=ORIENTED_EDGE('',*,*,#1897,.F.);
#2613=ORIENTED_EDGE('',*,*,#1898,.T.);
#2614=ORIENTED_EDGE('',*,*,#1534,.T.);
#2615=ORIENTED_EDGE('',*,*,#1618,.T.);
#2616=ORIENTED_EDGE('',*,*,#1540,.T.);
#2617=ORIENTED_EDGE('',*,*,#1899,.T.);
#2618=ORIENTED_EDGE('',*,*,#1900,.F.);
#2619=ORIENTED_EDGE('',*,*,#1901,.T.);
#2620=ORIENTED_EDGE('',*,*,#1902,.F.);
#2621=ORIENTED_EDGE('',*,*,#1655,.F.);
#2622=ORIENTED_EDGE('',*,*,#1900,.T.);
#2623=ORIENTED_EDGE('',*,*,#1654,.F.);
#2624=ORIENTED_EDGE('',*,*,#1903,.F.);
#2625=ORIENTED_EDGE('',*,*,#1904,.T.);
#2626=ORIENTED_EDGE('',*,*,#1903,.T.);
#2627=ORIENTED_EDGE('',*,*,#1653,.F.);
#2628=ORIENTED_EDGE('',*,*,#1905,.F.);
#2629=ORIENTED_EDGE('',*,*,#1906,.T.);
#2630=ORIENTED_EDGE('',*,*,#1905,.T.);
#2631=ORIENTED_EDGE('',*,*,#1652,.F.);
#2632=ORIENTED_EDGE('',*,*,#1907,.F.);
#2633=ORIENTED_EDGE('',*,*,#1908,.T.);
#2634=ORIENTED_EDGE('',*,*,#1909,.F.);
#2635=ORIENTED_EDGE('',*,*,#1910,.T.);
#2636=ORIENTED_EDGE('',*,*,#1911,.F.);
#2637=ORIENTED_EDGE('',*,*,#1912,.F.);
#2638=ORIENTED_EDGE('',*,*,#1909,.T.);
#2639=ORIENTED_EDGE('',*,*,#1913,.F.);
#2640=ORIENTED_EDGE('',*,*,#1914,.F.);
#2641=ORIENTED_EDGE('',*,*,#1915,.T.);
#2642=ORIENTED_EDGE('',*,*,#1914,.T.);
#2643=ORIENTED_EDGE('',*,*,#1916,.F.);
#2644=ORIENTED_EDGE('',*,*,#1917,.F.);
#2645=ORIENTED_EDGE('',*,*,#1918,.T.);
#2646=ORIENTED_EDGE('',*,*,#1917,.T.);
#2647=ORIENTED_EDGE('',*,*,#1919,.F.);
#2648=ORIENTED_EDGE('',*,*,#1920,.F.);
#2649=ORIENTED_EDGE('',*,*,#1921,.T.);
#2650=ORIENTED_EDGE('',*,*,#1922,.F.);
#2651=ORIENTED_EDGE('',*,*,#1885,.T.);
#2652=ORIENTED_EDGE('',*,*,#1923,.F.);
#2653=ORIENTED_EDGE('',*,*,#1924,.F.);
#2654=ORIENTED_EDGE('',*,*,#1922,.T.);
#2655=ORIENTED_EDGE('',*,*,#1925,.F.);
#2656=ORIENTED_EDGE('',*,*,#1926,.F.);
#2657=ORIENTED_EDGE('',*,*,#1886,.T.);
#2658=ORIENTED_EDGE('',*,*,#1926,.T.);
#2659=ORIENTED_EDGE('',*,*,#1927,.F.);
#2660=ORIENTED_EDGE('',*,*,#1928,.F.);
#2661=ORIENTED_EDGE('',*,*,#1890,.T.);
#2662=ORIENTED_EDGE('',*,*,#1928,.T.);
#2663=ORIENTED_EDGE('',*,*,#1929,.F.);
#2664=ORIENTED_EDGE('',*,*,#1930,.F.);
#2665=ORIENTED_EDGE('',*,*,#1893,.T.);
#2666=ORIENTED_EDGE('',*,*,#1930,.T.);
#2667=ORIENTED_EDGE('',*,*,#1931,.F.);
#2668=ORIENTED_EDGE('',*,*,#1932,.F.);
#2669=ORIENTED_EDGE('',*,*,#1896,.T.);
#2670=ORIENTED_EDGE('',*,*,#1884,.T.);
#2671=ORIENTED_EDGE('',*,*,#1889,.T.);
#2672=ORIENTED_EDGE('',*,*,#1933,.T.);
#2673=ORIENTED_EDGE('',*,*,#1934,.F.);
#2674=ORIENTED_EDGE('',*,*,#1935,.F.);
#2675=ORIENTED_EDGE('',*,*,#1932,.T.);
#2676=ORIENTED_EDGE('',*,*,#1936,.F.);
#2677=ORIENTED_EDGE('',*,*,#1937,.T.);
#2678=ORIENTED_EDGE('',*,*,#1938,.T.);
#2679=ORIENTED_EDGE('',*,*,#1920,.T.);
#2680=ORIENTED_EDGE('',*,*,#1939,.F.);
#2681=ORIENTED_EDGE('',*,*,#1940,.T.);
#2682=ORIENTED_EDGE('',*,*,#1941,.T.);
#2683=ORIENTED_EDGE('',*,*,#1907,.T.);
#2684=ORIENTED_EDGE('',*,*,#1651,.F.);
#2685=ORIENTED_EDGE('',*,*,#1942,.T.);
#2686=ORIENTED_EDGE('',*,*,#1943,.T.);
#2687=ORIENTED_EDGE('',*,*,#1597,.T.);
#2688=ORIENTED_EDGE('',*,*,#1944,.T.);
#2689=ORIENTED_EDGE('',*,*,#1657,.T.);
#2690=ORIENTED_EDGE('',*,*,#1589,.T.);
#2691=ORIENTED_EDGE('',*,*,#1897,.T.);
#2692=ORIENTED_EDGE('',*,*,#1938,.F.);
#2693=ORIENTED_EDGE('',*,*,#1945,.T.);
#2694=ORIENTED_EDGE('',*,*,#1946,.T.);
#2695=ORIENTED_EDGE('',*,*,#1947,.T.);
#2696=ORIENTED_EDGE('',*,*,#1948,.T.);
#2697=ORIENTED_EDGE('',*,*,#1937,.F.);
#2698=ORIENTED_EDGE('',*,*,#1949,.F.);
#2699=ORIENTED_EDGE('',*,*,#1950,.T.);
#2700=ORIENTED_EDGE('',*,*,#1951,.T.);
#2701=ORIENTED_EDGE('',*,*,#1940,.F.);
#2702=ORIENTED_EDGE('',*,*,#1952,.F.);
#2703=ORIENTED_EDGE('',*,*,#1953,.T.);
#2704=ORIENTED_EDGE('',*,*,#1954,.T.);
#2705=ORIENTED_EDGE('',*,*,#1942,.F.);
#2706=ORIENTED_EDGE('',*,*,#1650,.F.);
#2707=ORIENTED_EDGE('',*,*,#1596,.T.);
#2708=ORIENTED_EDGE('',*,*,#1955,.T.);
#2709=ORIENTED_EDGE('',*,*,#1658,.T.);
#2710=ORIENTED_EDGE('',*,*,#1944,.F.);
#2711=ORIENTED_EDGE('',*,*,#1956,.T.);
#2712=ORIENTED_EDGE('',*,*,#1957,.T.);
#2713=ORIENTED_EDGE('',*,*,#1945,.F.);
#2714=ORIENTED_EDGE('',*,*,#1948,.F.);
#2715=ORIENTED_EDGE('',*,*,#1881,.T.);
#2716=ORIENTED_EDGE('',*,*,#1958,.T.);
#2717=ORIENTED_EDGE('',*,*,#1947,.F.);
#2718=ORIENTED_EDGE('',*,*,#1959,.F.);
#2719=ORIENTED_EDGE('',*,*,#1960,.T.);
#2720=ORIENTED_EDGE('',*,*,#1961,.T.);
#2721=ORIENTED_EDGE('',*,*,#1950,.F.);
#2722=ORIENTED_EDGE('',*,*,#1962,.F.);
#2723=ORIENTED_EDGE('',*,*,#1963,.T.);
#2724=ORIENTED_EDGE('',*,*,#1964,.T.);
#2725=ORIENTED_EDGE('',*,*,#1953,.F.);
#2726=ORIENTED_EDGE('',*,*,#1649,.F.);
#2727=ORIENTED_EDGE('',*,*,#1595,.T.);
#2728=ORIENTED_EDGE('',*,*,#1965,.T.);
#2729=ORIENTED_EDGE('',*,*,#1659,.T.);
#2730=ORIENTED_EDGE('',*,*,#1955,.F.);
#2731=ORIENTED_EDGE('',*,*,#1878,.T.);
#2732=ORIENTED_EDGE('',*,*,#1966,.T.);
#2733=ORIENTED_EDGE('',*,*,#1967,.T.);
#2734=ORIENTED_EDGE('',*,*,#1956,.F.);
#2735=ORIENTED_EDGE('',*,*,#1958,.F.);
#2736=ORIENTED_EDGE('',*,*,#1880,.T.);
#2737=ORIENTED_EDGE('',*,*,#1968,.F.);
#2738=ORIENTED_EDGE('',*,*,#1969,.T.);
#2739=ORIENTED_EDGE('',*,*,#1970,.T.);
#2740=ORIENTED_EDGE('',*,*,#1971,.T.);
#2741=ORIENTED_EDGE('',*,*,#1972,.T.);
#2742=ORIENTED_EDGE('',*,*,#1960,.F.);
#2743=ORIENTED_EDGE('',*,*,#1973,.F.);
#2744=ORIENTED_EDGE('',*,*,#1974,.T.);
#2745=ORIENTED_EDGE('',*,*,#1975,.T.);
#2746=ORIENTED_EDGE('',*,*,#1963,.F.);
#2747=ORIENTED_EDGE('',*,*,#1648,.F.);
#2748=ORIENTED_EDGE('',*,*,#1594,.T.);
#2749=ORIENTED_EDGE('',*,*,#1976,.T.);
#2750=ORIENTED_EDGE('',*,*,#1660,.T.);
#2751=ORIENTED_EDGE('',*,*,#1965,.F.);
#2752=ORIENTED_EDGE('',*,*,#1877,.T.);
#2753=ORIENTED_EDGE('',*,*,#1970,.F.);
#2754=ORIENTED_EDGE('',*,*,#1977,.T.);
#2755=ORIENTED_EDGE('',*,*,#1978,.T.);
#2756=ORIENTED_EDGE('',*,*,#1966,.F.);
#2757=ORIENTED_EDGE('',*,*,#1867,.T.);
#2758=ORIENTED_EDGE('',*,*,#1979,.T.);
#2759=ORIENTED_EDGE('',*,*,#1969,.F.);
#2760=ORIENTED_EDGE('',*,*,#1980,.F.);
#2761=ORIENTED_EDGE('',*,*,#1852,.T.);
#2762=ORIENTED_EDGE('',*,*,#1981,.T.);
#2763=ORIENTED_EDGE('',*,*,#1971,.F.);
#2764=ORIENTED_EDGE('',*,*,#1982,.F.);
#2765=ORIENTED_EDGE('',*,*,#1839,.T.);
#2766=ORIENTED_EDGE('',*,*,#1983,.T.);
#2767=ORIENTED_EDGE('',*,*,#1974,.F.);
#2768=ORIENTED_EDGE('',*,*,#1647,.F.);
#2769=ORIENTED_EDGE('',*,*,#1593,.T.);
#2770=ORIENTED_EDGE('',*,*,#1836,.T.);
#2771=ORIENTED_EDGE('',*,*,#1661,.T.);
#2772=ORIENTED_EDGE('',*,*,#1976,.F.);
#2773=ORIENTED_EDGE('',*,*,#1822,.T.);
#2774=ORIENTED_EDGE('',*,*,#1984,.T.);
#2775=ORIENTED_EDGE('',*,*,#1977,.F.);
#2776=ORIENTED_EDGE('',*,*,#1979,.F.);
#2777=ORIENTED_EDGE('',*,*,#1876,.T.);
#2778=ORIENTED_EDGE('',*,*,#1985,.F.);
#2779=ORIENTED_EDGE('',*,*,#1986,.T.);
#2780=ORIENTED_EDGE('',*,*,#1987,.T.);
#2781=ORIENTED_EDGE('',*,*,#1864,.T.);
#2782=ORIENTED_EDGE('',*,*,#1988,.F.);
#2783=ORIENTED_EDGE('',*,*,#1989,.T.);
#2784=ORIENTED_EDGE('',*,*,#1990,.T.);
#2785=ORIENTED_EDGE('',*,*,#1848,.T.);
#2786=ORIENTED_EDGE('',*,*,#1640,.F.);
#2787=ORIENTED_EDGE('',*,*,#1991,.T.);
#2788=ORIENTED_EDGE('',*,*,#1992,.T.);
#2789=ORIENTED_EDGE('',*,*,#1615,.T.);
#2790=ORIENTED_EDGE('',*,*,#1993,.T.);
#2791=ORIENTED_EDGE('',*,*,#1664,.T.);
#2792=ORIENTED_EDGE('',*,*,#1683,.T.);
#2793=ORIENTED_EDGE('',*,*,#1834,.T.);
#2794=ORIENTED_EDGE('',*,*,#1987,.F.);
#2795=ORIENTED_EDGE('',*,*,#1994,.T.);
#2796=ORIENTED_EDGE('',*,*,#1995,.T.);
#2797=ORIENTED_EDGE('',*,*,#1814,.T.);
#2798=ORIENTED_EDGE('',*,*,#1996,.T.);
#2799=ORIENTED_EDGE('',*,*,#1986,.F.);
#2800=ORIENTED_EDGE('',*,*,#1997,.F.);
#2801=ORIENTED_EDGE('',*,*,#1808,.T.);
#2802=ORIENTED_EDGE('',*,*,#1998,.T.);
#2803=ORIENTED_EDGE('',*,*,#1989,.F.);
#2804=ORIENTED_EDGE('',*,*,#1999,.F.);
#2805=ORIENTED_EDGE('',*,*,#1803,.T.);
#2806=ORIENTED_EDGE('',*,*,#2000,.T.);
#2807=ORIENTED_EDGE('',*,*,#1991,.F.);
#2808=ORIENTED_EDGE('',*,*,#1639,.F.);
#2809=ORIENTED_EDGE('',*,*,#1614,.T.);
#2810=ORIENTED_EDGE('',*,*,#1693,.T.);
#2811=ORIENTED_EDGE('',*,*,#1665,.T.);
#2812=ORIENTED_EDGE('',*,*,#1993,.F.);
#2813=ORIENTED_EDGE('',*,*,#1792,.T.);
#2814=ORIENTED_EDGE('',*,*,#1797,.T.);
#2815=ORIENTED_EDGE('',*,*,#2001,.T.);
#2816=ORIENTED_EDGE('',*,*,#1994,.F.);
#2817=ORIENTED_EDGE('',*,*,#1996,.F.);
#2818=ORIENTED_EDGE('',*,*,#1819,.T.);
#2819=ORIENTED_EDGE('',*,*,#2002,.F.);
#2820=ORIENTED_EDGE('',*,*,#1789,.T.);
#2821=ORIENTED_EDGE('',*,*,#2003,.T.);
#2822=ORIENTED_EDGE('',*,*,#1811,.T.);
#2823=ORIENTED_EDGE('',*,*,#2004,.F.);
#2824=ORIENTED_EDGE('',*,*,#1786,.T.);
#2825=ORIENTED_EDGE('',*,*,#2005,.T.);
#2826=ORIENTED_EDGE('',*,*,#1804,.T.);
#2827=ORIENTED_EDGE('',*,*,#1636,.F.);
#2828=ORIENTED_EDGE('',*,*,#1783,.T.);
#2829=ORIENTED_EDGE('',*,*,#2006,.T.);
#2830=ORIENTED_EDGE('',*,*,#1799,.T.);
#2831=ORIENTED_EDGE('',*,*,#2003,.F.);
#2832=ORIENTED_EDGE('',*,*,#1779,.T.);
#2833=ORIENTED_EDGE('',*,*,#2007,.T.);
#2834=ORIENTED_EDGE('',*,*,#1788,.T.);
#2835=ORIENTED_EDGE('',*,*,#2008,.F.);
#2836=ORIENTED_EDGE('',*,*,#2009,.T.);
#2837=ORIENTED_EDGE('',*,*,#2010,.T.);
#2838=ORIENTED_EDGE('',*,*,#1784,.T.);
#2839=ORIENTED_EDGE('',*,*,#2011,.F.);
#2840=ORIENTED_EDGE('',*,*,#2012,.T.);
#2841=ORIENTED_EDGE('',*,*,#2013,.T.);
#2842=ORIENTED_EDGE('',*,*,#1781,.T.);
#2843=ORIENTED_EDGE('',*,*,#1634,.F.);
#2844=ORIENTED_EDGE('',*,*,#2014,.T.);
#2845=ORIENTED_EDGE('',*,*,#2015,.T.);
#2846=ORIENTED_EDGE('',*,*,#1777,.T.);
#2847=ORIENTED_EDGE('',*,*,#2010,.F.);
#2848=ORIENTED_EDGE('',*,*,#2016,.T.);
#2849=ORIENTED_EDGE('',*,*,#2017,.T.);
#2850=ORIENTED_EDGE('',*,*,#2018,.T.);
#2851=ORIENTED_EDGE('',*,*,#2019,.T.);
#2852=ORIENTED_EDGE('',*,*,#2009,.F.);
#2853=ORIENTED_EDGE('',*,*,#2020,.F.);
#2854=ORIENTED_EDGE('',*,*,#2021,.T.);
#2855=ORIENTED_EDGE('',*,*,#2022,.T.);
#2856=ORIENTED_EDGE('',*,*,#2012,.F.);
#2857=ORIENTED_EDGE('',*,*,#2023,.F.);
#2858=ORIENTED_EDGE('',*,*,#2024,.T.);
#2859=ORIENTED_EDGE('',*,*,#2025,.T.);
#2860=ORIENTED_EDGE('',*,*,#2014,.F.);
#2861=ORIENTED_EDGE('',*,*,#1633,.F.);
#2862=ORIENTED_EDGE('',*,*,#2026,.T.);
#2863=ORIENTED_EDGE('',*,*,#2027,.T.);
#2864=ORIENTED_EDGE('',*,*,#2016,.F.);
#2865=ORIENTED_EDGE('',*,*,#2019,.F.);
#2866=ORIENTED_EDGE('',*,*,#1763,.T.);
#2867=ORIENTED_EDGE('',*,*,#2028,.T.);
#2868=ORIENTED_EDGE('',*,*,#2018,.F.);
#2869=ORIENTED_EDGE('',*,*,#2029,.F.);
#2870=ORIENTED_EDGE('',*,*,#1745,.T.);
#2871=ORIENTED_EDGE('',*,*,#2030,.T.);
#2872=ORIENTED_EDGE('',*,*,#2021,.F.);
#2873=ORIENTED_EDGE('',*,*,#2031,.F.);
#2874=ORIENTED_EDGE('',*,*,#1732,.T.);
#2875=ORIENTED_EDGE('',*,*,#2032,.T.);
#2876=ORIENTED_EDGE('',*,*,#2024,.F.);
#2877=ORIENTED_EDGE('',*,*,#1632,.F.);
#2878=ORIENTED_EDGE('',*,*,#1709,.T.);
#2879=ORIENTED_EDGE('',*,*,#1714,.T.);
#2880=ORIENTED_EDGE('',*,*,#2033,.T.);
#2881=ORIENTED_EDGE('',*,*,#2026,.F.);
#2882=ORIENTED_EDGE('',*,*,#2028,.F.);
#2883=ORIENTED_EDGE('',*,*,#1776,.T.);
#2884=ORIENTED_EDGE('',*,*,#2034,.F.);
#2885=ORIENTED_EDGE('',*,*,#2035,.T.);
#2886=ORIENTED_EDGE('',*,*,#2036,.T.);
#2887=ORIENTED_EDGE('',*,*,#2034,.T.);
#2888=ORIENTED_EDGE('',*,*,#1775,.T.);
#2889=ORIENTED_EDGE('',*,*,#1773,.T.);
#2890=ORIENTED_EDGE('',*,*,#1771,.T.);
#2891=ORIENTED_EDGE('',*,*,#1769,.T.);
#2892=ORIENTED_EDGE('',*,*,#1767,.T.);
#2893=ORIENTED_EDGE('',*,*,#1765,.T.);
#2894=ORIENTED_EDGE('',*,*,#1764,.T.);
#2895=ORIENTED_EDGE('',*,*,#2029,.T.);
#2896=ORIENTED_EDGE('',*,*,#2020,.T.);
#2897=ORIENTED_EDGE('',*,*,#2008,.T.);
#2898=ORIENTED_EDGE('',*,*,#1790,.T.);
#2899=ORIENTED_EDGE('',*,*,#2002,.T.);
#2900=ORIENTED_EDGE('',*,*,#1818,.T.);
#2901=ORIENTED_EDGE('',*,*,#1816,.T.);
#2902=ORIENTED_EDGE('',*,*,#1815,.T.);
#2903=ORIENTED_EDGE('',*,*,#1997,.T.);
#2904=ORIENTED_EDGE('',*,*,#1985,.T.);
#2905=ORIENTED_EDGE('',*,*,#1875,.T.);
#2906=ORIENTED_EDGE('',*,*,#1873,.T.);
#2907=ORIENTED_EDGE('',*,*,#1871,.T.);
#2908=ORIENTED_EDGE('',*,*,#1869,.T.);
#2909=ORIENTED_EDGE('',*,*,#1868,.T.);
#2910=ORIENTED_EDGE('',*,*,#1980,.T.);
#2911=ORIENTED_EDGE('',*,*,#1968,.T.);
#2912=ORIENTED_EDGE('',*,*,#1882,.T.);
#2913=ORIENTED_EDGE('',*,*,#1959,.T.);
#2914=ORIENTED_EDGE('',*,*,#1949,.T.);
#2915=ORIENTED_EDGE('',*,*,#1936,.T.);
#2916=ORIENTED_EDGE('',*,*,#1931,.T.);
#2917=ORIENTED_EDGE('',*,*,#1929,.T.);
#2918=ORIENTED_EDGE('',*,*,#1927,.T.);
#2919=ORIENTED_EDGE('',*,*,#1925,.T.);
#2920=ORIENTED_EDGE('',*,*,#1924,.T.);
#2921=ORIENTED_EDGE('',*,*,#2037,.T.);
#2922=ORIENTED_EDGE('',*,*,#2038,.F.);
#2923=ORIENTED_EDGE('',*,*,#1910,.F.);
#2924=ORIENTED_EDGE('',*,*,#1915,.F.);
#2925=ORIENTED_EDGE('',*,*,#1918,.F.);
#2926=ORIENTED_EDGE('',*,*,#1921,.F.);
#2927=ORIENTED_EDGE('',*,*,#1941,.F.);
#2928=ORIENTED_EDGE('',*,*,#1951,.F.);
#2929=ORIENTED_EDGE('',*,*,#1961,.F.);
#2930=ORIENTED_EDGE('',*,*,#1972,.F.);
#2931=ORIENTED_EDGE('',*,*,#1981,.F.);
#2932=ORIENTED_EDGE('',*,*,#1851,.F.);
#2933=ORIENTED_EDGE('',*,*,#1856,.F.);
#2934=ORIENTED_EDGE('',*,*,#1859,.F.);
#2935=ORIENTED_EDGE('',*,*,#1862,.F.);
#2936=ORIENTED_EDGE('',*,*,#1865,.F.);
#2937=ORIENTED_EDGE('',*,*,#1990,.F.);
#2938=ORIENTED_EDGE('',*,*,#1998,.F.);
#2939=ORIENTED_EDGE('',*,*,#1807,.F.);
#2940=ORIENTED_EDGE('',*,*,#1812,.F.);
#2941=ORIENTED_EDGE('',*,*,#2005,.F.);
#2942=ORIENTED_EDGE('',*,*,#1785,.F.);
#2943=ORIENTED_EDGE('',*,*,#2013,.F.);
#2944=ORIENTED_EDGE('',*,*,#2022,.F.);
#2945=ORIENTED_EDGE('',*,*,#2030,.F.);
#2946=ORIENTED_EDGE('',*,*,#1744,.F.);
#2947=ORIENTED_EDGE('',*,*,#1749,.F.);
#2948=ORIENTED_EDGE('',*,*,#1752,.F.);
#2949=ORIENTED_EDGE('',*,*,#1755,.F.);
#2950=ORIENTED_EDGE('',*,*,#1758,.F.);
#2951=ORIENTED_EDGE('',*,*,#1761,.F.);
#2952=ORIENTED_EDGE('',*,*,#2039,.F.);
#2953=ORIENTED_EDGE('',*,*,#1760,.T.);
#2954=ORIENTED_EDGE('',*,*,#2040,.F.);
#2955=ORIENTED_EDGE('',*,*,#2041,.T.);
#2956=ORIENTED_EDGE('',*,*,#2039,.T.);
#2957=ORIENTED_EDGE('',*,*,#2040,.T.);
#2958=ORIENTED_EDGE('',*,*,#1759,.T.);
#2959=ORIENTED_EDGE('',*,*,#1756,.T.);
#2960=ORIENTED_EDGE('',*,*,#1753,.T.);
#2961=ORIENTED_EDGE('',*,*,#1750,.T.);
#2962=ORIENTED_EDGE('',*,*,#1747,.T.);
#2963=ORIENTED_EDGE('',*,*,#1746,.T.);
#2964=ORIENTED_EDGE('',*,*,#2031,.T.);
#2965=ORIENTED_EDGE('',*,*,#2023,.T.);
#2966=ORIENTED_EDGE('',*,*,#2011,.T.);
#2967=ORIENTED_EDGE('',*,*,#1787,.T.);
#2968=ORIENTED_EDGE('',*,*,#2004,.T.);
#2969=ORIENTED_EDGE('',*,*,#1810,.T.);
#2970=ORIENTED_EDGE('',*,*,#1809,.T.);
#2971=ORIENTED_EDGE('',*,*,#1999,.T.);
#2972=ORIENTED_EDGE('',*,*,#1988,.T.);
#2973=ORIENTED_EDGE('',*,*,#1863,.T.);
#2974=ORIENTED_EDGE('',*,*,#1860,.T.);
#2975=ORIENTED_EDGE('',*,*,#1857,.T.);
#2976=ORIENTED_EDGE('',*,*,#1854,.T.);
#2977=ORIENTED_EDGE('',*,*,#1853,.T.);
#2978=ORIENTED_EDGE('',*,*,#1982,.T.);
#2979=ORIENTED_EDGE('',*,*,#1973,.T.);
#2980=ORIENTED_EDGE('',*,*,#1962,.T.);
#2981=ORIENTED_EDGE('',*,*,#1952,.T.);
#2982=ORIENTED_EDGE('',*,*,#1939,.T.);
#2983=ORIENTED_EDGE('',*,*,#1919,.T.);
#2984=ORIENTED_EDGE('',*,*,#1916,.T.);
#2985=ORIENTED_EDGE('',*,*,#1913,.T.);
#2986=ORIENTED_EDGE('',*,*,#1912,.T.);
#2987=ORIENTED_EDGE('',*,*,#2042,.T.);
#2988=ORIENTED_EDGE('',*,*,#2043,.F.);
#2989=ORIENTED_EDGE('',*,*,#1901,.F.);
#2990=ORIENTED_EDGE('',*,*,#1904,.F.);
#2991=ORIENTED_EDGE('',*,*,#1906,.F.);
#2992=ORIENTED_EDGE('',*,*,#1908,.F.);
#2993=ORIENTED_EDGE('',*,*,#1943,.F.);
#2994=ORIENTED_EDGE('',*,*,#1954,.F.);
#2995=ORIENTED_EDGE('',*,*,#1964,.F.);
#2996=ORIENTED_EDGE('',*,*,#1975,.F.);
#2997=ORIENTED_EDGE('',*,*,#1983,.F.);
#2998=ORIENTED_EDGE('',*,*,#1838,.F.);
#2999=ORIENTED_EDGE('',*,*,#1841,.F.);
#3000=ORIENTED_EDGE('',*,*,#1843,.F.);
#3001=ORIENTED_EDGE('',*,*,#1845,.F.);
#3002=ORIENTED_EDGE('',*,*,#1847,.F.);
#3003=ORIENTED_EDGE('',*,*,#1849,.F.);
#3004=ORIENTED_EDGE('',*,*,#1992,.F.);
#3005=ORIENTED_EDGE('',*,*,#2000,.F.);
#3006=ORIENTED_EDGE('',*,*,#1802,.F.);
#3007=ORIENTED_EDGE('',*,*,#1805,.F.);
#3008=ORIENTED_EDGE('',*,*,#2006,.F.);
#3009=ORIENTED_EDGE('',*,*,#1782,.F.);
#3010=ORIENTED_EDGE('',*,*,#2015,.F.);
#3011=ORIENTED_EDGE('',*,*,#2025,.F.);
#3012=ORIENTED_EDGE('',*,*,#2032,.F.);
#3013=ORIENTED_EDGE('',*,*,#1731,.F.);
#3014=ORIENTED_EDGE('',*,*,#1734,.F.);
#3015=ORIENTED_EDGE('',*,*,#1736,.F.);
#3016=ORIENTED_EDGE('',*,*,#1738,.F.);
#3017=ORIENTED_EDGE('',*,*,#1740,.F.);
#3018=ORIENTED_EDGE('',*,*,#1742,.F.);
#3019=ORIENTED_EDGE('',*,*,#2044,.F.);
#3020=ORIENTED_EDGE('',*,*,#1741,.T.);
#3021=ORIENTED_EDGE('',*,*,#1625,.F.);
#3022=ORIENTED_EDGE('',*,*,#2045,.T.);
#3023=ORIENTED_EDGE('',*,*,#2044,.T.);
#3024=ORIENTED_EDGE('',*,*,#1535,.T.);
#3025=ORIENTED_EDGE('',*,*,#1899,.F.);
#3026=ORIENTED_EDGE('',*,*,#1539,.T.);
#3027=ORIENTED_EDGE('',*,*,#2046,.F.);
#3028=ORIENTED_EDGE('',*,*,#1933,.F.);
#3029=ORIENTED_EDGE('',*,*,#1888,.F.);
#3030=ORIENTED_EDGE('',*,*,#1892,.F.);
#3031=ORIENTED_EDGE('',*,*,#1895,.F.);
#3032=ORIENTED_EDGE('',*,*,#1898,.F.);
#3033=ORIENTED_EDGE('',*,*,#1946,.F.);
#3034=ORIENTED_EDGE('',*,*,#1957,.F.);
#3035=ORIENTED_EDGE('',*,*,#1967,.F.);
#3036=ORIENTED_EDGE('',*,*,#1978,.F.);
#3037=ORIENTED_EDGE('',*,*,#1984,.F.);
#3038=ORIENTED_EDGE('',*,*,#1821,.F.);
#3039=ORIENTED_EDGE('',*,*,#1826,.F.);
#3040=ORIENTED_EDGE('',*,*,#1829,.F.);
#3041=ORIENTED_EDGE('',*,*,#1832,.F.);
#3042=ORIENTED_EDGE('',*,*,#1835,.F.);
#3043=ORIENTED_EDGE('',*,*,#1995,.F.);
#3044=ORIENTED_EDGE('',*,*,#2001,.F.);
#3045=ORIENTED_EDGE('',*,*,#1796,.F.);
#3046=ORIENTED_EDGE('',*,*,#1800,.F.);
#3047=ORIENTED_EDGE('',*,*,#2007,.F.);
#3048=ORIENTED_EDGE('',*,*,#1778,.F.);
#3049=ORIENTED_EDGE('',*,*,#2017,.F.);
#3050=ORIENTED_EDGE('',*,*,#2027,.F.);
#3051=ORIENTED_EDGE('',*,*,#2033,.F.);
#3052=ORIENTED_EDGE('',*,*,#1713,.F.);
#3053=ORIENTED_EDGE('',*,*,#1717,.F.);
#3054=ORIENTED_EDGE('',*,*,#1720,.F.);
#3055=ORIENTED_EDGE('',*,*,#1723,.F.);
#3056=ORIENTED_EDGE('',*,*,#1726,.F.);
#3057=ORIENTED_EDGE('',*,*,#1729,.F.);
#3058=ORIENTED_EDGE('',*,*,#2047,.F.);
#3059=ORIENTED_EDGE('',*,*,#1685,.T.);
#3060=ORIENTED_EDGE('',*,*,#1688,.T.);
#3061=ORIENTED_EDGE('',*,*,#1690,.T.);
#3062=ORIENTED_EDGE('',*,*,#1691,.T.);
#3063=ORIENTED_EDGE('',*,*,#1728,.T.);
#3064=ORIENTED_EDGE('',*,*,#2036,.F.);
#3065=ORIENTED_EDGE('',*,*,#2048,.T.);
#3066=ORIENTED_EDGE('',*,*,#2047,.T.);
#3067=ORIENTED_EDGE('',*,*,#2049,.T.);
#3068=ORIENTED_EDGE('',*,*,#2035,.F.);
#3069=ORIENTED_EDGE('',*,*,#2037,.F.);
#3070=ORIENTED_EDGE('',*,*,#1923,.T.);
#3071=ORIENTED_EDGE('',*,*,#1935,.T.);
#3072=ORIENTED_EDGE('',*,*,#2038,.T.);
#3073=ORIENTED_EDGE('',*,*,#2041,.F.);
#3074=ORIENTED_EDGE('',*,*,#2042,.F.);
#3075=ORIENTED_EDGE('',*,*,#1911,.T.);
#3076=ORIENTED_EDGE('',*,*,#2043,.T.);
#3077=ORIENTED_EDGE('',*,*,#2045,.F.);
#3078=ORIENTED_EDGE('',*,*,#1656,.F.);
#3079=ORIENTED_EDGE('',*,*,#1902,.T.);
#3080=ORIENTED_EDGE('',*,*,#1934,.T.);
#3081=ORIENTED_EDGE('',*,*,#2046,.T.);
#3082=ORIENTED_EDGE('',*,*,#2048,.F.);
#3083=ORIENTED_EDGE('',*,*,#2049,.F.);
#3084=PLANE('',#3317);
#3085=PLANE('',#3318);
#3086=PLANE('',#3319);
#3087=PLANE('',#3320);
#3088=PLANE('',#3321);
#3089=PLANE('',#3322);
#3090=PLANE('',#3323);
#3091=PLANE('',#3324);
#3092=PLANE('',#3325);
#3093=PLANE('',#3326);
#3094=PLANE('',#3327);
#3095=PLANE('',#3328);
#3096=PLANE('',#3329);
#3097=PLANE('',#3330);
#3098=PLANE('',#3331);
#3099=PLANE('',#3332);
#3100=PLANE('',#3333);
#3101=PLANE('',#3334);
#3102=PLANE('',#3335);
#3103=PLANE('',#3336);
#3104=PLANE('',#3337);
#3105=PLANE('',#3338);
#3106=PLANE('',#3339);
#3107=PLANE('',#3340);
#3108=PLANE('',#3341);
#3109=PLANE('',#3342);
#3110=PLANE('',#3343);
#3111=PLANE('',#3344);
#3112=PLANE('',#3345);
#3113=PLANE('',#3346);
#3114=PLANE('',#3347);
#3115=PLANE('',#3348);
#3116=PLANE('',#3349);
#3117=PLANE('',#3350);
#3118=PLANE('',#3351);
#3119=PLANE('',#3352);
#3120=PLANE('',#3353);
#3121=PLANE('',#3354);
#3122=PLANE('',#3355);
#3123=PLANE('',#3356);
#3124=PLANE('',#3357);
#3125=PLANE('',#3358);
#3126=ADVANCED_FACE('',(#168),#3084,.T.);
#3127=ADVANCED_FACE('',(#169),#3085,.T.);
#3128=ADVANCED_FACE('',(#170),#3086,.T.);
#3129=ADVANCED_FACE('',(#171),#3087,.T.);
#3130=ADVANCED_FACE('',(#172),#3088,.T.);
#3131=ADVANCED_FACE('',(#173),#3089,.T.);
#3132=ADVANCED_FACE('',(#174),#3090,.T.);
#3133=ADVANCED_FACE('',(#175),#3091,.T.);
#3134=ADVANCED_FACE('',(#176),#3092,.T.);
#3135=ADVANCED_FACE('',(#177),#3093,.T.);
#3136=ADVANCED_FACE('',(#178),#3094,.T.);
#3137=ADVANCED_FACE('',(#179),#3095,.T.);
#3138=ADVANCED_FACE('',(#180),#3096,.F.);
#3139=ADVANCED_FACE('',(#181),#22,.T.);
#3140=ADVANCED_FACE('',(#182),#23,.T.);
#3141=ADVANCED_FACE('',(#183),#3097,.F.);
#3142=ADVANCED_FACE('',(#184,#17),#3098,.F.);
#3143=ADVANCED_FACE('',(#185),#24,.T.);
#3144=ADVANCED_FACE('',(#186,#18),#3099,.T.);
#3145=ADVANCED_FACE('',(#187),#3100,.T.);
#3146=ADVANCED_FACE('',(#188),#25,.T.);
#3147=ADVANCED_FACE('',(#189),#3101,.T.);
#3148=ADVANCED_FACE('',(#190),#3102,.T.);
#3149=ADVANCED_FACE('',(#191),#3103,.T.);
#3150=ADVANCED_FACE('',(#192),#3104,.T.);
#3151=ADVANCED_FACE('',(#193),#26,.T.);
#3152=ADVANCED_FACE('',(#194),#27,.T.);
#3153=ADVANCED_FACE('',(#195),#28,.T.);
#3154=ADVANCED_FACE('',(#196),#29,.T.);
#3155=ADVANCED_FACE('',(#197),#30,.T.);
#3156=ADVANCED_FACE('',(#198),#31,.T.);
#3157=ADVANCED_FACE('',(#199),#3105,.T.);
#3158=ADVANCED_FACE('',(#200),#32,.T.);
#3159=ADVANCED_FACE('',(#201),#33,.T.);
#3160=ADVANCED_FACE('',(#202),#34,.T.);
#3161=ADVANCED_FACE('',(#203),#35,.T.);
#3162=ADVANCED_FACE('',(#204),#36,.T.);
#3163=ADVANCED_FACE('',(#205),#37,.T.);
#3164=ADVANCED_FACE('',(#206),#38,.T.);
#3165=ADVANCED_FACE('',(#207),#3106,.T.);
#3166=ADVANCED_FACE('',(#208),#3107,.T.);
#3167=ADVANCED_FACE('',(#209),#39,.T.);
#3168=ADVANCED_FACE('',(#210),#40,.T.);
#3169=ADVANCED_FACE('',(#211),#41,.T.);
#3170=ADVANCED_FACE('',(#212),#42,.T.);
#3171=ADVANCED_FACE('',(#213),#43,.T.);
#3172=ADVANCED_FACE('',(#214),#44,.T.);
#3173=ADVANCED_FACE('',(#215),#45,.T.);
#3174=ADVANCED_FACE('',(#216),#46,.T.);
#3175=ADVANCED_FACE('',(#217),#47,.T.);
#3176=ADVANCED_FACE('',(#218),#48,.T.);
#3177=ADVANCED_FACE('',(#219),#49,.T.);
#3178=ADVANCED_FACE('',(#220),#50,.T.);
#3179=ADVANCED_FACE('',(#221),#51,.T.);
#3180=ADVANCED_FACE('',(#222),#52,.T.);
#3181=ADVANCED_FACE('',(#223),#53,.T.);
#3182=ADVANCED_FACE('',(#224),#54,.T.);
#3183=ADVANCED_FACE('',(#225),#55,.T.);
#3184=ADVANCED_FACE('',(#226),#56,.T.);
#3185=ADVANCED_FACE('',(#227),#57,.T.);
#3186=ADVANCED_FACE('',(#228),#58,.T.);
#3187=ADVANCED_FACE('',(#229),#59,.T.);
#3188=ADVANCED_FACE('',(#230),#60,.T.);
#3189=ADVANCED_FACE('',(#231),#61,.T.);
#3190=ADVANCED_FACE('',(#232),#62,.T.);
#3191=ADVANCED_FACE('',(#233),#63,.T.);
#3192=ADVANCED_FACE('',(#234),#64,.T.);
#3193=ADVANCED_FACE('',(#235),#65,.T.);
#3194=ADVANCED_FACE('',(#236),#66,.T.);
#3195=ADVANCED_FACE('',(#237),#67,.T.);
#3196=ADVANCED_FACE('',(#238),#68,.T.);
#3197=ADVANCED_FACE('',(#239),#69,.T.);
#3198=ADVANCED_FACE('',(#240),#70,.T.);
#3199=ADVANCED_FACE('',(#241),#71,.T.);
#3200=ADVANCED_FACE('',(#242),#72,.T.);
#3201=ADVANCED_FACE('',(#243),#73,.T.);
#3202=ADVANCED_FACE('',(#244),#74,.T.);
#3203=ADVANCED_FACE('',(#245),#75,.T.);
#3204=ADVANCED_FACE('',(#246),#76,.T.);
#3205=ADVANCED_FACE('',(#247),#77,.T.);
#3206=ADVANCED_FACE('',(#248),#78,.T.);
#3207=ADVANCED_FACE('',(#249),#79,.T.);
#3208=ADVANCED_FACE('',(#250),#80,.T.);
#3209=ADVANCED_FACE('',(#251),#81,.T.);
#3210=ADVANCED_FACE('',(#252),#82,.T.);
#3211=ADVANCED_FACE('',(#253),#83,.T.);
#3212=ADVANCED_FACE('',(#254),#84,.T.);
#3213=ADVANCED_FACE('',(#255),#85,.T.);
#3214=ADVANCED_FACE('',(#256),#86,.T.);
#3215=ADVANCED_FACE('',(#257),#87,.T.);
#3216=ADVANCED_FACE('',(#258),#88,.T.);
#3217=ADVANCED_FACE('',(#259),#89,.T.);
#3218=ADVANCED_FACE('',(#260),#90,.T.);
#3219=ADVANCED_FACE('',(#261),#91,.T.);
#3220=ADVANCED_FACE('',(#262),#92,.T.);
#3221=ADVANCED_FACE('',(#263),#93,.T.);
#3222=ADVANCED_FACE('',(#264),#94,.T.);
#3223=ADVANCED_FACE('',(#265),#95,.T.);
#3224=ADVANCED_FACE('',(#266),#96,.T.);
#3225=ADVANCED_FACE('',(#267),#97,.T.);
#3226=ADVANCED_FACE('',(#268),#98,.T.);
#3227=ADVANCED_FACE('',(#269),#99,.T.);
#3228=ADVANCED_FACE('',(#270),#100,.T.);
#3229=ADVANCED_FACE('',(#271),#101,.T.);
#3230=ADVANCED_FACE('',(#272),#102,.T.);
#3231=ADVANCED_FACE('',(#273),#103,.T.);
#3232=ADVANCED_FACE('',(#274),#104,.T.);
#3233=ADVANCED_FACE('',(#275),#105,.T.);
#3234=ADVANCED_FACE('',(#276),#106,.T.);
#3235=ADVANCED_FACE('',(#277),#107,.T.);
#3236=ADVANCED_FACE('',(#278),#108,.T.);
#3237=ADVANCED_FACE('',(#279),#109,.T.);
#3238=ADVANCED_FACE('',(#280),#110,.T.);
#3239=ADVANCED_FACE('',(#281),#111,.T.);
#3240=ADVANCED_FACE('',(#282),#112,.T.);
#3241=ADVANCED_FACE('',(#283),#113,.T.);
#3242=ADVANCED_FACE('',(#284),#114,.T.);
#3243=ADVANCED_FACE('',(#285),#115,.T.);
#3244=ADVANCED_FACE('',(#286),#116,.T.);
#3245=ADVANCED_FACE('',(#287),#117,.T.);
#3246=ADVANCED_FACE('',(#288),#118,.T.);
#3247=ADVANCED_FACE('',(#289),#119,.T.);
#3248=ADVANCED_FACE('',(#290),#120,.T.);
#3249=ADVANCED_FACE('',(#291),#121,.T.);
#3250=ADVANCED_FACE('',(#292),#122,.T.);
#3251=ADVANCED_FACE('',(#293),#123,.T.);
#3252=ADVANCED_FACE('',(#294),#124,.T.);
#3253=ADVANCED_FACE('',(#295),#125,.T.);
#3254=ADVANCED_FACE('',(#296),#126,.T.);
#3255=ADVANCED_FACE('',(#297),#127,.T.);
#3256=ADVANCED_FACE('',(#298),#128,.T.);
#3257=ADVANCED_FACE('',(#299),#129,.T.);
#3258=ADVANCED_FACE('',(#300),#130,.T.);
#3259=ADVANCED_FACE('',(#301),#131,.T.);
#3260=ADVANCED_FACE('',(#302),#132,.T.);
#3261=ADVANCED_FACE('',(#303),#133,.T.);
#3262=ADVANCED_FACE('',(#304),#3108,.T.);
#3263=ADVANCED_FACE('',(#305),#3109,.T.);
#3264=ADVANCED_FACE('',(#306),#3110,.T.);
#3265=ADVANCED_FACE('',(#307),#3111,.T.);
#3266=ADVANCED_FACE('',(#308),#134,.T.);
#3267=ADVANCED_FACE('',(#309),#135,.T.);
#3268=ADVANCED_FACE('',(#310),#136,.T.);
#3269=ADVANCED_FACE('',(#311),#137,.T.);
#3270=ADVANCED_FACE('',(#312),#138,.T.);
#3271=ADVANCED_FACE('',(#313),#139,.T.);
#3272=ADVANCED_FACE('',(#314),#140,.T.);
#3273=ADVANCED_FACE('',(#315),#141,.T.);
#3274=ADVANCED_FACE('',(#316),#142,.T.);
#3275=ADVANCED_FACE('',(#317),#143,.T.);
#3276=ADVANCED_FACE('',(#318),#144,.T.);
#3277=ADVANCED_FACE('',(#319),#145,.T.);
#3278=ADVANCED_FACE('',(#320),#146,.T.);
#3279=ADVANCED_FACE('',(#321),#147,.T.);
#3280=ADVANCED_FACE('',(#322),#148,.T.);
#3281=ADVANCED_FACE('',(#323),#149,.T.);
#3282=ADVANCED_FACE('',(#324),#3112,.T.);
#3283=ADVANCED_FACE('',(#325),#3113,.T.);
#3284=ADVANCED_FACE('',(#326),#3114,.T.);
#3285=ADVANCED_FACE('',(#327),#3115,.T.);
#3286=ADVANCED_FACE('',(#328),#150,.T.);
#3287=ADVANCED_FACE('',(#329),#151,.T.);
#3288=ADVANCED_FACE('',(#330),#152,.T.);
#3289=ADVANCED_FACE('',(#331),#153,.T.);
#3290=ADVANCED_FACE('',(#332),#154,.T.);
#3291=ADVANCED_FACE('',(#333),#155,.T.);
#3292=ADVANCED_FACE('',(#334),#156,.T.);
#3293=ADVANCED_FACE('',(#335),#157,.T.);
#3294=ADVANCED_FACE('',(#336),#158,.T.);
#3295=ADVANCED_FACE('',(#337),#159,.T.);
#3296=ADVANCED_FACE('',(#338),#160,.T.);
#3297=ADVANCED_FACE('',(#339),#161,.T.);
#3298=ADVANCED_FACE('',(#340),#162,.T.);
#3299=ADVANCED_FACE('',(#341),#3116,.T.);
#3300=ADVANCED_FACE('',(#342),#3117,.T.);
#3301=ADVANCED_FACE('',(#343),#3118,.T.);
#3302=ADVANCED_FACE('',(#344),#163,.T.);
#3303=ADVANCED_FACE('',(#345),#164,.T.);
#3304=ADVANCED_FACE('',(#346,#19),#3119,.T.);
#3305=ADVANCED_FACE('',(#347),#165,.T.);
#3306=ADVANCED_FACE('',(#348,#20),#3120,.T.);
#3307=ADVANCED_FACE('',(#349),#166,.T.);
#3308=ADVANCED_FACE('',(#350),#3121,.T.);
#3309=ADVANCED_FACE('',(#351,#21),#3122,.T.);
#3310=ADVANCED_FACE('',(#352),#167,.T.);
#3311=ADVANCED_FACE('',(#353),#3123,.T.);
#3312=ADVANCED_FACE('',(#354),#3124,.T.);
#3313=ADVANCED_FACE('',(#355),#3125,.T.);
#3314=ADVANCED_FACE('',(#356),#15,.T.);
#3315=CLOSED_SHELL('',(#3126,#3127,#3128,#3129,#3130,#3131,#3132,#3133,
#3134,#3135,#3136,#3137,#3138,#3139,#3140,#3141,#3142,#3143,#3144,#3145,
#3146,#3147,#3148,#3149,#3150,#3151,#3152,#3153,#3154,#3155,#3156,#3157,
#3158,#3159,#3160,#3161,#3162,#3163,#3164,#3165,#3166,#3167,#3168,#3169,
#3170,#3171,#3172,#3173,#3174,#3175,#3176,#3177,#3178,#3179,#3180,#3181,
#3182,#3183,#3184,#3185,#3186,#3187,#3188,#3189,#3190,#3191,#3192,#3193,
#3194,#3195,#3196,#3197,#3198,#3199,#3200,#3201,#3202,#3203,#3204,#3205,
#3206,#3207,#3208,#3209,#3210,#3211,#3212,#3213,#3214,#3215,#3216,#3217,
#3218,#3219,#3220,#3221,#3222,#3223,#3224,#3225,#3226,#3227,#3228,#3229,
#3230,#3231,#3232,#3233,#3234,#3235,#3236,#3237,#3238,#3239,#3240,#3241,
#3242,#3243,#3244,#3245,#3246,#3247,#3248,#3249,#3250,#3251,#3252,#3253,
#3254,#3255,#3256,#3257,#3258,#3259,#3260,#3261,#3262,#3263,#3264,#3265,
#3266,#3267,#3268,#3269,#3270,#3271,#3272,#3273,#3274,#3275,#3276,#3277,
#3278,#3279,#3280,#3281,#3282,#3283,#3284,#3285,#3286,#3287,#3288,#3289,
#3290,#3291,#3292,#3293,#3294,#3295,#3296,#3297,#3298,#3299,#3300,#3301,
#3302,#3303,#3304,#3305,#3306,#3307,#3308,#3309,#3310,#3311,#3312,#3313,
#3314));
#3316=AXIS2_PLACEMENT_3D('',#3578,#3359,#3360);
#3317=AXIS2_PLACEMENT_3D('',#3579,#3361,#3362);
#3318=AXIS2_PLACEMENT_3D('',#3597,#3368,#3369);
#3319=AXIS2_PLACEMENT_3D('',#3621,#3375,#3376);
#3320=AXIS2_PLACEMENT_3D('',#3636,#3381,#3382);
#3321=AXIS2_PLACEMENT_3D('',#3642,#3386,#3387);
#3322=AXIS2_PLACEMENT_3D('',#3648,#3391,#3392);
#3323=AXIS2_PLACEMENT_3D('',#3654,#3396,#3397);
#3324=AXIS2_PLACEMENT_3D('',#3660,#3401,#3402);
#3325=AXIS2_PLACEMENT_3D('',#3666,#3406,#3407);
#3326=AXIS2_PLACEMENT_3D('',#3672,#3411,#3412);
#3327=AXIS2_PLACEMENT_3D('',#3687,#3417,#3418);
#3328=AXIS2_PLACEMENT_3D('',#3711,#3424,#3425);
#3329=AXIS2_PLACEMENT_3D('',#3723,#3429,#3430);
#3330=AXIS2_PLACEMENT_3D('',#3786,#3431,#3432);
#3331=AXIS2_PLACEMENT_3D('',#3818,#3434,#3435);
#3332=AXIS2_PLACEMENT_3D('',#3952,#3444,#3445);
#3333=AXIS2_PLACEMENT_3D('',#4211,#3455,#3456);
#3334=AXIS2_PLACEMENT_3D('',#4236,#3457,#3458);
#3335=AXIS2_PLACEMENT_3D('',#4242,#3462,#3463);
#3336=AXIS2_PLACEMENT_3D('',#4246,#3466,#3467);
#3337=AXIS2_PLACEMENT_3D('',#4250,#3470,#3471);
#3338=AXIS2_PLACEMENT_3D('',#4371,#3476,#3477);
#3339=AXIS2_PLACEMENT_3D('',#4517,#3479,#3480);
#3340=AXIS2_PLACEMENT_3D('',#4519,#3482,#3483);
#3341=AXIS2_PLACEMENT_3D('',#8826,#3501,#3502);
#3342=AXIS2_PLACEMENT_3D('',#8829,#3505,#3506);
#3343=AXIS2_PLACEMENT_3D('',#8840,#3509,#3510);
#3344=AXIS2_PLACEMENT_3D('',#8849,#3512,#3513);
#3345=AXIS2_PLACEMENT_3D('',#9530,#3523,#3524);
#3346=AXIS2_PLACEMENT_3D('',#9533,#3527,#3528);
#3347=AXIS2_PLACEMENT_3D('',#9536,#3531,#3532);
#3348=AXIS2_PLACEMENT_3D('',#9538,#3534,#3535);
#3349=AXIS2_PLACEMENT_3D('',#10212,#3543,#3544);
#3350=AXIS2_PLACEMENT_3D('',#10215,#3547,#3548);
#3351=AXIS2_PLACEMENT_3D('',#10218,#3551,#3552);
#3352=AXIS2_PLACEMENT_3D('',#10272,#3556,#3557);
#3353=AXIS2_PLACEMENT_3D('',#10302,#3561,#3562);
#3354=AXIS2_PLACEMENT_3D('',#10327,#3566,#3567);
#3355=AXIS2_PLACEMENT_3D('',#10328,#3568,#3569);
#3356=AXIS2_PLACEMENT_3D('',#10404,#3571,#3572);
#3357=AXIS2_PLACEMENT_3D('',#10406,#3574,#3575);
#3358=AXIS2_PLACEMENT_3D('',#10407,#3576,#3577);
#3359=DIRECTION('axis',(0.,0.,1.));
#3360=DIRECTION('refdir',(1.,0.,0.));
#3361=DIRECTION('center_axis',(1.,0.,-1.52712933235922E-15));
#3362=DIRECTION('ref_axis',(1.52712933235922E-15,-4.50283625441014E-31,
1.));
#3363=DIRECTION('',(-1.52712933235922E-15,2.6307514262083E-31,-1.));
#3364=DIRECTION('',(-1.52712933235922E-15,0.,-1.));
#3365=DIRECTION('',(0.,-1.,0.));
#3366=DIRECTION('',(1.52712933235922E-15,-4.50283625441014E-31,1.));
#3367=DIRECTION('',(0.,-1.,0.));
#3368=DIRECTION('center_axis',(6.98253474607017E-17,0.,-1.));
#3369=DIRECTION('ref_axis',(1.,-1.56125112837915E-16,6.98253474607017E-17));
#3370=DIRECTION('',(-1.,0.,-6.98253474607017E-17));
#3371=DIRECTION('',(-1.,1.56125112837915E-16,-6.98253474607017E-17));
#3372=DIRECTION('',(-1.,0.,-6.98253474607017E-17));
#3373=DIRECTION('',(0.,-1.,0.));
#3374=DIRECTION('',(1.,-1.56125112837915E-16,6.98253474607017E-17));
#3375=DIRECTION('center_axis',(-1.,0.,1.62893795451651E-15));
#3376=DIRECTION('ref_axis',(-1.62893795451651E-15,5.58056201419095E-31,
-1.));
#3377=DIRECTION('',(1.62893795451651E-15,0.,1.));
#3378=DIRECTION('',(1.62893795451651E-15,-2.78970025243009E-31,1.));
#3379=DIRECTION('',(0.,-1.,0.));
#3380=DIRECTION('',(-1.62893795451651E-15,4.66178508063192E-31,-1.));
#3381=DIRECTION('center_axis',(-1.39650694921403E-16,0.,1.));
#3382=DIRECTION('ref_axis',(-1.,1.56125112837915E-16,-1.39650694921403E-16));
#3383=DIRECTION('',(1.,-1.56125112837915E-16,1.39650694921403E-16));
#3384=DIRECTION('',(0.,-1.,0.));
#3385=DIRECTION('',(-1.,1.56125112837915E-16,-1.39650694921403E-16));
#3386=DIRECTION('center_axis',(-1.,0.,1.24344978758018E-13));
#3387=DIRECTION('ref_axis',(-1.24344978758018E-13,1.94613328428923E-29,
-1.));
#3388=DIRECTION('',(1.24344978758018E-13,-1.94380257427119E-29,1.));
#3389=DIRECTION('',(0.,-1.,0.));
#3390=DIRECTION('',(-1.24344978758018E-13,1.96252342255321E-29,-1.));
#3391=DIRECTION('center_axis',(1.35393051783556E-16,0.,-1.));
#3392=DIRECTION('ref_axis',(1.,-1.56125112837915E-16,1.35393051783556E-16));
#3393=DIRECTION('',(-1.,1.56125112837915E-16,-1.35393051783556E-16));
#3394=DIRECTION('',(0.,-1.,0.));
#3395=DIRECTION('',(1.,-1.56125112837915E-16,1.35393051783556E-16));
#3396=DIRECTION('center_axis',(-1.39650694921403E-16,0.,1.));
#3397=DIRECTION('ref_axis',(-1.,1.56125112837915E-16,-1.39650694921403E-16));
#3398=DIRECTION('',(1.,-1.56125112837915E-16,1.39650694921403E-16));
#3399=DIRECTION('',(-1.,1.56125112837915E-16,-1.39650694921403E-16));
#3400=DIRECTION('',(0.,-1.,0.));
#3401=DIRECTION('center_axis',(1.,0.,9.60786427515889E-48));
#3402=DIRECTION('ref_axis',(-9.60786427515889E-48,-6.15395185343022E-32,
1.));
#3403=DIRECTION('',(9.60786427515889E-48,2.46519032881567E-32,-1.));
#3404=DIRECTION('',(-9.60786427515889E-48,-2.1186038610834E-31,1.));
#3405=DIRECTION('',(0.,-1.,0.));
#3406=DIRECTION('center_axis',(1.35393051783556E-16,0.,-1.));
#3407=DIRECTION('ref_axis',(1.,-1.56125112837915E-16,1.35393051783556E-16));
#3408=DIRECTION('',(-1.,1.56125112837915E-16,-1.35393051783556E-16));
#3409=DIRECTION('',(1.,-1.56125112837915E-16,1.35393051783556E-16));
#3410=DIRECTION('',(0.,-1.,0.));
#3411=DIRECTION('center_axis',(-1.,0.,1.60619727367953E-15));
#3412=DIRECTION('ref_axis',(-1.60619727367953E-15,4.54359013686934E-31,
-1.));
#3413=DIRECTION('',(1.60619727367953E-15,-2.75419633881325E-31,1.));
#3414=DIRECTION('',(-1.60619727367953E-15,4.62628116701508E-31,-1.));
#3415=DIRECTION('',(0.,-1.,0.));
#3416=DIRECTION('',(1.60619727367953E-15,0.,1.));
#3417=DIRECTION('center_axis',(-1.18468920310611E-16,0.,1.));
#3418=DIRECTION('ref_axis',(-1.,1.56125112837915E-16,-1.18468920310611E-16));
#3419=DIRECTION('',(1.,0.,1.18468920310611E-16));
#3420=DIRECTION('',(-1.,1.56125112837915E-16,-1.18468920310611E-16));
#3421=DIRECTION('',(0.,-1.,0.));
#3422=DIRECTION('',(1.,0.,1.18468920310611E-16));
#3423=DIRECTION('',(1.,-1.56125112837915E-16,1.18468920310611E-16));
#3424=DIRECTION('center_axis',(1.,0.,-1.55752462902258E-15));
#3425=DIRECTION('ref_axis',(1.55752462902258E-15,-5.38004991697933E-31,
1.));
#3426=DIRECTION('',(-1.55752462902258E-15,0.,-1.));
#3427=DIRECTION('',(1.55752462902258E-15,-4.55029094562321E-31,1.));
#3428=DIRECTION('',(-1.55752462902258E-15,2.67820611742138E-31,-1.));
#3429=DIRECTION('center_axis',(1.56125112837915E-16,1.,2.1186038610834E-31));
#3430=DIRECTION('ref_axis',(0.,-2.1186038610834E-31,1.));
#3431=DIRECTION('center_axis',(1.56125112837915E-16,1.,2.46519032881567E-32));
#3432=DIRECTION('ref_axis',(0.,-2.46519032881567E-32,1.));
#3433=DIRECTION('',(1.,-1.56125112837915E-16,3.72179826421007E-16));
#3434=DIRECTION('center_axis',(1.56125112837915E-16,1.,2.46519032881567E-32));
#3435=DIRECTION('ref_axis',(0.,-2.46519032881567E-32,1.));
#3436=DIRECTION('',(1.22409523376983E-5,-1.91112006499134E-21,0.999999999925079));
#3437=DIRECTION('',(1.22409523377034E-5,-1.91112006499213E-21,0.999999999925079));
#3438=DIRECTION('',(-1.,1.56125112837915E-16,1.60037325361099E-14));
#3439=DIRECTION('',(-1.22409523146742E-5,1.91112006139669E-21,-0.999999999925079));
#3440=DIRECTION('',(-3.84878118253282E-48,-2.46519032881567E-32,1.));
#3441=DIRECTION('',(1.,-1.56125112837915E-16,7.5073542802136E-61));
#3442=DIRECTION('',(-7.9203976107492E-45,2.46519032881567E-32,-1.));
#3443=DIRECTION('',(-1.,1.56125112837915E-16,0.));
#3444=DIRECTION('center_axis',(0.,-1.,0.));
#3445=DIRECTION('ref_axis',(0.,0.,-1.));
#3446=DIRECTION('',(1.,0.,-1.60270896845003E-14));
#3447=DIRECTION('',(1.22409523146732E-5,0.,0.999999999925079));
#3448=DIRECTION('',(-1.,0.,-3.71832115457452E-16));
#3449=DIRECTION('',(-1.22409523377039E-5,0.,-0.999999999925079));
#3450=DIRECTION('',(-1.,0.,-3.71832115457452E-16));
#3451=DIRECTION('',(1.22409523146732E-5,0.,0.999999999925079));
#3452=DIRECTION('',(1.,0.,-1.60270896845003E-14));
#3453=DIRECTION('',(-1.22409523377039E-5,0.,-0.999999999925079));
#3454=DIRECTION('',(-1.22409523376984E-5,0.,-0.999999999925079));
#3455=DIRECTION('center_axis',(0.,-1.,0.));
#3456=DIRECTION('ref_axis',(0.,0.,-1.));
#3457=DIRECTION('center_axis',(7.5073542802136E-61,0.,-1.));
#3458=DIRECTION('ref_axis',(1.,-1.56125112837885E-16,7.5073542802136E-61));
#3459=DIRECTION('',(0.,-1.,0.));
#3460=DIRECTION('',(-1.,1.56125112837885E-16,-7.5073542802136E-61));
#3461=DIRECTION('',(0.,-1.,0.));
#3462=DIRECTION('center_axis',(1.,0.,3.84878118253282E-48));
#3463=DIRECTION('ref_axis',(-3.84878118253282E-48,-2.46519032881567E-32,
1.));
#3464=DIRECTION('',(0.,-1.,0.));
#3465=DIRECTION('',(3.84878118253282E-48,2.46519032881567E-32,-1.));
#3466=DIRECTION('center_axis',(0.,0.,1.));
#3467=DIRECTION('ref_axis',(-1.,1.56125112837915E-16,0.));
#3468=DIRECTION('',(0.,-1.,0.));
#3469=DIRECTION('',(1.,-1.56125112837915E-16,0.));
#3470=DIRECTION('center_axis',(-1.,0.,7.9203976107492E-45));
#3471=DIRECTION('ref_axis',(-7.9203976107492E-45,-5.07310929470517E-29,
-1.));
#3472=DIRECTION('',(7.9203976107492E-45,5.07310929470517E-29,1.));
#3473=DIRECTION('',(0.,-1.,0.));
#3474=DIRECTION('',(0.,-1.,0.));
#3475=DIRECTION('',(0.,-1.,0.));
#3476=DIRECTION('center_axis',(1.60037325361099E-14,0.,1.));
#3477=DIRECTION('ref_axis',(0.,-1.,0.));
#3478=DIRECTION('',(0.,-1.,0.));
#3479=DIRECTION('center_axis',(0.99999999992508,0.,-1.22409523377034E-5));
#3480=DIRECTION('ref_axis',(0.,-1.,0.));
#3481=DIRECTION('',(0.,-1.,0.));
#3482=DIRECTION('center_axis',(0.99999999992508,0.,-1.22409523376983E-5));
#3483=DIRECTION('ref_axis',(0.,-1.,0.));
#3484=DIRECTION('',(0.,-1.,0.));
#3485=DIRECTION('',(0.,1.,0.));
#3486=DIRECTION('',(0.,1.,0.));
#3487=DIRECTION('',(0.,-1.,0.));
#3488=DIRECTION('',(0.,-1.,0.));
#3489=DIRECTION('',(0.,1.,0.));
#3490=DIRECTION('',(0.,1.,0.));
#3491=DIRECTION('',(-1.22409523376984E-5,0.,-0.999999999925079));
#3492=DIRECTION('',(-1.22409523376984E-5,0.,-0.999999999925079));
#3493=DIRECTION('',(0.,1.,0.));
#3494=DIRECTION('',(0.,1.,0.));
#3495=DIRECTION('',(0.,-1.,0.));
#3496=DIRECTION('',(0.,-1.,0.));
#3497=DIRECTION('',(0.,1.,0.));
#3498=DIRECTION('',(0.,1.,0.));
#3499=DIRECTION('',(0.,-1.,0.));
#3500=DIRECTION('',(0.,-1.,0.));
#3501=DIRECTION('center_axis',(-3.72179826421007E-16,0.,1.));
#3502=DIRECTION('ref_axis',(0.,1.,0.));
#3503=DIRECTION('',(-1.,0.,-3.71832115457452E-16));
#3504=DIRECTION('',(-1.,0.,-3.71832115457452E-16));
#3505=DIRECTION('center_axis',(-3.72179826421007E-16,0.,1.));
#3506=DIRECTION('ref_axis',(0.,1.,0.));
#3507=DIRECTION('',(-1.,0.,-3.71832115457452E-16));
#3508=DIRECTION('',(-1.,0.,-3.71832115457452E-16));
#3509=DIRECTION('center_axis',(3.72179826421007E-16,0.,-1.));
#3510=DIRECTION('ref_axis',(0.,-1.,0.));
#3511=DIRECTION('',(-1.,0.,-3.71832115457452E-16));
#3512=DIRECTION('center_axis',(3.72179826421007E-16,0.,-1.));
#3513=DIRECTION('ref_axis',(0.,-1.,0.));
#3514=DIRECTION('',(-1.,0.,-3.71832115457452E-16));
#3515=DIRECTION('',(0.,1.,0.));
#3516=DIRECTION('',(0.,1.,0.));
#3517=DIRECTION('',(0.,-1.,0.));
#3518=DIRECTION('',(0.,-1.,0.));
#3519=DIRECTION('',(0.,1.,0.));
#3520=DIRECTION('',(0.,1.,0.));
#3521=DIRECTION('',(0.,-1.,0.));
#3522=DIRECTION('',(0.,-1.,0.));
#3523=DIRECTION('center_axis',(0.99999999992508,0.,-1.22409523146742E-5));
#3524=DIRECTION('ref_axis',(0.,1.,0.));
#3525=DIRECTION('',(1.22409523146732E-5,0.,0.999999999925079));
#3526=DIRECTION('',(1.22409523146732E-5,0.,0.999999999925079));
#3527=DIRECTION('center_axis',(0.99999999992508,0.,-1.22409523146742E-5));
#3528=DIRECTION('ref_axis',(0.,1.,0.));
#3529=DIRECTION('',(1.22409523146732E-5,0.,0.999999999925079));
#3530=DIRECTION('',(1.22409523146732E-5,0.,0.999999999925079));
#3531=DIRECTION('center_axis',(-0.99999999992508,0.,1.22409523146742E-5));
#3532=DIRECTION('ref_axis',(0.,-1.,0.));
#3533=DIRECTION('',(1.22409523146732E-5,0.,0.999999999925079));
#3534=DIRECTION('center_axis',(-0.99999999992508,0.,1.22409523146742E-5));
#3535=DIRECTION('ref_axis',(0.,-1.,0.));
#3536=DIRECTION('',(1.22409523146732E-5,0.,0.999999999925079));
#3537=DIRECTION('',(0.,1.,0.));
#3538=DIRECTION('',(0.,1.,0.));
#3539=DIRECTION('',(0.,-1.,0.));
#3540=DIRECTION('',(0.,1.,0.));
#3541=DIRECTION('',(0.,1.,0.));
#3542=DIRECTION('',(0.,-1.,0.));
#3543=DIRECTION('center_axis',(-1.60037325361099E-14,0.,-1.));
#3544=DIRECTION('ref_axis',(0.,1.,0.));
#3545=DIRECTION('',(1.,0.,-1.60270896845003E-14));
#3546=DIRECTION('',(1.,0.,-1.60270896845003E-14));
#3547=DIRECTION('center_axis',(-1.60037325361099E-14,0.,-1.));
#3548=DIRECTION('ref_axis',(0.,1.,0.));
#3549=DIRECTION('',(1.,0.,-1.60270896845003E-14));
#3550=DIRECTION('',(1.,0.,-1.60270896845003E-14));
#3551=DIRECTION('center_axis',(1.60037325361099E-14,0.,1.));
#3552=DIRECTION('ref_axis',(0.,-1.,0.));
#3553=DIRECTION('',(1.,0.,-1.60270896845003E-14));
#3554=DIRECTION('',(1.,0.,-1.60270896845003E-14));
#3555=DIRECTION('',(0.,1.,0.));
#3556=DIRECTION('center_axis',(0.,-1.,0.));
#3557=DIRECTION('ref_axis',(0.,0.,-1.));
#3558=DIRECTION('',(-1.22409523377039E-5,0.,-0.999999999925079));
#3559=DIRECTION('',(-1.22409523377039E-5,0.,-0.999999999925079));
#3560=DIRECTION('',(0.,1.,0.));
#3561=DIRECTION('center_axis',(0.,-1.,0.));
#3562=DIRECTION('ref_axis',(0.,0.,-1.));
#3563=DIRECTION('',(-1.22409523377039E-5,0.,-0.999999999925079));
#3564=DIRECTION('',(-1.22409523377039E-5,0.,-0.999999999925079));
#3565=DIRECTION('',(0.,-1.,0.));
#3566=DIRECTION('center_axis',(0.,-1.,0.));
#3567=DIRECTION('ref_axis',(0.,0.,-1.));
#3568=DIRECTION('center_axis',(0.,1.,0.));
#3569=DIRECTION('ref_axis',(0.,0.,1.));
#3570=DIRECTION('',(-1.22409523377039E-5,0.,-0.999999999925079));
#3571=DIRECTION('center_axis',(-0.99999999992508,0.,1.22409523377034E-5));
#3572=DIRECTION('ref_axis',(0.,1.,0.));
#3573=DIRECTION('',(-1.22409523377039E-5,0.,-0.999999999925079));
#3574=DIRECTION('center_axis',(-0.99999999992508,0.,1.22409523377034E-5));
#3575=DIRECTION('ref_axis',(0.,1.,0.));
#3576=DIRECTION('center_axis',(0.99999999992508,0.,-1.22409523377034E-5));
#3577=DIRECTION('ref_axis',(0.,-1.,0.));
#3578=CARTESIAN_POINT('',(0.,0.,0.));
#3579=CARTESIAN_POINT('Origin',(6.99,15.5716793150926,-51.8100000000032));
#3580=CARTESIAN_POINT('',(6.99000000000366,15.0399999999999,-9.02575395825419));
#3581=CARTESIAN_POINT('',(6.99,15.0399999999999,-51.8100000000032));
#3582=CARTESIAN_POINT('',(6.99000000000002,15.0399999999999,-42.8795230838055));
#3583=CARTESIAN_POINT('',(6.99000002464842,14.5716793150925,-9.02575387547492));
#3584=CARTESIAN_POINT('Ctrl Pts',(6.99000000000007,14.5716793150925,-9.02575395826625));
#3585=CARTESIAN_POINT('Ctrl Pts',(6.99000000000007,14.6497327625771,-9.02575395826625));
#3586=CARTESIAN_POINT('Ctrl Pts',(6.99000000000007,14.7277862100617,-9.02575395826625));
#3587=CARTESIAN_POINT('Ctrl Pts',(6.99000000000007,14.8838931050308,-9.02575395826625));
#3588=CARTESIAN_POINT('Ctrl Pts',(6.99000000000007,14.9619465525154,-9.02575395826625));
#3589=CARTESIAN_POINT('Ctrl Pts',(6.99000000000007,15.0399999999999,-9.02575395826625));
#3590=CARTESIAN_POINT('',(6.99000000000007,14.5716793150925,-8.19000000000318));
#3591=CARTESIAN_POINT('',(6.99,14.5716793150925,-52.0377824350519));
#3592=CARTESIAN_POINT('',(6.99000000000007,13.3999999999999,-8.19000000000318));
#3593=CARTESIAN_POINT('',(6.99000000000007,15.5716793150926,-8.19000000000318));
#3594=CARTESIAN_POINT('',(6.99,13.3999999999999,-51.8100000000032));
#3595=CARTESIAN_POINT('',(6.99000000000002,13.3999999999999,-40.9050000000032));
#3596=CARTESIAN_POINT('',(6.99,15.5716793150926,-51.8100000000032));
#3597=CARTESIAN_POINT('Origin',(6.99000000000007,15.5716793150926,-8.19000000000318));
#3598=CARTESIAN_POINT('',(7.57347587118077,14.5716793150925,-8.19000001962727));
#3599=CARTESIAN_POINT('',(6.40909402456714,14.5716793150925,-8.19000000000319));
#3600=CARTESIAN_POINT('',(7.57347590328072,15.0399999999999,-8.190000000004));
#3601=CARTESIAN_POINT('Ctrl Pts',(7.57347590328207,15.0399999999999,-8.19000000000318));
#3602=CARTESIAN_POINT('Ctrl Pts',(7.57347590328207,14.9619465525154,-8.19000000000318));
#3603=CARTESIAN_POINT('Ctrl Pts',(7.57347590328207,14.8838931050308,-8.19000000000318));
#3604=CARTESIAN_POINT('Ctrl Pts',(7.57347590328207,14.7277862100617,-8.19000000000318));
#3605=CARTESIAN_POINT('Ctrl Pts',(7.57347590328207,14.6497327625771,-8.19000000000318));
#3606=CARTESIAN_POINT('Ctrl Pts',(7.57347590328207,14.5716793150925,-8.19000000000318));
#3607=CARTESIAN_POINT('',(70.0061852035944,15.0399999999999,-8.19000000000318));
#3608=CARTESIAN_POINT('',(22.8911361582578,15.0399999999999,-8.19000000000318));
#3609=CARTESIAN_POINT('',(70.0061852096603,14.5716793150925,-8.19000000371618));
#3610=CARTESIAN_POINT('Ctrl Pts',(70.0061852035944,14.5716793150925,-8.19000000000321));
#3611=CARTESIAN_POINT('Ctrl Pts',(70.0061852035944,14.6497327625771,-8.19000000000321));
#3612=CARTESIAN_POINT('Ctrl Pts',(70.0061852035944,14.7277862100617,-8.19000000000321));
#3613=CARTESIAN_POINT('Ctrl Pts',(70.0061852035944,14.8838931050308,-8.19000000000321));
#3614=CARTESIAN_POINT('Ctrl Pts',(70.0061852035944,14.9619465525154,-8.19000000000321));
#3615=CARTESIAN_POINT('Ctrl Pts',(70.0061852035944,15.0399999999999,-8.19000000000321));
#3616=CARTESIAN_POINT('',(70.5900000000001,14.5716793150925,-8.19000000000318));
#3617=CARTESIAN_POINT('',(6.40909402456714,14.5716793150925,-8.19000000000319));
#3618=CARTESIAN_POINT('',(70.5900000000001,13.3999999999999,-8.19000000000318));
#3619=CARTESIAN_POINT('',(70.5900000000001,15.5716793150925,-8.19000000000318));
#3620=CARTESIAN_POINT('',(22.8900000000001,13.3999999999999,-8.19000000000318));
#3621=CARTESIAN_POINT('Origin',(70.5900000000001,15.5716793150925,-8.19000000000318));
#3622=CARTESIAN_POINT('',(70.5899999999996,14.5716793150925,-9.02731399813229));
#3623=CARTESIAN_POINT('',(70.59,14.5716793150925,-30.2277824350519));
#3624=CARTESIAN_POINT('',(70.5899999999323,15.0399999999999,-9.02731399790677));
#3625=CARTESIAN_POINT('Ctrl Pts',(70.5900000000001,15.0399999999999,-9.02731399813396));
#3626=CARTESIAN_POINT('Ctrl Pts',(70.5900000000001,14.9619465525154,-9.02731399813396));
#3627=CARTESIAN_POINT('Ctrl Pts',(70.5900000000001,14.8838931050308,-9.02731399813396));
#3628=CARTESIAN_POINT('Ctrl Pts',(70.5900000000001,14.7277862100617,-9.02731399813396));
#3629=CARTESIAN_POINT('Ctrl Pts',(70.5900000000001,14.6497327625771,-9.02731399813396));
#3630=CARTESIAN_POINT('Ctrl Pts',(70.5900000000001,14.5716793150925,-9.02731399813396));
#3631=CARTESIAN_POINT('',(70.59,15.0399999999999,-51.8100000000032));
#3632=CARTESIAN_POINT('',(70.59,15.0399999999999,-21.0695230838056));
#3633=CARTESIAN_POINT('',(70.59,13.3999999999999,-51.8100000000032));
#3634=CARTESIAN_POINT('',(70.59,15.5716793150925,-51.8100000000032));
#3635=CARTESIAN_POINT('',(70.5900000000001,13.3999999999999,-19.0950000000032));
#3636=CARTESIAN_POINT('Origin',(70.59,15.5716793150925,-51.8100000000032));
#3637=CARTESIAN_POINT('',(46.19,15.0399999999999,-51.8100000000032));
#3638=CARTESIAN_POINT('',(54.6911361582577,15.0399999999999,-51.8100000000032));
#3639=CARTESIAN_POINT('',(46.19,13.3999999999999,-51.8100000000032));
#3640=CARTESIAN_POINT('',(46.19,15.5716793150925,-51.8100000000032));
#3641=CARTESIAN_POINT('',(54.69,13.3999999999999,-51.8100000000032));
#3642=CARTESIAN_POINT('Origin',(46.19,15.5716793150925,-51.8100000000032));
#3643=CARTESIAN_POINT('',(46.1899999999998,15.0399999999999,-52.8100000000032));
#3644=CARTESIAN_POINT('',(46.1900000000011,15.0399999999999,-42.879523083806));
#3645=CARTESIAN_POINT('',(46.1899999999998,13.3999999999999,-52.8100000000032));
#3646=CARTESIAN_POINT('',(46.1899999999998,15.5716793150925,-52.8100000000032));
#3647=CARTESIAN_POINT('',(46.1900000000013,13.3999999999999,-40.9050000000036));
#3648=CARTESIAN_POINT('Origin',(46.1899999999998,15.5716793150925,-52.8100000000032));
#3649=CARTESIAN_POINT('',(71.59,15.0399999999999,-52.8100000000032));
#3650=CARTESIAN_POINT('',(42.4911361582576,15.0399999999999,-52.8100000000032));
#3651=CARTESIAN_POINT('',(71.59,13.3999999999999,-52.8100000000032));
#3652=CARTESIAN_POINT('',(71.59,15.5716793150925,-52.8100000000032));
#3653=CARTESIAN_POINT('',(42.4899999999999,13.3999999999999,-52.8100000000032));
#3654=CARTESIAN_POINT('Origin',(31.39,15.5716793150925,-51.8100000000032));
#3655=CARTESIAN_POINT('',(31.39,15.0399999999999,-51.8100000000032));
#3656=CARTESIAN_POINT('',(35.0911361582577,15.0399999999999,-51.8100000000032));
#3657=CARTESIAN_POINT('',(31.39,13.3999999999999,-51.8100000000032));
#3658=CARTESIAN_POINT('',(35.09,13.3999999999999,-51.8100000000032));
#3659=CARTESIAN_POINT('',(31.39,15.5716793150925,-51.8100000000032));
#3660=CARTESIAN_POINT('Origin',(31.39,15.5716793150925,-52.8100000000032));
#3661=CARTESIAN_POINT('',(31.39,15.0399999999999,-52.8100000000032));
#3662=CARTESIAN_POINT('',(31.39,15.0399999999999,-43.3795230838055));
#3663=CARTESIAN_POINT('',(31.39,13.3999999999999,-52.8100000000032));
#3664=CARTESIAN_POINT('',(31.39,13.3999999999999,-41.4050000000032));
#3665=CARTESIAN_POINT('',(31.39,15.5716793150925,-52.8100000000032));
#3666=CARTESIAN_POINT('Origin',(5.98999999999999,15.5716793150926,-52.8100000000032));
#3667=CARTESIAN_POINT('',(5.98999999999999,15.0399999999999,-52.8100000000032));
#3668=CARTESIAN_POINT('',(22.3911361582577,15.0399999999999,-52.8100000000032));
#3669=CARTESIAN_POINT('',(5.98999999999999,13.3999999999999,-52.8100000000032));
#3670=CARTESIAN_POINT('',(22.39,13.3999999999999,-52.8100000000032));
#3671=CARTESIAN_POINT('',(5.98999999999999,15.5716793150926,-52.8100000000032));
#3672=CARTESIAN_POINT('Origin',(5.99000000000007,15.5716793150926,-7.19000000000318));
#3673=CARTESIAN_POINT('',(5.99000000000006,15.0399999999999,-12.0939219115419));
#3674=CARTESIAN_POINT('',(5.99000000000005,15.0399999999999,-20.5695230838055));
#3675=CARTESIAN_POINT('',(5.99000000000007,13.3999999999999,-7.19000000000319));
#3676=CARTESIAN_POINT('',(5.99000000000005,13.3999999999999,-18.5950000000032));
#3677=CARTESIAN_POINT('',(5.99000000000007,14.5716793150925,-7.19000000000319));
#3678=CARTESIAN_POINT('',(5.99000000000007,15.5716793150926,-7.19000000000319));
#3679=CARTESIAN_POINT('',(5.99000000332345,14.5716793150925,-12.0939218537622));
#3680=CARTESIAN_POINT('',(5.99000000000003,14.5716793150925,-29.7277824350519));
#3681=CARTESIAN_POINT('Ctrl Pts',(5.99000000000006,15.0399999999999,-12.0939219115419));
#3682=CARTESIAN_POINT('Ctrl Pts',(5.99000000000006,14.9619465525154,-12.0939219115419));
#3683=CARTESIAN_POINT('Ctrl Pts',(5.99000000000006,14.8838931050308,-12.0939219115419));
#3684=CARTESIAN_POINT('Ctrl Pts',(5.99000000000006,14.7277862100617,-12.0939219115419));
#3685=CARTESIAN_POINT('Ctrl Pts',(5.99000000000006,14.6497327625771,-12.0939219115419));
#3686=CARTESIAN_POINT('Ctrl Pts',(5.99000000000006,14.5716793150925,-12.0939219115419));
#3687=CARTESIAN_POINT('Origin',(71.5900000000001,15.5716793150925,-7.19000000000318));
#3688=CARTESIAN_POINT('',(8.63491233646617,14.5716793150925,-7.19000000437476));
#3689=CARTESIAN_POINT('',(38.7090940245671,14.5716793150925,-7.19000000000319));
#3690=CARTESIAN_POINT('',(71.5900000000001,13.3999999999999,-7.19000000000318));
#3691=CARTESIAN_POINT('',(55.1900000000001,13.3999999999999,-7.19000000000318));
#3692=CARTESIAN_POINT('',(71.5900000000001,14.5716793150925,-7.19000000000318));
#3693=CARTESIAN_POINT('',(71.5900000000001,15.5716793150925,-7.19000000000318));
#3694=CARTESIAN_POINT('',(68.9454763491804,14.5716793150925,-7.1900000000032));
#3695=CARTESIAN_POINT('',(38.7090940245671,14.5716793150925,-7.19000000000319));
#3696=CARTESIAN_POINT('',(68.9454763591396,15.0399999999999,-7.19000000354639));
#3697=CARTESIAN_POINT('Ctrl Pts',(68.9454763491803,15.0399999999999,-7.19000000000319));
#3698=CARTESIAN_POINT('Ctrl Pts',(68.9454763491803,14.9619465525154,-7.19000000000319));
#3699=CARTESIAN_POINT('Ctrl Pts',(68.9454763491803,14.8838931050308,-7.19000000000319));
#3700=CARTESIAN_POINT('Ctrl Pts',(68.9454763491803,14.7277862100617,-7.19000000000319));
#3701=CARTESIAN_POINT('Ctrl Pts',(68.9454763491803,14.6497327625771,-7.19000000000319));
#3702=CARTESIAN_POINT('Ctrl Pts',(68.9454763491803,14.5716793150925,-7.19000000000319));
#3703=CARTESIAN_POINT('',(8.63491234883756,15.0399999999999,-7.19000000000319));
#3704=CARTESIAN_POINT('',(55.1911361582578,15.0399999999999,-7.19000000000318));
#3705=CARTESIAN_POINT('Ctrl Pts',(8.63491234883757,14.5716793150925,-7.19000000000318));
#3706=CARTESIAN_POINT('Ctrl Pts',(8.63491234883757,14.6497327625771,-7.19000000000318));
#3707=CARTESIAN_POINT('Ctrl Pts',(8.63491234883757,14.7277862100617,-7.19000000000318));
#3708=CARTESIAN_POINT('Ctrl Pts',(8.63491234883757,14.8838931050308,-7.19000000000318));
#3709=CARTESIAN_POINT('Ctrl Pts',(8.63491234883757,14.9619465525154,-7.19000000000318));
#3710=CARTESIAN_POINT('Ctrl Pts',(8.63491234883757,15.0399999999999,-7.19000000000318));
#3711=CARTESIAN_POINT('Origin',(71.59,15.5716793150925,-52.8100000000032));
#3712=CARTESIAN_POINT('',(71.5899999999289,14.5716793150925,-12.0909832235893));
#3713=CARTESIAN_POINT('',(71.59,14.5716793150925,-52.5377824350519));
#3714=CARTESIAN_POINT('',(71.59,13.3999999999999,-41.4050000000032));
#3715=CARTESIAN_POINT('',(71.5899999999997,15.0399999999999,-12.0909832248141));
#3716=CARTESIAN_POINT('',(71.59,15.0399999999999,-43.3795230838056));
#3717=CARTESIAN_POINT('Ctrl Pts',(71.5900000000001,14.5716793150925,-12.0909832248196));
#3718=CARTESIAN_POINT('Ctrl Pts',(71.5900000000001,14.6497327625771,-12.0909832248196));
#3719=CARTESIAN_POINT('Ctrl Pts',(71.5900000000001,14.7277862100617,-12.0909832248196));
#3720=CARTESIAN_POINT('Ctrl Pts',(71.5900000000001,14.8838931050308,-12.0909832248196));
#3721=CARTESIAN_POINT('Ctrl Pts',(71.5900000000001,14.9619465525154,-12.0909832248196));
#3722=CARTESIAN_POINT('Ctrl Pts',(71.5900000000001,15.0399999999999,-12.0909832248196));
#3723=CARTESIAN_POINT('Origin',(38.79,13.3999999999999,-30.0000000000032));
#3724=CARTESIAN_POINT('Ctrl Pts',(5.99000000660343,15.0399999999999,-12.0939218541395));
#3725=CARTESIAN_POINT('Ctrl Pts',(5.89867652330394,15.0399999999999,-12.8877862557768));
#3726=CARTESIAN_POINT('Ctrl Pts',(5.8478790507522,15.0399999999999,-14.0075828043387));
#3727=CARTESIAN_POINT('Ctrl Pts',(5.82865270524067,15.0399999999999,-15.5968434071563));
#3728=CARTESIAN_POINT('Ctrl Pts',(5.99000000660343,14.8838931050308,-12.0939218541395));
#3729=CARTESIAN_POINT('Ctrl Pts',(5.89867652330394,14.8838931050308,-12.8877862557768));
#3730=CARTESIAN_POINT('Ctrl Pts',(5.8478790507522,14.8838931050308,-14.0075828043387));
#3731=CARTESIAN_POINT('Ctrl Pts',(5.82865270524067,14.8838931050308,-15.5968434071563));
#3732=CARTESIAN_POINT('Ctrl Pts',(5.99000000660343,14.7277862100617,-12.0939218541395));
#3733=CARTESIAN_POINT('Ctrl Pts',(5.89867652330394,14.7277862100617,-12.8877862557768));
#3734=CARTESIAN_POINT('Ctrl Pts',(5.8478790507522,14.7277862100617,-14.0075828043387));
#3735=CARTESIAN_POINT('Ctrl Pts',(5.82865270524067,14.7277862100617,-15.5968434071563));
#3736=CARTESIAN_POINT('Ctrl Pts',(5.99000000660343,14.5716793150925,-12.0939218541395));
#3737=CARTESIAN_POINT('Ctrl Pts',(5.89867652330394,14.5716793150925,-12.8877862557768));
#3738=CARTESIAN_POINT('Ctrl Pts',(5.8478790507522,14.5716793150925,-14.0075828043387));
#3739=CARTESIAN_POINT('Ctrl Pts',(5.82865270524067,14.5716793150925,-15.5968434071563));
#3740=CARTESIAN_POINT('',(5.82865270531574,14.5716793150925,-15.5968434029813));
#3741=CARTESIAN_POINT('Ctrl Pts',(5.99000000660343,14.5716793150925,-12.0939218541395));
#3742=CARTESIAN_POINT('Ctrl Pts',(5.89867652338392,14.5716793150925,-12.8877862550816));
#3743=CARTESIAN_POINT('Ctrl Pts',(5.84787905084117,14.5716793150925,-14.0075828023774));
#3744=CARTESIAN_POINT('Ctrl Pts',(5.82865270529118,14.5716793150925,-15.596843402981));
#3745=CARTESIAN_POINT('',(5.8286527052428,15.0399999999999,-15.5968434069802));
#3746=CARTESIAN_POINT('Ctrl Pts',(5.8286527052428,15.0399999999999,-15.5968434069802));
#3747=CARTESIAN_POINT('Ctrl Pts',(5.8286527052428,14.8838931050308,-15.5968434069802));
#3748=CARTESIAN_POINT('Ctrl Pts',(5.8286527052428,14.7277862100617,-15.5968434069802));
#3749=CARTESIAN_POINT('Ctrl Pts',(5.8286527052428,14.5716793150925,-15.5968434069802));
#3750=CARTESIAN_POINT('Ctrl Pts',(5.8286527052428,15.0399999999999,-15.5968434069802));
#3751=CARTESIAN_POINT('Ctrl Pts',(5.83813438156866,15.0399999999999,-14.8130826749971));
#3752=CARTESIAN_POINT('Ctrl Pts',(5.85830311407141,15.0399999999999,-13.8103162011908));
#3753=CARTESIAN_POINT('Ctrl Pts',(5.93282683725294,15.0399999999999,-12.6668126027894));
#3754=CARTESIAN_POINT('Ctrl Pts',(5.95805829116503,15.0399999999999,-12.3715874759327));
#3755=CARTESIAN_POINT('Ctrl Pts',(5.99000000000006,15.0399999999999,-12.0939219115418));
#3756=CARTESIAN_POINT('Ctrl Pts',(9.7456256089871,15.0399999999999,-6.58522012302507));
#3757=CARTESIAN_POINT('Ctrl Pts',(9.34465590718125,15.0399999999999,-6.74804906562494));
#3758=CARTESIAN_POINT('Ctrl Pts',(8.97086096836092,15.0399999999999,-6.95257788178598));
#3759=CARTESIAN_POINT('Ctrl Pts',(8.63491233852656,15.0399999999999,-7.19000000729019));
#3760=CARTESIAN_POINT('Ctrl Pts',(9.7456256089871,14.8838931050308,-6.58522012302507));
#3761=CARTESIAN_POINT('Ctrl Pts',(9.34465590718125,14.8838931050308,-6.74804906562494));
#3762=CARTESIAN_POINT('Ctrl Pts',(8.97086096836092,14.8838931050308,-6.95257788178598));
#3763=CARTESIAN_POINT('Ctrl Pts',(8.63491233852656,14.8838931050308,-7.19000000729019));
#3764=CARTESIAN_POINT('Ctrl Pts',(9.7456256089871,14.7277862100617,-6.58522012302507));
#3765=CARTESIAN_POINT('Ctrl Pts',(9.34465590718125,14.7277862100617,-6.74804906562494));
#3766=CARTESIAN_POINT('Ctrl Pts',(8.97086096836092,14.7277862100617,-6.95257788178598));
#3767=CARTESIAN_POINT('Ctrl Pts',(8.63491233852656,14.7277862100617,-7.19000000729019));
#3768=CARTESIAN_POINT('Ctrl Pts',(9.7456256089871,14.5716793150925,-6.58522012302507));
#3769=CARTESIAN_POINT('Ctrl Pts',(9.34465590718125,14.5716793150925,-6.74804906562494));
#3770=CARTESIAN_POINT('Ctrl Pts',(8.97086096836092,14.5716793150925,-6.95257788178598));
#3771=CARTESIAN_POINT('Ctrl Pts',(8.63491233852656,14.5716793150925,-7.19000000729019));
#3772=CARTESIAN_POINT('',(9.7456256089871,15.0399999999999,-6.58522012302507));
#3773=CARTESIAN_POINT('Ctrl Pts',(8.63491234883933,15.0399999999999,-7.19000000000194));
#3774=CARTESIAN_POINT('Ctrl Pts',(8.97086097601062,15.0399999999999,-6.9525778776003));
#3775=CARTESIAN_POINT('Ctrl Pts',(9.34465591128416,15.0399999999999,-6.74804906395879));
#3776=CARTESIAN_POINT('Ctrl Pts',(9.7456256089871,15.0399999999999,-6.58522012302507));
#3777=CARTESIAN_POINT('',(9.7456256089871,14.5716793150925,-6.58522012302507));
#3778=CARTESIAN_POINT('Ctrl Pts',(9.7456256089871,14.5716793150925,-6.58522012302507));
#3779=CARTESIAN_POINT('Ctrl Pts',(9.7456256089871,14.7277862100617,-6.58522012302507));
#3780=CARTESIAN_POINT('Ctrl Pts',(9.7456256089871,14.8838931050308,-6.58522012302507));
#3781=CARTESIAN_POINT('Ctrl Pts',(9.7456256089871,15.0399999999999,-6.58522012302507));
#3782=CARTESIAN_POINT('Ctrl Pts',(9.7456256089871,14.5716793150925,-6.58522012302507));
#3783=CARTESIAN_POINT('Ctrl Pts',(9.34465590718125,14.5716793150925,-6.74804906562494));
#3784=CARTESIAN_POINT('Ctrl Pts',(8.97086096836092,14.5716793150925,-6.95257788178598));
#3785=CARTESIAN_POINT('Ctrl Pts',(8.63491233852656,14.5716793150925,-7.19000000729019));
#3786=CARTESIAN_POINT('Origin',(38.7922723165155,15.0399999999999,-33.9490461676079));
#3787=CARTESIAN_POINT('',(68.3587866497216,15.0399999999999,-6.8280900717967));
#3788=CARTESIAN_POINT('Ctrl Pts',(68.3587866497216,15.0399999999999,-6.8280900717967));
#3789=CARTESIAN_POINT('Ctrl Pts',(68.5527010375322,15.0399999999999,-6.92997503331152));
#3790=CARTESIAN_POINT('Ctrl Pts',(68.7536327991689,15.0399999999999,-7.05349607155317));
#3791=CARTESIAN_POINT('Ctrl Pts',(68.9454763591396,15.0399999999999,-7.19000000708959));
#3792=CARTESIAN_POINT('',(67.447088454798,15.0399999999999,-6.44243565111095));
#3793=CARTESIAN_POINT('Ctrl Pts',(67.447088454798,15.0399999999999,-6.44243565111095));
#3794=CARTESIAN_POINT('Ctrl Pts',(67.7843455651761,15.0399999999999,-6.55549370634999));
#3795=CARTESIAN_POINT('Ctrl Pts',(68.0836748981228,15.0399999999999,-6.68331687109317));
#3796=CARTESIAN_POINT('Ctrl Pts',(68.3587866497216,15.0399999999999,-6.8280900717967));
#3797=CARTESIAN_POINT('',(66.0876610596553,15.0399999999999,-6.10900610297807));
#3798=CARTESIAN_POINT('Ctrl Pts',(66.0876610596553,15.0399999999999,-6.10900610297807));
#3799=CARTESIAN_POINT('Ctrl Pts',(66.6075351691093,15.0399999999999,-6.1988895820816));
#3800=CARTESIAN_POINT('Ctrl Pts',(67.0508602135844,15.0399999999999,-6.30959937927129));
#3801=CARTESIAN_POINT('Ctrl Pts',(67.447088454798,15.0399999999999,-6.44243565111095));
#3802=CARTESIAN_POINT('',(62.6045215603529,15.0399999999999,-5.82823597663754));
#3803=CARTESIAN_POINT('Ctrl Pts',(62.6045215603529,15.0399999999999,-5.82823597663754));
#3804=CARTESIAN_POINT('Ctrl Pts',(64.0396770255397,15.0399999999999,-5.86518085713644));
#3805=CARTESIAN_POINT('Ctrl Pts',(65.1860712334016,15.0399999999999,-5.95314414576799));
#3806=CARTESIAN_POINT('Ctrl Pts',(66.0876610596553,15.0399999999999,-6.10900610297807));
#3807=CARTESIAN_POINT('',(14.9754784396461,15.0399999999999,-5.82823597663756));
#3808=CARTESIAN_POINT('',(50.6983969384342,15.0399999999999,-5.82823597663755));
#3809=CARTESIAN_POINT('',(12.4645497538899,15.0399999999999,-5.97555817309855));
#3810=CARTESIAN_POINT('Ctrl Pts',(12.4645497538899,15.0399999999999,-5.97555817309855));
#3811=CARTESIAN_POINT('Ctrl Pts',(13.1787546081332,15.0399999999999,-5.8994867373091));
#3812=CARTESIAN_POINT('Ctrl Pts',(14.0091412350281,15.0399999999999,-5.85310047404471));
#3813=CARTESIAN_POINT('Ctrl Pts',(14.9754784396461,15.0399999999999,-5.82823597663756));
#3814=CARTESIAN_POINT('Ctrl Pts',(9.7456256089871,15.0399999999999,-6.58522012302507));
#3815=CARTESIAN_POINT('Ctrl Pts',(10.4863190282352,15.0399999999999,-6.28555798170403));
#3816=CARTESIAN_POINT('Ctrl Pts',(11.3129883739664,15.0399999999999,-6.09807161991356));
#3817=CARTESIAN_POINT('Ctrl Pts',(12.4645497538899,15.0399999999999,-5.97555817309855));
#3818=CARTESIAN_POINT('Origin',(38.7922723165155,15.0399999999999,-33.9490461676079));
#3819=CARTESIAN_POINT('',(5.82841224909085,15.0399999999999,-33.95));
#3820=CARTESIAN_POINT('',(5.82854038349281,15.0399999999999,-24.7727430328708));
#3821=CARTESIAN_POINT('',(5.82818804913422,15.0399999999999,-52.2655648701005));
#3822=CARTESIAN_POINT('',(5.82841225739842,15.0399999999999,-33.9493213292841));
#3823=CARTESIAN_POINT('',(5.99389130753566,15.0399999999999,-55.8423026475668));
#3824=CARTESIAN_POINT('Ctrl Pts',(5.99389130753566,15.0399999999999,-55.8423026475668));
#3825=CARTESIAN_POINT('Ctrl Pts',(5.9012201126676,15.0399999999999,-55.0585357644786));
#3826=CARTESIAN_POINT('Ctrl Pts',(5.84784471917919,15.0399999999999,-53.9339996533257));
#3827=CARTESIAN_POINT('Ctrl Pts',(5.82818804913422,15.0399999999999,-52.2655648701005));
#3828=CARTESIAN_POINT('',(6.21094252323219,15.0399999999999,-57.036279779437));
#3829=CARTESIAN_POINT('Ctrl Pts',(6.21094252323219,15.0399999999999,-57.0362797794371));
#3830=CARTESIAN_POINT('Ctrl Pts',(6.07068959750184,15.0399999999999,-56.4993170872638));
#3831=CARTESIAN_POINT('Ctrl Pts',(6.05530155983751,15.0399999999999,-56.3672420825732));
#3832=CARTESIAN_POINT('Ctrl Pts',(5.99389130753566,15.0399999999999,-55.8423026475668));
#3833=CARTESIAN_POINT('',(6.84858331082374,15.0399999999999,-58.6250627171681));
#3834=CARTESIAN_POINT('Ctrl Pts',(6.84858331082374,15.0399999999999,-58.6250627171681));
#3835=CARTESIAN_POINT('Ctrl Pts',(6.51112637078373,15.0399999999999,-58.007236019048));
#3836=CARTESIAN_POINT('Ctrl Pts',(6.32271859071542,15.0399999999999,-57.46135491895));
#3837=CARTESIAN_POINT('Ctrl Pts',(6.21094252323219,15.0399999999999,-57.0362797794371));
#3838=CARTESIAN_POINT('',(7.8771780786006,15.0399999999999,-60.0539816103728));
#3839=CARTESIAN_POINT('Ctrl Pts',(7.8771780786006,15.0399999999999,-60.0539816103728));
#3840=CARTESIAN_POINT('Ctrl Pts',(7.44203518810271,15.0399999999999,-59.5970795421766));
#3841=CARTESIAN_POINT('Ctrl Pts',(7.10626353764493,15.0399999999999,-59.0970243185051));
#3842=CARTESIAN_POINT('Ctrl Pts',(6.84858331082373,15.0399999999999,-58.6250627171681));
#3843=CARTESIAN_POINT('',(9.05382783659759,15.0399999999999,-60.979998918309));
#3844=CARTESIAN_POINT('Ctrl Pts',(9.05382783659759,15.0399999999999,-60.979998918309));
#3845=CARTESIAN_POINT('Ctrl Pts',(8.65734463775265,15.0399999999999,-60.7534241966096));
#3846=CARTESIAN_POINT('Ctrl Pts',(8.19233648979881,15.0399999999999,-60.3841486463041));
#3847=CARTESIAN_POINT('Ctrl Pts',(7.8771780786006,15.0399999999999,-60.0539816103728));
#3848=CARTESIAN_POINT('',(12.7225293118663,15.0399999999999,-61.9501756671623));
#3849=CARTESIAN_POINT('Ctrl Pts',(12.7225293118663,15.0399999999999,-61.9501756671623));
#3850=CARTESIAN_POINT('Ctrl Pts',(11.7308065029409,15.0399999999999,-61.8575747757611));
#3851=CARTESIAN_POINT('Ctrl Pts',(10.9403106160982,15.0399999999999,-61.7077082106241));
#3852=CARTESIAN_POINT('Ctrl Pts',(10.2999565225201,15.0399999999999,-61.5117933091603));
#3853=CARTESIAN_POINT('Ctrl Pts',(9.81969095233659,15.0399999999999,-61.3648571330625));
#3854=CARTESIAN_POINT('Ctrl Pts',(9.4238801408644,15.0399999999999,-61.1920187677809));
#3855=CARTESIAN_POINT('Ctrl Pts',(9.05382783659758,15.0399999999999,-60.979998918309));
#3856=CARTESIAN_POINT('',(14.9754783420363,15.0399999999999,-62.0717718674266));
#3857=CARTESIAN_POINT('Ctrl Pts',(14.9754783420364,15.0399999999999,-62.0717718674266));
#3858=CARTESIAN_POINT('Ctrl Pts',(14.1270088296178,15.0399999999999,-62.0499310994815));
#3859=CARTESIAN_POINT('Ctrl Pts',(13.3777949962297,15.0399999999999,-62.0113905726479));
#3860=CARTESIAN_POINT('Ctrl Pts',(12.7225293118664,15.0399999999999,-61.9501756671623));
#3861=CARTESIAN_POINT('',(62.604521657966,15.0399999999999,-62.0717718674273));
#3862=CARTESIAN_POINT('',(26.8838753292756,15.0399999999999,-62.0717718674268));
#3863=CARTESIAN_POINT('',(66.0897149056755,15.0399999999999,-61.7907081991627));
#3864=CARTESIAN_POINT('Ctrl Pts',(66.0897149056755,15.0399999999999,-61.7907081991627));
#3865=CARTESIAN_POINT('Ctrl Pts',(65.1805336320364,15.0399999999999,-61.9479868747151));
#3866=CARTESIAN_POINT('Ctrl Pts',(64.0484003968469,15.0399999999999,-62.0346355244651));
#3867=CARTESIAN_POINT('Ctrl Pts',(62.604521657966,15.0399999999999,-62.0717718674273));
#3868=CARTESIAN_POINT('',(68.5339733084055,15.0399999999999,-60.9757137905999));
#3869=CARTESIAN_POINT('Ctrl Pts',(68.5339733084055,15.0399999999999,-60.9757137905999));
#3870=CARTESIAN_POINT('Ctrl Pts',(67.8984935596997,15.0399999999999,-61.341457301975));
#3871=CARTESIAN_POINT('Ctrl Pts',(67.0845286159766,15.0399999999999,-61.6183477967497));
#3872=CARTESIAN_POINT('Ctrl Pts',(66.0897149056755,15.0399999999999,-61.7907081991627));
#3873=CARTESIAN_POINT('',(68.64203067595,15.0399999999999,-60.9118384094113));
#3874=CARTESIAN_POINT('Ctrl Pts',(68.64203067595,15.0399999999999,-60.9118384094113));
#3875=CARTESIAN_POINT('Ctrl Pts',(68.6242063647731,15.0399999999999,-60.922667943352));
#3876=CARTESIAN_POINT('Ctrl Pts',(68.6063176667221,15.0399999999999,-60.9333886384999));
#3877=CARTESIAN_POINT('Ctrl Pts',(68.5702972806961,15.0399999999999,-60.9546821929607));
#3878=CARTESIAN_POINT('Ctrl Pts',(68.5521672881818,15.0399999999999,-60.965252213385));
#3879=CARTESIAN_POINT('Ctrl Pts',(68.5339733084056,15.0399999999999,-60.9757137905999));
#3880=CARTESIAN_POINT('',(70.5731877398689,15.0399999999999,-58.9009584386583));
#3881=CARTESIAN_POINT('Ctrl Pts',(70.5731877398689,15.0399999999999,-58.9009584386583));
#3882=CARTESIAN_POINT('Ctrl Pts',(69.9935953446675,15.0399999999999,-59.8618169491479));
#3883=CARTESIAN_POINT('Ctrl Pts',(69.4027644840758,15.0399999999999,-60.4498041694493));
#3884=CARTESIAN_POINT('Ctrl Pts',(68.64203067595,15.0399999999999,-60.9118384094113));
#3885=CARTESIAN_POINT('',(71.3887974219734,15.0399999999999,-56.9598541626094));
#3886=CARTESIAN_POINT('Ctrl Pts',(71.3887974219734,15.0399999999999,-56.9598541626094));
#3887=CARTESIAN_POINT('Ctrl Pts',(71.2207502856829,15.0399999999999,-57.6319612291793));
#3888=CARTESIAN_POINT('Ctrl Pts',(70.9355984544178,15.0399999999999,-58.2996344758043));
#3889=CARTESIAN_POINT('Ctrl Pts',(70.5731877398689,15.0399999999999,-58.9009584386583));
#3890=CARTESIAN_POINT('',(71.7513552739431,15.0399999999999,-52.3031566405074));
#3891=CARTESIAN_POINT('Ctrl Pts',(71.7513552739432,15.0399999999999,-52.3031566404942));
#3892=CARTESIAN_POINT('Ctrl Pts',(71.733845409887,15.0399999999999,-53.7501298380297));
#3893=CARTESIAN_POINT('Ctrl Pts',(71.6896263357464,15.0399999999999,-54.8083102179731));
#3894=CARTESIAN_POINT('Ctrl Pts',(71.6136030927597,15.0399999999999,-55.5839764699347));
#3895=CARTESIAN_POINT('Ctrl Pts',(71.5565856605197,15.0399999999999,-56.1657261589059));
#3896=CARTESIAN_POINT('Ctrl Pts',(71.4816783833038,15.0399999999999,-56.5885616508874));
#3897=CARTESIAN_POINT('Ctrl Pts',(71.3887974219734,15.0399999999999,-56.9598541626094));
#3898=CARTESIAN_POINT('',(71.751804134014,15.0399999999999,-15.6344351751389));
#3899=CARTESIAN_POINT('',(71.7514676073693,15.0399999999999,-43.1263031307141));
#3900=CARTESIAN_POINT('',(71.6380615641527,15.0399999999999,-12.5770702978222));
#3901=CARTESIAN_POINT('Ctrl Pts',(71.6380615641527,15.0399999999999,-12.5770702978222));
#3902=CARTESIAN_POINT('Ctrl Pts',(71.7001792341683,15.0399999999999,-13.3164892768796));
#3903=CARTESIAN_POINT('Ctrl Pts',(71.7361310859043,15.0399999999999,-14.304075794173));
#3904=CARTESIAN_POINT('Ctrl Pts',(71.751804134014,15.0399999999999,-15.6344351751389));
#3905=CARTESIAN_POINT('Ctrl Pts',(71.5900000000024,15.0399999999999,-12.0909832248403));
#3906=CARTESIAN_POINT('Ctrl Pts',(71.6073078382997,15.0399999999999,-12.2406897423842));
#3907=CARTESIAN_POINT('Ctrl Pts',(71.6233584492853,15.0399999999999,-12.4020426452629));
#3908=CARTESIAN_POINT('Ctrl Pts',(71.6380615641527,15.0399999999999,-12.5770702978222));
#3909=CARTESIAN_POINT('Ctrl Pts',(70.0061852035549,15.0399999999999,-8.18999999995485));
#3910=CARTESIAN_POINT('Ctrl Pts',(70.2296870784374,15.0399999999999,-8.46361951433902));
#3911=CARTESIAN_POINT('Ctrl Pts',(70.4249396258784,15.0399999999999,-8.75051475733242));
#3912=CARTESIAN_POINT('Ctrl Pts',(70.5899999998644,15.0399999999999,-9.02731399790642));
#3913=CARTESIAN_POINT('Ctrl Pts',(6.99000000000725,15.0399999999999,-9.02575395825419));
#3914=CARTESIAN_POINT('Ctrl Pts',(7.08343544410013,15.0399999999999,-8.86883384028841));
#3915=CARTESIAN_POINT('Ctrl Pts',(7.18264919053902,15.0399999999999,-8.71549983137733));
#3916=CARTESIAN_POINT('Ctrl Pts',(7.3781809302715,15.0399999999999,-8.43808701766958));
#3917=CARTESIAN_POINT('Ctrl Pts',(7.4735455330083,15.0399999999999,-8.31217839858589));
#3918=CARTESIAN_POINT('Ctrl Pts',(7.57347590328072,15.0399999999999,-8.19000000000483));
#3919=CARTESIAN_POINT('',(9.39000000000008,15.0399999999999,-45.8700000000032));
#3920=CARTESIAN_POINT('',(9.39000000000008,15.0399999999999,-10.5900000000032));
#3921=CARTESIAN_POINT('',(9.39000000000008,15.0399999999999,-39.9095230838055));
#3922=CARTESIAN_POINT('',(68.1900000000001,15.0399999999999,-10.5900000000032));
#3923=CARTESIAN_POINT('',(24.0911361582578,15.0399999999999,-10.5900000000032));
#3924=CARTESIAN_POINT('',(68.1900000000001,15.0399999999999,-45.8700000000032));
#3925=CARTESIAN_POINT('',(68.1900000000001,15.0399999999999,-22.2695230838055));
#3926=CARTESIAN_POINT('',(53.4911361582578,15.0399999999999,-45.8700000000032));
#3927=CARTESIAN_POINT('Ctrl Pts',(68.9454763591396,15.0399999999999,-7.19000000708961));
#3928=CARTESIAN_POINT('Ctrl Pts',(68.7536327991689,15.0399999999999,-7.05349607155318));
#3929=CARTESIAN_POINT('Ctrl Pts',(68.5527010375323,15.0399999999999,-6.92997503331153));
#3930=CARTESIAN_POINT('Ctrl Pts',(68.3587866497216,15.0399999999999,-6.8280900717967));
#3931=CARTESIAN_POINT('Ctrl Pts',(68.9454763591396,14.8838931050308,-7.19000000708961));
#3932=CARTESIAN_POINT('Ctrl Pts',(68.7536327991689,14.8838931050308,-7.05349607155318));
#3933=CARTESIAN_POINT('Ctrl Pts',(68.5527010375323,14.8838931050308,-6.92997503331153));
#3934=CARTESIAN_POINT('Ctrl Pts',(68.3587866497216,14.8838931050308,-6.8280900717967));
#3935=CARTESIAN_POINT('Ctrl Pts',(68.9454763591396,14.7277862100617,-7.19000000708961));
#3936=CARTESIAN_POINT('Ctrl Pts',(68.7536327991689,14.7277862100617,-7.05349607155318));
#3937=CARTESIAN_POINT('Ctrl Pts',(68.5527010375323,14.7277862100617,-6.92997503331153));
#3938=CARTESIAN_POINT('Ctrl Pts',(68.3587866497216,14.7277862100617,-6.8280900717967));
#3939=CARTESIAN_POINT('Ctrl Pts',(68.9454763591396,14.5716793150925,-7.19000000708961));
#3940=CARTESIAN_POINT('Ctrl Pts',(68.7536327991689,14.5716793150925,-7.05349607155318));
#3941=CARTESIAN_POINT('Ctrl Pts',(68.5527010375323,14.5716793150925,-6.92997503331153));
#3942=CARTESIAN_POINT('Ctrl Pts',(68.3587866497216,14.5716793150925,-6.8280900717967));
#3943=CARTESIAN_POINT('',(68.3587866497216,14.5716793150925,-6.8280900717967));
#3944=CARTESIAN_POINT('Ctrl Pts',(68.9454763491804,14.5716793150925,-7.19000000000321));
#3945=CARTESIAN_POINT('Ctrl Pts',(68.7536327922149,14.5716793150925,-7.05349606727823));
#3946=CARTESIAN_POINT('Ctrl Pts',(68.5527010341767,14.5716793150925,-6.92997503154846));
#3947=CARTESIAN_POINT('Ctrl Pts',(68.3587866497216,14.5716793150925,-6.8280900717967));
#3948=CARTESIAN_POINT('Ctrl Pts',(68.3587866497216,14.5716793150925,-6.8280900717967));
#3949=CARTESIAN_POINT('Ctrl Pts',(68.3587866497216,14.7277862100617,-6.8280900717967));
#3950=CARTESIAN_POINT('Ctrl Pts',(68.3587866497216,14.8838931050308,-6.8280900717967));
#3951=CARTESIAN_POINT('Ctrl Pts',(68.3587866497216,15.0399999999999,-6.8280900717967));
#3952=CARTESIAN_POINT('Origin',(5.82818804913422,14.5716793150925,-52.2655648701005));
#3953=CARTESIAN_POINT('',(3.13395354092922,14.5716793150925,-52.2811572722903));
#3954=CARTESIAN_POINT('',(3.31592981084614,14.5716793150925,-56.1383852888295));
#3955=CARTESIAN_POINT('Ctrl Pts',(3.13395354092922,14.5716793150925,-52.2811572722903));
#3956=CARTESIAN_POINT('Ctrl Pts',(3.15382833512791,14.5716793150925,-53.9872820544584));
#3957=CARTESIAN_POINT('Ctrl Pts',(3.20533377085911,14.5716793150925,-55.1924945984895));
#3958=CARTESIAN_POINT('Ctrl Pts',(3.31592981084614,14.5716793150925,-56.1383852888295));
#3959=CARTESIAN_POINT('',(3.59893897694662,14.5716793150925,-57.6970219246044));
#3960=CARTESIAN_POINT('Ctrl Pts',(3.31592981084614,14.5716793150925,-56.1383852888295));
#3961=CARTESIAN_POINT('Ctrl Pts',(3.38099566029713,14.5716793150925,-56.6963882913962));
#3962=CARTESIAN_POINT('Ctrl Pts',(3.42824133679768,14.5716793150925,-57.039707136521));
#3963=CARTESIAN_POINT('Ctrl Pts',(3.59893897694662,14.5716793150925,-57.6970219246044));
#3964=CARTESIAN_POINT('',(4.47269938802953,14.5716793150925,-59.895620977783));
#3965=CARTESIAN_POINT('Ctrl Pts',(3.59893897694662,14.5716793150925,-57.6970219246044));
#3966=CARTESIAN_POINT('Ctrl Pts',(3.75546524750825,14.5716793150925,-58.2990007019323));
#3967=CARTESIAN_POINT('Ctrl Pts',(4.01769395172982,14.5716793150925,-59.0579841449612));
#3968=CARTESIAN_POINT('Ctrl Pts',(4.47269938802953,14.5716793150925,-59.895620977783));
#3969=CARTESIAN_POINT('',(5.90823647624817,14.5716793150925,-61.8931150135643));
#3970=CARTESIAN_POINT('Ctrl Pts',(4.47269938802953,14.5716793150925,-59.895620977783));
#3971=CARTESIAN_POINT('Ctrl Pts',(4.81510311336443,14.5716793150925,-60.5260115187769));
#3972=CARTESIAN_POINT('Ctrl Pts',(5.27835326130945,14.5716793150925,-61.2277276197348));
#3973=CARTESIAN_POINT('Ctrl Pts',(5.90823647624818,14.5716793150925,-61.8931150135643));
#3974=CARTESIAN_POINT('',(7.69086610617389,14.5716793150925,-63.3041069256118));
#3975=CARTESIAN_POINT('Ctrl Pts',(5.90823647624817,14.5716793150925,-61.8931150135643));
#3976=CARTESIAN_POINT('Ctrl Pts',(6.40538006170656,14.5716793150925,-62.4181119514431));
#3977=CARTESIAN_POINT('Ctrl Pts',(7.04591457667816,14.5716793150925,-62.9318191712844));
#3978=CARTESIAN_POINT('Ctrl Pts',(7.69086610617389,14.5716793150925,-63.3041069256118));
#3979=CARTESIAN_POINT('',(12.4534071757439,14.5716793150925,-64.6309807671383));
#3980=CARTESIAN_POINT('Ctrl Pts',(7.69086610617389,14.5716793150925,-63.3041069256118));
#3981=CARTESIAN_POINT('Ctrl Pts',(8.98411478530263,14.5716793150925,-64.0508700798511));
#3982=CARTESIAN_POINT('Ctrl Pts',(10.4858943230618,14.5716793150925,-64.4456392707418));
#3983=CARTESIAN_POINT('Ctrl Pts',(12.4534071757439,14.5716793150925,-64.6309807671383));
#3984=CARTESIAN_POINT('',(14.941948018277,14.5716793150925,-64.7660208770999));
#3985=CARTESIAN_POINT('Ctrl Pts',(12.4534071757439,14.5716793150925,-64.6309807671383));
#3986=CARTESIAN_POINT('Ctrl Pts',(13.2073189953751,14.5716793150925,-64.7020088084982));
#3987=CARTESIAN_POINT('Ctrl Pts',(14.0328787618563,14.5716793150925,-64.7431521577797));
#3988=CARTESIAN_POINT('Ctrl Pts',(14.9419480185684,14.5716793150925,-64.766020877111));
#3989=CARTESIAN_POINT('',(62.6380519814346,14.5716793150925,-64.7660208771007));
#3990=CARTESIAN_POINT('',(14.941948018277,14.5716793150925,-64.7660208770999));
#3991=CARTESIAN_POINT('',(66.5055056002703,14.5716793150925,-64.4528915337597));
#3992=CARTESIAN_POINT('Ctrl Pts',(62.6380519814347,14.5716793150925,-64.7660208771118));
#3993=CARTESIAN_POINT('Ctrl Pts',(64.1465326478656,14.5716793150925,-64.728080553701));
#3994=CARTESIAN_POINT('Ctrl Pts',(65.4027474479639,14.5716793150925,-64.6404038389132));
#3995=CARTESIAN_POINT('Ctrl Pts',(66.505505600272,14.5716793150925,-64.4528915337706));
#3996=CARTESIAN_POINT('',(69.8257527863274,14.5716793150925,-63.3403295710592));
#3997=CARTESIAN_POINT('Ctrl Pts',(66.505505600272,14.5716793150925,-64.4528915337706));
#3998=CARTESIAN_POINT('Ctrl Pts',(67.7262935397213,14.5716793150925,-64.2452375509055));
#3999=CARTESIAN_POINT('Ctrl Pts',(68.8484470233913,14.5716793150925,-63.8928111706478));
#4000=CARTESIAN_POINT('Ctrl Pts',(69.8257527863274,14.5716793150925,-63.3403295710592));
#4001=CARTESIAN_POINT('',(69.9900841049215,14.5716793150925,-63.2448309000456));
#4002=CARTESIAN_POINT('Ctrl Pts',(69.8257527863274,14.5716793150925,-63.3403295710592));
#4003=CARTESIAN_POINT('Ctrl Pts',(69.8810867353996,14.5716793150925,-63.309052835713));
#4004=CARTESIAN_POINT('Ctrl Pts',(69.9358573668775,14.5716793150925,-63.2772216853503));
#4005=CARTESIAN_POINT('Ctrl Pts',(69.990084104927,14.5716793150925,-63.2448309000551));
#4006=CARTESIAN_POINT('',(72.8540450221649,14.5716793150925,-60.3354590718316));
#4007=CARTESIAN_POINT('Ctrl Pts',(69.990084104927,14.5716793150925,-63.2448309000552));
#4008=CARTESIAN_POINT('Ctrl Pts',(71.1440058212139,14.5716793150925,-62.5556041980709));
#4009=CARTESIAN_POINT('Ctrl Pts',(72.0735047111748,14.5716793150925,-61.6158249471072));
#4010=CARTESIAN_POINT('Ctrl Pts',(72.8540450221649,14.5716793150925,-60.3354590718316));
#4011=CARTESIAN_POINT('',(73.9891119551913,14.5716793150925,-57.66587564749));
#4012=CARTESIAN_POINT('Ctrl Pts',(72.8540450221649,14.5716793150925,-60.3354590718316));
#4013=CARTESIAN_POINT('Ctrl Pts',(73.3498321758012,14.5716793150925,-59.522066452231));
#4014=CARTESIAN_POINT('Ctrl Pts',(73.7455835365764,14.5716793150925,-58.6159842757934));
#4015=CARTESIAN_POINT('Ctrl Pts',(73.9891119551913,14.5716793150925,-57.66587564749));
#4016=CARTESIAN_POINT('',(74.4455964159551,14.5716793150925,-52.3192058695875));
#4017=CARTESIAN_POINT('Ctrl Pts',(73.9891119551913,14.5716793150925,-57.66587564749));
#4018=CARTESIAN_POINT('Ctrl Pts',(74.3036894130192,14.5716793150925,-56.4386725567385));
#4019=CARTESIAN_POINT('Ctrl Pts',(74.4141884625811,14.5716793150925,-54.9439016765926));
#4020=CARTESIAN_POINT('Ctrl Pts',(74.4455964159585,14.5716793150925,-52.3192058693996));
#4021=CARTESIAN_POINT('',(74.4460456633502,14.5716793150925,-15.6188427323156));
#4022=CARTESIAN_POINT('',(74.4455964159551,14.5716793150925,-52.3192058695875));
#4023=CARTESIAN_POINT('',(74.3244094169122,14.5716793150925,-12.3703923922159));
#4024=CARTESIAN_POINT('Ctrl Pts',(74.4460456633536,14.5716793150925,-15.6188427323156));
#4025=CARTESIAN_POINT('Ctrl Pts',(74.4301990835943,14.5716793150925,-14.2584985579436));
#4026=CARTESIAN_POINT('Ctrl Pts',(74.3946529620343,14.5716793150925,-13.2154294685736));
#4027=CARTESIAN_POINT('Ctrl Pts',(74.3244094169122,14.5716793150925,-12.3703923922159));
#4028=CARTESIAN_POINT('',(74.1669796825528,14.5716793150925,-11.0769109463729));
#4029=CARTESIAN_POINT('Ctrl Pts',(74.3244094169122,14.5716793150925,-12.3703923922159));
#4030=CARTESIAN_POINT('Ctrl Pts',(74.2839077527004,14.5716793150925,-11.8831470194014));
#4031=CARTESIAN_POINT('Ctrl Pts',(74.2321958113412,14.5716793150925,-11.4617754478873));
#4032=CARTESIAN_POINT('Ctrl Pts',(74.1669796825528,14.5716793150925,-11.0769109463729));
#4033=CARTESIAN_POINT('',(73.9267496086108,14.5716793150925,-10.003095457569));
#4034=CARTESIAN_POINT('Ctrl Pts',(74.1669796825528,14.5716793150925,-11.0769109463729));
#4035=CARTESIAN_POINT('Ctrl Pts',(74.1145299566046,14.5716793150925,-10.7671022634942));
#4036=CARTESIAN_POINT('Ctrl Pts',(74.0491344384071,14.5716793150925,-10.4348255808307));
#4037=CARTESIAN_POINT('Ctrl Pts',(73.9267496086108,14.5716793150925,-10.003095457569));
#4038=CARTESIAN_POINT('',(72.9326940080637,14.5716793150925,-7.69581473519662));
#4039=CARTESIAN_POINT('Ctrl Pts',(73.9267496086108,14.5716793150925,-10.003095457569));
#4040=CARTESIAN_POINT('Ctrl Pts',(73.7434360728898,14.5716793150925,-9.35657442584267));
#4041=CARTESIAN_POINT('Ctrl Pts',(73.4503690924753,14.5716793150925,-8.57476367377146));
#4042=CARTESIAN_POINT('Ctrl Pts',(72.9326940080637,14.5716793150925,-7.69581473519662));
#4043=CARTESIAN_POINT('',(71.406792004408,14.5716793150925,-5.73944068731339));
#4044=CARTESIAN_POINT('Ctrl Pts',(72.9326940080637,14.5716793150925,-7.69581473519662));
#4045=CARTESIAN_POINT('Ctrl Pts',(72.5612772469052,14.5716793150925,-7.06522185343704));
#4046=CARTESIAN_POINT('Ctrl Pts',(72.0611950349105,14.5716793150925,-6.37025197611387));
#4047=CARTESIAN_POINT('Ctrl Pts',(71.406792004408,14.5716793150925,-5.73944068731339));
#4048=CARTESIAN_POINT('',(69.6374537131838,14.5716793150925,-4.45655236737193));
#4049=CARTESIAN_POINT('Ctrl Pts',(71.406792004408,14.5716793150925,-5.73944068731339));
#4050=CARTESIAN_POINT('Ctrl Pts',(70.8941094000001,14.5716793150925,-5.24533598476109));
#4051=CARTESIAN_POINT('Ctrl Pts',(70.2738684766495,14.5716793150925,-4.79410926915592));
#4052=CARTESIAN_POINT('Ctrl Pts',(69.6374537131838,14.5716793150925,-4.45655236737193));
#4053=CARTESIAN_POINT('',(68.3265359086663,14.5716793150925,-3.89572154886907));
#4054=CARTESIAN_POINT('Ctrl Pts',(69.6374537131838,14.5716793150925,-4.45655236737193));
#4055=CARTESIAN_POINT('Ctrl Pts',(69.226161414105,14.5716793150925,-4.23835440921168));
#4056=CARTESIAN_POINT('Ctrl Pts',(68.7909236797449,14.5716793150925,-4.05268116956226));
#4057=CARTESIAN_POINT('Ctrl Pts',(68.3265359086674,14.5716793150925,-3.89572154886587));
#4058=CARTESIAN_POINT('',(66.567094519509,14.5716793150925,-3.45771884953955));
#4059=CARTESIAN_POINT('Ctrl Pts',(68.3265359086674,14.5716793150925,-3.89572154886586));
#4060=CARTESIAN_POINT('Ctrl Pts',(67.7819302645139,14.5716793150925,-3.71164665188481));
#4061=CARTESIAN_POINT('Ctrl Pts',(67.2014332572232,14.5716793150925,-3.56830101856333));
#4062=CARTESIAN_POINT('Ctrl Pts',(66.5670945195097,14.5716793150925,-3.4577188495362));
#4063=CARTESIAN_POINT('',(62.6380519723613,14.5716793150925,-3.13397992126923));
#4064=CARTESIAN_POINT('Ctrl Pts',(66.5670945195097,14.5716793150925,-3.4577188495362));
#4065=CARTESIAN_POINT('Ctrl Pts',(65.452133251628,14.5716793150925,-3.26335624450202));
#4066=CARTESIAN_POINT('Ctrl Pts',(64.1637127065027,14.5716793150925,-3.17236036773944));
#4067=CARTESIAN_POINT('Ctrl Pts',(62.6380519732164,14.5716793150925,-3.13397992127987));
#4068=CARTESIAN_POINT('',(14.9419480284928,14.5716793150925,-3.13397992126925));
#4069=CARTESIAN_POINT('',(62.6380519723613,14.5716793150925,-3.13397992126923));
#4070=CARTESIAN_POINT('',(12.2194208375731,14.5716793150925,-3.29226694873502));
#4071=CARTESIAN_POINT('Ctrl Pts',(14.9419480284924,14.5716793150925,-3.13397992123688));
#4072=CARTESIAN_POINT('Ctrl Pts',(13.9318087200281,14.5716793150925,-3.15938954224073));
#4073=CARTESIAN_POINT('Ctrl Pts',(13.0331377704768,14.5716793150925,-3.20710470391665));
#4074=CARTESIAN_POINT('Ctrl Pts',(12.2194208375702,14.5716793150925,-3.29226694870278));
#4075=CARTESIAN_POINT('',(8.78454612930351,14.5716793150925,-4.06798628123235));
#4076=CARTESIAN_POINT('Ctrl Pts',(12.2194208375702,14.5716793150925,-3.29226694870278));
#4077=CARTESIAN_POINT('Ctrl Pts',(10.9150197028017,14.5716793150925,-3.42874289169975));
#4078=CARTESIAN_POINT('Ctrl Pts',(9.81966258190279,14.5716793150925,-3.65591347269316));
#4079=CARTESIAN_POINT('Ctrl Pts',(8.78454612930351,14.5716793150925,-4.06798628123235));
#4080=CARTESIAN_POINT('',(6.190984022796,14.5716793150925,-5.72234264180569));
#4081=CARTESIAN_POINT('Ctrl Pts',(8.78454612930351,14.5716793150925,-4.06798628123235));
#4082=CARTESIAN_POINT('Ctrl Pts',(7.81097842646516,14.5716793150925,-4.45579125364918));
#4083=CARTESIAN_POINT('Ctrl Pts',(6.92640407416835,14.5716793150925,-5.01757332816612));
#4084=CARTESIAN_POINT('Ctrl Pts',(6.190984022796,14.5716793150925,-5.72234264180569));
#4085=CARTESIAN_POINT('',(4.22567500989092,14.5716793150925,-8.48947917681779));
#4086=CARTESIAN_POINT('Ctrl Pts',(6.190984022796,14.5716793150925,-5.72234264180569));
#4087=CARTESIAN_POINT('Ctrl Pts',(5.42691360514248,14.5716793150925,-6.45437726418671));
#4088=CARTESIAN_POINT('Ctrl Pts',(4.74496603220483,14.5716793150925,-7.39866753063399));
#4089=CARTESIAN_POINT('Ctrl Pts',(4.22567500989092,14.5716793150925,-8.48947917681779));
#4090=CARTESIAN_POINT('',(3.46619096019053,14.5716793150925,-10.7861673664829));
#4091=CARTESIAN_POINT('Ctrl Pts',(4.22567500989092,14.5716793150925,-8.48947917681779));
#4092=CARTESIAN_POINT('Ctrl Pts',(3.88073594626568,14.5716793150925,-9.21407986096214));
#4093=CARTESIAN_POINT('Ctrl Pts',(3.63051439971881,14.5716793150925,-9.95120601537681));
#4094=CARTESIAN_POINT('Ctrl Pts',(3.46619096019053,14.5716793150925,-10.7861673664829));
#4095=CARTESIAN_POINT('',(3.1344043960583,14.5716793150925,-15.5807941348481));
#4096=CARTESIAN_POINT('Ctrl Pts',(3.46619096019053,14.5716793150925,-10.7861673664829));
#4097=CARTESIAN_POINT('Ctrl Pts',(3.24587898706118,14.5716793150925,-11.9055474977056));
#4098=CARTESIAN_POINT('Ctrl Pts',(3.16125662774866,14.5716793150926,-13.3366140698049));
#4099=CARTESIAN_POINT('Ctrl Pts',(3.1344043960485,14.5716793150926,-15.5807941353934));
#4100=CARTESIAN_POINT('',(3.1341779317517,14.5716793150925,-33.95));
#4101=CARTESIAN_POINT('',(12.464549753989,14.5716793150925,-5.97555817418352));
#4102=CARTESIAN_POINT('Ctrl Pts',(12.4645497538899,14.5716793150925,-5.97555817309855));
#4103=CARTESIAN_POINT('Ctrl Pts',(11.3129883739664,14.5716793150925,-6.09807161991356));
#4104=CARTESIAN_POINT('Ctrl Pts',(10.4863190282352,14.5716793150925,-6.28555798170403));
#4105=CARTESIAN_POINT('Ctrl Pts',(9.7456256089871,14.5716793150925,-6.58522012302507));
#4106=CARTESIAN_POINT('',(14.9754784396596,14.5716793150925,-5.82823597772697));
#4107=CARTESIAN_POINT('Ctrl Pts',(14.9754784396461,14.5716793150925,-5.82823597663756));
#4108=CARTESIAN_POINT('Ctrl Pts',(14.0091412350281,14.5716793150925,-5.85310047404471));
#4109=CARTESIAN_POINT('Ctrl Pts',(13.1787546081332,14.5716793150925,-5.8994867373091));
#4110=CARTESIAN_POINT('Ctrl Pts',(12.4645497538899,14.5716793150925,-5.97555817309855));
#4111=CARTESIAN_POINT('',(62.6045215882543,14.5716793150925,-5.82823597772695));
#4112=CARTESIAN_POINT('',(62.6045215882543,14.5716793150925,-5.82823597772695));
#4113=CARTESIAN_POINT('',(66.0876610596367,14.5716793150925,-6.10900610308094));
#4114=CARTESIAN_POINT('Ctrl Pts',(66.0876610596553,14.5716793150925,-6.10900610297807));
#4115=CARTESIAN_POINT('Ctrl Pts',(65.186071245089,14.5716793150925,-5.95314414778844));
#4116=CARTESIAN_POINT('Ctrl Pts',(64.0396770552613,14.5716793150925,-5.86518085941699));
#4117=CARTESIAN_POINT('Ctrl Pts',(62.6045216161649,14.5716793150925,-5.8282359780743));
#4118=CARTESIAN_POINT('',(67.4470884547639,14.5716793150925,-6.44243565120976));
#4119=CARTESIAN_POINT('Ctrl Pts',(67.447088454798,14.5716793150925,-6.44243565111095));
#4120=CARTESIAN_POINT('Ctrl Pts',(67.0508602135844,14.5716793150925,-6.30959937927129));
#4121=CARTESIAN_POINT('Ctrl Pts',(66.6075351691093,14.5716793150925,-6.1988895820816));
#4122=CARTESIAN_POINT('Ctrl Pts',(66.0876610596553,14.5716793150925,-6.10900610297807));
#4123=CARTESIAN_POINT('Ctrl Pts',(68.3587866497216,14.5716793150925,-6.8280900717967));
#4124=CARTESIAN_POINT('Ctrl Pts',(68.0836748981228,14.5716793150925,-6.68331687109317));
#4125=CARTESIAN_POINT('Ctrl Pts',(67.7843455651761,14.5716793150925,-6.55549370634999));
#4126=CARTESIAN_POINT('Ctrl Pts',(67.447088454798,14.5716793150925,-6.44243565111095));
#4127=CARTESIAN_POINT('',(71.6380615641527,14.5716793150925,-12.5770702978222));
#4128=CARTESIAN_POINT('Ctrl Pts',(71.6380615641527,14.5716793150925,-12.5770702978222));
#4129=CARTESIAN_POINT('Ctrl Pts',(71.6233584492446,14.5716793150925,-12.4020426447784));
#4130=CARTESIAN_POINT('Ctrl Pts',(71.6073078382109,14.5716793150925,-12.2406897414911));
#4131=CARTESIAN_POINT('Ctrl Pts',(71.5899999998587,14.5716793150925,-12.0909832235973));
#4132=CARTESIAN_POINT('',(71.7518041339095,14.5716793150925,-15.6344351751395));
#4133=CARTESIAN_POINT('Ctrl Pts',(71.751804134014,14.5716793150925,-15.6344351751389));
#4134=CARTESIAN_POINT('Ctrl Pts',(71.7361310859043,14.5716793150925,-14.304075794173));
#4135=CARTESIAN_POINT('Ctrl Pts',(71.7001792341683,14.5716793150925,-13.3164892768796));
#4136=CARTESIAN_POINT('Ctrl Pts',(71.6380615641527,14.5716793150925,-12.5770702978222));
#4137=CARTESIAN_POINT('',(71.7513552738385,14.5716793150925,-52.3031566462412));
#4138=CARTESIAN_POINT('',(71.7513552738385,14.5716793150925,-52.3031566462412));
#4139=CARTESIAN_POINT('',(71.3887974219734,14.5716793150925,-56.9598541626094));
#4140=CARTESIAN_POINT('Ctrl Pts',(71.3887974219734,14.5716793150925,-56.9598541626094));
#4141=CARTESIAN_POINT('Ctrl Pts',(71.4816783833038,14.5716793150925,-56.5885616508874));
#4142=CARTESIAN_POINT('Ctrl Pts',(71.6564620300087,14.5716793150925,-55.601945503677));
#4143=CARTESIAN_POINT('Ctrl Pts',(71.7338454097699,14.5716793150925,-53.7501298408318));
#4144=CARTESIAN_POINT('Ctrl Pts',(71.7513552738737,14.5716793150925,-52.3031566462416));
#4145=CARTESIAN_POINT('',(70.5731877398689,14.5716793150925,-58.9009584386583));
#4146=CARTESIAN_POINT('Ctrl Pts',(70.5731877398689,14.5716793150925,-58.9009584386583));
#4147=CARTESIAN_POINT('Ctrl Pts',(70.9355984544178,14.5716793150925,-58.2996344758043));
#4148=CARTESIAN_POINT('Ctrl Pts',(71.2207502856829,14.5716793150925,-57.6319612291793));
#4149=CARTESIAN_POINT('Ctrl Pts',(71.3887974219734,14.5716793150925,-56.9598541626094));
#4150=CARTESIAN_POINT('',(68.642030675767,14.5716793150925,-60.9118384090946));
#4151=CARTESIAN_POINT('Ctrl Pts',(68.64203067595,14.5716793150925,-60.9118384094113));
#4152=CARTESIAN_POINT('Ctrl Pts',(69.4027644840758,14.5716793150925,-60.4498041694493));
#4153=CARTESIAN_POINT('Ctrl Pts',(69.9935953446675,14.5716793150925,-59.8618169491479));
#4154=CARTESIAN_POINT('Ctrl Pts',(70.5731877398689,14.5716793150925,-58.9009584386583));
#4155=CARTESIAN_POINT('',(68.5339733084055,14.5716793150925,-60.9757137905999));
#4156=CARTESIAN_POINT('Ctrl Pts',(68.5339733084056,14.5716793150925,-60.9757137905999));
#4157=CARTESIAN_POINT('Ctrl Pts',(68.5704820754325,14.5716793150925,-60.9547211716142));
#4158=CARTESIAN_POINT('Ctrl Pts',(68.6064868936276,14.5716793150925,-60.9334337795337));
#4159=CARTESIAN_POINT('Ctrl Pts',(68.64203067595,14.5716793150925,-60.9118384094113));
#4160=CARTESIAN_POINT('',(66.089714905619,14.5716793150925,-61.7907081988013));
#4161=CARTESIAN_POINT('Ctrl Pts',(66.0897149056755,14.5716793150925,-61.7907081991627));
#4162=CARTESIAN_POINT('Ctrl Pts',(67.0845286159766,14.5716793150925,-61.6183477967497));
#4163=CARTESIAN_POINT('Ctrl Pts',(67.8984935596997,14.5716793150925,-61.341457301975));
#4164=CARTESIAN_POINT('Ctrl Pts',(68.5339733084055,14.5716793150925,-60.9757137905999));
#4165=CARTESIAN_POINT('',(62.6045216579615,14.5716793150925,-62.0717718670616));
#4166=CARTESIAN_POINT('Ctrl Pts',(62.604521657966,14.5716793150925,-62.0717718674273));
#4167=CARTESIAN_POINT('Ctrl Pts',(64.0484003968469,14.5716793150925,-62.0346355244651));
#4168=CARTESIAN_POINT('Ctrl Pts',(65.1805336320364,14.5716793150925,-61.9479868747151));
#4169=CARTESIAN_POINT('Ctrl Pts',(66.0897149056755,14.5716793150925,-61.7907081991627));
#4170=CARTESIAN_POINT('',(14.9754783326689,14.5716793150925,-62.0717718670608));
#4171=CARTESIAN_POINT('',(14.9754783326689,14.5716793150925,-62.0717718670608));
#4172=CARTESIAN_POINT('',(12.7225293118663,14.5716793150925,-61.9501756671623));
#4173=CARTESIAN_POINT('Ctrl Pts',(12.7225293118664,14.5716793150925,-61.9501756671623));
#4174=CARTESIAN_POINT('Ctrl Pts',(13.3777949938174,14.5716793150925,-62.0113905724226));
#4175=CARTESIAN_POINT('Ctrl Pts',(14.1270088241014,14.5716793150926,-62.0499310991977));
#4176=CARTESIAN_POINT('Ctrl Pts',(14.9754783326656,14.5716793150926,-62.0717718671854));
#4177=CARTESIAN_POINT('',(9.05382783659759,14.5716793150925,-60.979998918309));
#4178=CARTESIAN_POINT('Ctrl Pts',(9.05382783659758,14.5716793150925,-60.979998918309));
#4179=CARTESIAN_POINT('Ctrl Pts',(9.4238801408644,14.5716793150925,-61.1920187677809));
#4180=CARTESIAN_POINT('Ctrl Pts',(10.3474387009662,14.5716793150925,-61.5953082867713));
#4181=CARTESIAN_POINT('Ctrl Pts',(11.7308065029409,14.5716793150925,-61.8575747757611));
#4182=CARTESIAN_POINT('Ctrl Pts',(12.7225293118663,14.5716793150925,-61.9501756671623));
#4183=CARTESIAN_POINT('',(7.8771780786006,14.5716793150925,-60.0539816103728));
#4184=CARTESIAN_POINT('Ctrl Pts',(7.8771780786006,14.5716793150925,-60.0539816103728));
#4185=CARTESIAN_POINT('Ctrl Pts',(8.19233648979881,14.5716793150925,-60.3841486463041));
#4186=CARTESIAN_POINT('Ctrl Pts',(8.65734463775265,14.5716793150925,-60.7534241966096));
#4187=CARTESIAN_POINT('Ctrl Pts',(9.05382783659759,14.5716793150925,-60.979998918309));
#4188=CARTESIAN_POINT('',(6.84858331082374,14.5716793150925,-58.6250627171681));
#4189=CARTESIAN_POINT('Ctrl Pts',(6.84858331082373,14.5716793150925,-58.6250627171681));
#4190=CARTESIAN_POINT('Ctrl Pts',(7.10626353764493,14.5716793150925,-59.0970243185051));
#4191=CARTESIAN_POINT('Ctrl Pts',(7.44203518810271,14.5716793150925,-59.5970795421766));
#4192=CARTESIAN_POINT('Ctrl Pts',(7.8771780786006,14.5716793150925,-60.0539816103728));
#4193=CARTESIAN_POINT('',(6.21094252323219,14.5716793150925,-57.0362797794371));
#4194=CARTESIAN_POINT('Ctrl Pts',(6.21094252323219,14.5716793150925,-57.0362797794371));
#4195=CARTESIAN_POINT('Ctrl Pts',(6.32271859071542,14.5716793150925,-57.46135491895));
#4196=CARTESIAN_POINT('Ctrl Pts',(6.51112637078373,14.5716793150925,-58.007236019048));
#4197=CARTESIAN_POINT('Ctrl Pts',(6.84858331082374,14.5716793150925,-58.6250627171681));
#4198=CARTESIAN_POINT('',(5.99389130753566,14.5716793150925,-55.8423026475668));
#4199=CARTESIAN_POINT('Ctrl Pts',(5.99389130753566,14.5716793150925,-55.8423026475668));
#4200=CARTESIAN_POINT('Ctrl Pts',(6.05530155983751,14.5716793150925,-56.3672420825732));
#4201=CARTESIAN_POINT('Ctrl Pts',(6.07068959750184,14.5716793150925,-56.4993170872638));
#4202=CARTESIAN_POINT('Ctrl Pts',(6.21094252323219,14.5716793150925,-57.0362797794371));
#4203=CARTESIAN_POINT('',(5.82818804913422,14.5716793150925,-52.2655648701005));
#4204=CARTESIAN_POINT('Ctrl Pts',(5.82818804913422,14.5716793150925,-52.2655648701005));
#4205=CARTESIAN_POINT('Ctrl Pts',(5.84784471917919,14.5716793150925,-53.9339996533257));
#4206=CARTESIAN_POINT('Ctrl Pts',(5.9012201126676,14.5716793150925,-55.0585357644786));
#4207=CARTESIAN_POINT('Ctrl Pts',(5.99389130753566,14.5716793150925,-55.8423026475668));
#4208=CARTESIAN_POINT('',(5.82841224909085,14.5716793150925,-33.95));
#4209=CARTESIAN_POINT('',(5.82841224909085,14.5716793150925,-33.95));
#4210=CARTESIAN_POINT('',(5.82865270531574,14.5716793150925,-15.5968434029813));
#4211=CARTESIAN_POINT('Origin',(5.82818804913422,14.5716793150925,-52.2655648701005));
#4212=CARTESIAN_POINT('Ctrl Pts',(70.5900000000001,14.5716793150925,-9.02731399813396));
#4213=CARTESIAN_POINT('Ctrl Pts',(70.4249396270405,14.5716793150925,-8.75051475925907));
#4214=CARTESIAN_POINT('Ctrl Pts',(70.2296870809949,14.5716793150925,-8.46361951808191));
#4215=CARTESIAN_POINT('Ctrl Pts',(70.0061852078411,14.5716793150925,-8.19000000520213));
#4216=CARTESIAN_POINT('Ctrl Pts',(71.6380615641527,15.0399999999999,-12.5770702978222));
#4217=CARTESIAN_POINT('Ctrl Pts',(71.6233584492446,15.0399999999999,-12.4020426447784));
#4218=CARTESIAN_POINT('Ctrl Pts',(71.6073078382109,15.0399999999999,-12.2406897414911));
#4219=CARTESIAN_POINT('Ctrl Pts',(71.5899999998587,15.0399999999999,-12.0909832235973));
#4220=CARTESIAN_POINT('Ctrl Pts',(71.6380615641527,14.8838931050308,-12.5770702978222));
#4221=CARTESIAN_POINT('Ctrl Pts',(71.6233584492446,14.8838931050308,-12.4020426447784));
#4222=CARTESIAN_POINT('Ctrl Pts',(71.6073078382109,14.8838931050308,-12.2406897414911));
#4223=CARTESIAN_POINT('Ctrl Pts',(71.5899999998587,14.8838931050308,-12.0909832235973));
#4224=CARTESIAN_POINT('Ctrl Pts',(71.6380615641527,14.7277862100617,-12.5770702978222));
#4225=CARTESIAN_POINT('Ctrl Pts',(71.6233584492446,14.7277862100617,-12.4020426447784));
#4226=CARTESIAN_POINT('Ctrl Pts',(71.6073078382109,14.7277862100617,-12.2406897414911));
#4227=CARTESIAN_POINT('Ctrl Pts',(71.5899999998587,14.7277862100617,-12.0909832235973));
#4228=CARTESIAN_POINT('Ctrl Pts',(71.6380615641527,14.5716793150925,-12.5770702978222));
#4229=CARTESIAN_POINT('Ctrl Pts',(71.6233584492446,14.5716793150925,-12.4020426447784));
#4230=CARTESIAN_POINT('Ctrl Pts',(71.6073078382109,14.5716793150925,-12.2406897414911));
#4231=CARTESIAN_POINT('Ctrl Pts',(71.5899999998587,14.5716793150925,-12.0909832235973));
#4232=CARTESIAN_POINT('Ctrl Pts',(71.6380615641527,14.5716793150925,-12.5770702978222));
#4233=CARTESIAN_POINT('Ctrl Pts',(71.6380615641527,14.7277862100617,-12.5770702978222));
#4234=CARTESIAN_POINT('Ctrl Pts',(71.6380615641527,14.8838931050308,-12.5770702978222));
#4235=CARTESIAN_POINT('Ctrl Pts',(71.6380615641527,15.0399999999999,-12.5770702978222));
#4236=CARTESIAN_POINT('Origin',(9.39000000000007,15.5716793150925,-10.5900000000032));
#4237=CARTESIAN_POINT('',(9.39000000000008,15.5716793150925,-10.5900000000032));
#4238=CARTESIAN_POINT('',(9.39000000000008,15.5716793150925,-10.5900000000032));
#4239=CARTESIAN_POINT('',(68.1900000000001,15.5716793150925,-10.5900000000032));
#4240=CARTESIAN_POINT('',(68.1900000000001,15.5716793150925,-10.5900000000032));
#4241=CARTESIAN_POINT('',(68.1900000000001,15.5716793150925,-10.5900000000032));
#4242=CARTESIAN_POINT('Origin',(9.39000000000008,15.5716793150925,-45.8700000000032));
#4243=CARTESIAN_POINT('',(9.39000000000008,15.5716793150925,-45.8700000000032));
#4244=CARTESIAN_POINT('',(9.39000000000008,15.5716793150925,-45.8700000000032));
#4245=CARTESIAN_POINT('',(9.39000000000008,15.5716793150925,-10.5900000000032));
#4246=CARTESIAN_POINT('Origin',(68.1900000000001,15.5716793150925,-45.8700000000032));
#4247=CARTESIAN_POINT('',(68.1900000000001,15.5716793150925,-45.8700000000032));
#4248=CARTESIAN_POINT('',(68.1900000000001,15.5716793150925,-45.8700000000032));
#4249=CARTESIAN_POINT('',(9.39000000000008,15.5716793150925,-45.8700000000032));
#4250=CARTESIAN_POINT('Origin',(68.1900000000001,15.5716793150925,-10.5900000000032));
#4251=CARTESIAN_POINT('',(68.1900000000001,15.5716793150925,-45.8700000000032));
#4252=CARTESIAN_POINT('Ctrl Pts',(71.3887974219734,15.0399999999999,-56.9598541626094));
#4253=CARTESIAN_POINT('Ctrl Pts',(71.4816783833038,15.0399999999999,-56.5885616508874));
#4254=CARTESIAN_POINT('Ctrl Pts',(71.6564620301409,15.0399999999999,-55.6019455029306));
#4255=CARTESIAN_POINT('Ctrl Pts',(71.733845409887,15.0399999999999,-53.7501298380297));
#4256=CARTESIAN_POINT('Ctrl Pts',(71.7513552739432,15.0399999999999,-52.3031566404942));
#4257=CARTESIAN_POINT('Ctrl Pts',(71.3887974219734,14.8838931050308,-56.9598541626094));
#4258=CARTESIAN_POINT('Ctrl Pts',(71.4816783833038,14.8838931050308,-56.5885616508874));
#4259=CARTESIAN_POINT('Ctrl Pts',(71.6564620301409,14.8838931050308,-55.6019455029306));
#4260=CARTESIAN_POINT('Ctrl Pts',(71.733845409887,14.8838931050308,-53.7501298380297));
#4261=CARTESIAN_POINT('Ctrl Pts',(71.7513552739432,14.8838931050308,-52.3031566404942));
#4262=CARTESIAN_POINT('Ctrl Pts',(71.3887974219734,14.7277862100617,-56.9598541626094));
#4263=CARTESIAN_POINT('Ctrl Pts',(71.4816783833038,14.7277862100617,-56.5885616508874));
#4264=CARTESIAN_POINT('Ctrl Pts',(71.6564620301409,14.7277862100617,-55.6019455029306));
#4265=CARTESIAN_POINT('Ctrl Pts',(71.733845409887,14.7277862100617,-53.7501298380297));
#4266=CARTESIAN_POINT('Ctrl Pts',(71.7513552739432,14.7277862100617,-52.3031566404942));
#4267=CARTESIAN_POINT('Ctrl Pts',(71.3887974219734,14.5716793150925,-56.9598541626094));
#4268=CARTESIAN_POINT('Ctrl Pts',(71.4816783833038,14.5716793150925,-56.5885616508874));
#4269=CARTESIAN_POINT('Ctrl Pts',(71.6564620301409,14.5716793150925,-55.6019455029306));
#4270=CARTESIAN_POINT('Ctrl Pts',(71.733845409887,14.5716793150925,-53.7501298380297));
#4271=CARTESIAN_POINT('Ctrl Pts',(71.7513552739432,14.5716793150925,-52.3031566404942));
#4272=CARTESIAN_POINT('Ctrl Pts',(71.3887974219734,14.5716793150925,-56.9598541626094));
#4273=CARTESIAN_POINT('Ctrl Pts',(71.3887974219734,14.7277862100617,-56.9598541626094));
#4274=CARTESIAN_POINT('Ctrl Pts',(71.3887974219734,14.8838931050308,-56.9598541626094));
#4275=CARTESIAN_POINT('Ctrl Pts',(71.3887974219734,15.0399999999999,-56.9598541626094));
#4276=CARTESIAN_POINT('Ctrl Pts',(71.7513552739431,15.0399999999999,-52.3031566405074));
#4277=CARTESIAN_POINT('Ctrl Pts',(71.7513552739431,14.8838931050308,-52.3031566405074));
#4278=CARTESIAN_POINT('Ctrl Pts',(71.7513552739431,14.7277862100617,-52.3031566405074));
#4279=CARTESIAN_POINT('Ctrl Pts',(71.7513552739431,14.5716793150925,-52.3031566405074));
#4280=CARTESIAN_POINT('Ctrl Pts',(70.5731877398689,15.0399999999999,-58.9009584386583));
#4281=CARTESIAN_POINT('Ctrl Pts',(70.9355984544178,15.0399999999999,-58.2996344758043));
#4282=CARTESIAN_POINT('Ctrl Pts',(71.2207502856829,15.0399999999999,-57.6319612291793));
#4283=CARTESIAN_POINT('Ctrl Pts',(71.3887974219734,15.0399999999999,-56.9598541626094));
#4284=CARTESIAN_POINT('Ctrl Pts',(70.5731877398689,14.8838931050308,-58.9009584386583));
#4285=CARTESIAN_POINT('Ctrl Pts',(70.9355984544178,14.8838931050308,-58.2996344758043));
#4286=CARTESIAN_POINT('Ctrl Pts',(71.2207502856829,14.8838931050308,-57.6319612291793));
#4287=CARTESIAN_POINT('Ctrl Pts',(71.3887974219734,14.8838931050308,-56.9598541626094));
#4288=CARTESIAN_POINT('Ctrl Pts',(70.5731877398689,14.7277862100617,-58.9009584386583));
#4289=CARTESIAN_POINT('Ctrl Pts',(70.9355984544178,14.7277862100617,-58.2996344758043));
#4290=CARTESIAN_POINT('Ctrl Pts',(71.2207502856829,14.7277862100617,-57.6319612291793));
#4291=CARTESIAN_POINT('Ctrl Pts',(71.3887974219734,14.7277862100617,-56.9598541626094));
#4292=CARTESIAN_POINT('Ctrl Pts',(70.5731877398689,14.5716793150925,-58.9009584386583));
#4293=CARTESIAN_POINT('Ctrl Pts',(70.9355984544178,14.5716793150925,-58.2996344758043));
#4294=CARTESIAN_POINT('Ctrl Pts',(71.2207502856829,14.5716793150925,-57.6319612291793));
#4295=CARTESIAN_POINT('Ctrl Pts',(71.3887974219734,14.5716793150925,-56.9598541626094));
#4296=CARTESIAN_POINT('Ctrl Pts',(70.5731877398689,14.5716793150925,-58.9009584386583));
#4297=CARTESIAN_POINT('Ctrl Pts',(70.5731877398689,14.7277862100617,-58.9009584386583));
#4298=CARTESIAN_POINT('Ctrl Pts',(70.5731877398689,14.8838931050308,-58.9009584386583));
#4299=CARTESIAN_POINT('Ctrl Pts',(70.5731877398689,15.0399999999999,-58.9009584386583));
#4300=CARTESIAN_POINT('Ctrl Pts',(68.64203067595,15.0399999999999,-60.9118384094113));
#4301=CARTESIAN_POINT('Ctrl Pts',(69.4027644840758,15.0399999999999,-60.4498041694493));
#4302=CARTESIAN_POINT('Ctrl Pts',(69.9935953446675,15.0399999999999,-59.8618169491479));
#4303=CARTESIAN_POINT('Ctrl Pts',(70.5731877398689,15.0399999999999,-58.9009584386583));
#4304=CARTESIAN_POINT('Ctrl Pts',(68.64203067595,14.8838931050308,-60.9118384094113));
#4305=CARTESIAN_POINT('Ctrl Pts',(69.4027644840758,14.8838931050308,-60.4498041694493));
#4306=CARTESIAN_POINT('Ctrl Pts',(69.9935953446675,14.8838931050308,-59.8618169491479));
#4307=CARTESIAN_POINT('Ctrl Pts',(70.5731877398689,14.8838931050308,-58.9009584386583));
#4308=CARTESIAN_POINT('Ctrl Pts',(68.64203067595,14.7277862100617,-60.9118384094113));
#4309=CARTESIAN_POINT('Ctrl Pts',(69.4027644840758,14.7277862100617,-60.4498041694493));
#4310=CARTESIAN_POINT('Ctrl Pts',(69.9935953446675,14.7277862100617,-59.8618169491479));
#4311=CARTESIAN_POINT('Ctrl Pts',(70.5731877398689,14.7277862100617,-58.9009584386583));
#4312=CARTESIAN_POINT('Ctrl Pts',(68.64203067595,14.5716793150925,-60.9118384094113));
#4313=CARTESIAN_POINT('Ctrl Pts',(69.4027644840758,14.5716793150925,-60.4498041694493));
#4314=CARTESIAN_POINT('Ctrl Pts',(69.9935953446675,14.5716793150925,-59.8618169491479));
#4315=CARTESIAN_POINT('Ctrl Pts',(70.5731877398689,14.5716793150925,-58.9009584386583));
#4316=CARTESIAN_POINT('',(68.64203067595,14.2858396575463,-60.9118384094113));
#4317=CARTESIAN_POINT('Ctrl Pts',(68.5339733084056,15.0399999999999,-60.9757137905999));
#4318=CARTESIAN_POINT('Ctrl Pts',(68.5704820754325,15.0399999999999,-60.9547211716142));
#4319=CARTESIAN_POINT('Ctrl Pts',(68.6064868936276,15.0399999999999,-60.9334337795337));
#4320=CARTESIAN_POINT('Ctrl Pts',(68.64203067595,15.0399999999999,-60.9118384094113));
#4321=CARTESIAN_POINT('Ctrl Pts',(68.5339733084056,14.8838931050308,-60.9757137905999));
#4322=CARTESIAN_POINT('Ctrl Pts',(68.5704820754325,14.8838931050308,-60.9547211716142));
#4323=CARTESIAN_POINT('Ctrl Pts',(68.6064868936276,14.8838931050308,-60.9334337795337));
#4324=CARTESIAN_POINT('Ctrl Pts',(68.64203067595,14.8838931050308,-60.9118384094113));
#4325=CARTESIAN_POINT('Ctrl Pts',(68.5339733084056,14.7277862100617,-60.9757137905999));
#4326=CARTESIAN_POINT('Ctrl Pts',(68.5704820754325,14.7277862100617,-60.9547211716142));
#4327=CARTESIAN_POINT('Ctrl Pts',(68.6064868936276,14.7277862100617,-60.9334337795337));
#4328=CARTESIAN_POINT('Ctrl Pts',(68.64203067595,14.7277862100617,-60.9118384094113));
#4329=CARTESIAN_POINT('Ctrl Pts',(68.5339733084056,14.5716793150925,-60.9757137905999));
#4330=CARTESIAN_POINT('Ctrl Pts',(68.5704820754325,14.5716793150925,-60.9547211716142));
#4331=CARTESIAN_POINT('Ctrl Pts',(68.6064868936276,14.5716793150925,-60.9334337795337));
#4332=CARTESIAN_POINT('Ctrl Pts',(68.64203067595,14.5716793150925,-60.9118384094113));
#4333=CARTESIAN_POINT('Ctrl Pts',(68.5339733084056,14.5716793150925,-60.9757137905999));
#4334=CARTESIAN_POINT('Ctrl Pts',(68.5339733084056,14.7277862100617,-60.9757137905999));
#4335=CARTESIAN_POINT('Ctrl Pts',(68.5339733084056,14.8838931050308,-60.9757137905999));
#4336=CARTESIAN_POINT('Ctrl Pts',(68.5339733084056,15.0399999999999,-60.9757137905999));
#4337=CARTESIAN_POINT('Ctrl Pts',(66.0897149056755,15.0399999999999,-61.7907081991627));
#4338=CARTESIAN_POINT('Ctrl Pts',(67.0845286159766,15.0399999999999,-61.6183477967497));
#4339=CARTESIAN_POINT('Ctrl Pts',(67.8984935596997,15.0399999999999,-61.341457301975));
#4340=CARTESIAN_POINT('Ctrl Pts',(68.5339733084055,15.0399999999999,-60.9757137905999));
#4341=CARTESIAN_POINT('Ctrl Pts',(66.0897149056755,14.8838931050308,-61.7907081991627));
#4342=CARTESIAN_POINT('Ctrl Pts',(67.0845286159766,14.8838931050308,-61.6183477967497));
#4343=CARTESIAN_POINT('Ctrl Pts',(67.8984935596997,14.8838931050308,-61.341457301975));
#4344=CARTESIAN_POINT('Ctrl Pts',(68.5339733084055,14.8838931050308,-60.9757137905999));
#4345=CARTESIAN_POINT('Ctrl Pts',(66.0897149056755,14.7277862100617,-61.7907081991627));
#4346=CARTESIAN_POINT('Ctrl Pts',(67.0845286159766,14.7277862100617,-61.6183477967497));
#4347=CARTESIAN_POINT('Ctrl Pts',(67.8984935596997,14.7277862100617,-61.341457301975));
#4348=CARTESIAN_POINT('Ctrl Pts',(68.5339733084055,14.7277862100617,-60.9757137905999));
#4349=CARTESIAN_POINT('Ctrl Pts',(66.0897149056755,14.5716793150925,-61.7907081991627));
#4350=CARTESIAN_POINT('Ctrl Pts',(67.0845286159766,14.5716793150925,-61.6183477967497));
#4351=CARTESIAN_POINT('Ctrl Pts',(67.8984935596997,14.5716793150925,-61.341457301975));
#4352=CARTESIAN_POINT('Ctrl Pts',(68.5339733084055,14.5716793150925,-60.9757137905999));
#4353=CARTESIAN_POINT('',(66.0897149056755,14.2858396575463,-61.7907081991627));
#4354=CARTESIAN_POINT('Ctrl Pts',(62.604521657966,15.0399999999999,-62.0717718674273));
#4355=CARTESIAN_POINT('Ctrl Pts',(64.0484003968469,15.0399999999999,-62.0346355244651));
#4356=CARTESIAN_POINT('Ctrl Pts',(65.1805336320364,15.0399999999999,-61.9479868747151));
#4357=CARTESIAN_POINT('Ctrl Pts',(66.0897149056755,15.0399999999999,-61.7907081991627));
#4358=CARTESIAN_POINT('Ctrl Pts',(62.604521657966,14.8838931050308,-62.0717718674273));
#4359=CARTESIAN_POINT('Ctrl Pts',(64.0484003968469,14.8838931050308,-62.0346355244651));
#4360=CARTESIAN_POINT('Ctrl Pts',(65.1805336320364,14.8838931050308,-61.9479868747151));
#4361=CARTESIAN_POINT('Ctrl Pts',(66.0897149056755,14.8838931050308,-61.7907081991627));
#4362=CARTESIAN_POINT('Ctrl Pts',(62.604521657966,14.7277862100617,-62.0717718674273));
#4363=CARTESIAN_POINT('Ctrl Pts',(64.0484003968469,14.7277862100617,-62.0346355244651));
#4364=CARTESIAN_POINT('Ctrl Pts',(65.1805336320364,14.7277862100617,-61.9479868747151));
#4365=CARTESIAN_POINT('Ctrl Pts',(66.0897149056755,14.7277862100617,-61.7907081991627));
#4366=CARTESIAN_POINT('Ctrl Pts',(62.604521657966,14.5716793150925,-62.0717718674273));
#4367=CARTESIAN_POINT('Ctrl Pts',(64.0484003968469,14.5716793150925,-62.0346355244651));
#4368=CARTESIAN_POINT('Ctrl Pts',(65.1805336320364,14.5716793150925,-61.9479868747151));
#4369=CARTESIAN_POINT('Ctrl Pts',(66.0897149056755,14.5716793150925,-61.7907081991627));
#4370=CARTESIAN_POINT('',(62.604521657966,14.2858396575463,-62.0717718674273));
#4371=CARTESIAN_POINT('Origin',(14.9754783420363,15.5716793150925,-62.0717718674266));
#4372=CARTESIAN_POINT('Ctrl Pts',(14.9754783420363,15.0399999999999,-62.0717718674266));
#4373=CARTESIAN_POINT('Ctrl Pts',(14.9754783420363,14.8838931050308,-62.0717718674266));
#4374=CARTESIAN_POINT('Ctrl Pts',(14.9754783420363,14.7277862100617,-62.0717718674266));
#4375=CARTESIAN_POINT('Ctrl Pts',(14.9754783420363,14.5716793150925,-62.0717718674266));
#4376=CARTESIAN_POINT('Ctrl Pts',(12.7225293118664,15.0399999999999,-61.9501756671623));
#4377=CARTESIAN_POINT('Ctrl Pts',(13.3777949962297,15.0399999999999,-62.0113905726479));
#4378=CARTESIAN_POINT('Ctrl Pts',(14.1270088296178,15.0399999999999,-62.0499310994815));
#4379=CARTESIAN_POINT('Ctrl Pts',(14.9754783420364,15.0399999999999,-62.0717718674266));
#4380=CARTESIAN_POINT('Ctrl Pts',(12.7225293118664,14.8838931050308,-61.9501756671623));
#4381=CARTESIAN_POINT('Ctrl Pts',(13.3777949962297,14.8838931050308,-62.0113905726479));
#4382=CARTESIAN_POINT('Ctrl Pts',(14.1270088296178,14.8838931050308,-62.0499310994815));
#4383=CARTESIAN_POINT('Ctrl Pts',(14.9754783420364,14.8838931050308,-62.0717718674266));
#4384=CARTESIAN_POINT('Ctrl Pts',(12.7225293118664,14.7277862100617,-61.9501756671623));
#4385=CARTESIAN_POINT('Ctrl Pts',(13.3777949962297,14.7277862100617,-62.0113905726479));
#4386=CARTESIAN_POINT('Ctrl Pts',(14.1270088296178,14.7277862100617,-62.0499310994815));
#4387=CARTESIAN_POINT('Ctrl Pts',(14.9754783420364,14.7277862100617,-62.0717718674266));
#4388=CARTESIAN_POINT('Ctrl Pts',(12.7225293118664,14.5716793150925,-61.9501756671623));
#4389=CARTESIAN_POINT('Ctrl Pts',(13.3777949962297,14.5716793150925,-62.0113905726479));
#4390=CARTESIAN_POINT('Ctrl Pts',(14.1270088296178,14.5716793150926,-62.0499310994815));
#4391=CARTESIAN_POINT('Ctrl Pts',(14.9754783420364,14.5716793150926,-62.0717718674266));
#4392=CARTESIAN_POINT('Ctrl Pts',(12.7225293118664,14.5716793150925,-61.9501756671623));
#4393=CARTESIAN_POINT('Ctrl Pts',(12.7225293118664,14.7277862100617,-61.9501756671623));
#4394=CARTESIAN_POINT('Ctrl Pts',(12.7225293118664,14.8838931050308,-61.9501756671623));
#4395=CARTESIAN_POINT('Ctrl Pts',(12.7225293118664,15.0399999999999,-61.9501756671623));
#4396=CARTESIAN_POINT('Ctrl Pts',(9.05382783659758,15.0399999999999,-60.979998918309));
#4397=CARTESIAN_POINT('Ctrl Pts',(9.4238801408644,15.0399999999999,-61.1920187677809));
#4398=CARTESIAN_POINT('Ctrl Pts',(10.3474387009662,15.0399999999999,-61.5953082867713));
#4399=CARTESIAN_POINT('Ctrl Pts',(11.7308065029409,15.0399999999999,-61.8575747757611));
#4400=CARTESIAN_POINT('Ctrl Pts',(12.7225293118663,15.0399999999999,-61.9501756671623));
#4401=CARTESIAN_POINT('Ctrl Pts',(9.05382783659758,14.8838931050308,-60.979998918309));
#4402=CARTESIAN_POINT('Ctrl Pts',(9.4238801408644,14.8838931050308,-61.1920187677809));
#4403=CARTESIAN_POINT('Ctrl Pts',(10.3474387009662,14.8838931050308,-61.5953082867713));
#4404=CARTESIAN_POINT('Ctrl Pts',(11.7308065029409,14.8838931050308,-61.8575747757611));
#4405=CARTESIAN_POINT('Ctrl Pts',(12.7225293118663,14.8838931050308,-61.9501756671623));
#4406=CARTESIAN_POINT('Ctrl Pts',(9.05382783659758,14.7277862100617,-60.979998918309));
#4407=CARTESIAN_POINT('Ctrl Pts',(9.4238801408644,14.7277862100617,-61.1920187677809));
#4408=CARTESIAN_POINT('Ctrl Pts',(10.3474387009662,14.7277862100617,-61.5953082867713));
#4409=CARTESIAN_POINT('Ctrl Pts',(11.7308065029409,14.7277862100617,-61.8575747757611));
#4410=CARTESIAN_POINT('Ctrl Pts',(12.7225293118663,14.7277862100617,-61.9501756671623));
#4411=CARTESIAN_POINT('Ctrl Pts',(9.05382783659758,14.5716793150925,-60.979998918309));
#4412=CARTESIAN_POINT('Ctrl Pts',(9.4238801408644,14.5716793150925,-61.1920187677809));
#4413=CARTESIAN_POINT('Ctrl Pts',(10.3474387009662,14.5716793150925,-61.5953082867713));
#4414=CARTESIAN_POINT('Ctrl Pts',(11.7308065029409,14.5716793150925,-61.8575747757611));
#4415=CARTESIAN_POINT('Ctrl Pts',(12.7225293118663,14.5716793150925,-61.9501756671623));
#4416=CARTESIAN_POINT('Ctrl Pts',(9.05382783659758,14.5716793150925,-60.979998918309));
#4417=CARTESIAN_POINT('Ctrl Pts',(9.05382783659758,14.7277862100617,-60.979998918309));
#4418=CARTESIAN_POINT('Ctrl Pts',(9.05382783659758,14.8838931050308,-60.979998918309));
#4419=CARTESIAN_POINT('Ctrl Pts',(9.05382783659758,15.0399999999999,-60.979998918309));
#4420=CARTESIAN_POINT('Ctrl Pts',(7.8771780786006,15.0399999999999,-60.0539816103728));
#4421=CARTESIAN_POINT('Ctrl Pts',(8.19233648979881,15.0399999999999,-60.3841486463041));
#4422=CARTESIAN_POINT('Ctrl Pts',(8.65734463775265,15.0399999999999,-60.7534241966096));
#4423=CARTESIAN_POINT('Ctrl Pts',(9.05382783659759,15.0399999999999,-60.979998918309));
#4424=CARTESIAN_POINT('Ctrl Pts',(7.8771780786006,14.8838931050308,-60.0539816103728));
#4425=CARTESIAN_POINT('Ctrl Pts',(8.19233648979881,14.8838931050308,-60.3841486463041));
#4426=CARTESIAN_POINT('Ctrl Pts',(8.65734463775265,14.8838931050308,-60.7534241966096));
#4427=CARTESIAN_POINT('Ctrl Pts',(9.05382783659759,14.8838931050308,-60.979998918309));
#4428=CARTESIAN_POINT('Ctrl Pts',(7.8771780786006,14.7277862100617,-60.0539816103728));
#4429=CARTESIAN_POINT('Ctrl Pts',(8.19233648979881,14.7277862100617,-60.3841486463041));
#4430=CARTESIAN_POINT('Ctrl Pts',(8.65734463775265,14.7277862100617,-60.7534241966096));
#4431=CARTESIAN_POINT('Ctrl Pts',(9.05382783659759,14.7277862100617,-60.979998918309));
#4432=CARTESIAN_POINT('Ctrl Pts',(7.8771780786006,14.5716793150925,-60.0539816103728));
#4433=CARTESIAN_POINT('Ctrl Pts',(8.19233648979881,14.5716793150925,-60.3841486463041));
#4434=CARTESIAN_POINT('Ctrl Pts',(8.65734463775265,14.5716793150925,-60.7534241966096));
#4435=CARTESIAN_POINT('Ctrl Pts',(9.05382783659759,14.5716793150925,-60.979998918309));
#4436=CARTESIAN_POINT('Ctrl Pts',(7.8771780786006,14.5716793150925,-60.0539816103728));
#4437=CARTESIAN_POINT('Ctrl Pts',(7.8771780786006,14.7277862100617,-60.0539816103728));
#4438=CARTESIAN_POINT('Ctrl Pts',(7.8771780786006,14.8838931050308,-60.0539816103728));
#4439=CARTESIAN_POINT('Ctrl Pts',(7.8771780786006,15.0399999999999,-60.0539816103728));
#4440=CARTESIAN_POINT('Ctrl Pts',(6.84858331082373,15.0399999999999,-58.6250627171681));
#4441=CARTESIAN_POINT('Ctrl Pts',(7.10626353764493,15.0399999999999,-59.0970243185051));
#4442=CARTESIAN_POINT('Ctrl Pts',(7.44203518810271,15.0399999999999,-59.5970795421766));
#4443=CARTESIAN_POINT('Ctrl Pts',(7.8771780786006,15.0399999999999,-60.0539816103728));
#4444=CARTESIAN_POINT('Ctrl Pts',(6.84858331082373,14.8838931050308,-58.6250627171681));
#4445=CARTESIAN_POINT('Ctrl Pts',(7.10626353764493,14.8838931050308,-59.0970243185051));
#4446=CARTESIAN_POINT('Ctrl Pts',(7.44203518810271,14.8838931050308,-59.5970795421766));
#4447=CARTESIAN_POINT('Ctrl Pts',(7.8771780786006,14.8838931050308,-60.0539816103728));
#4448=CARTESIAN_POINT('Ctrl Pts',(6.84858331082373,14.7277862100617,-58.6250627171681));
#4449=CARTESIAN_POINT('Ctrl Pts',(7.10626353764493,14.7277862100617,-59.0970243185051));
#4450=CARTESIAN_POINT('Ctrl Pts',(7.44203518810271,14.7277862100617,-59.5970795421766));
#4451=CARTESIAN_POINT('Ctrl Pts',(7.8771780786006,14.7277862100617,-60.0539816103728));
#4452=CARTESIAN_POINT('Ctrl Pts',(6.84858331082373,14.5716793150925,-58.6250627171681));
#4453=CARTESIAN_POINT('Ctrl Pts',(7.10626353764493,14.5716793150925,-59.0970243185051));
#4454=CARTESIAN_POINT('Ctrl Pts',(7.44203518810271,14.5716793150925,-59.5970795421766));
#4455=CARTESIAN_POINT('Ctrl Pts',(7.8771780786006,14.5716793150925,-60.0539816103728));
#4456=CARTESIAN_POINT('Ctrl Pts',(6.84858331082373,14.5716793150925,-58.6250627171681));
#4457=CARTESIAN_POINT('Ctrl Pts',(6.84858331082373,14.7277862100617,-58.6250627171681));
#4458=CARTESIAN_POINT('Ctrl Pts',(6.84858331082373,14.8838931050308,-58.6250627171681));
#4459=CARTESIAN_POINT('Ctrl Pts',(6.84858331082373,15.0399999999999,-58.6250627171681));
#4460=CARTESIAN_POINT('Ctrl Pts',(6.21094252323219,15.0399999999999,-57.0362797794371));
#4461=CARTESIAN_POINT('Ctrl Pts',(6.32271859071542,15.0399999999999,-57.46135491895));
#4462=CARTESIAN_POINT('Ctrl Pts',(6.51112637078373,15.0399999999999,-58.007236019048));
#4463=CARTESIAN_POINT('Ctrl Pts',(6.84858331082374,15.0399999999999,-58.6250627171681));
#4464=CARTESIAN_POINT('Ctrl Pts',(6.21094252323219,14.8838931050308,-57.0362797794371));
#4465=CARTESIAN_POINT('Ctrl Pts',(6.32271859071542,14.8838931050308,-57.46135491895));
#4466=CARTESIAN_POINT('Ctrl Pts',(6.51112637078373,14.8838931050308,-58.007236019048));
#4467=CARTESIAN_POINT('Ctrl Pts',(6.84858331082374,14.8838931050308,-58.6250627171681));
#4468=CARTESIAN_POINT('Ctrl Pts',(6.21094252323219,14.7277862100617,-57.0362797794371));
#4469=CARTESIAN_POINT('Ctrl Pts',(6.32271859071542,14.7277862100617,-57.46135491895));
#4470=CARTESIAN_POINT('Ctrl Pts',(6.51112637078373,14.7277862100617,-58.007236019048));
#4471=CARTESIAN_POINT('Ctrl Pts',(6.84858331082374,14.7277862100617,-58.6250627171681));
#4472=CARTESIAN_POINT('Ctrl Pts',(6.21094252323219,14.5716793150925,-57.0362797794371));
#4473=CARTESIAN_POINT('Ctrl Pts',(6.32271859071542,14.5716793150925,-57.46135491895));
#4474=CARTESIAN_POINT('Ctrl Pts',(6.51112637078373,14.5716793150925,-58.007236019048));
#4475=CARTESIAN_POINT('Ctrl Pts',(6.84858331082374,14.5716793150925,-58.6250627171681));
#4476=CARTESIAN_POINT('Ctrl Pts',(6.21094252323219,14.5716793150925,-57.0362797794371));
#4477=CARTESIAN_POINT('Ctrl Pts',(6.21094252323219,14.7277862100617,-57.0362797794371));
#4478=CARTESIAN_POINT('Ctrl Pts',(6.21094252323219,14.8838931050308,-57.0362797794371));
#4479=CARTESIAN_POINT('Ctrl Pts',(6.21094252323219,15.0399999999999,-57.0362797794371));
#4480=CARTESIAN_POINT('Ctrl Pts',(5.99389130753566,15.0399999999999,-55.8423026475668));
#4481=CARTESIAN_POINT('Ctrl Pts',(6.05530155983751,15.0399999999999,-56.3672420825732));
#4482=CARTESIAN_POINT('Ctrl Pts',(6.07068959750184,15.0399999999999,-56.4993170872638));
#4483=CARTESIAN_POINT('Ctrl Pts',(6.21094252323219,15.0399999999999,-57.0362797794371));
#4484=CARTESIAN_POINT('Ctrl Pts',(5.99389130753566,14.8838931050308,-55.8423026475668));
#4485=CARTESIAN_POINT('Ctrl Pts',(6.05530155983751,14.8838931050308,-56.3672420825732));
#4486=CARTESIAN_POINT('Ctrl Pts',(6.07068959750184,14.8838931050308,-56.4993170872638));
#4487=CARTESIAN_POINT('Ctrl Pts',(6.21094252323219,14.8838931050308,-57.0362797794371));
#4488=CARTESIAN_POINT('Ctrl Pts',(5.99389130753566,14.7277862100617,-55.8423026475668));
#4489=CARTESIAN_POINT('Ctrl Pts',(6.05530155983751,14.7277862100617,-56.3672420825732));
#4490=CARTESIAN_POINT('Ctrl Pts',(6.07068959750184,14.7277862100617,-56.4993170872638));
#4491=CARTESIAN_POINT('Ctrl Pts',(6.21094252323219,14.7277862100617,-57.0362797794371));
#4492=CARTESIAN_POINT('Ctrl Pts',(5.99389130753566,14.5716793150925,-55.8423026475668));
#4493=CARTESIAN_POINT('Ctrl Pts',(6.05530155983751,14.5716793150925,-56.3672420825732));
#4494=CARTESIAN_POINT('Ctrl Pts',(6.07068959750184,14.5716793150925,-56.4993170872638));
#4495=CARTESIAN_POINT('Ctrl Pts',(6.21094252323219,14.5716793150925,-57.0362797794371));
#4496=CARTESIAN_POINT('Ctrl Pts',(5.99389130753566,14.5716793150925,-55.8423026475668));
#4497=CARTESIAN_POINT('Ctrl Pts',(5.99389130753566,14.7277862100617,-55.8423026475668));
#4498=CARTESIAN_POINT('Ctrl Pts',(5.99389130753566,14.8838931050308,-55.8423026475668));
#4499=CARTESIAN_POINT('Ctrl Pts',(5.99389130753566,15.0399999999999,-55.8423026475668));
#4500=CARTESIAN_POINT('Ctrl Pts',(5.82818804913422,15.0399999999999,-52.2655648701005));
#4501=CARTESIAN_POINT('Ctrl Pts',(5.84784471917919,15.0399999999999,-53.9339996533257));
#4502=CARTESIAN_POINT('Ctrl Pts',(5.9012201126676,15.0399999999999,-55.0585357644786));
#4503=CARTESIAN_POINT('Ctrl Pts',(5.99389130753566,15.0399999999999,-55.8423026475668));
#4504=CARTESIAN_POINT('Ctrl Pts',(5.82818804913422,14.8838931050308,-52.2655648701005));
#4505=CARTESIAN_POINT('Ctrl Pts',(5.84784471917919,14.8838931050308,-53.9339996533257));
#4506=CARTESIAN_POINT('Ctrl Pts',(5.9012201126676,14.8838931050308,-55.0585357644786));
#4507=CARTESIAN_POINT('Ctrl Pts',(5.99389130753566,14.8838931050308,-55.8423026475668));
#4508=CARTESIAN_POINT('Ctrl Pts',(5.82818804913422,14.7277862100617,-52.2655648701005));
#4509=CARTESIAN_POINT('Ctrl Pts',(5.84784471917919,14.7277862100617,-53.9339996533257));
#4510=CARTESIAN_POINT('Ctrl Pts',(5.9012201126676,14.7277862100617,-55.0585357644786));
#4511=CARTESIAN_POINT('Ctrl Pts',(5.99389130753566,14.7277862100617,-55.8423026475668));
#4512=CARTESIAN_POINT('Ctrl Pts',(5.82818804913422,14.5716793150925,-52.2655648701005));
#4513=CARTESIAN_POINT('Ctrl Pts',(5.84784471917919,14.5716793150925,-53.9339996533257));
#4514=CARTESIAN_POINT('Ctrl Pts',(5.9012201126676,14.5716793150925,-55.0585357644786));
#4515=CARTESIAN_POINT('Ctrl Pts',(5.99389130753566,14.5716793150925,-55.8423026475668));
#4516=CARTESIAN_POINT('',(5.82818804913422,14.2858396575463,-52.2655648701005));
#4517=CARTESIAN_POINT('Origin',(5.82841224909085,15.5716793150925,-33.95));
#4518=CARTESIAN_POINT('',(5.82841224909085,15.5716793150925,-33.95));
#4519=CARTESIAN_POINT('Origin',(5.8286527052428,15.5716793150925,-15.5968434069802));
#4520=CARTESIAN_POINT('Ctrl Pts',(14.9128787120584,13.31,-66.485803550123));
#4521=CARTESIAN_POINT('Ctrl Pts',(14.9154485150242,13.31,-66.4858675231797));
#4522=CARTESIAN_POINT('Ctrl Pts',(14.9180183179901,13.31,-66.4859314962364));
#4523=CARTESIAN_POINT('Ctrl Pts',(14.9205881209559,13.31,-66.4859954692931));
#4524=CARTESIAN_POINT('Ctrl Pts',(14.9128787120584,13.4486052800695,-66.485803550123));
#4525=CARTESIAN_POINT('Ctrl Pts',(14.9154485150242,13.4486052800695,-66.4858675231797));
#4526=CARTESIAN_POINT('Ctrl Pts',(14.9180183179901,13.4486052800694,-66.4859314962364));
#4527=CARTESIAN_POINT('Ctrl Pts',(14.9205881209559,13.4486052800694,-66.4859954692931));
#4528=CARTESIAN_POINT('Ctrl Pts',(14.9130953634496,13.7265563027607,-66.478746074831));
#4529=CARTESIAN_POINT('Ctrl Pts',(14.9156651664154,13.7265563027607,-66.4788100478877));
#4530=CARTESIAN_POINT('Ctrl Pts',(14.9182349693813,13.7265563027607,-66.4788740209444));
#4531=CARTESIAN_POINT('Ctrl Pts',(14.9208047723471,13.7265563027607,-66.4789379940011));
#4532=CARTESIAN_POINT('Ctrl Pts',(14.9132064239927,14.187894940948,-66.4751282488164));
#4533=CARTESIAN_POINT('Ctrl Pts',(14.9157762269585,14.187894940948,-66.4751922218731));
#4534=CARTESIAN_POINT('Ctrl Pts',(14.9183460299244,14.187894940948,-66.4752561949298));
#4535=CARTESIAN_POINT('Ctrl Pts',(14.9209158328902,14.187894940948,-66.4753201679865));
#4536=CARTESIAN_POINT('Ctrl Pts',(14.9138480354364,14.6051580414464,-66.4542275895288));
#4537=CARTESIAN_POINT('Ctrl Pts',(14.9164178384022,14.6051580414464,-66.4542915625855));
#4538=CARTESIAN_POINT('Ctrl Pts',(14.9189876413681,14.6051580414464,-66.4543555356422));
#4539=CARTESIAN_POINT('Ctrl Pts',(14.9215574443339,14.6051580414464,-66.4544195086989));
#4540=CARTESIAN_POINT('Ctrl Pts',(14.9184690974194,14.9577152896859,-66.303695296189));
#4541=CARTESIAN_POINT('Ctrl Pts',(14.9210389003852,14.9577152896859,-66.3037592692457));
#4542=CARTESIAN_POINT('Ctrl Pts',(14.9236087033511,14.9577152896858,-66.3038232423024));
#4543=CARTESIAN_POINT('Ctrl Pts',(14.9261785063169,14.9577152896858,-66.3038872153591));
#4544=CARTESIAN_POINT('Ctrl Pts',(14.9229615038308,15.1278296083691,-66.1573539914815));
#4545=CARTESIAN_POINT('Ctrl Pts',(14.9255313067966,15.1278296083691,-66.1574179645382));
#4546=CARTESIAN_POINT('Ctrl Pts',(14.9281011097625,15.1278296083691,-66.1574819375949));
#4547=CARTESIAN_POINT('Ctrl Pts',(14.9306709127283,15.1278296083691,-66.1575459106516));
#4548=CARTESIAN_POINT('Ctrl Pts',(14.9257721014277,15.2054929483789,-66.0657980453642));
#4549=CARTESIAN_POINT('Ctrl Pts',(14.9283419043935,15.2054929483789,-66.0658620184209));
#4550=CARTESIAN_POINT('Ctrl Pts',(14.9309117073594,15.2054929483789,-66.0659259914777));
#4551=CARTESIAN_POINT('Ctrl Pts',(14.9334815103252,15.2054929483789,-66.0659899645344));
#4552=CARTESIAN_POINT('',(14.9257721013337,15.2054929457818,-66.0657980484259));
#4553=CARTESIAN_POINT('',(14.9128787120584,13.31,-66.485803550123));
#4554=CARTESIAN_POINT('Ctrl Pts',(14.9257721013337,15.2054929457818,-66.0657980484259));
#4555=CARTESIAN_POINT('Ctrl Pts',(14.9229615037807,15.1278296064728,-66.1573539931127));
#4556=CARTESIAN_POINT('Ctrl Pts',(14.9184690974065,14.9577152887034,-66.3036952966085));
#4557=CARTESIAN_POINT('Ctrl Pts',(14.9138480354364,14.6051580414464,-66.4542275895288));
#4558=CARTESIAN_POINT('Ctrl Pts',(14.9132064239927,14.187894940948,-66.4751282488164));
#4559=CARTESIAN_POINT('Ctrl Pts',(14.9130953634496,13.7265563027607,-66.478746074831));
#4560=CARTESIAN_POINT('Ctrl Pts',(14.9128787120584,13.4486052800695,-66.485803550123));
#4561=CARTESIAN_POINT('Ctrl Pts',(14.9128787120584,13.31,-66.485803550123));
#4562=CARTESIAN_POINT('',(14.9205426969707,13.31,-66.4859943385017));
#4563=CARTESIAN_POINT('Ctrl Pts',(14.9205426969707,13.31,-66.4859943385017));
#4564=CARTESIAN_POINT('Ctrl Pts',(14.9205426969707,13.462587742597,-66.4859943385017));
#4565=CARTESIAN_POINT('Ctrl Pts',(14.9205117026004,14.1101547971506,-66.4884848170557));
#4566=CARTESIAN_POINT('Ctrl Pts',(14.920867478841,14.4049145133318,-66.4598972674988));
#4567=CARTESIAN_POINT('Ctrl Pts',(14.9210220327961,14.5329620745154,-66.4474784538007));
#4568=CARTESIAN_POINT('Ctrl Pts',(14.9213195482481,14.6646125297571,-66.4235723106729));
#4569=CARTESIAN_POINT('Ctrl Pts',(14.9219784492305,14.7940204672315,-66.3706278969046));
#4570=CARTESIAN_POINT('Ctrl Pts',(14.9225601922977,14.908274615377,-66.3238833230227));
#4571=CARTESIAN_POINT('Ctrl Pts',(14.9234293612513,15.0220887553027,-66.2540433289446));
#4572=CARTESIAN_POINT('Ctrl Pts',(14.9247820200524,15.1319409044731,-66.1453536636421));
#4573=CARTESIAN_POINT('Ctrl Pts',(14.9250924503171,15.1571515723264,-66.1204097815994));
#4574=CARTESIAN_POINT('Ctrl Pts',(14.9254229900013,15.1817210457436,-66.0938500552117));
#4575=CARTESIAN_POINT('Ctrl Pts',(14.9257718973491,15.2055122635771,-66.0658144391021));
#4576=CARTESIAN_POINT('Ctrl Pts',(14.9128787120584,13.31,-66.485803550123));
#4577=CARTESIAN_POINT('Ctrl Pts',(14.9154333736958,13.31,-66.4858671462492));
#4578=CARTESIAN_POINT('Ctrl Pts',(14.9179880353333,13.31,-66.4859307423754));
#4579=CARTESIAN_POINT('Ctrl Pts',(14.9205426969707,13.31,-66.4859943385017));
#4580=CARTESIAN_POINT('Ctrl Pts',(12.2816023390796,13.31,-66.3423794984585));
#4581=CARTESIAN_POINT('Ctrl Pts',(13.0972854740041,13.31,-66.4195682312096));
#4582=CARTESIAN_POINT('Ctrl Pts',(13.9689500874097,13.31,-66.4622690918792));
#4583=CARTESIAN_POINT('Ctrl Pts',(14.9128787120584,13.31,-66.485803550123));
#4584=CARTESIAN_POINT('Ctrl Pts',(12.2816023390796,13.4425940665714,-66.3423794984585));
#4585=CARTESIAN_POINT('Ctrl Pts',(13.0973007221322,13.4425940665714,-66.4195697619471));
#4586=CARTESIAN_POINT('Ctrl Pts',(13.9689430461066,13.4425940665714,-66.4622688757242));
#4587=CARTESIAN_POINT('Ctrl Pts',(14.9128787120584,13.4425940665714,-66.485803550123));
#4588=CARTESIAN_POINT('Ctrl Pts',(12.2821614090219,13.708473330991,-66.3368104376066));
#4589=CARTESIAN_POINT('Ctrl Pts',(13.0976496685677,13.708473330991,-66.4139796071011));
#4590=CARTESIAN_POINT('Ctrl Pts',(13.969211815474,13.708473330991,-66.456677437187));
#4591=CARTESIAN_POINT('Ctrl Pts',(14.9130504502823,13.708473330991,-66.4802091329098));
#4592=CARTESIAN_POINT('Ctrl Pts',(12.2824949936739,14.1056629831283,-66.3334875023429));
#4593=CARTESIAN_POINT('Ctrl Pts',(13.0978709013855,14.1056629831283,-66.4106453929996));
#4594=CARTESIAN_POINT('Ctrl Pts',(13.9693661698645,14.1056629831283,-66.4533409650251));
#4595=CARTESIAN_POINT('Ctrl Pts',(14.9131529226768,14.1056629831283,-66.4768710680669));
#4596=CARTESIAN_POINT('Ctrl Pts',(12.28380950771,14.5043104906586,-66.320393239706));
#4597=CARTESIAN_POINT('Ctrl Pts',(13.0987536963549,14.5043104906586,-66.3975077907118));
#4598=CARTESIAN_POINT('Ctrl Pts',(13.9699693294883,14.5043104906586,-66.4401932031839));
#4599=CARTESIAN_POINT('Ctrl Pts',(14.913556722432,14.5043104906586,-66.4637171862477));
#4600=CARTESIAN_POINT('Ctrl Pts',(12.292392048015,14.8271256932003,-66.2349000203375));
#4601=CARTESIAN_POINT('Ctrl Pts',(13.1045610417825,14.8271256932003,-66.3117359735543));
#4602=CARTESIAN_POINT('Ctrl Pts',(13.9738872956924,14.8271256932003,-66.3543500673317));
#4603=CARTESIAN_POINT('Ctrl Pts',(14.9161931550446,14.8271256932003,-66.3778347096931));
#4604=CARTESIAN_POINT('Ctrl Pts',(12.3090370352861,15.0743415971306,-66.069094384992));
#4605=CARTESIAN_POINT('Ctrl Pts',(13.1158556438801,15.0743415971306,-66.1453932208007));
#4606=CARTESIAN_POINT('Ctrl Pts',(13.981471104516,15.0743415971306,-66.1878653523823));
#4607=CARTESIAN_POINT('Ctrl Pts',(14.9213062550964,15.0743415971306,-66.2112741485707));
#4608=CARTESIAN_POINT('Ctrl Pts',(12.3335395423179,15.3097329014862,-65.8250176740994));
#4609=CARTESIAN_POINT('Ctrl Pts',(13.132462395976,15.3097329014862,-65.9005238665209));
#4610=CARTESIAN_POINT('Ctrl Pts',(13.9926440347069,15.3097329014862,-65.9427892704142));
#4611=CARTESIAN_POINT('Ctrl Pts',(14.9288330719051,15.3097329014862,-65.9660861376897));
#4612=CARTESIAN_POINT('Ctrl Pts',(12.3772540153754,15.5265208524633,-65.3895648941692));
#4613=CARTESIAN_POINT('Ctrl Pts',(13.1622627927147,15.5265208524633,-65.4636742726481));
#4614=CARTESIAN_POINT('Ctrl Pts',(14.0124977531462,15.5265208524633,-65.5055510842114));
#4615=CARTESIAN_POINT('Ctrl Pts',(14.9422615276205,15.5265208524633,-65.5286507078481));
#4616=CARTESIAN_POINT('Ctrl Pts',(12.4086911436587,15.5624088539351,-65.0764103724168));
#4617=CARTESIAN_POINT('Ctrl Pts',(13.1834771136787,15.5624088539351,-65.1494934980946));
#4618=CARTESIAN_POINT('Ctrl Pts',(14.0268754886694,15.5624088539351,-65.1911156627203));
#4619=CARTESIAN_POINT('Ctrl Pts',(14.9519185600733,15.5624088539351,-65.2140703695354));
#4620=CARTESIAN_POINT('Ctrl Pts',(12.4228648011846,15.5716793150925,-64.9352223827245));
#4621=CARTESIAN_POINT('Ctrl Pts',(13.1931420940528,15.5716793150925,-65.0078528888418));
#4622=CARTESIAN_POINT('Ctrl Pts',(14.0333114554604,15.5716793150925,-65.0493487475399));
#4623=CARTESIAN_POINT('Ctrl Pts',(14.9562725032664,15.5716793150925,-65.0722395400953));
#4624=CARTESIAN_POINT('',(12.2816023390796,13.31,-66.3423794984586));
#4625=CARTESIAN_POINT('Ctrl Pts',(12.2816023390796,13.31,-66.3423794984585));
#4626=CARTESIAN_POINT('Ctrl Pts',(13.0972854740041,13.31,-66.4195682312096));
#4627=CARTESIAN_POINT('Ctrl Pts',(13.9689500874097,13.31,-66.4622690918792));
#4628=CARTESIAN_POINT('Ctrl Pts',(14.9128787120584,13.31,-66.485803550123));
#4629=CARTESIAN_POINT('',(12.4228648011846,15.5716793150925,-64.9352223827245));
#4630=CARTESIAN_POINT('Ctrl Pts',(12.4228648011846,15.5716793150925,-64.9352223827245));
#4631=CARTESIAN_POINT('Ctrl Pts',(12.4086911436587,15.5624088539351,-65.0764103724168));
#4632=CARTESIAN_POINT('Ctrl Pts',(12.3772540153754,15.5265208524633,-65.3895648941692));
#4633=CARTESIAN_POINT('Ctrl Pts',(12.3335395423179,15.3097329014862,-65.8250176740994));
#4634=CARTESIAN_POINT('Ctrl Pts',(12.3090370352861,15.0743415971306,-66.069094384992));
#4635=CARTESIAN_POINT('Ctrl Pts',(12.292392048015,14.8271256932003,-66.2349000203375));
#4636=CARTESIAN_POINT('Ctrl Pts',(12.28380950771,14.5043104906586,-66.320393239706));
#4637=CARTESIAN_POINT('Ctrl Pts',(12.2824949936739,14.1056629831283,-66.3334875023429));
#4638=CARTESIAN_POINT('Ctrl Pts',(12.2821614090219,13.708473330991,-66.3368104376066));
#4639=CARTESIAN_POINT('Ctrl Pts',(12.2816023390796,13.4425940665714,-66.3423794984585));
#4640=CARTESIAN_POINT('Ctrl Pts',(12.2816023390796,13.31,-66.3423794984585));
#4641=CARTESIAN_POINT('',(14.9381427111356,15.5716793150925,-65.0717872513843));
#4642=CARTESIAN_POINT('Ctrl Pts',(12.4228648011846,15.5716793150925,-64.9352223827245));
#4643=CARTESIAN_POINT('Ctrl Pts',(13.1880955940181,15.5716793150925,-65.0073770474078));
#4644=CARTESIAN_POINT('Ctrl Pts',(14.0223056544238,15.5716793150925,-65.0488036878677));
#4645=CARTESIAN_POINT('Ctrl Pts',(14.9381427207266,15.5716793150925,-65.0717872312267));
#4646=CARTESIAN_POINT('Ctrl Pts',(14.9257718973491,15.2055122635771,-66.0658144391021));
#4647=CARTESIAN_POINT('Ctrl Pts',(14.9271254126697,15.2978054698941,-65.9570559501535));
#4648=CARTESIAN_POINT('Ctrl Pts',(14.9287553419923,15.3783867489598,-65.826086874582));
#4649=CARTESIAN_POINT('Ctrl Pts',(14.9305600027667,15.4392545614377,-65.6810776709308));
#4650=CARTESIAN_POINT('Ctrl Pts',(14.933274765035,15.5308183849613,-65.4629394367493));
#4651=CARTESIAN_POINT('Ctrl Pts',(14.93585403035,15.5596644790068,-65.2556887366596));
#4652=CARTESIAN_POINT('Ctrl Pts',(14.9381427112645,15.5716793150926,-65.0717872513891));
#4653=CARTESIAN_POINT('Ctrl Pts',(6.82076518898823,13.31,-64.7877938580131));
#4654=CARTESIAN_POINT('Ctrl Pts',(8.38838954453059,13.31,-65.6954632806082));
#4655=CARTESIAN_POINT('Ctrl Pts',(10.165984361127,13.31,-66.1421699433271));
#4656=CARTESIAN_POINT('Ctrl Pts',(12.2816023390796,13.31,-66.3423794984586));
#4657=CARTESIAN_POINT('Ctrl Pts',(6.82076518898823,13.4425940665714,-64.7877938580131));
#4658=CARTESIAN_POINT('Ctrl Pts',(8.38846530484917,13.4425940665714,-65.6955077098751));
#4659=CARTESIAN_POINT('Ctrl Pts',(10.1659434664981,13.4425940665714,-66.1421658379746));
#4660=CARTESIAN_POINT('Ctrl Pts',(12.2816023390796,13.4425940665714,-66.3423794984586));
#4661=CARTESIAN_POINT('Ctrl Pts',(6.82359962273472,13.7084712068886,-64.7829606114007));
#4662=CARTESIAN_POINT('Ctrl Pts',(8.39025574003504,13.7084712068886,-65.6900622154324));
#4663=CARTESIAN_POINT('Ctrl Pts',(10.1670666760738,13.7084712068886,-66.1366473721537));
#4664=CARTESIAN_POINT('Ctrl Pts',(12.2821620091331,13.7084712068886,-66.3368044597223));
#4665=CARTESIAN_POINT('Ctrl Pts',(6.82529008731273,14.105660175929,-64.7800780489823));
#4666=CARTESIAN_POINT('Ctrl Pts',(8.39138798456914,14.105660175929,-65.6868522876099));
#4667=CARTESIAN_POINT('Ctrl Pts',(10.167701786282,14.105660175929,-66.1333526519561));
#4668=CARTESIAN_POINT('Ctrl Pts',(12.2824957979902,14.105660175929,-66.3334794903113));
#4669=CARTESIAN_POINT('Ctrl Pts',(6.83194857476321,14.5043071152991,-64.7687240662147));
#4670=CARTESIAN_POINT('Ctrl Pts',(8.39590147600767,14.5043071152991,-65.6742403824622));
#4671=CARTESIAN_POINT('Ctrl Pts',(10.1701743771792,14.5043071152991,-66.1203723286574));
#4672=CARTESIAN_POINT('Ctrl Pts',(12.2838105424368,14.5043071152991,-66.3203829324866));
#4673=CARTESIAN_POINT('Ctrl Pts',(6.87541507903504,14.8271222120615,-64.6946054403041));
#4674=CARTESIAN_POINT('Ctrl Pts',(8.42557942562884,14.8271222120615,-65.5920355263731));
#4675=CARTESIAN_POINT('Ctrl Pts',(10.1861999266539,14.8271222120615,-66.035625383144));
#4676=CARTESIAN_POINT('Ctrl Pts',(12.2923931740825,14.8271222120615,-66.2348888032464));
#4677=CARTESIAN_POINT('Ctrl Pts',(6.95971316419849,15.0743380873216,-64.5508612321173));
#4678=CARTESIAN_POINT('Ctrl Pts',(8.483294124174,15.0743380873216,-65.432701621618));
#4679=CARTESIAN_POINT('Ctrl Pts',(10.2171943485253,15.0743380873216,-65.8712602660163));
#4680=CARTESIAN_POINT('Ctrl Pts',(12.3090381614242,15.0743380873216,-66.0690831671967));
#4681=CARTESIAN_POINT('Ctrl Pts',(7.08380414070093,15.3097301770961,-64.3392626041546));
#4682=CARTESIAN_POINT('Ctrl Pts',(8.56815504539996,15.3097301770961,-65.1980967203426));
#4683=CARTESIAN_POINT('Ctrl Pts',(10.2628725724624,15.3097301770961,-65.6293119436814));
#4684=CARTESIAN_POINT('Ctrl Pts',(12.3335404111385,15.3097301770961,-65.8250090195203));
#4685=CARTESIAN_POINT('Ctrl Pts',(7.30519377403999,15.526518294697,-63.9617513299259));
#4686=CARTESIAN_POINT('Ctrl Pts',(8.72041259605178,15.526518294697,-64.7800432756334));
#4687=CARTESIAN_POINT('Ctrl Pts',(10.3439035997551,15.526518294697,-65.1976075538738));
#4688=CARTESIAN_POINT('Ctrl Pts',(12.3772546620303,15.526518294697,-65.3895584526488));
#4689=CARTESIAN_POINT('Ctrl Pts',(7.46440297925815,15.5624088539351,-63.6902694677252));
#4690=CARTESIAN_POINT('Ctrl Pts',(8.82882978714758,15.5624088539351,-64.4787746861195));
#4691=CARTESIAN_POINT('Ctrl Pts',(10.4027570802686,15.5624088539351,-64.887211826398));
#4692=CARTESIAN_POINT('Ctrl Pts',(12.4086911436587,15.5624088539351,-65.0764103724168));
#4693=CARTESIAN_POINT('Ctrl Pts',(7.53618508186149,15.5716793150925,-63.5678673813588));
#4694=CARTESIAN_POINT('Ctrl Pts',(8.87821052910507,15.5716793150925,-64.3432354317842));
#4695=CARTESIAN_POINT('Ctrl Pts',(10.4290227583703,15.5716793150925,-64.7472377371148));
#4696=CARTESIAN_POINT('Ctrl Pts',(12.4228648011846,15.5716793150925,-64.9352223827245));
#4697=CARTESIAN_POINT('',(6.82076518898823,13.31,-64.7877938580131));
#4698=CARTESIAN_POINT('Ctrl Pts',(6.82076518898823,13.31,-64.7877938580131));
#4699=CARTESIAN_POINT('Ctrl Pts',(8.38838954453059,13.31,-65.6954632806082));
#4700=CARTESIAN_POINT('Ctrl Pts',(10.165984361127,13.31,-66.1421699433271));
#4701=CARTESIAN_POINT('Ctrl Pts',(12.2816023390796,13.31,-66.3423794984586));
#4702=CARTESIAN_POINT('',(7.5361850818615,15.5716793150925,-63.5678673813588));
#4703=CARTESIAN_POINT('Ctrl Pts',(7.53618508186149,15.5716793150925,-63.5678673813588));
#4704=CARTESIAN_POINT('Ctrl Pts',(7.46440297925815,15.5624088539351,-63.6902694677252));
#4705=CARTESIAN_POINT('Ctrl Pts',(7.30519377403999,15.526518294697,-63.9617513299259));
#4706=CARTESIAN_POINT('Ctrl Pts',(7.08380414070093,15.3097301770961,-64.3392626041546));
#4707=CARTESIAN_POINT('Ctrl Pts',(6.95971316419849,15.0743380873216,-64.5508612321173));
#4708=CARTESIAN_POINT('Ctrl Pts',(6.87541507903504,14.8271222120615,-64.6946054403041));
#4709=CARTESIAN_POINT('Ctrl Pts',(6.83194857476321,14.5043071152991,-64.7687240662147));
#4710=CARTESIAN_POINT('Ctrl Pts',(6.82529008731273,14.105660175929,-64.7800780489823));
#4711=CARTESIAN_POINT('Ctrl Pts',(6.82359962273472,13.7084712068886,-64.7829606114007));
#4712=CARTESIAN_POINT('Ctrl Pts',(6.82076518898823,13.4425940665714,-64.7877938580131));
#4713=CARTESIAN_POINT('Ctrl Pts',(6.82076518898823,13.31,-64.7877938580131));
#4714=CARTESIAN_POINT('Ctrl Pts',(7.53618508186149,15.5716793150925,-63.5678673813588));
#4715=CARTESIAN_POINT('Ctrl Pts',(8.87821052910507,15.5716793150925,-64.3432354317842));
#4716=CARTESIAN_POINT('Ctrl Pts',(10.4290227583703,15.5716793150925,-64.7472377371148));
#4717=CARTESIAN_POINT('Ctrl Pts',(12.4228648011846,15.5716793150925,-64.9352223827245));
#4718=CARTESIAN_POINT('Ctrl Pts',(4.65128416727963,13.31,-63.0671990874041));
#4719=CARTESIAN_POINT('Ctrl Pts',(5.26460523850553,13.31,-63.7165734546676));
#4720=CARTESIAN_POINT('Ctrl Pts',(6.0171940023407,13.31,-64.3224843845093));
#4721=CARTESIAN_POINT('Ctrl Pts',(6.82076518898823,13.31,-64.7877938580131));
#4722=CARTESIAN_POINT('Ctrl Pts',(4.65128416727963,13.4425940665714,-63.0671990874041));
#4723=CARTESIAN_POINT('Ctrl Pts',(5.26463731730876,13.4425940665714,-63.7166077976305));
#4724=CARTESIAN_POINT('Ctrl Pts',(6.01715020445046,13.4425940665714,-64.3224586994516));
#4725=CARTESIAN_POINT('Ctrl Pts',(6.82076518898823,13.4425940665714,-64.7877938580131));
#4726=CARTESIAN_POINT('Ctrl Pts',(4.65538143136631,13.7084699348227,-63.0633719473637));
#4727=CARTESIAN_POINT('Ctrl Pts',(5.26829252643816,13.7084699348227,-63.7123074018739));
#4728=CARTESIAN_POINT('Ctrl Pts',(6.02059000352527,13.7084699348227,-64.3179763000661));
#4729=CARTESIAN_POINT('Ctrl Pts',(6.82360144078103,13.7084699348227,-64.7829575112872));
#4730=CARTESIAN_POINT('Ctrl Pts',(4.65782437973226,14.1056584948063,-63.0610900574709));
#4731=CARTESIAN_POINT('Ctrl Pts',(5.27049911055325,14.1056584948063,-63.7097724648633));
#4732=CARTESIAN_POINT('Ctrl Pts',(6.02260380053789,14.1056584948063,-64.3152819354696));
#4733=CARTESIAN_POINT('Ctrl Pts',(6.82529252452278,14.1056584948063,-64.7800738930774));
#4734=CARTESIAN_POINT('Ctrl Pts',(4.6674442776875,14.5043050940239,-63.0521043792549));
#4735=CARTESIAN_POINT('Ctrl Pts',(5.2792107638459,14.5043050940239,-63.6998144370079));
#4736=CARTESIAN_POINT('Ctrl Pts',(6.03050303504017,14.5043050940239,-64.3046539767654));
#4737=CARTESIAN_POINT('Ctrl Pts',(6.83195171276275,14.5043050940239,-64.7687187153308));
#4738=CARTESIAN_POINT('Ctrl Pts',(4.73023661939377,14.8271201273984,-62.9934518052229));
#4739=CARTESIAN_POINT('Ctrl Pts',(5.33616468855901,14.8271201273984,-63.6349113636431));
#4740=CARTESIAN_POINT('Ctrl Pts',(6.08194113687811,14.8271201273984,-64.2352096148071));
#4741=CARTESIAN_POINT('Ctrl Pts',(6.87541849644342,14.8271201273984,-64.6945996129753));
#4742=CARTESIAN_POINT('Ctrl Pts',(4.8520140721242,15.0743359851005,-62.8797028850901));
#4743=CARTESIAN_POINT('Ctrl Pts',(5.44668607420337,15.0743359851005,-63.5091119099676));
#4744=CARTESIAN_POINT('Ctrl Pts',(6.18160737654105,15.0743359851005,-64.100477984417));
#4745=CARTESIAN_POINT('Ctrl Pts',(6.95971658202491,15.0743359851005,-64.5508554040756));
#4746=CARTESIAN_POINT('Ctrl Pts',(5.03127541278202,15.3097285456599,-62.7122598694563));
#4747=CARTESIAN_POINT('Ctrl Pts',(5.60933643371258,15.3097285456599,-63.3238854905945));
#4748=CARTESIAN_POINT('Ctrl Pts',(6.3283769065133,15.3097285456599,-63.9021808740825));
#4749=CARTESIAN_POINT('Ctrl Pts',(7.08380677686316,15.3097285456599,-64.3392581089985));
#4750=CARTESIAN_POINT('Ctrl Pts',(5.35109504695508,15.526516761673,-62.4135252744326));
#4751=CARTESIAN_POINT('Ctrl Pts',(5.89988382459696,15.526516761673,-62.9938125829148));
#4752=CARTESIAN_POINT('Ctrl Pts',(6.58973189330101,15.526516761673,-63.5481086417522));
#4753=CARTESIAN_POINT('Ctrl Pts',(7.30519573095667,15.526516761673,-63.9617479930122));
#4754=CARTESIAN_POINT('Ctrl Pts',(5.58108666563346,15.5624088539351,-62.1986965218378));
#4755=CARTESIAN_POINT('Ctrl Pts',(6.10836884117805,15.5624088539351,-62.7559592669462));
#4756=CARTESIAN_POINT('Ctrl Pts',(6.77830257487561,15.5624088539351,-63.2938501577452));
#4757=CARTESIAN_POINT('Ctrl Pts',(7.46440297925815,15.5624088539351,-63.6902694677252));
#4758=CARTESIAN_POINT('Ctrl Pts',(5.68478346427807,15.5716793150925,-62.1018362361069));
#4759=CARTESIAN_POINT('Ctrl Pts',(6.20258034655022,15.5716793150925,-62.6489442047852));
#4760=CARTESIAN_POINT('Ctrl Pts',(6.86303515542155,15.5716793150925,-63.1790428155865));
#4761=CARTESIAN_POINT('Ctrl Pts',(7.5361850818615,15.5716793150925,-63.5678673813588));
#4762=CARTESIAN_POINT('',(4.65128416727962,13.31,-63.0671990874041));
#4763=CARTESIAN_POINT('Ctrl Pts',(4.65128416727963,13.31,-63.0671990874041));
#4764=CARTESIAN_POINT('Ctrl Pts',(5.26460523850553,13.31,-63.7165734546676));
#4765=CARTESIAN_POINT('Ctrl Pts',(6.0171940023407,13.31,-64.3224843845093));
#4766=CARTESIAN_POINT('Ctrl Pts',(6.82076518898823,13.31,-64.7877938580131));
#4767=CARTESIAN_POINT('',(5.68478346427808,15.5716793150925,-62.1018362361069));
#4768=CARTESIAN_POINT('Ctrl Pts',(5.68478346427807,15.5716793150925,-62.1018362361069));
#4769=CARTESIAN_POINT('Ctrl Pts',(5.58108666563346,15.5624088539351,-62.1986965218378));
#4770=CARTESIAN_POINT('Ctrl Pts',(5.35109504695508,15.526516761673,-62.4135252744326));
#4771=CARTESIAN_POINT('Ctrl Pts',(5.03127541278202,15.3097285456599,-62.7122598694563));
#4772=CARTESIAN_POINT('Ctrl Pts',(4.8520140721242,15.0743359851005,-62.8797028850901));
#4773=CARTESIAN_POINT('Ctrl Pts',(4.73023661939377,14.8271201273984,-62.9934518052229));
#4774=CARTESIAN_POINT('Ctrl Pts',(4.6674442776875,14.5043050940239,-63.0521043792549));
#4775=CARTESIAN_POINT('Ctrl Pts',(4.65782437973226,14.1056584948063,-63.0610900574709));
#4776=CARTESIAN_POINT('Ctrl Pts',(4.65538143136631,13.7084699348227,-63.0633719473637));
#4777=CARTESIAN_POINT('Ctrl Pts',(4.65128416727963,13.4425940665714,-63.0671990874041));
#4778=CARTESIAN_POINT('Ctrl Pts',(4.65128416727963,13.31,-63.0671990874041));
#4779=CARTESIAN_POINT('Ctrl Pts',(5.68478346427807,15.5716793150925,-62.1018362361069));
#4780=CARTESIAN_POINT('Ctrl Pts',(6.20258034655022,15.5716793150925,-62.6489442047852));
#4781=CARTESIAN_POINT('Ctrl Pts',(6.86303515542155,15.5716793150925,-63.1790428155865));
#4782=CARTESIAN_POINT('Ctrl Pts',(7.5361850818615,15.5716793150925,-63.5678673813588));
#4783=CARTESIAN_POINT('Ctrl Pts',(2.95595923736716,13.31,-60.7067324589213));
#4784=CARTESIAN_POINT('Ctrl Pts',(3.35244958312467,13.31,-61.4382624249095));
#4785=CARTESIAN_POINT('Ctrl Pts',(3.89708070832618,13.31,-62.2687167804866));
#4786=CARTESIAN_POINT('Ctrl Pts',(4.65128416727963,13.31,-63.0671990874041));
#4787=CARTESIAN_POINT('Ctrl Pts',(2.95595923736716,13.4425940665714,-60.7067324589213));
#4788=CARTESIAN_POINT('Ctrl Pts',(3.3524645174645,13.4425940665714,-61.4382903514195));
#4789=CARTESIAN_POINT('Ctrl Pts',(3.89704638115325,13.4425940665714,-62.2686800304614));
#4790=CARTESIAN_POINT('Ctrl Pts',(4.65128416727963,13.4425940665714,-63.0671990874041));
#4791=CARTESIAN_POINT('Ctrl Pts',(2.96090468271972,13.7084693903392,-60.7040877689241));
#4792=CARTESIAN_POINT('Ctrl Pts',(3.35720416340143,13.7084693903392,-61.4352608262376));
#4793=CARTESIAN_POINT('Ctrl Pts',(3.90161780683242,13.7084693903392,-62.2653582667359));
#4794=CARTESIAN_POINT('Ctrl Pts',(4.65538255483274,13.7084693903392,-63.0633708979651));
#4795=CARTESIAN_POINT('Ctrl Pts',(2.96385300338264,14.1056577752411,-60.7025110870259));
#4796=CARTESIAN_POINT('Ctrl Pts',(3.3600424442969,14.1056577752411,-61.4334783751728));
#4797=CARTESIAN_POINT('Ctrl Pts',(3.9043140687614,14.1056577752411,-62.2633468022151));
#4798=CARTESIAN_POINT('Ctrl Pts',(4.6578258859882,14.1056577752411,-63.0610886505193));
#4799=CARTESIAN_POINT('Ctrl Pts',(2.97546167270587,14.5043042288871,-60.6963030856325));
#4800=CARTESIAN_POINT('Ctrl Pts',(3.37122827881704,14.5043042288871,-61.4264796926735));
#4801=CARTESIAN_POINT('Ctrl Pts',(3.91490630327665,14.5043042288871,-62.2554012192366));
#4802=CARTESIAN_POINT('Ctrl Pts',(4.66744621792409,14.5043042288871,-63.0521025669341));
#4803=CARTESIAN_POINT('Ctrl Pts',(3.05123219191683,14.8271192351205,-60.6557830677263));
#4804=CARTESIAN_POINT('Ctrl Pts',(3.44428071335186,14.8271192351205,-61.3808769848325));
#4805=CARTESIAN_POINT('Ctrl Pts',(3.98394644407129,14.8271192351205,-62.2034370733637));
#4806=CARTESIAN_POINT('Ctrl Pts',(4.73023873319599,14.8271192351205,-62.9934498307793));
#4807=CARTESIAN_POINT('Ctrl Pts',(3.19817869989467,15.0743350852169,-60.577200062139));
#4808=CARTESIAN_POINT('Ctrl Pts',(3.58598694070292,15.0743350852169,-61.2924949020379));
#4809=CARTESIAN_POINT('Ctrl Pts',(4.1177688901628,15.0743350852169,-62.1025832957377));
#4810=CARTESIAN_POINT('Ctrl Pts',(4.85201618625342,15.0743350852169,-62.8797009103411));
#4811=CARTESIAN_POINT('Ctrl Pts',(3.41448932455771,15.3097278473845,-60.461523008901));
#4812=CARTESIAN_POINT('Ctrl Pts',(3.79456429565113,15.3097278473845,-61.1623569997734));
#4813=CARTESIAN_POINT('Ctrl Pts',(4.31480497448988,15.3097278473845,-61.9541705558289));
#4814=CARTESIAN_POINT('Ctrl Pts',(5.03127704316811,15.3097278473845,-62.7122583465582));
#4815=CARTESIAN_POINT('Ctrl Pts',(3.80040901049921,15.526516105201,-60.2551436314396));
#4816=CARTESIAN_POINT('Ctrl Pts',(4.16685624037225,15.526516105201,-60.9304943900407));
#4817=CARTESIAN_POINT('Ctrl Pts',(4.66594809098679,15.526516105201,-61.6889711369746));
#4818=CARTESIAN_POINT('Ctrl Pts',(5.35109625551555,15.526516105201,-62.41352414555));
#4819=CARTESIAN_POINT('Ctrl Pts',(4.07793401029765,15.5624088539351,-60.106730791217));
#4820=CARTESIAN_POINT('Ctrl Pts',(4.4343688060357,15.5624088539351,-60.7633587709997));
#4821=CARTESIAN_POINT('Ctrl Pts',(4.91895247840848,15.5624088539351,-61.4987818441579));
#4822=CARTESIAN_POINT('Ctrl Pts',(5.58108666563346,15.5624088539351,-62.1986965218378));
#4823=CARTESIAN_POINT('Ctrl Pts',(4.2030629407091,15.5716793150925,-60.0398152341686));
#4824=CARTESIAN_POINT('Ctrl Pts',(4.5550818424946,15.5716793150925,-60.6881857008786));
#4825=CARTESIAN_POINT('Ctrl Pts',(5.03279938459234,15.5716793150925,-61.412788072497));
#4826=CARTESIAN_POINT('Ctrl Pts',(5.68478346427808,15.5716793150925,-62.1018362361069));
#4827=CARTESIAN_POINT('',(2.95595923736715,13.31,-60.7067324589213));
#4828=CARTESIAN_POINT('Ctrl Pts',(2.95595923736716,13.31,-60.7067324589213));
#4829=CARTESIAN_POINT('Ctrl Pts',(3.35244958312467,13.31,-61.4382624249095));
#4830=CARTESIAN_POINT('Ctrl Pts',(3.89708070832618,13.31,-62.2687167804866));
#4831=CARTESIAN_POINT('Ctrl Pts',(4.65128416727963,13.31,-63.0671990874041));
#4832=CARTESIAN_POINT('',(4.2030629407091,15.5716793150925,-60.0398152341686));
#4833=CARTESIAN_POINT('Ctrl Pts',(4.2030629407091,15.5716793150925,-60.0398152341686));
#4834=CARTESIAN_POINT('Ctrl Pts',(4.07793401029765,15.5624088539351,-60.106730791217));
#4835=CARTESIAN_POINT('Ctrl Pts',(3.80040901049921,15.526516105201,-60.2551436314396));
#4836=CARTESIAN_POINT('Ctrl Pts',(3.41448932455771,15.3097278473845,-60.461523008901));
#4837=CARTESIAN_POINT('Ctrl Pts',(3.19817869989467,15.0743350852169,-60.577200062139));
#4838=CARTESIAN_POINT('Ctrl Pts',(3.05123219191683,14.8271192351205,-60.6557830677263));
#4839=CARTESIAN_POINT('Ctrl Pts',(2.97546167270587,14.5043042288871,-60.6963030856325));
#4840=CARTESIAN_POINT('Ctrl Pts',(2.96385300338264,14.1056577752411,-60.7025110870259));
#4841=CARTESIAN_POINT('Ctrl Pts',(2.96090468271972,13.7084693903392,-60.7040877689241));
#4842=CARTESIAN_POINT('Ctrl Pts',(2.95595923736716,13.4425940665714,-60.7067324589213));
#4843=CARTESIAN_POINT('Ctrl Pts',(2.95595923736716,13.31,-60.7067324589213));
#4844=CARTESIAN_POINT('Ctrl Pts',(4.2030629407091,15.5716793150925,-60.0398152341686));
#4845=CARTESIAN_POINT('Ctrl Pts',(4.5550818424946,15.5716793150925,-60.6881857008786));
#4846=CARTESIAN_POINT('Ctrl Pts',(5.03279938459234,15.5716793150925,-61.412788072497));
#4847=CARTESIAN_POINT('Ctrl Pts',(5.68478346427808,15.5716793150925,-62.1018362361069));
#4848=CARTESIAN_POINT('Ctrl Pts',(1.9314624582855,13.31,-58.1188329950843));
#4849=CARTESIAN_POINT('Ctrl Pts',(2.11655680370471,13.31,-58.8337452569559));
#4850=CARTESIAN_POINT('Ctrl Pts',(2.42591203567792,13.31,-59.728771069994));
#4851=CARTESIAN_POINT('Ctrl Pts',(2.95595923736716,13.31,-60.7067324589213));
#4852=CARTESIAN_POINT('Ctrl Pts',(1.9314624582855,13.4425940665714,-58.1188329950843));
#4853=CARTESIAN_POINT('Ctrl Pts',(2.11656469189101,13.4425940665714,-58.8337764400289));
#4854=CARTESIAN_POINT('Ctrl Pts',(2.42589131522585,13.4425940665714,-59.7287323237275));
#4855=CARTESIAN_POINT('Ctrl Pts',(2.95595923736716,13.4425940665714,-60.7067324589213));
#4856=CARTESIAN_POINT('Ctrl Pts',(1.93689984492439,13.7084692244323,-58.1174575335093));
#4857=CARTESIAN_POINT('Ctrl Pts',(2.12189337709754,13.7084692244323,-58.8319712669107));
#4858=CARTESIAN_POINT('Ctrl Pts',(2.43112270723024,13.7084692244323,-59.7266213473629));
#4859=CARTESIAN_POINT('Ctrl Pts',(2.96090509569715,13.7084692244323,-60.7040875480749));
#4860=CARTESIAN_POINT('Ctrl Pts',(1.94014132972756,14.1056575559867,-58.1166375554409));
#4861=CARTESIAN_POINT('Ctrl Pts',(2.12507673986815,14.1056575559867,-58.8309215245443));
#4862=CARTESIAN_POINT('Ctrl Pts',(2.43422384184749,14.1056575559867,-59.7253300819087));
#4863=CARTESIAN_POINT('Ctrl Pts',(2.96385355709598,14.1056575559867,-60.702510790915));
#4864=CARTESIAN_POINT('Ctrl Pts',(1.95290386504626,14.5043039652792,-58.1134090969741));
#4865=CARTESIAN_POINT('Ctrl Pts',(2.13761593758112,14.5043039652792,-58.8268101821531));
#4866=CARTESIAN_POINT('Ctrl Pts',(2.4464193273819,14.5043039652792,-59.720219015164));
#4867=CARTESIAN_POINT('Ctrl Pts',(2.97546238608127,14.5043039652792,-60.6963027041386));
#4868=CARTESIAN_POINT('Ctrl Pts',(2.0362046652141,14.8271189632414,-58.0923370163197));
#4869=CARTESIAN_POINT('Ctrl Pts',(2.21948106944706,14.8271189632414,-58.8000627094818));
#4870=CARTESIAN_POINT('Ctrl Pts',(2.52596108112132,14.8271189632414,-59.6867508739229));
#4871=CARTESIAN_POINT('Ctrl Pts',(3.05123296922466,14.8271189632414,-60.6557826520431));
#4872=CARTESIAN_POINT('Ctrl Pts',(2.19775498196568,15.0743348110095,-58.0514706465191));
#4873=CARTESIAN_POINT('Ctrl Pts',(2.37826351628829,15.0743348110095,-58.748254573556));
#4874=CARTESIAN_POINT('Ctrl Pts',(2.68017814720277,15.0743348110095,-59.6217634681958));
#4875=CARTESIAN_POINT('Ctrl Pts',(3.19817947733267,15.0743348110095,-60.5771996463862));
#4876=CARTESIAN_POINT('Ctrl Pts',(2.43556275050269,15.3097276346199,-57.991313907703));
#4877=CARTESIAN_POINT('Ctrl Pts',(2.61198664011314,15.3097276346199,-58.6719506787707));
#4878=CARTESIAN_POINT('Ctrl Pts',(2.90721801661852,15.3097276346199,-59.5261500236241));
#4879=CARTESIAN_POINT('Ctrl Pts',(3.41448992407233,15.3097276346199,-60.4615226882968));
#4880=CARTESIAN_POINT('Ctrl Pts',(2.8598356591171,15.5265159051356,-57.8839882525856));
#4881=CARTESIAN_POINT('Ctrl Pts',(3.02906149626502,15.5265159051356,-58.5361701434916));
#4882=CARTESIAN_POINT('Ctrl Pts',(3.31204517632052,15.5265159051356,-59.3551271024588));
#4883=CARTESIAN_POINT('Ctrl Pts',(3.80040945465169,15.5265159051356,-60.2551433939188));
#4884=CARTESIAN_POINT('Ctrl Pts',(3.16494110495726,15.5624088539351,-57.8068076426766));
#4885=CARTESIAN_POINT('Ctrl Pts',(3.3288784628909,15.5624088539351,-58.4380834561315));
#4886=CARTESIAN_POINT('Ctrl Pts',(3.6034613511408,15.5624088539351,-59.2326911713358));
#4887=CARTESIAN_POINT('Ctrl Pts',(4.07793401029765,15.5624088539351,-60.106730791217));
#4888=CARTESIAN_POINT('Ctrl Pts',(3.30250557384479,15.5716793150925,-57.7720088222842));
#4889=CARTESIAN_POINT('Ctrl Pts',(3.46411049562299,15.5716793150925,-58.3940641984564));
#4890=CARTESIAN_POINT('Ctrl Pts',(3.73471705514954,15.5716793150925,-59.1772323914693));
#4891=CARTESIAN_POINT('Ctrl Pts',(4.2030629407091,15.5716793150925,-60.0398152341686));
#4892=CARTESIAN_POINT('',(1.93146245828549,13.31,-58.1188329950843));
#4893=CARTESIAN_POINT('Ctrl Pts',(1.9314624582855,13.31,-58.1188329950843));
#4894=CARTESIAN_POINT('Ctrl Pts',(2.11655680370471,13.31,-58.8337452569559));
#4895=CARTESIAN_POINT('Ctrl Pts',(2.42591203567792,13.31,-59.728771069994));
#4896=CARTESIAN_POINT('Ctrl Pts',(2.95595923736716,13.31,-60.7067324589213));
#4897=CARTESIAN_POINT('',(3.30250557384479,15.5716793150925,-57.7720088222842));
#4898=CARTESIAN_POINT('Ctrl Pts',(3.30250557384479,15.5716793150925,-57.7720088222842));
#4899=CARTESIAN_POINT('Ctrl Pts',(3.16494110495726,15.5624088539351,-57.8068076426766));
#4900=CARTESIAN_POINT('Ctrl Pts',(2.8598356591171,15.5265159051356,-57.8839882525856));
#4901=CARTESIAN_POINT('Ctrl Pts',(2.43556275050269,15.3097276346199,-57.991313907703));
#4902=CARTESIAN_POINT('Ctrl Pts',(2.19775498196568,15.0743348110095,-58.0514706465191));
#4903=CARTESIAN_POINT('Ctrl Pts',(2.0362046652141,14.8271189632414,-58.0923370163197));
#4904=CARTESIAN_POINT('Ctrl Pts',(1.95290386504626,14.5043039652792,-58.1134090969741));
#4905=CARTESIAN_POINT('Ctrl Pts',(1.94014132972756,14.1056575559867,-58.1166375554409));
#4906=CARTESIAN_POINT('Ctrl Pts',(1.93689984492439,13.7084692244323,-58.1174575335093));
#4907=CARTESIAN_POINT('Ctrl Pts',(1.9314624582855,13.4425940665714,-58.1188329950843));
#4908=CARTESIAN_POINT('Ctrl Pts',(1.9314624582855,13.31,-58.1188329950843));
#4909=CARTESIAN_POINT('Ctrl Pts',(3.30250557384479,15.5716793150925,-57.7720088222842));
#4910=CARTESIAN_POINT('Ctrl Pts',(3.46411049562299,15.5716793150925,-58.3940641984564));
#4911=CARTESIAN_POINT('Ctrl Pts',(3.73471705514954,15.5716793150925,-59.1772323914693));
#4912=CARTESIAN_POINT('Ctrl Pts',(4.2030629407091,15.5716793150925,-60.0398152341686));
#4913=CARTESIAN_POINT('Ctrl Pts',(1.60634640696505,13.31,-56.327401437981));
#4914=CARTESIAN_POINT('Ctrl Pts',(1.67374595248491,13.31,-56.9065118860593));
#4915=CARTESIAN_POINT('Ctrl Pts',(1.74132922185548,13.31,-57.3846866520871));
#4916=CARTESIAN_POINT('Ctrl Pts',(1.9314624582855,13.31,-58.1188329950843));
#4917=CARTESIAN_POINT('Ctrl Pts',(1.60634640696505,13.4425940665714,-56.327401437981));
#4918=CARTESIAN_POINT('Ctrl Pts',(1.67374659686258,13.4425940665714,-56.9065177142246));
#4919=CARTESIAN_POINT('Ctrl Pts',(1.7413238553194,13.4425940665714,-57.3846654374403));
#4920=CARTESIAN_POINT('Ctrl Pts',(1.9314624582855,13.4425940665714,-58.1188329950843));
#4921=CARTESIAN_POINT('Ctrl Pts',(1.61191966487593,13.7084697350681,-56.3267852435642));
#4922=CARTESIAN_POINT('Ctrl Pts',(1.67931097506747,13.7084697350681,-56.905821206046));
#4923=CARTESIAN_POINT('Ctrl Pts',(1.74683379677097,13.7084697350681,-57.383582673217));
#4924=CARTESIAN_POINT('Ctrl Pts',(1.93689844735613,13.7084697350681,-58.1174578870434));
#4925=CARTESIAN_POINT('Ctrl Pts',(1.61524251495073,14.1056582308189,-56.3264178603035));
#4926=CARTESIAN_POINT('Ctrl Pts',(1.68262907721439,14.1056582308189,-56.9054108794774));
#4927=CARTESIAN_POINT('Ctrl Pts',(1.75011434726182,14.1056582308189,-57.3829191301797));
#4928=CARTESIAN_POINT('Ctrl Pts',(1.94013945593294,14.1056582308189,-58.1166380294431));
#4929=CARTESIAN_POINT('Ctrl Pts',(1.62832677430226,14.504304776629,-56.3249712293222));
#4930=CARTESIAN_POINT('Ctrl Pts',(1.69569509235118,14.504304776629,-56.903799236105));
#4931=CARTESIAN_POINT('Ctrl Pts',(1.76302828480316,14.504304776629,-57.3802914569849));
#4932=CARTESIAN_POINT('Ctrl Pts',(1.95290145115542,14.504304776629,-58.113409707601));
#4933=CARTESIAN_POINT('Ctrl Pts',(1.71373085309663,14.8271198000469,-56.3155287241722));
#4934=CARTESIAN_POINT('Ctrl Pts',(1.7809818929079,14.8271198000469,-56.8932959912794));
#4935=CARTESIAN_POINT('Ctrl Pts',(1.84730559091138,14.8271198000469,-57.3630805462029));
#4936=CARTESIAN_POINT('Ctrl Pts',(2.0362020351832,14.8271198000469,-58.0923376816222));
#4937=CARTESIAN_POINT('Ctrl Pts',(1.87936061555165,15.0743356549651,-56.297216251196));
#4938=CARTESIAN_POINT('Ctrl Pts',(1.94638555097328,15.0743356549651,-56.8729384850412));
#4939=CARTESIAN_POINT('Ctrl Pts',(2.01073896034635,15.0743356549651,-57.3296581414975));
#4940=CARTESIAN_POINT('Ctrl Pts',(2.19775235151066,15.0743356549651,-58.0514713119289));
#4941=CARTESIAN_POINT('Ctrl Pts',(2.12317408994334,15.3097282894816,-56.2702595762914));
#4942=CARTESIAN_POINT('Ctrl Pts',(2.18986535502298,15.3097282894816,-56.8429638813427));
#4943=CARTESIAN_POINT('Ctrl Pts',(2.25132621971023,15.3097282894816,-57.280486576026));
#4944=CARTESIAN_POINT('Ctrl Pts',(2.43556072199341,15.3097282894816,-57.9913144208424));
#4945=CARTESIAN_POINT('Ctrl Pts',(2.55816121759171,15.5265165208535,-56.2221662269924));
#4946=CARTESIAN_POINT('Ctrl Pts',(2.62426448131602,15.5265165208535,-56.7895522702813));
#4947=CARTESIAN_POINT('Ctrl Pts',(2.68049667386362,15.5265165208535,-57.1925193750521));
#4948=CARTESIAN_POINT('Ctrl Pts',(2.85983415587611,15.5265165208535,-57.8839886328511));
#4949=CARTESIAN_POINT('Ctrl Pts',(2.87097268493203,15.5624088539351,-56.1875809480099));
#4950=CARTESIAN_POINT('Ctrl Pts',(2.93664393833664,15.5624088539351,-56.7510596126107));
#4951=CARTESIAN_POINT('Ctrl Pts',(2.98920151140808,15.5624088539351,-57.1295613272071));
#4952=CARTESIAN_POINT('Ctrl Pts',(3.16494110495726,15.5624088539351,-57.8068076426766));
#4953=CARTESIAN_POINT('Ctrl Pts',(3.01201091266232,15.5716793150925,-56.171987381397));
#4954=CARTESIAN_POINT('Ctrl Pts',(3.07749163180398,15.5716793150925,-56.7337427317981));
#4955=CARTESIAN_POINT('Ctrl Pts',(3.1283527966175,15.5716793150925,-57.1010354075073));
#4956=CARTESIAN_POINT('Ctrl Pts',(3.30250557384479,15.5716793150925,-57.7720088222842));
#4957=CARTESIAN_POINT('',(1.60634640696504,13.31,-56.327401437981));
#4958=CARTESIAN_POINT('Ctrl Pts',(1.60634640696505,13.31,-56.327401437981));
#4959=CARTESIAN_POINT('Ctrl Pts',(1.67374595248491,13.31,-56.9065118860593));
#4960=CARTESIAN_POINT('Ctrl Pts',(1.74132922185548,13.31,-57.3846866520871));
#4961=CARTESIAN_POINT('Ctrl Pts',(1.9314624582855,13.31,-58.1188329950843));
#4962=CARTESIAN_POINT('',(3.01201091266232,15.5716793150925,-56.171987381397));
#4963=CARTESIAN_POINT('Ctrl Pts',(3.01201091266232,15.5716793150925,-56.171987381397));
#4964=CARTESIAN_POINT('Ctrl Pts',(2.87097268493203,15.5624088539351,-56.1875809480099));
#4965=CARTESIAN_POINT('Ctrl Pts',(2.55816121759171,15.5265165208535,-56.2221662269924));
#4966=CARTESIAN_POINT('Ctrl Pts',(2.12317408994334,15.3097282894816,-56.2702595762914));
#4967=CARTESIAN_POINT('Ctrl Pts',(1.87936061555165,15.0743356549651,-56.297216251196));
#4968=CARTESIAN_POINT('Ctrl Pts',(1.71373085309663,14.8271198000469,-56.3155287241722));
#4969=CARTESIAN_POINT('Ctrl Pts',(1.62832677430226,14.504304776629,-56.3249712293222));
#4970=CARTESIAN_POINT('Ctrl Pts',(1.61524251495073,14.1056582308189,-56.3264178603035));
#4971=CARTESIAN_POINT('Ctrl Pts',(1.61191966487593,13.7084697350681,-56.3267852435642));
#4972=CARTESIAN_POINT('Ctrl Pts',(1.60634640696505,13.4425940665714,-56.327401437981));
#4973=CARTESIAN_POINT('Ctrl Pts',(1.60634640696505,13.31,-56.327401437981));
#4974=CARTESIAN_POINT('Ctrl Pts',(3.01201091266232,15.5716793150925,-56.171987381397));
#4975=CARTESIAN_POINT('Ctrl Pts',(3.07749163180398,15.5716793150925,-56.7337427317981));
#4976=CARTESIAN_POINT('Ctrl Pts',(3.1283527966175,15.5716793150925,-57.1010354075073));
#4977=CARTESIAN_POINT('Ctrl Pts',(3.30250557384479,15.5716793150925,-57.7720088222842));
#4978=CARTESIAN_POINT('Ctrl Pts',(12.4534071757439,14.5716793150925,-64.6309807671383));
#4979=CARTESIAN_POINT('Ctrl Pts',(13.2073189953751,14.5716793150925,-64.7020088084982));
#4980=CARTESIAN_POINT('Ctrl Pts',(14.0328787618563,14.5716793150925,-64.7431521577797));
#4981=CARTESIAN_POINT('Ctrl Pts',(14.9419480185684,14.5716793150925,-64.766020877111));
#4982=CARTESIAN_POINT('Ctrl Pts',(12.4534071757439,13.8177862100617,-64.6309807671383));
#4983=CARTESIAN_POINT('Ctrl Pts',(13.2073189953751,13.8177862100617,-64.7020088084982));
#4984=CARTESIAN_POINT('Ctrl Pts',(14.0328787618563,13.8177862100617,-64.7431521577797));
#4985=CARTESIAN_POINT('Ctrl Pts',(14.9419480185684,13.8177862100617,-64.766020877111));
#4986=CARTESIAN_POINT('Ctrl Pts',(12.4534071757439,13.0638931050308,-64.6309807671383));
#4987=CARTESIAN_POINT('Ctrl Pts',(13.2073189953751,13.0638931050308,-64.7020088084982));
#4988=CARTESIAN_POINT('Ctrl Pts',(14.0328787618563,13.0638931050308,-64.7431521577797));
#4989=CARTESIAN_POINT('Ctrl Pts',(14.9419480185684,13.0638931050308,-64.766020877111));
#4990=CARTESIAN_POINT('Ctrl Pts',(12.4534071757439,12.31,-64.6309807671383));
#4991=CARTESIAN_POINT('Ctrl Pts',(13.2073189953751,12.31,-64.7020088084982));
#4992=CARTESIAN_POINT('Ctrl Pts',(14.0328787618563,12.31,-64.7431521577797));
#4993=CARTESIAN_POINT('Ctrl Pts',(14.9419480185684,12.31,-64.766020877111));
#4994=CARTESIAN_POINT('',(12.4534071757439,12.31,-64.6309807671383));
#4995=CARTESIAN_POINT('Ctrl Pts',(12.4534071757439,12.31,-64.6309807671383));
#4996=CARTESIAN_POINT('Ctrl Pts',(12.4534071757439,13.0638931050308,-64.6309807671383));
#4997=CARTESIAN_POINT('Ctrl Pts',(12.4534071757439,13.8177862100617,-64.6309807671383));
#4998=CARTESIAN_POINT('Ctrl Pts',(12.4534071757439,14.5716793150925,-64.6309807671383));
#4999=CARTESIAN_POINT('',(14.941948018277,12.31,-64.7660208770999));
#5000=CARTESIAN_POINT('Ctrl Pts',(12.4534071757439,12.31,-64.6309807671383));
#5001=CARTESIAN_POINT('Ctrl Pts',(13.2073189953751,12.31,-64.7020088084982));
#5002=CARTESIAN_POINT('Ctrl Pts',(14.0328787618563,12.31,-64.7431521577797));
#5003=CARTESIAN_POINT('Ctrl Pts',(14.9419480185684,12.31,-64.766020877111));
#5004=CARTESIAN_POINT('Ctrl Pts',(14.9419480185684,14.5716793150925,-64.766020877111));
#5005=CARTESIAN_POINT('Ctrl Pts',(14.9419480185684,14.1947327625771,-64.766020877111));
#5006=CARTESIAN_POINT('Ctrl Pts',(14.9419480185684,13.8177862100617,-64.766020877111));
#5007=CARTESIAN_POINT('Ctrl Pts',(14.9419480185684,13.0638931050308,-64.766020877111));
#5008=CARTESIAN_POINT('Ctrl Pts',(14.9419480185684,12.6869465525154,-64.766020877111));
#5009=CARTESIAN_POINT('Ctrl Pts',(14.9419480185684,12.31,-64.766020877111));
#5010=CARTESIAN_POINT('Ctrl Pts',(7.69086610617389,14.5716793150925,-63.3041069256118));
#5011=CARTESIAN_POINT('Ctrl Pts',(8.98411478530263,14.5716793150925,-64.0508700798511));
#5012=CARTESIAN_POINT('Ctrl Pts',(10.4858943230618,14.5716793150925,-64.4456392707418));
#5013=CARTESIAN_POINT('Ctrl Pts',(12.4534071757439,14.5716793150925,-64.6309807671383));
#5014=CARTESIAN_POINT('Ctrl Pts',(7.69086610617389,13.8177862100617,-63.3041069256118));
#5015=CARTESIAN_POINT('Ctrl Pts',(8.98411478530263,13.8177862100617,-64.0508700798511));
#5016=CARTESIAN_POINT('Ctrl Pts',(10.4858943230618,13.8177862100617,-64.4456392707418));
#5017=CARTESIAN_POINT('Ctrl Pts',(12.4534071757439,13.8177862100617,-64.6309807671383));
#5018=CARTESIAN_POINT('Ctrl Pts',(7.69086610617389,13.0638931050308,-63.3041069256118));
#5019=CARTESIAN_POINT('Ctrl Pts',(8.98411478530263,13.0638931050308,-64.0508700798511));
#5020=CARTESIAN_POINT('Ctrl Pts',(10.4858943230618,13.0638931050308,-64.4456392707418));
#5021=CARTESIAN_POINT('Ctrl Pts',(12.4534071757439,13.0638931050308,-64.6309807671383));
#5022=CARTESIAN_POINT('Ctrl Pts',(7.69086610617389,12.31,-63.3041069256118));
#5023=CARTESIAN_POINT('Ctrl Pts',(8.98411478530263,12.31,-64.0508700798511));
#5024=CARTESIAN_POINT('Ctrl Pts',(10.4858943230618,12.31,-64.4456392707418));
#5025=CARTESIAN_POINT('Ctrl Pts',(12.4534071757439,12.31,-64.6309807671383));
#5026=CARTESIAN_POINT('',(7.69086610617389,12.31,-63.3041069256118));
#5027=CARTESIAN_POINT('Ctrl Pts',(7.69086610617389,12.31,-63.3041069256118));
#5028=CARTESIAN_POINT('Ctrl Pts',(7.69086610617389,13.0638931050308,-63.3041069256118));
#5029=CARTESIAN_POINT('Ctrl Pts',(7.69086610617389,13.8177862100617,-63.3041069256118));
#5030=CARTESIAN_POINT('Ctrl Pts',(7.69086610617389,14.5716793150925,-63.3041069256118));
#5031=CARTESIAN_POINT('Ctrl Pts',(7.69086610617389,12.31,-63.3041069256118));
#5032=CARTESIAN_POINT('Ctrl Pts',(8.98411478530263,12.31,-64.0508700798511));
#5033=CARTESIAN_POINT('Ctrl Pts',(10.4858943230618,12.31,-64.4456392707418));
#5034=CARTESIAN_POINT('Ctrl Pts',(12.4534071757439,12.31,-64.6309807671383));
#5035=CARTESIAN_POINT('Ctrl Pts',(5.90823647624817,14.5716793150925,-61.8931150135643));
#5036=CARTESIAN_POINT('Ctrl Pts',(6.40538006170656,14.5716793150925,-62.4181119514431));
#5037=CARTESIAN_POINT('Ctrl Pts',(7.04591457667816,14.5716793150925,-62.9318191712844));
#5038=CARTESIAN_POINT('Ctrl Pts',(7.69086610617389,14.5716793150925,-63.3041069256118));
#5039=CARTESIAN_POINT('Ctrl Pts',(5.90823647624817,13.8177862100617,-61.8931150135643));
#5040=CARTESIAN_POINT('Ctrl Pts',(6.40538006170656,13.8177862100617,-62.4181119514431));
#5041=CARTESIAN_POINT('Ctrl Pts',(7.04591457667815,13.8177862100617,-62.9318191712844));
#5042=CARTESIAN_POINT('Ctrl Pts',(7.69086610617389,13.8177862100617,-63.3041069256118));
#5043=CARTESIAN_POINT('Ctrl Pts',(5.90823647624817,13.0638931050308,-61.8931150135643));
#5044=CARTESIAN_POINT('Ctrl Pts',(6.40538006170656,13.0638931050308,-62.4181119514431));
#5045=CARTESIAN_POINT('Ctrl Pts',(7.04591457667816,13.0638931050308,-62.9318191712844));
#5046=CARTESIAN_POINT('Ctrl Pts',(7.69086610617389,13.0638931050308,-63.3041069256118));
#5047=CARTESIAN_POINT('Ctrl Pts',(5.90823647624817,12.31,-61.8931150135643));
#5048=CARTESIAN_POINT('Ctrl Pts',(6.40538006170656,12.31,-62.4181119514431));
#5049=CARTESIAN_POINT('Ctrl Pts',(7.04591457667816,12.31,-62.9318191712844));
#5050=CARTESIAN_POINT('Ctrl Pts',(7.69086610617389,12.31,-63.3041069256118));
#5051=CARTESIAN_POINT('',(5.90823647624818,12.31,-61.8931150135643));
#5052=CARTESIAN_POINT('Ctrl Pts',(5.90823647624817,12.31,-61.8931150135643));
#5053=CARTESIAN_POINT('Ctrl Pts',(5.90823647624817,13.0638931050308,-61.8931150135643));
#5054=CARTESIAN_POINT('Ctrl Pts',(5.90823647624817,13.8177862100617,-61.8931150135643));
#5055=CARTESIAN_POINT('Ctrl Pts',(5.90823647624817,14.5716793150925,-61.8931150135643));
#5056=CARTESIAN_POINT('Ctrl Pts',(5.90823647624817,12.31,-61.8931150135643));
#5057=CARTESIAN_POINT('Ctrl Pts',(6.40538006170656,12.31,-62.4181119514431));
#5058=CARTESIAN_POINT('Ctrl Pts',(7.04591457667816,12.31,-62.9318191712844));
#5059=CARTESIAN_POINT('Ctrl Pts',(7.69086610617389,12.31,-63.3041069256118));
#5060=CARTESIAN_POINT('Ctrl Pts',(4.47269938802953,14.5716793150925,-59.895620977783));
#5061=CARTESIAN_POINT('Ctrl Pts',(4.81510311336443,14.5716793150925,-60.5260115187769));
#5062=CARTESIAN_POINT('Ctrl Pts',(5.27835326130945,14.5716793150925,-61.2277276197348));
#5063=CARTESIAN_POINT('Ctrl Pts',(5.90823647624818,14.5716793150925,-61.8931150135643));
#5064=CARTESIAN_POINT('Ctrl Pts',(4.47269938802953,13.8177862100617,-59.895620977783));
#5065=CARTESIAN_POINT('Ctrl Pts',(4.81510311336443,13.8177862100617,-60.5260115187769));
#5066=CARTESIAN_POINT('Ctrl Pts',(5.27835326130945,13.8177862100617,-61.2277276197348));
#5067=CARTESIAN_POINT('Ctrl Pts',(5.90823647624818,13.8177862100617,-61.8931150135643));
#5068=CARTESIAN_POINT('Ctrl Pts',(4.47269938802953,13.0638931050308,-59.895620977783));
#5069=CARTESIAN_POINT('Ctrl Pts',(4.81510311336443,13.0638931050308,-60.5260115187769));
#5070=CARTESIAN_POINT('Ctrl Pts',(5.27835326130945,13.0638931050308,-61.2277276197348));
#5071=CARTESIAN_POINT('Ctrl Pts',(5.90823647624818,13.0638931050308,-61.8931150135643));
#5072=CARTESIAN_POINT('Ctrl Pts',(4.47269938802953,12.31,-59.895620977783));
#5073=CARTESIAN_POINT('Ctrl Pts',(4.81510311336443,12.31,-60.5260115187769));
#5074=CARTESIAN_POINT('Ctrl Pts',(5.27835326130945,12.31,-61.2277276197348));
#5075=CARTESIAN_POINT('Ctrl Pts',(5.90823647624818,12.31,-61.8931150135643));
#5076=CARTESIAN_POINT('',(4.47269938802953,12.31,-59.895620977783));
#5077=CARTESIAN_POINT('Ctrl Pts',(4.47269938802953,12.31,-59.895620977783));
#5078=CARTESIAN_POINT('Ctrl Pts',(4.47269938802953,13.0638931050308,-59.895620977783));
#5079=CARTESIAN_POINT('Ctrl Pts',(4.47269938802953,13.8177862100617,-59.895620977783));
#5080=CARTESIAN_POINT('Ctrl Pts',(4.47269938802953,14.5716793150925,-59.895620977783));
#5081=CARTESIAN_POINT('Ctrl Pts',(4.47269938802953,12.31,-59.895620977783));
#5082=CARTESIAN_POINT('Ctrl Pts',(4.81510311336443,12.31,-60.5260115187769));
#5083=CARTESIAN_POINT('Ctrl Pts',(5.27835326130945,12.31,-61.2277276197348));
#5084=CARTESIAN_POINT('Ctrl Pts',(5.90823647624818,12.31,-61.8931150135643));
#5085=CARTESIAN_POINT('Ctrl Pts',(3.59893897694662,14.5716793150925,-57.6970219246044));
#5086=CARTESIAN_POINT('Ctrl Pts',(3.75546524750825,14.5716793150925,-58.2990007019323));
#5087=CARTESIAN_POINT('Ctrl Pts',(4.01769395172982,14.5716793150925,-59.0579841449612));
#5088=CARTESIAN_POINT('Ctrl Pts',(4.47269938802953,14.5716793150925,-59.895620977783));
#5089=CARTESIAN_POINT('Ctrl Pts',(3.59893897694662,13.8177862100617,-57.6970219246044));
#5090=CARTESIAN_POINT('Ctrl Pts',(3.75546524750825,13.8177862100617,-58.2990007019323));
#5091=CARTESIAN_POINT('Ctrl Pts',(4.01769395172982,13.8177862100617,-59.0579841449612));
#5092=CARTESIAN_POINT('Ctrl Pts',(4.47269938802953,13.8177862100617,-59.895620977783));
#5093=CARTESIAN_POINT('Ctrl Pts',(3.59893897694662,13.0638931050308,-57.6970219246044));
#5094=CARTESIAN_POINT('Ctrl Pts',(3.75546524750825,13.0638931050308,-58.2990007019323));
#5095=CARTESIAN_POINT('Ctrl Pts',(4.01769395172982,13.0638931050308,-59.0579841449612));
#5096=CARTESIAN_POINT('Ctrl Pts',(4.47269938802953,13.0638931050308,-59.895620977783));
#5097=CARTESIAN_POINT('Ctrl Pts',(3.59893897694662,12.31,-57.6970219246044));
#5098=CARTESIAN_POINT('Ctrl Pts',(3.75546524750825,12.31,-58.2990007019323));
#5099=CARTESIAN_POINT('Ctrl Pts',(4.01769395172982,12.31,-59.0579841449612));
#5100=CARTESIAN_POINT('Ctrl Pts',(4.47269938802953,12.31,-59.895620977783));
#5101=CARTESIAN_POINT('',(3.59893897694662,12.31,-57.6970219246044));
#5102=CARTESIAN_POINT('Ctrl Pts',(3.59893897694662,12.31,-57.6970219246044));
#5103=CARTESIAN_POINT('Ctrl Pts',(3.59893897694662,13.0638931050308,-57.6970219246044));
#5104=CARTESIAN_POINT('Ctrl Pts',(3.59893897694662,13.8177862100617,-57.6970219246044));
#5105=CARTESIAN_POINT('Ctrl Pts',(3.59893897694662,14.5716793150925,-57.6970219246044));
#5106=CARTESIAN_POINT('Ctrl Pts',(3.59893897694662,12.31,-57.6970219246044));
#5107=CARTESIAN_POINT('Ctrl Pts',(3.75546524750825,12.31,-58.2990007019323));
#5108=CARTESIAN_POINT('Ctrl Pts',(4.01769395172982,12.31,-59.0579841449612));
#5109=CARTESIAN_POINT('Ctrl Pts',(4.47269938802953,12.31,-59.895620977783));
#5110=CARTESIAN_POINT('Ctrl Pts',(3.31592981084614,14.5716793150925,-56.1383852888295));
#5111=CARTESIAN_POINT('Ctrl Pts',(3.38099566029713,14.5716793150925,-56.6963882913962));
#5112=CARTESIAN_POINT('Ctrl Pts',(3.42824133679768,14.5716793150925,-57.039707136521));
#5113=CARTESIAN_POINT('Ctrl Pts',(3.59893897694662,14.5716793150925,-57.6970219246044));
#5114=CARTESIAN_POINT('Ctrl Pts',(3.31592981084614,13.8177862100617,-56.1383852888295));
#5115=CARTESIAN_POINT('Ctrl Pts',(3.38099566029713,13.8177862100617,-56.6963882913962));
#5116=CARTESIAN_POINT('Ctrl Pts',(3.42824133679768,13.8177862100617,-57.039707136521));
#5117=CARTESIAN_POINT('Ctrl Pts',(3.59893897694662,13.8177862100617,-57.6970219246044));
#5118=CARTESIAN_POINT('Ctrl Pts',(3.31592981084614,13.0638931050308,-56.1383852888295));
#5119=CARTESIAN_POINT('Ctrl Pts',(3.38099566029713,13.0638931050308,-56.6963882913962));
#5120=CARTESIAN_POINT('Ctrl Pts',(3.42824133679768,13.0638931050308,-57.039707136521));
#5121=CARTESIAN_POINT('Ctrl Pts',(3.59893897694662,13.0638931050308,-57.6970219246044));
#5122=CARTESIAN_POINT('Ctrl Pts',(3.31592981084614,12.31,-56.1383852888295));
#5123=CARTESIAN_POINT('Ctrl Pts',(3.38099566029713,12.31,-56.6963882913962));
#5124=CARTESIAN_POINT('Ctrl Pts',(3.42824133679768,12.31,-57.039707136521));
#5125=CARTESIAN_POINT('Ctrl Pts',(3.59893897694662,12.31,-57.6970219246044));
#5126=CARTESIAN_POINT('',(3.31592981084614,12.31,-56.1383852888295));
#5127=CARTESIAN_POINT('Ctrl Pts',(3.31592981084614,12.31,-56.1383852888295));
#5128=CARTESIAN_POINT('Ctrl Pts',(3.31592981084614,13.0638931050308,-56.1383852888295));
#5129=CARTESIAN_POINT('Ctrl Pts',(3.31592981084614,13.8177862100617,-56.1383852888295));
#5130=CARTESIAN_POINT('Ctrl Pts',(3.31592981084614,14.5716793150925,-56.1383852888295));
#5131=CARTESIAN_POINT('Ctrl Pts',(3.31592981084614,12.31,-56.1383852888295));
#5132=CARTESIAN_POINT('Ctrl Pts',(3.38099566029713,12.31,-56.6963882913962));
#5133=CARTESIAN_POINT('Ctrl Pts',(3.42824133679768,12.31,-57.039707136521));
#5134=CARTESIAN_POINT('Ctrl Pts',(3.59893897694662,12.31,-57.6970219246044));
#5135=CARTESIAN_POINT('Ctrl Pts',(12.3535190055166,12.31,-65.6259963389924));
#5136=CARTESIAN_POINT('Ctrl Pts',(13.1445379971293,12.31,-65.7007182474224));
#5137=CARTESIAN_POINT('Ctrl Pts',(13.9983741443293,12.31,-65.7427875250812));
#5138=CARTESIAN_POINT('Ctrl Pts',(14.9295028526199,12.31,-65.7660224447782));
#5139=CARTESIAN_POINT('Ctrl Pts',(12.3535190055166,12.5466666666667,-65.6259963389924));
#5140=CARTESIAN_POINT('Ctrl Pts',(13.1445379971293,12.5466666666667,-65.7007182474224));
#5141=CARTESIAN_POINT('Ctrl Pts',(13.9983741443293,12.5466666666667,-65.7427875250812));
#5142=CARTESIAN_POINT('Ctrl Pts',(14.9295028526199,12.5466666666667,-65.7660224447782));
#5143=CARTESIAN_POINT('Ctrl Pts',(12.3535190055166,12.7833333333333,-65.6259963389924));
#5144=CARTESIAN_POINT('Ctrl Pts',(13.1445379971293,12.7833333333333,-65.7007182474224));
#5145=CARTESIAN_POINT('Ctrl Pts',(13.9983741443293,12.7833333333333,-65.7427875250812));
#5146=CARTESIAN_POINT('Ctrl Pts',(14.9295028526199,12.7833333333333,-65.7660224447782));
#5147=CARTESIAN_POINT('Ctrl Pts',(12.3535190055166,13.02,-65.6259963389924));
#5148=CARTESIAN_POINT('Ctrl Pts',(13.1445379971293,13.02,-65.7007182474224));
#5149=CARTESIAN_POINT('Ctrl Pts',(13.9983741443293,13.02,-65.7427875250812));
#5150=CARTESIAN_POINT('Ctrl Pts',(14.9295028526199,13.02,-65.7660224447782));
#5151=CARTESIAN_POINT('',(12.3535190055166,13.02,-65.6259963389924));
#5152=CARTESIAN_POINT('',(12.3535190055166,12.31,-65.6259963389924));
#5153=CARTESIAN_POINT('Ctrl Pts',(12.3535190055166,13.02,-65.6259963389924));
#5154=CARTESIAN_POINT('Ctrl Pts',(12.3535190055166,12.7833333333333,-65.6259963389924));
#5155=CARTESIAN_POINT('Ctrl Pts',(12.3535190055166,12.5466666666667,-65.6259963389924));
#5156=CARTESIAN_POINT('Ctrl Pts',(12.3535190055166,12.31,-65.6259963389924));
#5157=CARTESIAN_POINT('',(14.9295028526164,13.02,-65.7660224447781));
#5158=CARTESIAN_POINT('Ctrl Pts',(12.3535190055166,13.02,-65.6259963389924));
#5159=CARTESIAN_POINT('Ctrl Pts',(13.1445379971293,13.02,-65.7007182474224));
#5160=CARTESIAN_POINT('Ctrl Pts',(13.9983741443293,13.02,-65.7427875250812));
#5161=CARTESIAN_POINT('Ctrl Pts',(14.9295028526199,13.02,-65.7660224447782));
#5162=CARTESIAN_POINT('',(14.9295028526164,12.31,-65.7660224447781));
#5163=CARTESIAN_POINT('Ctrl Pts',(14.9295028526199,12.31,-65.7660224447782));
#5164=CARTESIAN_POINT('Ctrl Pts',(14.9295028526199,12.4283333333333,-65.7660224447782));
#5165=CARTESIAN_POINT('Ctrl Pts',(14.9295028526199,12.5466666666667,-65.7660224447782));
#5166=CARTESIAN_POINT('Ctrl Pts',(14.9295028526199,12.7833333333333,-65.7660224447782));
#5167=CARTESIAN_POINT('Ctrl Pts',(14.9295028526199,12.9016666666667,-65.7660224447782));
#5168=CARTESIAN_POINT('Ctrl Pts',(14.9295028526199,13.02,-65.7660224447782));
#5169=CARTESIAN_POINT('Ctrl Pts',(12.3535190055166,12.31,-65.6259963389924));
#5170=CARTESIAN_POINT('Ctrl Pts',(13.1445379971293,12.31,-65.7007182474224));
#5171=CARTESIAN_POINT('Ctrl Pts',(13.9983741443293,12.31,-65.7427875250812));
#5172=CARTESIAN_POINT('Ctrl Pts',(14.9295028526199,12.31,-65.7660224447782));
#5173=CARTESIAN_POINT('Ctrl Pts',(7.18498518792852,12.31,-64.1667297466284));
#5174=CARTESIAN_POINT('Ctrl Pts',(8.63775722393093,12.31,-65.0070445903091));
#5175=CARTESIAN_POINT('Ctrl Pts',(10.2998971104363,12.31,-65.43201048071));
#5176=CARTESIAN_POINT('Ctrl Pts',(12.3535190055166,12.31,-65.6259963389924));
#5177=CARTESIAN_POINT('Ctrl Pts',(7.18498518792852,12.5466666666667,-64.1667297466284));
#5178=CARTESIAN_POINT('Ctrl Pts',(8.63775722393093,12.5466666666667,-65.0070445903091));
#5179=CARTESIAN_POINT('Ctrl Pts',(10.2998971104363,12.5466666666667,-65.43201048071));
#5180=CARTESIAN_POINT('Ctrl Pts',(12.3535190055166,12.5466666666667,-65.6259963389924));
#5181=CARTESIAN_POINT('Ctrl Pts',(7.18498518792852,12.7833333333333,-64.1667297466284));
#5182=CARTESIAN_POINT('Ctrl Pts',(8.63775722393093,12.7833333333333,-65.0070445903091));
#5183=CARTESIAN_POINT('Ctrl Pts',(10.2998971104363,12.7833333333333,-65.43201048071));
#5184=CARTESIAN_POINT('Ctrl Pts',(12.3535190055166,12.7833333333333,-65.6259963389924));
#5185=CARTESIAN_POINT('Ctrl Pts',(7.18498518792852,13.02,-64.1667297466284));
#5186=CARTESIAN_POINT('Ctrl Pts',(8.63775722393093,13.02,-65.0070445903091));
#5187=CARTESIAN_POINT('Ctrl Pts',(10.2998971104363,13.02,-65.43201048071));
#5188=CARTESIAN_POINT('Ctrl Pts',(12.3535190055166,13.02,-65.6259963389924));
#5189=CARTESIAN_POINT('',(7.18498518792852,12.31,-64.1667297466284));
#5190=CARTESIAN_POINT('Ctrl Pts',(7.18498518792852,12.31,-64.1667297466284));
#5191=CARTESIAN_POINT('Ctrl Pts',(8.63775722393093,12.31,-65.0070445903091));
#5192=CARTESIAN_POINT('Ctrl Pts',(10.2998971104363,12.31,-65.43201048071));
#5193=CARTESIAN_POINT('Ctrl Pts',(12.3535190055166,12.31,-65.6259963389924));
#5194=CARTESIAN_POINT('',(7.18498518792852,13.02,-64.1667297466284));
#5195=CARTESIAN_POINT('Ctrl Pts',(7.18498518792852,13.02,-64.1667297466284));
#5196=CARTESIAN_POINT('Ctrl Pts',(7.18498518792852,12.7833333333333,-64.1667297466284));
#5197=CARTESIAN_POINT('Ctrl Pts',(7.18498518792852,12.5466666666667,-64.1667297466284));
#5198=CARTESIAN_POINT('Ctrl Pts',(7.18498518792852,12.31,-64.1667297466284));
#5199=CARTESIAN_POINT('Ctrl Pts',(7.18498518792852,13.02,-64.1667297466284));
#5200=CARTESIAN_POINT('Ctrl Pts',(8.63775722393093,13.02,-65.0070445903091));
#5201=CARTESIAN_POINT('Ctrl Pts',(10.2998971104363,13.02,-65.43201048071));
#5202=CARTESIAN_POINT('Ctrl Pts',(12.3535190055166,13.02,-65.6259963389924));
#5203=CARTESIAN_POINT('Ctrl Pts',(5.177438271474,12.31,-62.5757332221423));
#5204=CARTESIAN_POINT('Ctrl Pts',(5.74212801395703,12.31,-63.1730438042701));
#5205=CARTESIAN_POINT('Ctrl Pts',(6.44781141590113,12.31,-63.7403587109433));
#5206=CARTESIAN_POINT('Ctrl Pts',(7.18498518792852,12.31,-64.1667297466284));
#5207=CARTESIAN_POINT('Ctrl Pts',(5.177438271474,12.5466666666667,-62.5757332221423));
#5208=CARTESIAN_POINT('Ctrl Pts',(5.74212801395703,12.5466666666667,-63.1730438042701));
#5209=CARTESIAN_POINT('Ctrl Pts',(6.44781141590113,12.5466666666667,-63.7403587109433));
#5210=CARTESIAN_POINT('Ctrl Pts',(7.18498518792852,12.5466666666667,-64.1667297466284));
#5211=CARTESIAN_POINT('Ctrl Pts',(5.177438271474,12.7833333333333,-62.5757332221423));
#5212=CARTESIAN_POINT('Ctrl Pts',(5.74212801395703,12.7833333333333,-63.1730438042701));
#5213=CARTESIAN_POINT('Ctrl Pts',(6.44781141590113,12.7833333333333,-63.7403587109433));
#5214=CARTESIAN_POINT('Ctrl Pts',(7.18498518792852,12.7833333333333,-64.1667297466284));
#5215=CARTESIAN_POINT('Ctrl Pts',(5.177438271474,13.02,-62.5757332221423));
#5216=CARTESIAN_POINT('Ctrl Pts',(5.74212801395703,13.02,-63.1730438042701));
#5217=CARTESIAN_POINT('Ctrl Pts',(6.44781141590113,13.02,-63.7403587109433));
#5218=CARTESIAN_POINT('Ctrl Pts',(7.18498518792852,13.02,-64.1667297466284));
#5219=CARTESIAN_POINT('',(5.177438271474,12.31,-62.5757332221423));
#5220=CARTESIAN_POINT('Ctrl Pts',(5.177438271474,12.31,-62.5757332221423));
#5221=CARTESIAN_POINT('Ctrl Pts',(5.74212801395703,12.31,-63.1730438042701));
#5222=CARTESIAN_POINT('Ctrl Pts',(6.44781141590113,12.31,-63.7403587109433));
#5223=CARTESIAN_POINT('Ctrl Pts',(7.18498518792852,12.31,-64.1667297466284));
#5224=CARTESIAN_POINT('',(5.177438271474,13.02,-62.5757332221423));
#5225=CARTESIAN_POINT('Ctrl Pts',(5.177438271474,13.02,-62.5757332221423));
#5226=CARTESIAN_POINT('Ctrl Pts',(5.177438271474,12.7833333333333,-62.5757332221423));
#5227=CARTESIAN_POINT('Ctrl Pts',(5.177438271474,12.5466666666667,-62.5757332221423));
#5228=CARTESIAN_POINT('Ctrl Pts',(5.177438271474,12.31,-62.5757332221423));
#5229=CARTESIAN_POINT('Ctrl Pts',(5.177438271474,13.02,-62.5757332221423));
#5230=CARTESIAN_POINT('Ctrl Pts',(5.74212801395703,13.02,-63.1730438042701));
#5231=CARTESIAN_POINT('Ctrl Pts',(6.44781141590113,13.02,-63.7403587109433));
#5232=CARTESIAN_POINT('Ctrl Pts',(7.18498518792852,13.02,-64.1667297466284));
#5233=CARTESIAN_POINT('Ctrl Pts',(3.59085926465798,12.31,-60.3672051501164));
#5234=CARTESIAN_POINT('Ctrl Pts',(3.96470921498099,12.31,-61.0563986462348));
#5235=CARTESIAN_POINT('Ctrl Pts',(4.47527466013933,12.31,-61.8329637965083));
#5236=CARTESIAN_POINT('Ctrl Pts',(5.177438271474,12.31,-62.5757332221423));
#5237=CARTESIAN_POINT('Ctrl Pts',(3.59085926465798,12.5466666666667,-60.3672051501164));
#5238=CARTESIAN_POINT('Ctrl Pts',(3.96470921498099,12.5466666666667,-61.0563986462348));
#5239=CARTESIAN_POINT('Ctrl Pts',(4.47527466013933,12.5466666666667,-61.8329637965083));
#5240=CARTESIAN_POINT('Ctrl Pts',(5.177438271474,12.5466666666667,-62.5757332221423));
#5241=CARTESIAN_POINT('Ctrl Pts',(3.59085926465798,12.7833333333333,-60.3672051501164));
#5242=CARTESIAN_POINT('Ctrl Pts',(3.96470921498099,12.7833333333333,-61.0563986462348));
#5243=CARTESIAN_POINT('Ctrl Pts',(4.47527466013933,12.7833333333333,-61.8329637965083));
#5244=CARTESIAN_POINT('Ctrl Pts',(5.177438271474,12.7833333333333,-62.5757332221423));
#5245=CARTESIAN_POINT('Ctrl Pts',(3.59085926465798,13.02,-60.3672051501164));
#5246=CARTESIAN_POINT('Ctrl Pts',(3.96470921498099,13.02,-61.0563986462348));
#5247=CARTESIAN_POINT('Ctrl Pts',(4.47527466013933,13.02,-61.8329637965083));
#5248=CARTESIAN_POINT('Ctrl Pts',(5.177438271474,13.02,-62.5757332221423));
#5249=CARTESIAN_POINT('',(3.59085926465798,12.31,-60.3672051501164));
#5250=CARTESIAN_POINT('Ctrl Pts',(3.59085926465798,12.31,-60.3672051501164));
#5251=CARTESIAN_POINT('Ctrl Pts',(3.96470921498099,12.31,-61.0563986462348));
#5252=CARTESIAN_POINT('Ctrl Pts',(4.47527466013933,12.31,-61.8329637965083));
#5253=CARTESIAN_POINT('Ctrl Pts',(5.177438271474,12.31,-62.5757332221423));
#5254=CARTESIAN_POINT('',(3.59085926465798,13.02,-60.3672051501164));
#5255=CARTESIAN_POINT('Ctrl Pts',(3.59085926465798,13.02,-60.3672051501164));
#5256=CARTESIAN_POINT('Ctrl Pts',(3.59085926465798,12.7833333333333,-60.3672051501164));
#5257=CARTESIAN_POINT('Ctrl Pts',(3.59085926465798,12.5466666666667,-60.3672051501164));
#5258=CARTESIAN_POINT('Ctrl Pts',(3.59085926465798,12.31,-60.3672051501164));
#5259=CARTESIAN_POINT('Ctrl Pts',(3.59085926465798,13.02,-60.3672051501164));
#5260=CARTESIAN_POINT('Ctrl Pts',(3.96470921498099,13.02,-61.0563986462348));
#5261=CARTESIAN_POINT('Ctrl Pts',(4.47527466013933,13.02,-61.8329637965083));
#5262=CARTESIAN_POINT('Ctrl Pts',(5.177438271474,13.02,-62.5757332221423));
#5263=CARTESIAN_POINT('Ctrl Pts',(2.62945999381749,12.31,-57.9422649388867));
#5264=CARTESIAN_POINT('Ctrl Pts',(2.80259588247744,12.31,-58.6099037951011));
#5265=CARTESIAN_POINT('Ctrl Pts',(3.09222417985176,12.31,-59.4479829357683));
#5266=CARTESIAN_POINT('Ctrl Pts',(3.59085926465798,12.31,-60.3672051501164));
#5267=CARTESIAN_POINT('Ctrl Pts',(2.62945999381749,12.5466666666667,-57.9422649388867));
#5268=CARTESIAN_POINT('Ctrl Pts',(2.80259588247744,12.5466666666667,-58.6099037951011));
#5269=CARTESIAN_POINT('Ctrl Pts',(3.09222417985176,12.5466666666667,-59.4479829357683));
#5270=CARTESIAN_POINT('Ctrl Pts',(3.59085926465798,12.5466666666667,-60.3672051501164));
#5271=CARTESIAN_POINT('Ctrl Pts',(2.62945999381749,12.7833333333333,-57.9422649388867));
#5272=CARTESIAN_POINT('Ctrl Pts',(2.80259588247744,12.7833333333333,-58.6099037951011));
#5273=CARTESIAN_POINT('Ctrl Pts',(3.09222417985176,12.7833333333333,-59.4479829357683));
#5274=CARTESIAN_POINT('Ctrl Pts',(3.59085926465798,12.7833333333333,-60.3672051501164));
#5275=CARTESIAN_POINT('Ctrl Pts',(2.62945999381749,13.02,-57.9422649388867));
#5276=CARTESIAN_POINT('Ctrl Pts',(2.80259588247744,13.02,-58.6099037951011));
#5277=CARTESIAN_POINT('Ctrl Pts',(3.09222417985176,13.02,-59.4479829357683));
#5278=CARTESIAN_POINT('Ctrl Pts',(3.59085926465798,13.02,-60.3672051501164));
#5279=CARTESIAN_POINT('',(2.62945999381749,12.31,-57.9422649388867));
#5280=CARTESIAN_POINT('Ctrl Pts',(2.62945999381749,12.31,-57.9422649388867));
#5281=CARTESIAN_POINT('Ctrl Pts',(2.80259588247744,12.31,-58.6099037951011));
#5282=CARTESIAN_POINT('Ctrl Pts',(3.09222417985176,12.31,-59.4479829357683));
#5283=CARTESIAN_POINT('Ctrl Pts',(3.59085926465798,12.31,-60.3672051501164));
#5284=CARTESIAN_POINT('',(2.62945999381749,13.02,-57.9422649388867));
#5285=CARTESIAN_POINT('Ctrl Pts',(2.62945999381749,13.02,-57.9422649388867));
#5286=CARTESIAN_POINT('Ctrl Pts',(2.62945999381749,12.7833333333333,-57.9422649388867));
#5287=CARTESIAN_POINT('Ctrl Pts',(2.62945999381749,12.5466666666667,-57.9422649388867));
#5288=CARTESIAN_POINT('Ctrl Pts',(2.62945999381749,12.31,-57.9422649388867));
#5289=CARTESIAN_POINT('Ctrl Pts',(2.62945999381749,13.02,-57.9422649388867));
#5290=CARTESIAN_POINT('Ctrl Pts',(2.80259588247744,13.02,-58.6099037951011));
#5291=CARTESIAN_POINT('Ctrl Pts',(3.09222417985176,13.02,-59.4479829357683));
#5292=CARTESIAN_POINT('Ctrl Pts',(3.59085926465798,13.02,-60.3672051501164));
#5293=CARTESIAN_POINT('Ctrl Pts',(2.3219696792217,12.31,-56.2482802001063));
#5294=CARTESIAN_POINT('Ctrl Pts',(2.38839235095262,12.31,-56.8185551744711));
#5295=CARTESIAN_POINT('Ctrl Pts',(2.44746240316956,12.31,-57.2402799099355));
#5296=CARTESIAN_POINT('Ctrl Pts',(2.62945999381749,12.31,-57.9422649388867));
#5297=CARTESIAN_POINT('Ctrl Pts',(2.3219696792217,12.5466666666667,-56.2482802001063));
#5298=CARTESIAN_POINT('Ctrl Pts',(2.38839235095262,12.5466666666667,-56.8185551744711));
#5299=CARTESIAN_POINT('Ctrl Pts',(2.44746240316956,12.5466666666667,-57.2402799099355));
#5300=CARTESIAN_POINT('Ctrl Pts',(2.62945999381749,12.5466666666667,-57.9422649388867));
#5301=CARTESIAN_POINT('Ctrl Pts',(2.3219696792217,12.7833333333333,-56.2482802001063));
#5302=CARTESIAN_POINT('Ctrl Pts',(2.38839235095262,12.7833333333333,-56.8185551744711));
#5303=CARTESIAN_POINT('Ctrl Pts',(2.44746240316956,12.7833333333333,-57.2402799099355));
#5304=CARTESIAN_POINT('Ctrl Pts',(2.62945999381749,12.7833333333333,-57.9422649388867));
#5305=CARTESIAN_POINT('Ctrl Pts',(2.3219696792217,13.02,-56.2482802001063));
#5306=CARTESIAN_POINT('Ctrl Pts',(2.38839235095262,13.02,-56.8185551744711));
#5307=CARTESIAN_POINT('Ctrl Pts',(2.44746240316956,13.02,-57.2402799099355));
#5308=CARTESIAN_POINT('Ctrl Pts',(2.62945999381749,13.02,-57.9422649388867));
#5309=CARTESIAN_POINT('',(2.3219696792217,12.31,-56.2482802001063));
#5310=CARTESIAN_POINT('Ctrl Pts',(2.3219696792217,12.31,-56.2482802001063));
#5311=CARTESIAN_POINT('Ctrl Pts',(2.38839235095262,12.31,-56.8185551744711));
#5312=CARTESIAN_POINT('Ctrl Pts',(2.44746240316956,12.31,-57.2402799099355));
#5313=CARTESIAN_POINT('Ctrl Pts',(2.62945999381749,12.31,-57.9422649388867));
#5314=CARTESIAN_POINT('',(2.3219696792217,13.02,-56.2482802001063));
#5315=CARTESIAN_POINT('Ctrl Pts',(2.3219696792217,13.02,-56.2482802001063));
#5316=CARTESIAN_POINT('Ctrl Pts',(2.3219696792217,12.7833333333333,-56.2482802001063));
#5317=CARTESIAN_POINT('Ctrl Pts',(2.3219696792217,12.5466666666667,-56.2482802001063));
#5318=CARTESIAN_POINT('Ctrl Pts',(2.3219696792217,12.31,-56.2482802001063));
#5319=CARTESIAN_POINT('Ctrl Pts',(2.3219696792217,13.02,-56.2482802001063));
#5320=CARTESIAN_POINT('Ctrl Pts',(2.38839235095262,13.02,-56.8185551744711));
#5321=CARTESIAN_POINT('Ctrl Pts',(2.44746240316956,13.02,-57.2402799099355));
#5322=CARTESIAN_POINT('Ctrl Pts',(2.62945999381749,13.02,-57.9422649388867));
#5323=CARTESIAN_POINT('Ctrl Pts',(14.9128787120584,13.02,-66.485803550123));
#5324=CARTESIAN_POINT('Ctrl Pts',(14.9154333736958,13.02,-66.4858671462492));
#5325=CARTESIAN_POINT('Ctrl Pts',(14.9179880353333,13.02,-66.4859307423755));
#5326=CARTESIAN_POINT('Ctrl Pts',(14.9205426969707,13.02,-66.4859943385017));
#5327=CARTESIAN_POINT('Ctrl Pts',(14.9128787120584,13.1166666666667,-66.485803550123));
#5328=CARTESIAN_POINT('Ctrl Pts',(14.9154333736958,13.1166666666667,-66.4858671462492));
#5329=CARTESIAN_POINT('Ctrl Pts',(14.9179880353333,13.1166666666667,-66.4859307423755));
#5330=CARTESIAN_POINT('Ctrl Pts',(14.9205426969707,13.1166666666667,-66.4859943385017));
#5331=CARTESIAN_POINT('Ctrl Pts',(14.9128787120584,13.2133333333333,-66.485803550123));
#5332=CARTESIAN_POINT('Ctrl Pts',(14.9154333736958,13.2133333333333,-66.4858671462492));
#5333=CARTESIAN_POINT('Ctrl Pts',(14.9179880353333,13.2133333333333,-66.4859307423755));
#5334=CARTESIAN_POINT('Ctrl Pts',(14.9205426969707,13.2133333333333,-66.4859943385017));
#5335=CARTESIAN_POINT('Ctrl Pts',(14.9128787120584,13.31,-66.485803550123));
#5336=CARTESIAN_POINT('Ctrl Pts',(14.9154333736958,13.31,-66.4858671462492));
#5337=CARTESIAN_POINT('Ctrl Pts',(14.9179880353333,13.31,-66.4859307423755));
#5338=CARTESIAN_POINT('Ctrl Pts',(14.9205426969707,13.31,-66.4859943385017));
#5339=CARTESIAN_POINT('',(14.9128787120584,13.02,-66.485803550123));
#5340=CARTESIAN_POINT('Ctrl Pts',(14.9128787120584,13.31,-66.485803550123));
#5341=CARTESIAN_POINT('Ctrl Pts',(14.9128787120584,13.2133333333333,-66.485803550123));
#5342=CARTESIAN_POINT('Ctrl Pts',(14.9128787120584,13.1166666666667,-66.485803550123));
#5343=CARTESIAN_POINT('Ctrl Pts',(14.9128787120584,13.02,-66.485803550123));
#5344=CARTESIAN_POINT('',(14.9205426969707,13.02,-66.4859943385017));
#5345=CARTESIAN_POINT('Ctrl Pts',(14.9205426969707,13.02,-66.4859943385017));
#5346=CARTESIAN_POINT('Ctrl Pts',(14.9205426969707,13.0683333333333,-66.4859943385017));
#5347=CARTESIAN_POINT('Ctrl Pts',(14.9205426969707,13.1166666666667,-66.4859943385017));
#5348=CARTESIAN_POINT('Ctrl Pts',(14.9205426969707,13.2133333333333,-66.4859943385017));
#5349=CARTESIAN_POINT('Ctrl Pts',(14.9205426969707,13.2616666666667,-66.4859943385017));
#5350=CARTESIAN_POINT('Ctrl Pts',(14.9205426969707,13.31,-66.4859943385017));
#5351=CARTESIAN_POINT('Ctrl Pts',(14.9128787120584,13.02,-66.485803550123));
#5352=CARTESIAN_POINT('Ctrl Pts',(14.9154333736958,13.02,-66.4858671462492));
#5353=CARTESIAN_POINT('Ctrl Pts',(14.9179880353333,13.02,-66.4859307423755));
#5354=CARTESIAN_POINT('Ctrl Pts',(14.9205426969707,13.02,-66.4859943385017));
#5355=CARTESIAN_POINT('Ctrl Pts',(12.2816023390796,13.02,-66.3423794984586));
#5356=CARTESIAN_POINT('Ctrl Pts',(13.0972854740041,13.02,-66.4195682312097));
#5357=CARTESIAN_POINT('Ctrl Pts',(13.9689500874097,13.02,-66.4622690918792));
#5358=CARTESIAN_POINT('Ctrl Pts',(14.9128787120584,13.02,-66.485803550123));
#5359=CARTESIAN_POINT('Ctrl Pts',(12.2816023390796,13.1166666666667,-66.3423794984586));
#5360=CARTESIAN_POINT('Ctrl Pts',(13.0972854740041,13.1166666666667,-66.4195682312097));
#5361=CARTESIAN_POINT('Ctrl Pts',(13.9689500874097,13.1166666666667,-66.4622690918792));
#5362=CARTESIAN_POINT('Ctrl Pts',(14.9128787120584,13.1166666666667,-66.485803550123));
#5363=CARTESIAN_POINT('Ctrl Pts',(12.2816023390796,13.2133333333333,-66.3423794984586));
#5364=CARTESIAN_POINT('Ctrl Pts',(13.0972854740041,13.2133333333333,-66.4195682312097));
#5365=CARTESIAN_POINT('Ctrl Pts',(13.9689500874097,13.2133333333333,-66.4622690918792));
#5366=CARTESIAN_POINT('Ctrl Pts',(14.9128787120584,13.2133333333333,-66.485803550123));
#5367=CARTESIAN_POINT('Ctrl Pts',(12.2816023390796,13.31,-66.3423794984586));
#5368=CARTESIAN_POINT('Ctrl Pts',(13.0972854740041,13.31,-66.4195682312097));
#5369=CARTESIAN_POINT('Ctrl Pts',(13.9689500874097,13.31,-66.4622690918792));
#5370=CARTESIAN_POINT('Ctrl Pts',(14.9128787120584,13.31,-66.485803550123));
#5371=CARTESIAN_POINT('',(12.2816023390796,13.02,-66.3423794984586));
#5372=CARTESIAN_POINT('Ctrl Pts',(12.2816023390796,13.02,-66.3423794984586));
#5373=CARTESIAN_POINT('Ctrl Pts',(13.0972854740041,13.02,-66.4195682312097));
#5374=CARTESIAN_POINT('Ctrl Pts',(13.9689500874097,13.02,-66.4622690918792));
#5375=CARTESIAN_POINT('Ctrl Pts',(14.9128787120584,13.02,-66.485803550123));
#5376=CARTESIAN_POINT('Ctrl Pts',(12.2816023390796,13.31,-66.3423794984586));
#5377=CARTESIAN_POINT('Ctrl Pts',(12.2816023390796,13.2133333333333,-66.3423794984586));
#5378=CARTESIAN_POINT('Ctrl Pts',(12.2816023390796,13.1166666666667,-66.3423794984586));
#5379=CARTESIAN_POINT('Ctrl Pts',(12.2816023390796,13.02,-66.3423794984586));
#5380=CARTESIAN_POINT('Ctrl Pts',(6.82076518898823,13.02,-64.7877938580131));
#5381=CARTESIAN_POINT('Ctrl Pts',(8.38838954453059,13.02,-65.6954632806082));
#5382=CARTESIAN_POINT('Ctrl Pts',(10.165984361127,13.02,-66.1421699433271));
#5383=CARTESIAN_POINT('Ctrl Pts',(12.2816023390796,13.02,-66.3423794984586));
#5384=CARTESIAN_POINT('Ctrl Pts',(6.82076518898823,13.1166666666667,-64.7877938580131));
#5385=CARTESIAN_POINT('Ctrl Pts',(8.38838954453058,13.1166666666667,-65.6954632806082));
#5386=CARTESIAN_POINT('Ctrl Pts',(10.165984361127,13.1166666666667,-66.1421699433271));
#5387=CARTESIAN_POINT('Ctrl Pts',(12.2816023390796,13.1166666666667,-66.3423794984586));
#5388=CARTESIAN_POINT('Ctrl Pts',(6.82076518898823,13.2133333333333,-64.7877938580131));
#5389=CARTESIAN_POINT('Ctrl Pts',(8.38838954453059,13.2133333333333,-65.6954632806082));
#5390=CARTESIAN_POINT('Ctrl Pts',(10.165984361127,13.2133333333333,-66.1421699433271));
#5391=CARTESIAN_POINT('Ctrl Pts',(12.2816023390796,13.2133333333333,-66.3423794984586));
#5392=CARTESIAN_POINT('Ctrl Pts',(6.82076518898823,13.31,-64.7877938580131));
#5393=CARTESIAN_POINT('Ctrl Pts',(8.38838954453059,13.31,-65.6954632806082));
#5394=CARTESIAN_POINT('Ctrl Pts',(10.165984361127,13.31,-66.1421699433271));
#5395=CARTESIAN_POINT('Ctrl Pts',(12.2816023390796,13.31,-66.3423794984586));
#5396=CARTESIAN_POINT('',(6.82076518898823,13.02,-64.7877938580131));
#5397=CARTESIAN_POINT('Ctrl Pts',(6.82076518898823,13.02,-64.7877938580131));
#5398=CARTESIAN_POINT('Ctrl Pts',(8.38838954453059,13.02,-65.6954632806082));
#5399=CARTESIAN_POINT('Ctrl Pts',(10.165984361127,13.02,-66.1421699433271));
#5400=CARTESIAN_POINT('Ctrl Pts',(12.2816023390796,13.02,-66.3423794984586));
#5401=CARTESIAN_POINT('Ctrl Pts',(6.82076518898823,13.31,-64.7877938580131));
#5402=CARTESIAN_POINT('Ctrl Pts',(6.82076518898823,13.2133333333333,-64.7877938580131));
#5403=CARTESIAN_POINT('Ctrl Pts',(6.82076518898823,13.1166666666667,-64.7877938580131));
#5404=CARTESIAN_POINT('Ctrl Pts',(6.82076518898823,13.02,-64.7877938580131));
#5405=CARTESIAN_POINT('Ctrl Pts',(4.65128416727962,13.02,-63.0671990874041));
#5406=CARTESIAN_POINT('Ctrl Pts',(5.26460523850553,13.02,-63.7165734546676));
#5407=CARTESIAN_POINT('Ctrl Pts',(6.01719400234069,13.02,-64.3224843845093));
#5408=CARTESIAN_POINT('Ctrl Pts',(6.82076518898823,13.02,-64.7877938580131));
#5409=CARTESIAN_POINT('Ctrl Pts',(4.65128416727962,13.1166666666667,-63.0671990874041));
#5410=CARTESIAN_POINT('Ctrl Pts',(5.26460523850553,13.1166666666667,-63.7165734546676));
#5411=CARTESIAN_POINT('Ctrl Pts',(6.01719400234069,13.1166666666667,-64.3224843845093));
#5412=CARTESIAN_POINT('Ctrl Pts',(6.82076518898823,13.1166666666667,-64.7877938580131));
#5413=CARTESIAN_POINT('Ctrl Pts',(4.65128416727962,13.2133333333333,-63.0671990874041));
#5414=CARTESIAN_POINT('Ctrl Pts',(5.26460523850553,13.2133333333333,-63.7165734546676));
#5415=CARTESIAN_POINT('Ctrl Pts',(6.01719400234069,13.2133333333333,-64.3224843845093));
#5416=CARTESIAN_POINT('Ctrl Pts',(6.82076518898823,13.2133333333333,-64.7877938580131));
#5417=CARTESIAN_POINT('Ctrl Pts',(4.65128416727962,13.31,-63.0671990874041));
#5418=CARTESIAN_POINT('Ctrl Pts',(5.26460523850553,13.31,-63.7165734546676));
#5419=CARTESIAN_POINT('Ctrl Pts',(6.01719400234069,13.31,-64.3224843845093));
#5420=CARTESIAN_POINT('Ctrl Pts',(6.82076518898823,13.31,-64.7877938580131));
#5421=CARTESIAN_POINT('',(4.65128416727962,13.02,-63.0671990874041));
#5422=CARTESIAN_POINT('Ctrl Pts',(4.65128416727962,13.02,-63.0671990874041));
#5423=CARTESIAN_POINT('Ctrl Pts',(5.26460523850553,13.02,-63.7165734546676));
#5424=CARTESIAN_POINT('Ctrl Pts',(6.01719400234069,13.02,-64.3224843845093));
#5425=CARTESIAN_POINT('Ctrl Pts',(6.82076518898823,13.02,-64.7877938580131));
#5426=CARTESIAN_POINT('Ctrl Pts',(4.65128416727962,13.31,-63.0671990874041));
#5427=CARTESIAN_POINT('Ctrl Pts',(4.65128416727962,13.2133333333333,-63.0671990874041));
#5428=CARTESIAN_POINT('Ctrl Pts',(4.65128416727962,13.1166666666667,-63.0671990874041));
#5429=CARTESIAN_POINT('Ctrl Pts',(4.65128416727962,13.02,-63.0671990874041));
#5430=CARTESIAN_POINT('Ctrl Pts',(2.95595923736715,13.02,-60.7067324589213));
#5431=CARTESIAN_POINT('Ctrl Pts',(3.35244958312466,13.02,-61.4382624249095));
#5432=CARTESIAN_POINT('Ctrl Pts',(3.89708070832617,13.02,-62.2687167804866));
#5433=CARTESIAN_POINT('Ctrl Pts',(4.65128416727962,13.02,-63.0671990874041));
#5434=CARTESIAN_POINT('Ctrl Pts',(2.95595923736715,13.1166666666667,-60.7067324589213));
#5435=CARTESIAN_POINT('Ctrl Pts',(3.35244958312466,13.1166666666667,-61.4382624249095));
#5436=CARTESIAN_POINT('Ctrl Pts',(3.89708070832617,13.1166666666667,-62.2687167804866));
#5437=CARTESIAN_POINT('Ctrl Pts',(4.65128416727962,13.1166666666667,-63.0671990874041));
#5438=CARTESIAN_POINT('Ctrl Pts',(2.95595923736715,13.2133333333333,-60.7067324589213));
#5439=CARTESIAN_POINT('Ctrl Pts',(3.35244958312466,13.2133333333333,-61.4382624249095));
#5440=CARTESIAN_POINT('Ctrl Pts',(3.89708070832617,13.2133333333333,-62.2687167804866));
#5441=CARTESIAN_POINT('Ctrl Pts',(4.65128416727962,13.2133333333333,-63.0671990874041));
#5442=CARTESIAN_POINT('Ctrl Pts',(2.95595923736715,13.31,-60.7067324589213));
#5443=CARTESIAN_POINT('Ctrl Pts',(3.35244958312466,13.31,-61.4382624249095));
#5444=CARTESIAN_POINT('Ctrl Pts',(3.89708070832617,13.31,-62.2687167804866));
#5445=CARTESIAN_POINT('Ctrl Pts',(4.65128416727962,13.31,-63.0671990874041));
#5446=CARTESIAN_POINT('',(2.95595923736715,13.02,-60.7067324589213));
#5447=CARTESIAN_POINT('Ctrl Pts',(2.95595923736715,13.02,-60.7067324589213));
#5448=CARTESIAN_POINT('Ctrl Pts',(3.35244958312466,13.02,-61.4382624249095));
#5449=CARTESIAN_POINT('Ctrl Pts',(3.89708070832617,13.02,-62.2687167804866));
#5450=CARTESIAN_POINT('Ctrl Pts',(4.65128416727962,13.02,-63.0671990874041));
#5451=CARTESIAN_POINT('Ctrl Pts',(2.95595923736715,13.31,-60.7067324589213));
#5452=CARTESIAN_POINT('Ctrl Pts',(2.95595923736715,13.2133333333333,-60.7067324589213));
#5453=CARTESIAN_POINT('Ctrl Pts',(2.95595923736715,13.1166666666667,-60.7067324589213));
#5454=CARTESIAN_POINT('Ctrl Pts',(2.95595923736715,13.02,-60.7067324589213));
#5455=CARTESIAN_POINT('Ctrl Pts',(1.93146245828549,13.02,-58.1188329950843));
#5456=CARTESIAN_POINT('Ctrl Pts',(2.1165568037047,13.02,-58.8337452569559));
#5457=CARTESIAN_POINT('Ctrl Pts',(2.42591203567792,13.02,-59.728771069994));
#5458=CARTESIAN_POINT('Ctrl Pts',(2.95595923736715,13.02,-60.7067324589213));
#5459=CARTESIAN_POINT('Ctrl Pts',(1.93146245828549,13.1166666666667,-58.1188329950843));
#5460=CARTESIAN_POINT('Ctrl Pts',(2.1165568037047,13.1166666666667,-58.8337452569559));
#5461=CARTESIAN_POINT('Ctrl Pts',(2.42591203567792,13.1166666666667,-59.728771069994));
#5462=CARTESIAN_POINT('Ctrl Pts',(2.95595923736715,13.1166666666667,-60.7067324589213));
#5463=CARTESIAN_POINT('Ctrl Pts',(1.93146245828549,13.2133333333333,-58.1188329950843));
#5464=CARTESIAN_POINT('Ctrl Pts',(2.1165568037047,13.2133333333333,-58.8337452569559));
#5465=CARTESIAN_POINT('Ctrl Pts',(2.42591203567792,13.2133333333333,-59.728771069994));
#5466=CARTESIAN_POINT('Ctrl Pts',(2.95595923736715,13.2133333333333,-60.7067324589213));
#5467=CARTESIAN_POINT('Ctrl Pts',(1.93146245828549,13.31,-58.1188329950843));
#5468=CARTESIAN_POINT('Ctrl Pts',(2.1165568037047,13.31,-58.8337452569559));
#5469=CARTESIAN_POINT('Ctrl Pts',(2.42591203567792,13.31,-59.728771069994));
#5470=CARTESIAN_POINT('Ctrl Pts',(2.95595923736715,13.31,-60.7067324589213));
#5471=CARTESIAN_POINT('',(1.93146245828549,13.02,-58.1188329950843));
#5472=CARTESIAN_POINT('Ctrl Pts',(1.93146245828549,13.02,-58.1188329950843));
#5473=CARTESIAN_POINT('Ctrl Pts',(2.1165568037047,13.02,-58.8337452569559));
#5474=CARTESIAN_POINT('Ctrl Pts',(2.42591203567792,13.02,-59.728771069994));
#5475=CARTESIAN_POINT('Ctrl Pts',(2.95595923736715,13.02,-60.7067324589213));
#5476=CARTESIAN_POINT('Ctrl Pts',(1.93146245828549,13.31,-58.1188329950843));
#5477=CARTESIAN_POINT('Ctrl Pts',(1.93146245828549,13.2133333333333,-58.1188329950843));
#5478=CARTESIAN_POINT('Ctrl Pts',(1.93146245828549,13.1166666666667,-58.1188329950843));
#5479=CARTESIAN_POINT('Ctrl Pts',(1.93146245828549,13.02,-58.1188329950843));
#5480=CARTESIAN_POINT('Ctrl Pts',(1.60634640696504,13.02,-56.327401437981));
#5481=CARTESIAN_POINT('Ctrl Pts',(1.6737459524849,13.02,-56.9065118860593));
#5482=CARTESIAN_POINT('Ctrl Pts',(1.74132922185547,13.02,-57.3846866520871));
#5483=CARTESIAN_POINT('Ctrl Pts',(1.93146245828549,13.02,-58.1188329950843));
#5484=CARTESIAN_POINT('Ctrl Pts',(1.60634640696504,13.1166666666667,-56.327401437981));
#5485=CARTESIAN_POINT('Ctrl Pts',(1.6737459524849,13.1166666666667,-56.9065118860593));
#5486=CARTESIAN_POINT('Ctrl Pts',(1.74132922185547,13.1166666666667,-57.3846866520871));
#5487=CARTESIAN_POINT('Ctrl Pts',(1.93146245828549,13.1166666666667,-58.1188329950843));
#5488=CARTESIAN_POINT('Ctrl Pts',(1.60634640696504,13.2133333333333,-56.327401437981));
#5489=CARTESIAN_POINT('Ctrl Pts',(1.6737459524849,13.2133333333333,-56.9065118860593));
#5490=CARTESIAN_POINT('Ctrl Pts',(1.74132922185547,13.2133333333333,-57.3846866520871));
#5491=CARTESIAN_POINT('Ctrl Pts',(1.93146245828549,13.2133333333333,-58.1188329950843));
#5492=CARTESIAN_POINT('Ctrl Pts',(1.60634640696504,13.31,-56.327401437981));
#5493=CARTESIAN_POINT('Ctrl Pts',(1.6737459524849,13.31,-56.9065118860593));
#5494=CARTESIAN_POINT('Ctrl Pts',(1.74132922185547,13.31,-57.3846866520871));
#5495=CARTESIAN_POINT('Ctrl Pts',(1.93146245828549,13.31,-58.1188329950843));
#5496=CARTESIAN_POINT('',(1.60634640696504,13.02,-56.327401437981));
#5497=CARTESIAN_POINT('Ctrl Pts',(1.60634640696504,13.02,-56.327401437981));
#5498=CARTESIAN_POINT('Ctrl Pts',(1.6737459524849,13.02,-56.9065118860593));
#5499=CARTESIAN_POINT('Ctrl Pts',(1.74132922185547,13.02,-57.3846866520871));
#5500=CARTESIAN_POINT('Ctrl Pts',(1.93146245828549,13.02,-58.1188329950843));
#5501=CARTESIAN_POINT('Ctrl Pts',(1.60634640696504,13.31,-56.327401437981));
#5502=CARTESIAN_POINT('Ctrl Pts',(1.60634640696504,13.2133333333333,-56.327401437981));
#5503=CARTESIAN_POINT('Ctrl Pts',(1.60634640696504,13.1166666666667,-56.327401437981));
#5504=CARTESIAN_POINT('Ctrl Pts',(1.60634640696504,13.02,-56.327401437981));
#5505=CARTESIAN_POINT('Ctrl Pts',(70.6504079729893,13.31,-64.8498694740736));
#5506=CARTESIAN_POINT('Ctrl Pts',(70.7177596729847,13.31,-64.8120274928462));
#5507=CARTESIAN_POINT('Ctrl Pts',(70.7845101551414,13.31,-64.7734653445826));
#5508=CARTESIAN_POINT('Ctrl Pts',(70.850663848686,13.31,-64.7341829069067));
#5509=CARTESIAN_POINT('Ctrl Pts',(70.6504079729893,13.3681360701853,-64.8498694740736));
#5510=CARTESIAN_POINT('Ctrl Pts',(70.7177597160008,13.3681360701853,-64.8120274693467));
#5511=CARTESIAN_POINT('Ctrl Pts',(70.7845101124503,13.3681360701853,-64.7734653692504));
#5512=CARTESIAN_POINT('Ctrl Pts',(70.850663848686,13.3681360701853,-64.7341829069067));
#5513=CARTESIAN_POINT('Ctrl Pts',(70.6504321191055,13.4513193900804,-64.849913673789));
#5514=CARTESIAN_POINT('Ctrl Pts',(70.7177794416199,13.4513193900804,-64.8120740839607));
#5515=CARTESIAN_POINT('Ctrl Pts',(70.7845396975466,13.4513193900804,-64.7735064428981));
#5516=CARTESIAN_POINT('Ctrl Pts',(70.8506890466825,13.4513193900804,-64.7342265155153));
#5517=CARTESIAN_POINT('Ctrl Pts',(70.6498313357796,13.5434995665818,-64.8488139336572));
#5518=CARTESIAN_POINT('Ctrl Pts',(70.7171689996567,13.5434995665818,-64.8109796203011));
#5519=CARTESIAN_POINT('Ctrl Pts',(70.7839223278867,13.5434995665818,-64.7724158713834));
#5520=CARTESIAN_POINT('Ctrl Pts',(70.8500620913574,13.5434995665818,-64.733141482805));
#5521=CARTESIAN_POINT('Ctrl Pts',(70.6493921860907,13.5977251639034,-64.8480100655805));
#5522=CARTESIAN_POINT('Ctrl Pts',(70.7167235248325,13.5977251639034,-64.8101792076187));
#5523=CARTESIAN_POINT('Ctrl Pts',(70.7834703248131,13.5977251639034,-64.7716191266833));
#5524=CARTESIAN_POINT('Ctrl Pts',(70.8496038109356,13.5977251639034,-64.7323483652922));
#5525=CARTESIAN_POINT('Ctrl Pts',(70.6492208128346,13.6215045862169,-64.8476963650513));
#5526=CARTESIAN_POINT('Ctrl Pts',(70.7165490242077,13.6215045862169,-64.8098672155577));
#5527=CARTESIAN_POINT('Ctrl Pts',(70.7832945897435,13.6215045862169,-64.7713078280329));
#5528=CARTESIAN_POINT('Ctrl Pts',(70.8494249721249,13.6215045862169,-64.7320388600504));
#5529=CARTESIAN_POINT('Ctrl Pts',(70.6477699785544,13.7897711215002,-64.8450405977996));
#5530=CARTESIAN_POINT('Ctrl Pts',(70.7150769744391,13.7897711215002,-64.8072230382365));
#5531=CARTESIAN_POINT('Ctrl Pts',(70.7818016077911,13.7897711215002,-64.7686754116467));
#5532=CARTESIAN_POINT('Ctrl Pts',(70.8479109349694,13.7897711215002,-64.7294186098151));
#5533=CARTESIAN_POINT('Ctrl Pts',(70.6460982425523,14.055405137015,-64.8419804676464));
#5534=CARTESIAN_POINT('Ctrl Pts',(70.7133796859665,14.055405137015,-64.8041768672885));
#5535=CARTESIAN_POINT('Ctrl Pts',(70.7800824051631,14.055405137015,-64.7656415530548));
#5536=CARTESIAN_POINT('Ctrl Pts',(70.8461663729226,14.055405137015,-64.7263994044428));
#5537=CARTESIAN_POINT('Ctrl Pts',(70.6454592071094,14.1162975174096,-64.8408107066164));
#5538=CARTESIAN_POINT('Ctrl Pts',(70.7127316779701,14.1162975174096,-64.8030120079261));
#5539=CARTESIAN_POINT('Ctrl Pts',(70.7794244361041,14.1162975174096,-64.7644822905084));
#5540=CARTESIAN_POINT('Ctrl Pts',(70.8454994990988,14.1162975174096,-64.7252452872618));
#5541=CARTESIAN_POINT('Ctrl Pts',(70.6447666554431,14.1712451473423,-64.8395429835825));
#5542=CARTESIAN_POINT('Ctrl Pts',(70.7120287167751,14.1712451473423,-64.8017499715732));
#5543=CARTESIAN_POINT('Ctrl Pts',(70.7787120456065,14.1712451473423,-64.7632255520148));
#5544=CARTESIAN_POINT('Ctrl Pts',(70.8447767777176,14.1712451473423,-64.7239945181759));
#5545=CARTESIAN_POINT('Ctrl Pts',(70.6443665631253,14.1984478794231,-64.8388106104301));
#5546=CARTESIAN_POINT('Ctrl Pts',(70.711622920828,14.1984478794231,-64.8010207142891));
#5547=CARTESIAN_POINT('Ctrl Pts',(70.7783001845546,14.1984478794231,-64.7624997025051));
#5548=CARTESIAN_POINT('Ctrl Pts',(70.844359256128,14.1984478794231,-64.723271939447));
#5549=CARTESIAN_POINT('Ctrl Pts',(70.6437984918486,14.2317827303955,-64.8377707500451));
#5550=CARTESIAN_POINT('Ctrl Pts',(70.7110464664102,14.2317827303955,-64.7999854335781));
#5551=CARTESIAN_POINT('Ctrl Pts',(70.7777156861233,14.2317827303955,-64.7614689413739));
#5552=CARTESIAN_POINT('Ctrl Pts',(70.8437664378912,14.2317827303955,-64.722245985679));
#5553=CARTESIAN_POINT('Ctrl Pts',(70.6429893336258,14.2691955161663,-64.8362895774957));
#5554=CARTESIAN_POINT('Ctrl Pts',(70.7102254916129,14.2691955161663,-64.7985107163728));
#5555=CARTESIAN_POINT('Ctrl Pts',(70.7768830057386,14.2691955161663,-64.7600008010621));
#5556=CARTESIAN_POINT('Ctrl Pts',(70.8429220302074,14.2691955161663,-64.7207846216538));
#5557=CARTESIAN_POINT('Ctrl Pts',(70.6413542964963,14.3328794990845,-64.8332966250112));
#5558=CARTESIAN_POINT('Ctrl Pts',(70.7085666247505,14.3328794990845,-64.7955307819693));
#5559=CARTESIAN_POINT('Ctrl Pts',(70.7752003909788,14.3328794990845,-64.7570342096498));
#5560=CARTESIAN_POINT('Ctrl Pts',(70.8412157657509,14.3328794990845,-64.7178316955468));
#5561=CARTESIAN_POINT('Ctrl Pts',(70.6334325752589,14.5469459937668,-64.8187958318291));
#5562=CARTESIAN_POINT('Ctrl Pts',(70.7005285453278,14.5469459937668,-64.7810935547658));
#5563=CARTESIAN_POINT('Ctrl Pts',(70.7670490538941,14.5469459937668,-64.7426606171335));
#5564=CARTESIAN_POINT('Ctrl Pts',(70.8329489495799,14.5469459937668,-64.7035248293398));
#5565=CARTESIAN_POINT('Ctrl Pts',(70.6045403586346,14.8023402716081,-64.76590832856));
#5566=CARTESIAN_POINT('Ctrl Pts',(70.6712122442605,14.8023402716081,-64.7284377270123));
#5567=CARTESIAN_POINT('Ctrl Pts',(70.7373190824597,14.8023402716081,-64.6902372133371));
#5568=CARTESIAN_POINT('Ctrl Pts',(70.802798097707,14.8023402716081,-64.6513446193473));
#5569=CARTESIAN_POINT('Ctrl Pts',(70.5238598335297,15.0599948237197,-64.618221787553));
#5570=CARTESIAN_POINT('Ctrl Pts',(70.5893539206404,15.0599948237197,-64.581394612292));
#5571=CARTESIAN_POINT('Ctrl Pts',(70.6542927616611,15.0599948237197,-64.5438503488501));
#5572=CARTESIAN_POINT('Ctrl Pts',(70.7186028767904,15.0599948237197,-64.5056331705843));
#5573=CARTESIAN_POINT('Ctrl Pts',(70.475190229592,15.1595120279781,-64.5291315709437));
#5574=CARTESIAN_POINT('Ctrl Pts',(70.539973382312,15.1595120279781,-64.4926927760969));
#5575=CARTESIAN_POINT('Ctrl Pts',(70.6042085208797,15.1595120279781,-64.4555438943942));
#5576=CARTESIAN_POINT('Ctrl Pts',(70.6678130728057,15.1595120279781,-64.41773440578));
#5577=CARTESIAN_POINT('Ctrl Pts',(70.4284298647031,15.2423909658573,-64.4435362362866));
#5578=CARTESIAN_POINT('Ctrl Pts',(70.4925307520952,15.2423909658573,-64.4074701600676));
#5579=CARTESIAN_POINT('Ctrl Pts',(70.5560882391019,15.2423909658573,-64.3707020233863));
#5580=CARTESIAN_POINT('Ctrl Pts',(70.6190156802894,15.2423909658573,-64.3332837839752));
#5581=CARTESIAN_POINT('Ctrl Pts',(70.3872779618548,15.3061265495653,-64.368207249773));
#5582=CARTESIAN_POINT('Ctrl Pts',(70.4507801467349,15.3061265495653,-64.3324682421733));
#5583=CARTESIAN_POINT('Ctrl Pts',(70.5137378100087,15.3061265495653,-64.2960371226831));
#5584=CARTESIAN_POINT('Ctrl Pts',(70.5760710719474,15.3061265495653,-64.2589622128699));
#5585=CARTESIAN_POINT('Ctrl Pts',(70.2982983917869,15.4153473194928,-64.2053292205761));
#5586=CARTESIAN_POINT('Ctrl Pts',(70.3604998117967,15.4153473194928,-64.1703008152565));
#5587=CARTESIAN_POINT('Ctrl Pts',(70.4221729492435,15.4153473194928,-64.1345914182159));
#5588=CARTESIAN_POINT('Ctrl Pts',(70.4832152737334,15.4153473194928,-64.0982624399312));
#5589=CARTESIAN_POINT('Ctrl Pts',(70.1611785823352,15.5266207236992,-63.9543299820957));
#5590=CARTESIAN_POINT('Ctrl Pts',(70.2213920502096,15.5266207236992,-63.9203875865171));
#5591=CARTESIAN_POINT('Ctrl Pts',(70.2810527053114,15.5266207236992,-63.8858089254915));
#5592=CARTESIAN_POINT('Ctrl Pts',(70.3401220968627,15.5266207236992,-63.850619950453));
#5593=CARTESIAN_POINT('Ctrl Pts',(70.0343017190133,15.563238184053,-63.722080563125));
#5594=CARTESIAN_POINT('Ctrl Pts',(70.0926371022724,15.563238184053,-63.6891641571317));
#5595=CARTESIAN_POINT('Ctrl Pts',(70.1505125847946,15.563238184053,-63.655588504965));
#5596=CARTESIAN_POINT('Ctrl Pts',(70.2077180808661,15.563238184053,-63.6214765289752));
#5597=CARTESIAN_POINT('Ctrl Pts',(69.9723549474162,15.5716793150925,-63.6086863529131));
#5598=CARTESIAN_POINT('Ctrl Pts',(70.0298253388285,15.5716793150925,-63.5762424882626));
#5599=CARTESIAN_POINT('Ctrl Pts',(70.0867256749726,15.5716793150925,-63.5432147422142));
#5600=CARTESIAN_POINT('Ctrl Pts',(70.1430727143057,15.5716793150925,-63.5095988010614));
#5601=CARTESIAN_POINT('',(69.9723549474162,15.5716793150925,-63.6086863529131));
#5602=CARTESIAN_POINT('',(70.6504079729893,13.31,-64.8498694740736));
#5603=CARTESIAN_POINT('Ctrl Pts',(69.9723549474162,15.5716793150925,-63.6086863529131));
#5604=CARTESIAN_POINT('Ctrl Pts',(70.0343017190133,15.563238184053,-63.722080563125));
#5605=CARTESIAN_POINT('Ctrl Pts',(70.1611785823352,15.5266207236992,-63.9543299820957));
#5606=CARTESIAN_POINT('Ctrl Pts',(70.2982983917869,15.4153473194928,-64.2053292205761));
#5607=CARTESIAN_POINT('Ctrl Pts',(70.3872779618548,15.3061265495653,-64.368207249773));
#5608=CARTESIAN_POINT('Ctrl Pts',(70.4284298647031,15.2423909658573,-64.4435362362866));
#5609=CARTESIAN_POINT('Ctrl Pts',(70.475190229592,15.1595120279781,-64.5291315709437));
#5610=CARTESIAN_POINT('Ctrl Pts',(70.5238598335297,15.0599948237197,-64.618221787553));
#5611=CARTESIAN_POINT('Ctrl Pts',(70.6045403586346,14.8023402716081,-64.76590832856));
#5612=CARTESIAN_POINT('Ctrl Pts',(70.6334325752589,14.5469459937668,-64.8187958318291));
#5613=CARTESIAN_POINT('Ctrl Pts',(70.6413542964963,14.3328794990845,-64.8332966250112));
#5614=CARTESIAN_POINT('Ctrl Pts',(70.6429893336258,14.2691955161663,-64.8362895774957));
#5615=CARTESIAN_POINT('Ctrl Pts',(70.6437984918486,14.2317827303955,-64.8377707500451));
#5616=CARTESIAN_POINT('Ctrl Pts',(70.6443665631253,14.1984478794231,-64.8388106104301));
#5617=CARTESIAN_POINT('Ctrl Pts',(70.6447666554431,14.1712451473423,-64.8395429835825));
#5618=CARTESIAN_POINT('Ctrl Pts',(70.6454592071094,14.1162975174096,-64.8408107066164));
#5619=CARTESIAN_POINT('Ctrl Pts',(70.6460982425523,14.055405137015,-64.8419804676464));
#5620=CARTESIAN_POINT('Ctrl Pts',(70.6477699785544,13.7897711215002,-64.8450405977996));
#5621=CARTESIAN_POINT('Ctrl Pts',(70.6492208128346,13.6215045862169,-64.8476963650513));
#5622=CARTESIAN_POINT('Ctrl Pts',(70.6493921860907,13.5977251639034,-64.8480100655805));
#5623=CARTESIAN_POINT('Ctrl Pts',(70.6498313357796,13.5434995665818,-64.8488139336572));
#5624=CARTESIAN_POINT('Ctrl Pts',(70.6504321191055,13.4513193900804,-64.849913673789));
#5625=CARTESIAN_POINT('Ctrl Pts',(70.6504079729893,13.3681360701853,-64.8498694740736));
#5626=CARTESIAN_POINT('Ctrl Pts',(70.6504079729893,13.31,-64.8498694740736));
#5627=CARTESIAN_POINT('',(70.1430727143033,15.5716793150925,-63.5095988010572));
#5628=CARTESIAN_POINT('Ctrl Pts',(69.9723549474162,15.5716793150925,-63.6086863529131));
#5629=CARTESIAN_POINT('Ctrl Pts',(70.0298253388285,15.5716793150925,-63.5762424882626));
#5630=CARTESIAN_POINT('Ctrl Pts',(70.0867256749726,15.5716793150925,-63.5432147422142));
#5631=CARTESIAN_POINT('Ctrl Pts',(70.1430727143057,15.5716793150925,-63.5095988010614));
#5632=CARTESIAN_POINT('',(70.850663848686,13.31,-64.7341829069067));
#5633=CARTESIAN_POINT('Ctrl Pts',(70.850663848686,13.31,-64.7341829069067));
#5634=CARTESIAN_POINT('Ctrl Pts',(70.850663848686,13.3681360701853,-64.7341829069067));
#5635=CARTESIAN_POINT('Ctrl Pts',(70.8506806473503,13.423591616782,-64.7342119793124));
#5636=CARTESIAN_POINT('Ctrl Pts',(70.8504474067813,13.4771930566958,-64.7338083243199));
#5637=CARTESIAN_POINT('Ctrl Pts',(70.8503307864967,13.5039937766526,-64.7336064968237));
#5638=CARTESIAN_POINT('Ctrl Pts',(70.8501516564038,13.5303309699387,-64.7332964874779));
#5639=CARTESIAN_POINT('Ctrl Pts',(70.849917363355,13.5597674047757,-64.7328910110244));
#5640=CARTESIAN_POINT('Ctrl Pts',(70.8498002168307,13.5744856221942,-64.7326882727977));
#5641=CARTESIAN_POINT('Ctrl Pts',(70.8496692795673,13.5899786500003,-64.732461667794));
#5642=CARTESIAN_POINT('Ctrl Pts',(70.8495660208759,13.6030694667069,-64.7322829643789));
#5643=CARTESIAN_POINT('Ctrl Pts',(70.8495143915302,13.6096148750602,-64.7321936126713));
#5644=CARTESIAN_POINT('Ctrl Pts',(70.8494696818276,13.6155597306385,-64.7321162363608));
#5645=CARTESIAN_POINT('Ctrl Pts',(70.8492580723318,13.6395654753381,-64.7317500169262));
#5646=CARTESIAN_POINT('Ctrl Pts',(70.849046462836,13.6635712200377,-64.7313837974916));
#5647=CARTESIAN_POINT('Ctrl Pts',(70.8486679535471,13.7056378538585,-64.7307287349327));
#5648=CARTESIAN_POINT('Ctrl Pts',(70.8482931886144,13.7523232599507,-64.730080152499));
#5649=CARTESIAN_POINT('Ctrl Pts',(70.847543658749,13.8456940721349,-64.7287829876315));
#5650=CARTESIAN_POINT('Ctrl Pts',(70.8468091063083,13.9575399734043,-64.7275117432642));
#5651=CARTESIAN_POINT('Ctrl Pts',(70.8462884821495,14.0259726954352,-64.7266107313112));
#5652=CARTESIAN_POINT('Ctrl Pts',(70.8458329360107,14.0858513272123,-64.7258223458523));
#5653=CARTESIAN_POINT('Ctrl Pts',(70.8455411787128,14.1124917436349,-64.7253174195856));
#5654=CARTESIAN_POINT('Ctrl Pts',(70.8450128569994,14.1532167105031,-64.7244030859521));
#5655=CARTESIAN_POINT('Ctrl Pts',(70.8449373824689,14.1590345629128,-64.7242724668616));
#5656=CARTESIAN_POINT('Ctrl Pts',(70.8448570800933,14.1651398551276,-64.7241334925187));
#5657=CARTESIAN_POINT('Ctrl Pts',(70.8447751767465,14.170912774443,-64.7239917474744));
#5658=CARTESIAN_POINT('Ctrl Pts',(70.8446932733997,14.1766856937585,-64.7238500024301));
#5659=CARTESIAN_POINT('Ctrl Pts',(70.8446097690817,14.1821262401746,-64.7237054866843));
#5660=CARTESIAN_POINT('Ctrl Pts',(70.8445224400834,14.1875956021106,-64.7235543518013));
#5661=CARTESIAN_POINT('Ctrl Pts',(70.8442604530885,14.2040036879185,-64.7231009471523));
#5662=CARTESIAN_POINT('Ctrl Pts',(70.8439640439701,14.2206711134047,-64.7225879702684));
#5663=CARTESIAN_POINT('Ctrl Pts',(70.8436283469184,14.236958514226,-64.722007000194));
#5664=CARTESIAN_POINT('Ctrl Pts',(70.8434045488839,14.2478167814401,-64.7216196868111));
#5665=CARTESIAN_POINT('Ctrl Pts',(70.8431632895457,14.2585061488032,-64.7212021542325));
#5666=CARTESIAN_POINT('Ctrl Pts',(70.8429004711718,14.2691578310612,-64.7207473107676));
#5667=CARTESIAN_POINT('Ctrl Pts',(70.842637652798,14.2798095133193,-64.7202924673027));
#5668=CARTESIAN_POINT('Ctrl Pts',(70.8423532753886,14.2904235104723,-64.7198003129515));
#5669=CARTESIAN_POINT('Ctrl Pts',(70.8420470418785,14.3009534367156,-64.7192703336019));
#5670=CARTESIAN_POINT('Ctrl Pts',(70.840822107838,14.3430731416884,-64.7171504162036));
#5671=CARTESIAN_POINT('Ctrl Pts',(70.8392474761864,14.3838477121041,-64.7144252988308));
#5672=CARTESIAN_POINT('Ctrl Pts',(70.8371263179544,14.4237643478035,-64.71075434179));
#5673=CARTESIAN_POINT('Ctrl Pts',(70.8286416850266,14.5834308906013,-64.6960705136266));
#5674=CARTESIAN_POINT('Ctrl Pts',(70.8114126268136,14.7293704779392,-64.6662532507737));
#5675=CARTESIAN_POINT('Ctrl Pts',(70.7776045337704,14.8639018577557,-64.6077436802351));
#5676=CARTESIAN_POINT('Ctrl Pts',(70.7607004872487,14.9311675476639,-64.5784888949658));
#5677=CARTESIAN_POINT('Ctrl Pts',(70.7396516820196,14.9955811856918,-64.542061032775));
#5678=CARTESIAN_POINT('Ctrl Pts',(70.7164298284088,15.0526673057704,-64.5018724104786));
#5679=CARTESIAN_POINT('Ctrl Pts',(70.693207974798,15.1097534258489,-64.4616837881821));
#5680=CARTESIAN_POINT('Ctrl Pts',(70.6678130728057,15.1595120279781,-64.41773440578));
#5681=CARTESIAN_POINT('Ctrl Pts',(70.641405719948,15.204363058826,-64.3720328374368));
#5682=CARTESIAN_POINT('Ctrl Pts',(70.6190156802894,15.2423909658573,-64.3332837839752));
#5683=CARTESIAN_POINT('Ctrl Pts',(70.5975433761184,15.2742587577113,-64.2961229984225));
#5684=CARTESIAN_POINT('Ctrl Pts',(70.5735421100023,15.3057956207708,-64.2545854952264));
#5685=CARTESIAN_POINT('Ctrl Pts',(70.5495408438862,15.3373324838303,-64.2130479920303));
#5686=CARTESIAN_POINT('Ctrl Pts',(70.5230106158251,15.3685384180953,-64.1671337711906));
#5687=CARTESIAN_POINT('Ctrl Pts',(70.4927831613013,15.3983893190749,-64.114820989739));
#5688=CARTESIAN_POINT('Ctrl Pts',(70.4474419795157,15.4431656705444,-64.0363518175616));
#5689=CARTESIAN_POINT('Ctrl Pts',(70.3937820381892,15.4848931971218,-63.9434858840073));
#5690=CARTESIAN_POINT('Ctrl Pts',(70.3338510635268,15.5149113254989,-63.8397670618607));
#5691=CARTESIAN_POINT('Ctrl Pts',(70.2739200888644,15.5449294538761,-63.7360482397141));
#5692=CARTESIAN_POINT('Ctrl Pts',(70.2077180808661,15.563238184053,-63.6214765289752));
#5693=CARTESIAN_POINT('Ctrl Pts',(70.1430727143057,15.5716793150925,-63.5095988010614));
#5694=CARTESIAN_POINT('Ctrl Pts',(70.6504079729893,13.31,-64.8498694740736));
#5695=CARTESIAN_POINT('Ctrl Pts',(70.7177596729847,13.31,-64.8120274928462));
#5696=CARTESIAN_POINT('Ctrl Pts',(70.7845101551414,13.31,-64.7734653445826));
#5697=CARTESIAN_POINT('Ctrl Pts',(70.850663848686,13.31,-64.7341829069067));
#5698=CARTESIAN_POINT('Ctrl Pts',(69.8257527863274,14.5716793150925,-63.3403295710592));
#5699=CARTESIAN_POINT('Ctrl Pts',(69.8810867353996,14.5716793150925,-63.309052835713));
#5700=CARTESIAN_POINT('Ctrl Pts',(69.9358573668775,14.5716793150925,-63.2772216853503));
#5701=CARTESIAN_POINT('Ctrl Pts',(69.990084104927,14.5716793150925,-63.2448309000551));
#5702=CARTESIAN_POINT('Ctrl Pts',(69.8257527863274,13.8177862100617,-63.3403295710592));
#5703=CARTESIAN_POINT('Ctrl Pts',(69.8810867353996,13.8177862100617,-63.309052835713));
#5704=CARTESIAN_POINT('Ctrl Pts',(69.9358573668775,13.8177862100617,-63.2772216853503));
#5705=CARTESIAN_POINT('Ctrl Pts',(69.990084104927,13.8177862100617,-63.2448309000551));
#5706=CARTESIAN_POINT('Ctrl Pts',(69.8257527863274,13.0638931050308,-63.3403295710592));
#5707=CARTESIAN_POINT('Ctrl Pts',(69.8810867353996,13.0638931050308,-63.309052835713));
#5708=CARTESIAN_POINT('Ctrl Pts',(69.9358573668775,13.0638931050308,-63.2772216853503));
#5709=CARTESIAN_POINT('Ctrl Pts',(69.990084104927,13.0638931050308,-63.2448309000551));
#5710=CARTESIAN_POINT('Ctrl Pts',(69.8257527863274,12.31,-63.3403295710592));
#5711=CARTESIAN_POINT('Ctrl Pts',(69.8810867353996,12.31,-63.309052835713));
#5712=CARTESIAN_POINT('Ctrl Pts',(69.9358573668775,12.31,-63.2772216853503));
#5713=CARTESIAN_POINT('Ctrl Pts',(69.990084104927,12.31,-63.2448309000551));
#5714=CARTESIAN_POINT('',(69.8257527863274,12.31,-63.3403295710592));
#5715=CARTESIAN_POINT('Ctrl Pts',(69.8257527863274,12.31,-63.3403295710592));
#5716=CARTESIAN_POINT('Ctrl Pts',(69.8257527863274,13.0638931050308,-63.3403295710592));
#5717=CARTESIAN_POINT('Ctrl Pts',(69.8257527863274,13.8177862100617,-63.3403295710592));
#5718=CARTESIAN_POINT('Ctrl Pts',(69.8257527863274,14.5716793150925,-63.3403295710592));
#5719=CARTESIAN_POINT('',(69.9900841049215,12.31,-63.2448309000456));
#5720=CARTESIAN_POINT('Ctrl Pts',(69.8257527863274,12.31,-63.3403295710592));
#5721=CARTESIAN_POINT('Ctrl Pts',(69.8810867353996,12.31,-63.309052835713));
#5722=CARTESIAN_POINT('Ctrl Pts',(69.9358573668775,12.31,-63.2772216853503));
#5723=CARTESIAN_POINT('Ctrl Pts',(69.990084104927,12.31,-63.2448309000551));
#5724=CARTESIAN_POINT('',(69.990084104927,13.7858396575463,-63.2448309000552));
#5725=CARTESIAN_POINT('Ctrl Pts',(70.30521162564,12.31,-64.2179839671044));
#5726=CARTESIAN_POINT('Ctrl Pts',(70.367532757964,12.31,-64.18289016346));
#5727=CARTESIAN_POINT('Ctrl Pts',(70.4292685372934,12.31,-64.1471455757077));
#5728=CARTESIAN_POINT('Ctrl Pts',(70.4904296696579,12.31,-64.110747947668));
#5729=CARTESIAN_POINT('Ctrl Pts',(70.30521162564,12.5466666666667,-64.2179839671044));
#5730=CARTESIAN_POINT('Ctrl Pts',(70.367532757964,12.5466666666667,-64.18289016346));
#5731=CARTESIAN_POINT('Ctrl Pts',(70.4292685372934,12.5466666666667,-64.1471455757077));
#5732=CARTESIAN_POINT('Ctrl Pts',(70.4904296696579,12.5466666666667,-64.110747947668));
#5733=CARTESIAN_POINT('Ctrl Pts',(70.30521162564,12.7833333333333,-64.2179839671044));
#5734=CARTESIAN_POINT('Ctrl Pts',(70.367532757964,12.7833333333333,-64.18289016346));
#5735=CARTESIAN_POINT('Ctrl Pts',(70.4292685372934,12.7833333333333,-64.1471455757077));
#5736=CARTESIAN_POINT('Ctrl Pts',(70.4904296696579,12.7833333333333,-64.110747947668));
#5737=CARTESIAN_POINT('Ctrl Pts',(70.30521162564,13.02,-64.2179839671044));
#5738=CARTESIAN_POINT('Ctrl Pts',(70.367532757964,13.02,-64.18289016346));
#5739=CARTESIAN_POINT('Ctrl Pts',(70.4292685372934,13.02,-64.1471455757077));
#5740=CARTESIAN_POINT('Ctrl Pts',(70.4904296696579,13.02,-64.110747947668));
#5741=CARTESIAN_POINT('',(70.30521162564,13.02,-64.2179839671044));
#5742=CARTESIAN_POINT('',(70.30521162564,12.31,-64.2179839671044));
#5743=CARTESIAN_POINT('Ctrl Pts',(70.30521162564,13.02,-64.2179839671044));
#5744=CARTESIAN_POINT('Ctrl Pts',(70.30521162564,12.7833333333333,-64.2179839671044));
#5745=CARTESIAN_POINT('Ctrl Pts',(70.30521162564,12.5466666666667,-64.2179839671044));
#5746=CARTESIAN_POINT('Ctrl Pts',(70.30521162564,12.31,-64.2179839671044));
#5747=CARTESIAN_POINT('',(70.4904296696578,13.02,-64.1107479476679));
#5748=CARTESIAN_POINT('Ctrl Pts',(70.30521162564,13.02,-64.2179839671044));
#5749=CARTESIAN_POINT('Ctrl Pts',(70.367532757964,13.02,-64.18289016346));
#5750=CARTESIAN_POINT('Ctrl Pts',(70.4292685372934,13.02,-64.1471455757077));
#5751=CARTESIAN_POINT('Ctrl Pts',(70.4904296696579,13.02,-64.110747947668));
#5752=CARTESIAN_POINT('',(70.4904296696578,12.31,-64.1107479476679));
#5753=CARTESIAN_POINT('',(70.4904296696579,12.655,-64.110747947668));
#5754=CARTESIAN_POINT('Ctrl Pts',(70.30521162564,12.31,-64.2179839671044));
#5755=CARTESIAN_POINT('Ctrl Pts',(70.367532757964,12.31,-64.18289016346));
#5756=CARTESIAN_POINT('Ctrl Pts',(70.4292685372934,12.31,-64.1471455757077));
#5757=CARTESIAN_POINT('Ctrl Pts',(70.4904296696579,12.31,-64.110747947668));
#5758=CARTESIAN_POINT('Ctrl Pts',(70.6504079729893,13.02,-64.8498694740736));
#5759=CARTESIAN_POINT('Ctrl Pts',(70.7177596729847,13.02,-64.8120274928462));
#5760=CARTESIAN_POINT('Ctrl Pts',(70.7845101551414,13.02,-64.7734653445826));
#5761=CARTESIAN_POINT('Ctrl Pts',(70.850663848686,13.02,-64.7341829069067));
#5762=CARTESIAN_POINT('Ctrl Pts',(70.6504079729893,13.1166666666667,-64.8498694740736));
#5763=CARTESIAN_POINT('Ctrl Pts',(70.7177596729847,13.1166666666667,-64.8120274928462));
#5764=CARTESIAN_POINT('Ctrl Pts',(70.7845101551414,13.1166666666667,-64.7734653445826));
#5765=CARTESIAN_POINT('Ctrl Pts',(70.850663848686,13.1166666666667,-64.7341829069067));
#5766=CARTESIAN_POINT('Ctrl Pts',(70.6504079729893,13.2133333333333,-64.8498694740736));
#5767=CARTESIAN_POINT('Ctrl Pts',(70.7177596729847,13.2133333333333,-64.8120274928462));
#5768=CARTESIAN_POINT('Ctrl Pts',(70.7845101551414,13.2133333333333,-64.7734653445826));
#5769=CARTESIAN_POINT('Ctrl Pts',(70.850663848686,13.2133333333333,-64.7341829069067));
#5770=CARTESIAN_POINT('Ctrl Pts',(70.6504079729893,13.31,-64.8498694740736));
#5771=CARTESIAN_POINT('Ctrl Pts',(70.7177596729847,13.31,-64.8120274928462));
#5772=CARTESIAN_POINT('Ctrl Pts',(70.7845101551414,13.31,-64.7734653445826));
#5773=CARTESIAN_POINT('Ctrl Pts',(70.850663848686,13.31,-64.7341829069067));
#5774=CARTESIAN_POINT('',(70.6504079729893,13.02,-64.8498694740736));
#5775=CARTESIAN_POINT('Ctrl Pts',(70.6504079729893,13.31,-64.8498694740736));
#5776=CARTESIAN_POINT('Ctrl Pts',(70.6504079729893,13.2133333333333,-64.8498694740736));
#5777=CARTESIAN_POINT('Ctrl Pts',(70.6504079729893,13.1166666666667,-64.8498694740736));
#5778=CARTESIAN_POINT('Ctrl Pts',(70.6504079729893,13.02,-64.8498694740736));
#5779=CARTESIAN_POINT('',(70.850663848686,13.02,-64.7341829069067));
#5780=CARTESIAN_POINT('',(70.8506638486861,13.01,-64.7341829069067));
#5781=CARTESIAN_POINT('Ctrl Pts',(70.6504079729893,13.02,-64.8498694740736));
#5782=CARTESIAN_POINT('Ctrl Pts',(70.7177596729847,13.02,-64.8120274928462));
#5783=CARTESIAN_POINT('Ctrl Pts',(70.7845101551414,13.02,-64.7734653445826));
#5784=CARTESIAN_POINT('Ctrl Pts',(70.850663848686,13.02,-64.7341829069067));
#5785=CARTESIAN_POINT('Ctrl Pts',(76.1654769302067,13.31,-52.3371782776699));
#5786=CARTESIAN_POINT('Ctrl Pts',(76.1655075846263,13.31,-52.334602689133));
#5787=CARTESIAN_POINT('Ctrl Pts',(76.1655382390459,13.31,-52.3320271005961));
#5788=CARTESIAN_POINT('Ctrl Pts',(76.1655688934655,13.31,-52.3294515120592));
#5789=CARTESIAN_POINT('Ctrl Pts',(76.1654769302067,13.3515257644181,-52.3371782776699));
#5790=CARTESIAN_POINT('Ctrl Pts',(76.1655075846263,13.3515257644181,-52.334602689133));
#5791=CARTESIAN_POINT('Ctrl Pts',(76.1655382390459,13.3515257644181,-52.3320271005961));
#5792=CARTESIAN_POINT('Ctrl Pts',(76.1655688934655,13.3515257644181,-52.3294515120592));
#5793=CARTESIAN_POINT('Ctrl Pts',(76.1652312203459,13.4276065915432,-52.3371722944596));
#5794=CARTESIAN_POINT('Ctrl Pts',(76.1652618747655,13.4276065915432,-52.3345967059227));
#5795=CARTESIAN_POINT('Ctrl Pts',(76.165292529185,13.4276065915432,-52.3320211173859));
#5796=CARTESIAN_POINT('Ctrl Pts',(76.1653231836046,13.4276065915432,-52.329445528849));
#5797=CARTESIAN_POINT('Ctrl Pts',(76.1638545098516,13.5277424040474,-52.3371387706487));
#5798=CARTESIAN_POINT('Ctrl Pts',(76.1638851642712,13.5277424040474,-52.3345631821118));
#5799=CARTESIAN_POINT('Ctrl Pts',(76.1639158186907,13.5277424040474,-52.3319875935749));
#5800=CARTESIAN_POINT('Ctrl Pts',(76.1639464731103,13.5277424040474,-52.3294120050381));
#5801=CARTESIAN_POINT('Ctrl Pts',(76.1628531517367,13.5893112702948,-52.3371143869121));
#5802=CARTESIAN_POINT('Ctrl Pts',(76.1628838061563,13.5893112702948,-52.3345387983752));
#5803=CARTESIAN_POINT('Ctrl Pts',(76.1629144605758,13.5893112702948,-52.3319632098383));
#5804=CARTESIAN_POINT('Ctrl Pts',(76.1629451149954,13.5893112702948,-52.3293876213015));
#5805=CARTESIAN_POINT('Ctrl Pts',(76.1621747822445,13.6286011095715,-52.3370978681659));
#5806=CARTESIAN_POINT('Ctrl Pts',(76.1622054366641,13.6286011095715,-52.334522279629));
#5807=CARTESIAN_POINT('Ctrl Pts',(76.1622360910836,13.6286011095715,-52.3319466910922));
#5808=CARTESIAN_POINT('Ctrl Pts',(76.1622667455032,13.6286011095715,-52.3293711025553));
#5809=CARTESIAN_POINT('Ctrl Pts',(76.1604501210112,13.7250203247723,-52.337055871523));
#5810=CARTESIAN_POINT('Ctrl Pts',(76.1604807754308,13.7250203247723,-52.3344802829861));
#5811=CARTESIAN_POINT('Ctrl Pts',(76.1605114298503,13.7250203247723,-52.3319046944492));
#5812=CARTESIAN_POINT('Ctrl Pts',(76.1605420842699,13.7250203247723,-52.3293291059124));
#5813=CARTESIAN_POINT('Ctrl Pts',(76.1587639488313,13.8294933413186,-52.3370148121139));
#5814=CARTESIAN_POINT('Ctrl Pts',(76.1587946032509,13.8294933413186,-52.334439223577));
#5815=CARTESIAN_POINT('Ctrl Pts',(76.1588252576704,13.8294933413186,-52.3318636350402));
#5816=CARTESIAN_POINT('Ctrl Pts',(76.15885591209,13.8294933413186,-52.3292880465033));
#5817=CARTESIAN_POINT('Ctrl Pts',(76.1556275254139,14.0527316807903,-52.3369384381274));
#5818=CARTESIAN_POINT('Ctrl Pts',(76.1556581798335,14.0527316807903,-52.3343628495905));
#5819=CARTESIAN_POINT('Ctrl Pts',(76.155688834253,14.0527316807903,-52.3317872610536));
#5820=CARTESIAN_POINT('Ctrl Pts',(76.1557194886726,14.0527316807903,-52.3292116725167));
#5821=CARTESIAN_POINT('Ctrl Pts',(76.1547204815833,14.1079065515714,-52.3369163510083));
#5822=CARTESIAN_POINT('Ctrl Pts',(76.1547511360028,14.1079065515714,-52.3343407624714));
#5823=CARTESIAN_POINT('Ctrl Pts',(76.1547817904224,14.1079065515714,-52.3317651739346));
#5824=CARTESIAN_POINT('Ctrl Pts',(76.154812444842,14.1079065515714,-52.3291895853977));
#5825=CARTESIAN_POINT('Ctrl Pts',(76.1528402102645,14.1726430712542,-52.3368705651569));
#5826=CARTESIAN_POINT('Ctrl Pts',(76.1528708646841,14.1726430712542,-52.3342949766201));
#5827=CARTESIAN_POINT('Ctrl Pts',(76.1529015191036,14.1726430712542,-52.3317193880832));
#5828=CARTESIAN_POINT('Ctrl Pts',(76.1529321735232,14.1726430712542,-52.3291437995463));
#5829=CARTESIAN_POINT('Ctrl Pts',(76.1527816608931,14.1746358444914,-52.336869139441));
#5830=CARTESIAN_POINT('Ctrl Pts',(76.1528123153127,14.1746358444914,-52.3342935509041));
#5831=CARTESIAN_POINT('Ctrl Pts',(76.1528429697322,14.1746358444914,-52.3317179623672));
#5832=CARTESIAN_POINT('Ctrl Pts',(76.1528736241518,14.1746358444914,-52.3291423738304));
#5833=CARTESIAN_POINT('Ctrl Pts',(76.152678279842,14.1781177697789,-52.3368666220439));
#5834=CARTESIAN_POINT('Ctrl Pts',(76.1527089342616,14.1781177697789,-52.3342910335071));
#5835=CARTESIAN_POINT('Ctrl Pts',(76.1527395886811,14.1781177697789,-52.3317154449702));
#5836=CARTESIAN_POINT('Ctrl Pts',(76.1527702431007,14.1781177697789,-52.3291398564333));
#5837=CARTESIAN_POINT('Ctrl Pts',(76.1524668769382,14.1850685318552,-52.3368614742433));
#5838=CARTESIAN_POINT('Ctrl Pts',(76.1524975313578,14.1850685318552,-52.3342858857064));
#5839=CARTESIAN_POINT('Ctrl Pts',(76.1525281857774,14.1850685318552,-52.3317102971695));
#5840=CARTESIAN_POINT('Ctrl Pts',(76.152558840197,14.1850685318552,-52.3291347086327));
#5841=CARTESIAN_POINT('Ctrl Pts',(76.1520255121235,14.198910821619,-52.3368507267179));
#5842=CARTESIAN_POINT('Ctrl Pts',(76.1520561665431,14.198910821619,-52.334275138181));
#5843=CARTESIAN_POINT('Ctrl Pts',(76.1520868209626,14.198910821619,-52.3316995496442));
#5844=CARTESIAN_POINT('Ctrl Pts',(76.1521174753822,14.198910821619,-52.3291239611073));
#5845=CARTESIAN_POINT('Ctrl Pts',(76.151338514255,14.2185248004514,-52.3368339978651));
#5846=CARTESIAN_POINT('Ctrl Pts',(76.1513691686746,14.2185248004514,-52.3342584093282));
#5847=CARTESIAN_POINT('Ctrl Pts',(76.1513998230942,14.2185248004514,-52.3316828207914));
#5848=CARTESIAN_POINT('Ctrl Pts',(76.1514304775137,14.2185248004514,-52.3291072322545));
#5849=CARTESIAN_POINT('Ctrl Pts',(76.1504114750484,14.2418012682434,-52.3368114238468));
#5850=CARTESIAN_POINT('Ctrl Pts',(76.1504421294679,14.2418012682434,-52.3342358353099));
#5851=CARTESIAN_POINT('Ctrl Pts',(76.1504727838875,14.2418012682434,-52.331660246773));
#5852=CARTESIAN_POINT('Ctrl Pts',(76.1505034383071,14.2418012682434,-52.3290846582361));
#5853=CARTESIAN_POINT('Ctrl Pts',(76.149371648601,14.2648311896739,-52.3367861033845));
#5854=CARTESIAN_POINT('Ctrl Pts',(76.1494023030206,14.2648311896739,-52.3342105148476));
#5855=CARTESIAN_POINT('Ctrl Pts',(76.1494329574401,14.2648311896739,-52.3316349263107));
#5856=CARTESIAN_POINT('Ctrl Pts',(76.1494636118597,14.2648311896739,-52.3290593377739));
#5857=CARTESIAN_POINT('Ctrl Pts',(76.1482078105018,14.2876199563645,-52.3367577631564));
#5858=CARTESIAN_POINT('Ctrl Pts',(76.1482384649214,14.2876199563645,-52.3341821746195));
#5859=CARTESIAN_POINT('Ctrl Pts',(76.148269119341,14.2876199563645,-52.3316065860827));
#5860=CARTESIAN_POINT('Ctrl Pts',(76.1482997737605,14.2876199563645,-52.3290309975458));
#5861=CARTESIAN_POINT('Ctrl Pts',(76.1464757218236,14.3176918796752,-52.3367155856506));
#5862=CARTESIAN_POINT('Ctrl Pts',(76.1465063762432,14.3176918796752,-52.3341399971137));
#5863=CARTESIAN_POINT('Ctrl Pts',(76.1465370306627,14.3176918796752,-52.3315644085768));
#5864=CARTESIAN_POINT('Ctrl Pts',(76.1465676850823,14.3176918796752,-52.3289888200399));
#5865=CARTESIAN_POINT('Ctrl Pts',(76.1444539523295,14.3473194795565,-52.3366663542252));
#5866=CARTESIAN_POINT('Ctrl Pts',(76.1444846067491,14.3473194795565,-52.3340907656883));
#5867=CARTESIAN_POINT('Ctrl Pts',(76.1445152611686,14.3473194795565,-52.3315151771515));
#5868=CARTESIAN_POINT('Ctrl Pts',(76.1445459155882,14.3473194795565,-52.3289395886146));
#5869=CARTESIAN_POINT('Ctrl Pts',(76.1420949026314,14.3765160415732,-52.3366089098035));
#5870=CARTESIAN_POINT('Ctrl Pts',(76.142125557051,14.3765160415732,-52.3340333212666));
#5871=CARTESIAN_POINT('Ctrl Pts',(76.1421562114705,14.3765160415732,-52.3314577327297));
#5872=CARTESIAN_POINT('Ctrl Pts',(76.1421868658901,14.3765160415732,-52.3288821441929));
#5873=CARTESIAN_POINT('Ctrl Pts',(76.1394978266131,14.4054410179275,-52.3365456692833));
#5874=CARTESIAN_POINT('Ctrl Pts',(76.1395284810327,14.4054410179275,-52.3339700807464));
#5875=CARTESIAN_POINT('Ctrl Pts',(76.1395591354522,14.4054410179275,-52.3313944922096));
#5876=CARTESIAN_POINT('Ctrl Pts',(76.1395897898718,14.4054410179275,-52.3288189036727));
#5877=CARTESIAN_POINT('Ctrl Pts',(76.1357805259028,14.4411124956841,-52.3364551505504));
#5878=CARTESIAN_POINT('Ctrl Pts',(76.1358111803224,14.4411124956841,-52.3338795620135));
#5879=CARTESIAN_POINT('Ctrl Pts',(76.135841834742,14.4411124956841,-52.3313039734767));
#5880=CARTESIAN_POINT('Ctrl Pts',(76.1358724891616,14.4411124956841,-52.3287283849398));
#5881=CARTESIAN_POINT('Ctrl Pts',(76.1313571406196,14.4761733149789,-52.3363474381907));
#5882=CARTESIAN_POINT('Ctrl Pts',(76.1313877950392,14.4761733149789,-52.3337718496538));
#5883=CARTESIAN_POINT('Ctrl Pts',(76.1314184494587,14.4761733149789,-52.331196261117));
#5884=CARTESIAN_POINT('Ctrl Pts',(76.1314491038783,14.4761733149789,-52.3286206725801));
#5885=CARTESIAN_POINT('Ctrl Pts',(76.1273525088147,14.503886816325,-52.3362499227553));
#5886=CARTESIAN_POINT('Ctrl Pts',(76.1273831632343,14.503886816325,-52.3336743342184));
#5887=CARTESIAN_POINT('Ctrl Pts',(76.1274138176538,14.503886816325,-52.3310987456816));
#5888=CARTESIAN_POINT('Ctrl Pts',(76.1274444720734,14.503886816325,-52.3285231571447));
#5889=CARTESIAN_POINT('Ctrl Pts',(76.1208571329483,14.5451394090957,-52.3360917560533));
#5890=CARTESIAN_POINT('Ctrl Pts',(76.1208877873679,14.5451394090957,-52.3335161675164));
#5891=CARTESIAN_POINT('Ctrl Pts',(76.1209184417875,14.5451394090957,-52.3309405789795));
#5892=CARTESIAN_POINT('Ctrl Pts',(76.1209490962071,14.5451394090957,-52.3283649904427));
#5893=CARTESIAN_POINT('Ctrl Pts',(76.1118129852445,14.5923939141587,-52.3358715250703));
#5894=CARTESIAN_POINT('Ctrl Pts',(76.1118436396641,14.5923939141587,-52.3332959365334));
#5895=CARTESIAN_POINT('Ctrl Pts',(76.1118742940837,14.5923939141587,-52.3307203479965));
#5896=CARTESIAN_POINT('Ctrl Pts',(76.1119049485033,14.5923939141587,-52.3281447594596));
#5897=CARTESIAN_POINT('Ctrl Pts',(76.1006747011341,14.63879457917,-52.3356003004791));
#5898=CARTESIAN_POINT('Ctrl Pts',(76.1007053555536,14.63879457917,-52.3330247119422));
#5899=CARTESIAN_POINT('Ctrl Pts',(76.1007360099732,14.63879457917,-52.3304491234053));
#5900=CARTESIAN_POINT('Ctrl Pts',(76.1007666643928,14.63879457917,-52.3278735348684));
#5901=CARTESIAN_POINT('Ctrl Pts',(76.0945884824411,14.6616920349216,-52.335452097025));
#5902=CARTESIAN_POINT('Ctrl Pts',(76.0946191368607,14.6616920349216,-52.3328765084882));
#5903=CARTESIAN_POINT('Ctrl Pts',(76.0946497912802,14.6616920349216,-52.3303009199513));
#5904=CARTESIAN_POINT('Ctrl Pts',(76.0946804456998,14.6616920349216,-52.3277253314144));
#5905=CARTESIAN_POINT('Ctrl Pts',(76.0909437878734,14.674712338469,-52.3353633462996));
#5906=CARTESIAN_POINT('Ctrl Pts',(76.0909744422929,14.674712338469,-52.3327877577627));
#5907=CARTESIAN_POINT('Ctrl Pts',(76.0910050967125,14.674712338469,-52.3302121692258));
#5908=CARTESIAN_POINT('Ctrl Pts',(76.0910357511321,14.674712338469,-52.327636580689));
#5909=CARTESIAN_POINT('Ctrl Pts',(76.0593460025308,14.7846437808976,-52.3345939193104));
#5910=CARTESIAN_POINT('Ctrl Pts',(76.0593766569504,14.7846437808976,-52.3320183307735));
#5911=CARTESIAN_POINT('Ctrl Pts',(76.05940731137,14.7846437808976,-52.3294427422366));
#5912=CARTESIAN_POINT('Ctrl Pts',(76.0594379657896,14.7846437808976,-52.3268671536998));
#5913=CARTESIAN_POINT('Ctrl Pts',(75.9668798151973,14.9863628595498,-52.3323423064391));
#5914=CARTESIAN_POINT('Ctrl Pts',(75.9669104696169,14.9863628595498,-52.3297667179022));
#5915=CARTESIAN_POINT('Ctrl Pts',(75.9669411240364,14.9863628595498,-52.3271911293653));
#5916=CARTESIAN_POINT('Ctrl Pts',(75.966971778456,14.9863628595498,-52.3246155408285));
#5917=CARTESIAN_POINT('Ctrl Pts',(75.8201733197781,15.1420573610002,-52.3287699061743));
#5918=CARTESIAN_POINT('Ctrl Pts',(75.8202039741977,15.1420573610002,-52.3261943176374));
#5919=CARTESIAN_POINT('Ctrl Pts',(75.8202346286173,15.1420573610002,-52.3236187291005));
#5920=CARTESIAN_POINT('Ctrl Pts',(75.8202652830369,15.1420573610002,-52.3210431405636));
#5921=CARTESIAN_POINT('Ctrl Pts',(75.7453726339979,15.2054929457818,-52.3269484599595));
#5922=CARTESIAN_POINT('Ctrl Pts',(75.7454032884175,15.2054929457818,-52.3243728714226));
#5923=CARTESIAN_POINT('Ctrl Pts',(75.7454339428371,15.2054929457818,-52.3217972828857));
#5924=CARTESIAN_POINT('Ctrl Pts',(75.7454645972567,15.2054929457818,-52.3192216943488));
#5925=CARTESIAN_POINT('',(75.7453726339979,15.2054929457818,-52.3269484599595));
#5926=CARTESIAN_POINT('',(76.1654769302067,13.31,-52.3371782776698));
#5927=CARTESIAN_POINT('Ctrl Pts',(75.7453726339979,15.2054929457818,-52.3269484599595));
#5928=CARTESIAN_POINT('Ctrl Pts',(75.8201733197781,15.1420573610002,-52.3287699061743));
#5929=CARTESIAN_POINT('Ctrl Pts',(75.9668798151973,14.9863628595498,-52.3323423064391));
#5930=CARTESIAN_POINT('Ctrl Pts',(76.0593460025308,14.7846437808976,-52.3345939193104));
#5931=CARTESIAN_POINT('Ctrl Pts',(76.0909437878734,14.674712338469,-52.3353633462996));
#5932=CARTESIAN_POINT('Ctrl Pts',(76.0945884824411,14.6616920349216,-52.335452097025));
#5933=CARTESIAN_POINT('Ctrl Pts',(76.1006747011341,14.63879457917,-52.3356003004791));
#5934=CARTESIAN_POINT('Ctrl Pts',(76.1118129852445,14.5923939141587,-52.3358715250703));
#5935=CARTESIAN_POINT('Ctrl Pts',(76.1208571329483,14.5451394090957,-52.3360917560533));
#5936=CARTESIAN_POINT('Ctrl Pts',(76.1273525088147,14.503886816325,-52.3362499227553));
#5937=CARTESIAN_POINT('Ctrl Pts',(76.1313571406196,14.4761733149789,-52.3363474381907));
#5938=CARTESIAN_POINT('Ctrl Pts',(76.1357805259028,14.4411124956841,-52.3364551505504));
#5939=CARTESIAN_POINT('Ctrl Pts',(76.1394978266131,14.4054410179275,-52.3365456692833));
#5940=CARTESIAN_POINT('Ctrl Pts',(76.1420949026314,14.3765160415732,-52.3366089098035));
#5941=CARTESIAN_POINT('Ctrl Pts',(76.1444539523295,14.3473194795565,-52.3366663542252));
#5942=CARTESIAN_POINT('Ctrl Pts',(76.1464757218236,14.3176918796752,-52.3367155856506));
#5943=CARTESIAN_POINT('Ctrl Pts',(76.1482078105018,14.2876199563645,-52.3367577631564));
#5944=CARTESIAN_POINT('Ctrl Pts',(76.149371648601,14.2648311896739,-52.3367861033845));
#5945=CARTESIAN_POINT('Ctrl Pts',(76.1504114750484,14.2418012682434,-52.3368114238468));
#5946=CARTESIAN_POINT('Ctrl Pts',(76.151338514255,14.2185248004514,-52.3368339978651));
#5947=CARTESIAN_POINT('Ctrl Pts',(76.1520255121235,14.198910821619,-52.3368507267179));
#5948=CARTESIAN_POINT('Ctrl Pts',(76.1524668769382,14.1850685318552,-52.3368614742433));
#5949=CARTESIAN_POINT('Ctrl Pts',(76.152678279842,14.1781177697789,-52.3368666220439));
#5950=CARTESIAN_POINT('Ctrl Pts',(76.1527816608931,14.1746358444914,-52.336869139441));
#5951=CARTESIAN_POINT('Ctrl Pts',(76.1528402102645,14.1726430712542,-52.3368705651569));
#5952=CARTESIAN_POINT('Ctrl Pts',(76.1547204815833,14.1079065515714,-52.3369163510083));
#5953=CARTESIAN_POINT('Ctrl Pts',(76.1556275254139,14.0527316807903,-52.3369384381274));
#5954=CARTESIAN_POINT('Ctrl Pts',(76.1587639488313,13.8294933413186,-52.3370148121139));
#5955=CARTESIAN_POINT('Ctrl Pts',(76.1604501210112,13.7250203247723,-52.337055871523));
#5956=CARTESIAN_POINT('Ctrl Pts',(76.1621747822445,13.6286011095715,-52.3370978681659));
#5957=CARTESIAN_POINT('Ctrl Pts',(76.1628531517367,13.5893112702948,-52.3371143869121));
#5958=CARTESIAN_POINT('Ctrl Pts',(76.1638545098516,13.5277424040474,-52.3371387706487));
#5959=CARTESIAN_POINT('Ctrl Pts',(76.1652312203459,13.4276065915432,-52.3371722944596));
#5960=CARTESIAN_POINT('Ctrl Pts',(76.1654769302067,13.3515257644181,-52.3371782776699));
#5961=CARTESIAN_POINT('Ctrl Pts',(76.1654769302067,13.31,-52.3371782776699));
#5962=CARTESIAN_POINT('',(76.1655688934655,13.31,-52.3294515120593));
#5963=CARTESIAN_POINT('Ctrl Pts',(76.1655688934655,13.31,-52.3294515120593));
#5964=CARTESIAN_POINT('Ctrl Pts',(76.1655688934655,13.3273335653348,-52.3294515120593));
#5965=CARTESIAN_POINT('Ctrl Pts',(76.1655475116257,13.3442699535581,-52.3294516709578));
#5966=CARTESIAN_POINT('Ctrl Pts',(76.165496323913,13.3610692132902,-52.3294517325177));
#5967=CARTESIAN_POINT('Ctrl Pts',(76.1654388658051,13.3799263496169,-52.3294518016186));
#5968=CARTESIAN_POINT('Ctrl Pts',(76.1653438166114,13.3986112602096,-52.3294517472051));
#5969=CARTESIAN_POINT('Ctrl Pts',(76.1651990507446,13.4175582750542,-52.3294512017289));
#5970=CARTESIAN_POINT('Ctrl Pts',(76.1651709796709,13.4212322284553,-52.3294510959574));
#5971=CARTESIAN_POINT('Ctrl Pts',(76.1651410397657,13.4249161959061,-52.3294509717343));
#5972=CARTESIAN_POINT('Ctrl Pts',(76.1651091439233,13.4286135472628,-52.3294508264116));
#5973=CARTESIAN_POINT('Ctrl Pts',(76.1648754018211,13.4557088240405,-52.3294497614444));
#5974=CARTESIAN_POINT('Ctrl Pts',(76.1645359123846,13.4835286318147,-52.3294475461564));
#5975=CARTESIAN_POINT('Ctrl Pts',(76.1641485026486,13.5110497456873,-52.3294453812649));
#5976=CARTESIAN_POINT('Ctrl Pts',(76.1640535669705,13.5177938601618,-52.3294448507531));
#5977=CARTESIAN_POINT('Ctrl Pts',(76.1639557874689,13.5245198156635,-52.3294443240912));
#5978=CARTESIAN_POINT('Ctrl Pts',(76.1638560658679,13.5312123413668,-52.3294438201847));
#5979=CARTESIAN_POINT('Ctrl Pts',(76.1637791694451,13.5363730215106,-52.3294434316168));
#5980=CARTESIAN_POINT('Ctrl Pts',(76.1637026747647,13.5414098129551,-52.3294431661988));
#5981=CARTESIAN_POINT('Ctrl Pts',(76.163626978353,13.546325705264,-52.3294430428693));
#5982=CARTESIAN_POINT('Ctrl Pts',(76.1635306094602,13.5525841141882,-52.3294428858589));
#5983=CARTESIAN_POINT('Ctrl Pts',(76.1634354418092,13.5586515579853,-52.329442956888));
#5984=CARTESIAN_POINT('Ctrl Pts',(76.1633383969212,13.5647255993237,-52.3294432001485));
#5985=CARTESIAN_POINT('Ctrl Pts',(76.1632361703902,13.5711239597993,-52.3294434563978));
#5986=CARTESIAN_POINT('Ctrl Pts',(76.163131870565,13.5775290725596,-52.3294439039995));
#5987=CARTESIAN_POINT('Ctrl Pts',(76.163022864148,13.5841122610556,-52.3294445012209));
#5988=CARTESIAN_POINT('Ctrl Pts',(76.162904240391,13.5912762663908,-52.3294451511335));
#5989=CARTESIAN_POINT('Ctrl Pts',(76.1627800512126,13.5986506910889,-52.3294459784338));
#5990=CARTESIAN_POINT('Ctrl Pts',(76.162647876706,13.6063955168988,-52.3294469530497));
#5991=CARTESIAN_POINT('Ctrl Pts',(76.1626313470921,13.6073640772069,-52.3294470749342));
#5992=CARTESIAN_POINT('Ctrl Pts',(76.162614693637,13.608338364454,-52.3294471991481));
#5993=CARTESIAN_POINT('Ctrl Pts',(76.1625979124556,13.6093186379155,-52.3294473256534));
#5994=CARTESIAN_POINT('Ctrl Pts',(76.1625567424138,13.6117235877606,-52.3294476360147));
#5995=CARTESIAN_POINT('Ctrl Pts',(76.1625147234436,13.6141690178591,-52.3294479582153));
#5996=CARTESIAN_POINT('Ctrl Pts',(76.162461648479,13.617221761254,-52.3294480445398));
#5997=CARTESIAN_POINT('Ctrl Pts',(76.1624069797877,13.6203661719505,-52.3294481334565));
#5998=CARTESIAN_POINT('Ctrl Pts',(76.1623405830808,13.6241548094753,-52.3294479721655));
#5999=CARTESIAN_POINT('Ctrl Pts',(76.1622523089042,13.629151318177,-52.3294473144316));
#6000=CARTESIAN_POINT('Ctrl Pts',(76.1622013879592,13.632033553435,-52.3294469350179));
#6001=CARTESIAN_POINT('Ctrl Pts',(76.1621432054661,13.6353166983832,-52.3294463908557));
#6002=CARTESIAN_POINT('Ctrl Pts',(76.1620759539807,13.6391011298986,-52.3294456381074));
#6003=CARTESIAN_POINT('Ctrl Pts',(76.16195252226,13.6460469823358,-52.3294442565317));
#6004=CARTESIAN_POINT('Ctrl Pts',(76.1617986614675,13.6546755010798,-52.3294421752528));
#6005=CARTESIAN_POINT('Ctrl Pts',(76.1616262477947,13.6644186930497,-52.3294396845447));
#6006=CARTESIAN_POINT('Ctrl Pts',(76.1614485857879,13.6744584712729,-52.3294371180185));
#6007=CARTESIAN_POINT('Ctrl Pts',(76.1612512216004,13.6856819363556,-52.329434116694));
#6008=CARTESIAN_POINT('Ctrl Pts',(76.1610459827273,13.6975232471163,-52.3294309697612));
#6009=CARTESIAN_POINT('Ctrl Pts',(76.1609518550489,13.7029539682759,-52.3294295264991));
#6010=CARTESIAN_POINT('Ctrl Pts',(76.1608560554334,13.7085153893878,-52.3294280522304));
#6011=CARTESIAN_POINT('Ctrl Pts',(76.1607596489576,13.7141565478316,-52.3294265730043));
#6012=CARTESIAN_POINT('Ctrl Pts',(76.1604229275735,13.7338595673971,-52.3294214064734));
#6013=CARTESIAN_POINT('Ctrl Pts',(76.1600788634906,13.7545330281499,-52.3294161809402));
#6014=CARTESIAN_POINT('Ctrl Pts',(76.1597358892809,13.7758228954111,-52.3294111066041));
#6015=CARTESIAN_POINT('Ctrl Pts',(76.1593760381711,13.7981603836057,-52.3294057825726));
#6016=CARTESIAN_POINT('Ctrl Pts',(76.1590173797905,13.8211766507647,-52.3294006248127));
#6017=CARTESIAN_POINT('Ctrl Pts',(76.1586683064084,13.8445202255516,-52.3293958432957));
#6018=CARTESIAN_POINT('Ctrl Pts',(76.1585567212652,13.8519822557981,-52.3293943148312));
#6019=CARTESIAN_POINT('Ctrl Pts',(76.1584461061182,13.8594781386836,-52.3293928245828));
#6020=CARTESIAN_POINT('Ctrl Pts',(76.158336709947,13.8669974876135,-52.3293913787966));
#6021=CARTESIAN_POINT('Ctrl Pts',(76.1581361961086,13.8807798119726,-52.3293887287941));
#6022=CARTESIAN_POINT('Ctrl Pts',(76.1579398078844,13.8946366056841,-52.3293862289055));
#6023=CARTESIAN_POINT('Ctrl Pts',(76.1577527062588,13.9078733725841,-52.3293840059333));
#6024=CARTESIAN_POINT('Ctrl Pts',(76.157689172421,13.9123681630427,-52.3293832510817));
#6025=CARTESIAN_POINT('Ctrl Pts',(76.1576267060368,13.9167919115894,-52.3293825280788));
#6026=CARTESIAN_POINT('Ctrl Pts',(76.157565499217,13.9211187679482,-52.3293818416469));
#6027=CARTESIAN_POINT('Ctrl Pts',(76.157273160433,13.9417848952093,-52.3293785630793));
#6028=CARTESIAN_POINT('Ctrl Pts',(76.1570094596301,13.9602466090955,-52.3293761164522));
#6029=CARTESIAN_POINT('Ctrl Pts',(76.156765691678,13.9769666851592,-52.3293742946069));
#6030=CARTESIAN_POINT('Ctrl Pts',(76.1565117985353,13.9943812493763,-52.3293723970891));
#6031=CARTESIAN_POINT('Ctrl Pts',(76.1562795358268,14.0099061733136,-52.3293711775116));
#6032=CARTESIAN_POINT('Ctrl Pts',(76.1560601340599,14.0240056429817,-52.3293704277743));
#6033=CARTESIAN_POINT('Ctrl Pts',(76.1558302697351,14.0387774705787,-52.3293696422843));
#6034=CARTESIAN_POINT('Ctrl Pts',(76.1556145308736,14.0519842865231,-52.3293693727247));
#6035=CARTESIAN_POINT('Ctrl Pts',(76.155403854732,14.0641020596602,-52.3293694046706));
#6036=CARTESIAN_POINT('Ctrl Pts',(76.1551740567024,14.0773196948811,-52.3293694395161));
#6037=CARTESIAN_POINT('Ctrl Pts',(76.1549502891515,14.0892414327217,-52.3293698332539));
#6038=CARTESIAN_POINT('Ctrl Pts',(76.1547218626904,14.100421630909,-52.3293703337133));
#6039=CARTESIAN_POINT('Ctrl Pts',(76.1544773472681,14.1123892937981,-52.329370869422));
#6040=CARTESIAN_POINT('Ctrl Pts',(76.1542275120025,14.1235065421629,-52.329371527865));
#6041=CARTESIAN_POINT('Ctrl Pts',(76.1539602140156,14.1343914431327,-52.3293720233181));
#6042=CARTESIAN_POINT('Ctrl Pts',(76.1536587848987,14.1466662310018,-52.3293725820354));
#6043=CARTESIAN_POINT('Ctrl Pts',(76.1533351793173,14.1586445089811,-52.329372934226));
#6044=CARTESIAN_POINT('Ctrl Pts',(76.1529727890974,14.1711500620876,-52.3293726897574));
#6045=CARTESIAN_POINT('Ctrl Pts',(76.1529583826455,14.1716472075384,-52.3293726800388));
#6046=CARTESIAN_POINT('Ctrl Pts',(76.1529439149478,14.1721451803261,-52.3293726693785));
#6047=CARTESIAN_POINT('Ctrl Pts',(76.1529293627964,14.1726431812946,-52.3293726572121));
#6048=CARTESIAN_POINT('Ctrl Pts',(76.1529148058692,14.1731413456957,-52.3293726450417));
#6049=CARTESIAN_POINT('Ctrl Pts',(76.1529001644437,14.17363953837,-52.3293726313647));
#6050=CARTESIAN_POINT('Ctrl Pts',(76.1528854815953,14.1741373927117,-52.3293726172307));
#6051=CARTESIAN_POINT('Ctrl Pts',(76.1528561018618,14.1751335773458,-52.3293725889492));
#6052=CARTESIAN_POINT('Ctrl Pts',(76.1528265562374,14.1761284077319,-52.3293725588374));
#6053=CARTESIAN_POINT('Ctrl Pts',(76.1527967988404,14.1771223107206,-52.3293725257852));
#6054=CARTESIAN_POINT('Ctrl Pts',(76.1527372301323,14.1791119174407,-52.3293724596208));
#6055=CARTESIAN_POINT('Ctrl Pts',(76.1526768128826,14.1810978072131,-52.3293723816755));
#6056=CARTESIAN_POINT('Ctrl Pts',(76.152615546818,14.1830797791482,-52.3293722920004));
#6057=CARTESIAN_POINT('Ctrl Pts',(76.152492817473,14.1870501029947,-52.3293721123614));
#6058=CARTESIAN_POINT('Ctrl Pts',(76.1523666821328,14.1910047076787,-52.3293718856569));
#6059=CARTESIAN_POINT('Ctrl Pts',(76.1522369025042,14.1949451669645,-52.3293716065484));
#6060=CARTESIAN_POINT('Ctrl Pts',(76.1519767209764,14.2028449793436,-52.3293710469931));
#6061=CARTESIAN_POINT('Ctrl Pts',(76.151701898212,14.2106879561428,-52.329370276959));
#6062=CARTESIAN_POINT('Ctrl Pts',(76.1514102471203,14.2184814159836,-52.3293692469294));
#6063=CARTESIAN_POINT('Ctrl Pts',(76.1511181274416,14.2262873973407,-52.3293682152448));
#6064=CARTESIAN_POINT('Ctrl Pts',(76.1508091279985,14.23404370363,-52.3293669227939));
#6065=CARTESIAN_POINT('Ctrl Pts',(76.1504812945065,14.2417601771831,-52.3293653257467));
#6066=CARTESIAN_POINT('Ctrl Pts',(76.1502048435017,14.2482672209116,-52.3293639790103));
#6067=CARTESIAN_POINT('Ctrl Pts',(76.1499149984027,14.2547459331286,-52.329362415646));
#6068=CARTESIAN_POINT('Ctrl Pts',(76.1496103983422,14.2612012037993,-52.3293606047695));
#6069=CARTESIAN_POINT('Ctrl Pts',(76.1495538986423,14.2623985799738,-52.3293602688733));
#6070=CARTESIAN_POINT('Ctrl Pts',(76.1494968896789,14.2635951767451,-52.3293599299713));
#6071=CARTESIAN_POINT('Ctrl Pts',(76.1494393637099,14.2647909972173,-52.329359588023));
#6072=CARTESIAN_POINT('Ctrl Pts',(76.1490724183499,14.2724188700066,-52.3293574068105));
#6073=CARTESIAN_POINT('Ctrl Pts',(76.1486844390582,14.2800151556074,-52.3293551017049));
#6074=CARTESIAN_POINT('Ctrl Pts',(76.1482734007414,14.2875808189966,-52.3293526618248));
#6075=CARTESIAN_POINT('Ctrl Pts',(76.1478632952107,14.2951293133174,-52.3293502274816));
#6076=CARTESIAN_POINT('Ctrl Pts',(76.1474302349444,14.3026473230079,-52.3293476589688));
#6077=CARTESIAN_POINT('Ctrl Pts',(76.1469724470442,14.3101368718951,-52.3293449512852));
#6078=CARTESIAN_POINT('Ctrl Pts',(76.1460600510069,14.3250639477831,-52.3293395547254));
#6079=CARTESIAN_POINT('Ctrl Pts',(76.1450494652711,14.3398779763773,-52.3293336061946));
#6080=CARTESIAN_POINT('Ctrl Pts',(76.1439232566726,14.3545827002386,-52.3293269833731));
#6081=CARTESIAN_POINT('Ctrl Pts',(76.1433621481695,14.3619090033806,-52.3293236836989));
#6082=CARTESIAN_POINT('Ctrl Pts',(76.1427723298939,14.3692081720969,-52.3293202164356));
#6083=CARTESIAN_POINT('Ctrl Pts',(76.1421519334395,14.3764820933654,-52.3293165734597));
#6084=CARTESIAN_POINT('Ctrl Pts',(76.1415330317587,14.3837384889617,-52.3293129392611));
#6085=CARTESIAN_POINT('Ctrl Pts',(76.1408836991169,14.3909697589791,-52.3293091301968));
#6086=CARTESIAN_POINT('Ctrl Pts',(76.1402020537906,14.3981774576598,-52.3293051375494));
#6087=CARTESIAN_POINT('Ctrl Pts',(76.1388437766132,14.4125398426755,-52.3292971816205));
#6088=CARTESIAN_POINT('Ctrl Pts',(76.1373572348432,14.4268086309674,-52.3292884976579));
#6089=CARTESIAN_POINT('Ctrl Pts',(76.1357246785801,14.4409903639917,-52.3292789470088));
#6090=CARTESIAN_POINT('Ctrl Pts',(76.1341002989004,14.4551010684549,-52.3292694441936));
#6091=CARTESIAN_POINT('Ctrl Pts',(76.1323313615802,14.4691255782545,-52.3292590833005));
#6092=CARTESIAN_POINT('Ctrl Pts',(76.1304013541194,14.4830737608079,-52.3292477514193));
#6093=CARTESIAN_POINT('Ctrl Pts',(76.129440053652,14.4900210885671,-52.329242107222));
#6094=CARTESIAN_POINT('Ctrl Pts',(76.1284387858249,14.4969494839683,-52.3292362219355));
#6095=CARTESIAN_POINT('Ctrl Pts',(76.1273953442282,14.5038603447209,-52.3292300775649));
#6096=CARTESIAN_POINT('Ctrl Pts',(76.1263546154164,14.5107532383174,-52.3292239491688));
#6097=CARTESIAN_POINT('Ctrl Pts',(76.1252719309935,14.5176286882056,-52.3292175630135));
#6098=CARTESIAN_POINT('Ctrl Pts',(76.1241457534088,14.5244881550007,-52.3292109171136));
#6099=CARTESIAN_POINT('Ctrl Pts',(76.1196708947468,14.5517441977615,-52.3291845096774));
#6100=CARTESIAN_POINT('Ctrl Pts',(76.1145101663673,14.578747613039,-52.3291540213987));
#6101=CARTESIAN_POINT('Ctrl Pts',(76.1085105770999,14.6055699289189,-52.3291179511462));
#6102=CARTESIAN_POINT('Ctrl Pts',(76.1055352264766,14.6188718052167,-52.3291000629803));
#6103=CARTESIAN_POINT('Ctrl Pts',(76.1023533530576,14.6321293179531,-52.329080796823));
#6104=CARTESIAN_POINT('Ctrl Pts',(76.0989638552009,14.6453078639796,-52.3290603971452));
#6105=CARTESIAN_POINT('Ctrl Pts',(76.0972761803701,14.6518696325294,-52.3290502398818));
#6106=CARTESIAN_POINT('Ctrl Pts',(76.0955370402005,14.6584117886364,-52.3290398018023));
#6107=CARTESIAN_POINT('Ctrl Pts',(76.0937395837985,14.6649417810683,-52.3290289495722));
#6108=CARTESIAN_POINT('Ctrl Pts',(76.0928427529124,14.668199884515,-52.3290235349123));
#6109=CARTESIAN_POINT('Ctrl Pts',(76.091931398664,14.671454966374,-52.3290180170103));
#6110=CARTESIAN_POINT('Ctrl Pts',(76.0910102857487,14.6747014393848,-52.3290125160494));
#6111=CARTESIAN_POINT('Ctrl Pts',(76.0900904770862,14.6779433155421,-52.3290070228777));
#6112=CARTESIAN_POINT('Ctrl Pts',(76.0891609449303,14.6811765983426,-52.3290015467831));
#6113=CARTESIAN_POINT('Ctrl Pts',(76.0882157740648,14.6844082350403,-52.3289959478683));
#6114=CARTESIAN_POINT('Ctrl Pts',(76.0848280148818,14.6959913331847,-52.3289758797774));
#6115=CARTESIAN_POINT('Ctrl Pts',(76.0812392943358,14.7075533740939,-52.3289542325974));
#6116=CARTESIAN_POINT('Ctrl Pts',(76.0774483746818,14.7190847372867,-52.3289311669197));
#6117=CARTESIAN_POINT('Ctrl Pts',(76.0692643587065,14.7439791874997,-52.3288813716477));
#6118=CARTESIAN_POINT('Ctrl Pts',(76.0603196998321,14.7681916178255,-52.3288270741649));
#6119=CARTESIAN_POINT('Ctrl Pts',(76.0506362048032,14.7918255083921,-52.3287692784325));
#6120=CARTESIAN_POINT('Ctrl Pts',(76.0409253755848,14.8155261117769,-52.3287113195565));
#6121=CARTESIAN_POINT('Ctrl Pts',(76.0304712223414,14.8386457416819,-52.3286498350836));
#6122=CARTESIAN_POINT('Ctrl Pts',(76.0192444782264,14.8612776998423,-52.3285845893158));
#6123=CARTESIAN_POINT('Ctrl Pts',(76.008266547334,14.8834080762097,-52.3285207895602));
#6124=CARTESIAN_POINT('Ctrl Pts',(75.9965495314232,14.9050728448218,-52.3284533846198));
#6125=CARTESIAN_POINT('Ctrl Pts',(75.9840223551992,14.9263376045322,-52.3283810897182));
#6126=CARTESIAN_POINT('Ctrl Pts',(75.9742008545772,14.9430095062433,-52.3283244093931));
#6127=CARTESIAN_POINT('Ctrl Pts',(75.963880508373,14.9594352455164,-52.3282647024617));
#6128=CARTESIAN_POINT('Ctrl Pts',(75.9530093563702,14.9756325578596,-52.328200918572));
#6129=CARTESIAN_POINT('Ctrl Pts',(75.9387494985885,14.9968788223217,-52.3281172522599));
#6130=CARTESIAN_POINT('Ctrl Pts',(75.9235410850581,15.0177338705464,-52.3280265506713));
#6131=CARTESIAN_POINT('Ctrl Pts',(75.907393129645,15.038239301444,-52.3279295183458));
#6132=CARTESIAN_POINT('Ctrl Pts',(75.89728042208,15.051080891655,-52.3278687515485));
#6133=CARTESIAN_POINT('Ctrl Pts',(75.8867987895557,15.0637844856876,-52.3278054910878));
#6134=CARTESIAN_POINT('Ctrl Pts',(75.8759496774412,15.076349788945,-52.3277398912922));
#6135=CARTESIAN_POINT('Ctrl Pts',(75.8617218610274,15.0928282644222,-52.3276538619621));
#6136=CARTESIAN_POINT('Ctrl Pts',(75.8467549252205,15.1091852054189,-52.3275625442024));
#6137=CARTESIAN_POINT('Ctrl Pts',(75.8312414005186,15.125190918172,-52.3274676882236));
#6138=CARTESIAN_POINT('Ctrl Pts',(75.8149697242968,15.1419788358517,-52.3273681965991));
#6139=CARTESIAN_POINT('Ctrl Pts',(75.7980975954548,15.1583794713072,-52.3272648335572));
#6140=CARTESIAN_POINT('Ctrl Pts',(75.7808951854063,15.174160758498,-52.327160787774));
#6141=CARTESIAN_POINT('Ctrl Pts',(75.7691754837574,15.1849122739537,-52.3270899031983));
#6142=CARTESIAN_POINT('Ctrl Pts',(75.7573035359751,15.1953770292173,-52.327018727361));
#6143=CARTESIAN_POINT('Ctrl Pts',(75.7453726339984,15.2054929457814,-52.3269484599594));
#6144=CARTESIAN_POINT('Ctrl Pts',(76.1654769302067,13.31,-52.3371782776699));
#6145=CARTESIAN_POINT('Ctrl Pts',(76.1655075846263,13.31,-52.334602689133));
#6146=CARTESIAN_POINT('Ctrl Pts',(76.1655382390459,13.31,-52.3320271005961));
#6147=CARTESIAN_POINT('Ctrl Pts',(76.1655688934655,13.31,-52.3294515120592));
#6148=CARTESIAN_POINT('Ctrl Pts',(75.6491188707834,13.31,-58.1165905638921));
#6149=CARTESIAN_POINT('Ctrl Pts',(76.0263966859157,13.31,-56.6582507794194));
#6150=CARTESIAN_POINT('Ctrl Pts',(76.1334941348972,13.31,-55.0146394683338));
#6151=CARTESIAN_POINT('Ctrl Pts',(76.1654769302067,13.31,-52.3371782776699));
#6152=CARTESIAN_POINT('Ctrl Pts',(75.6491188707834,13.3681360701853,-58.1165905638921));
#6153=CARTESIAN_POINT('Ctrl Pts',(76.0263969069307,13.3681360701853,-56.6582499654093));
#6154=CARTESIAN_POINT('Ctrl Pts',(76.1334941315757,13.3681360701853,-55.0146396047364));
#6155=CARTESIAN_POINT('Ctrl Pts',(76.1654769302067,13.3681360701853,-52.3371782776699));
#6156=CARTESIAN_POINT('Ctrl Pts',(75.64916280317,13.451320719772,-58.1166024921444));
#6157=CARTESIAN_POINT('Ctrl Pts',(76.0264181269862,13.451320719772,-56.6583455443802));
#6158=CARTESIAN_POINT('Ctrl Pts',(76.1335399823515,13.451320719772,-55.0146266956764));
#6159=CARTESIAN_POINT('Ctrl Pts',(76.1655224396533,13.451320719772,-52.3371793858545));
#6160=CARTESIAN_POINT('Ctrl Pts',(75.6479530617979,13.5435016690428,-58.1162740305722));
#6161=CARTESIAN_POINT('Ctrl Pts',(76.0251587599364,13.5435016690428,-56.6581998568083));
#6162=CARTESIAN_POINT('Ctrl Pts',(76.1322875601596,13.5435016690428,-55.0145655529993));
#6163=CARTESIAN_POINT('Ctrl Pts',(76.1642692716686,13.5435016690428,-52.3371488703845));
#6164=CARTESIAN_POINT('Ctrl Pts',(75.6470689778579,13.5977272950892,-58.1160339895125));
#6165=CARTESIAN_POINT('Ctrl Pts',(76.0242421777136,13.5977272950892,-56.6580795086458));
#6166=CARTESIAN_POINT('Ctrl Pts',(76.1313722282696,13.5977272950892,-55.0145231953823));
#6167=CARTESIAN_POINT('Ctrl Pts',(76.1633534513826,13.5977272950892,-52.3371265695543));
#6168=CARTESIAN_POINT('Ctrl Pts',(75.6467238873393,13.6215070819321,-58.1159402926472));
#6169=CARTESIAN_POINT('Ctrl Pts',(76.0238810189043,13.6215070819321,-56.6580449921465));
#6170=CARTESIAN_POINT('Ctrl Pts',(76.1310149913666,13.6215070819321,-55.0145045737683));
#6171=CARTESIAN_POINT('Ctrl Pts',(76.1629959729995,13.6215070819321,-52.337117864719));
#6172=CARTESIAN_POINT('Ctrl Pts',(75.6438032457761,13.7897740173015,-58.1151472979279));
#6173=CARTESIAN_POINT('Ctrl Pts',(76.0208513730416,13.7897740173015,-56.6576534660374));
#6174=CARTESIAN_POINT('Ctrl Pts',(76.1279911444183,13.7897740173015,-55.0143636276181));
#6175=CARTESIAN_POINT('Ctrl Pts',(76.1599704878948,13.7897740173015,-52.3370441921539));
#6176=CARTESIAN_POINT('Ctrl Pts',(75.6404378381751,14.0554087595583,-58.1142335430566));
#6177=CARTESIAN_POINT('Ctrl Pts',(76.0173546779073,14.0554087595583,-56.6572232501065));
#6178=CARTESIAN_POINT('Ctrl Pts',(76.1245069003526,14.0554087595583,-55.0141977099177));
#6179=CARTESIAN_POINT('Ctrl Pts',(76.1564842707923,14.0554087595583,-52.3369593004595));
#6180=CARTESIAN_POINT('Ctrl Pts',(75.6391514465265,14.1163012335624,-58.1138842698705));
#6181=CARTESIAN_POINT('Ctrl Pts',(76.0160221856513,14.1163012335624,-56.6570437678999));
#6182=CARTESIAN_POINT('Ctrl Pts',(76.1231750233597,14.1163012335624,-55.0141368093019));
#6183=CARTESIAN_POINT('Ctrl Pts',(76.1551517009827,14.1163012335624,-52.3369268515026));
#6184=CARTESIAN_POINT('Ctrl Pts',(75.6377573393974,14.1712489253019,-58.1135057504364));
#6185=CARTESIAN_POINT('Ctrl Pts',(76.014574594795,14.1712489253019,-56.6568622318666));
#6186=CARTESIAN_POINT('Ctrl Pts',(76.1217316751331,14.1712489253019,-55.0140686349865));
#6187=CARTESIAN_POINT('Ctrl Pts',(76.1537075489831,14.1712489253019,-52.3368916854454));
#6188=CARTESIAN_POINT('Ctrl Pts',(75.6369519638764,14.198451660891,-58.1132870798049));
#6189=CARTESIAN_POINT('Ctrl Pts',(76.0137399142638,14.198451660891,-56.6567514931402));
#6190=CARTESIAN_POINT('Ctrl Pts',(76.1208978291029,14.198451660891,-55.0140302335472));
#6191=CARTESIAN_POINT('Ctrl Pts',(76.1528732625465,14.198451660891,-52.3368713700184));
#6192=CARTESIAN_POINT('Ctrl Pts',(75.6358084444347,14.231786535122,-58.1129765984058));
#6193=CARTESIAN_POINT('Ctrl Pts',(76.0125533225909,14.231786535122,-56.6565996490505));
#6194=CARTESIAN_POINT('Ctrl Pts',(76.1197139075512,14.231786535122,-55.013974805859));
#6195=CARTESIAN_POINT('Ctrl Pts',(76.1516886936896,14.231786535122,-52.3368425249826));
#6196=CARTESIAN_POINT('Ctrl Pts',(75.6341796277921,14.2691993326917,-58.1125343520814));
#6197=CARTESIAN_POINT('Ctrl Pts',(76.0108637928787,14.2691993326917,-56.6563810121781));
#6198=CARTESIAN_POINT('Ctrl Pts',(76.1180275329868,14.2691993326917,-55.0138962493521));
#6199=CARTESIAN_POINT('Ctrl Pts',(76.1500014067071,14.2691993326917,-52.3368014384276));
#6200=CARTESIAN_POINT('Ctrl Pts',(75.6308883382061,14.3328833346088,-58.1116407212799));
#6201=CARTESIAN_POINT('Ctrl Pts',(76.0074500671135,14.3328833346088,-56.6559383203109));
#6202=CARTESIAN_POINT('Ctrl Pts',(76.1146199345614,14.3328833346088,-55.0137376640047));
#6203=CARTESIAN_POINT('Ctrl Pts',(76.1465919682662,14.3328833346088,-52.3367184163446));
#6204=CARTESIAN_POINT('Ctrl Pts',(75.614942100761,14.546949907151,-58.1073110964997));
#6205=CARTESIAN_POINT('Ctrl Pts',(75.9909059861398,14.546949907151,-56.6538105849202));
#6206=CARTESIAN_POINT('Ctrl Pts',(76.0981102527001,14.546949907151,-55.012966455733));
#6207=CARTESIAN_POINT('Ctrl Pts',(76.1300733017946,14.546949907151,-52.3363161758812));
#6208=CARTESIAN_POINT('Ctrl Pts',(75.5567828716452,14.8023441801695,-58.0915200586176));
#6209=CARTESIAN_POINT('Ctrl Pts',(75.9305678287485,14.8023441801695,-56.6460446553142));
#6210=CARTESIAN_POINT('Ctrl Pts',(76.0378960021495,14.8023441801695,-55.0101546442912));
#6211=CARTESIAN_POINT('Ctrl Pts',(76.0698263055159,14.8023441801695,-52.3348491216401));
#6212=CARTESIAN_POINT('Ctrl Pts',(75.3943756659136,15.0599983149729,-58.0474242482528));
#6213=CARTESIAN_POINT('Ctrl Pts',(75.7621091431059,15.0599983149729,-56.6242367660638));
#6214=CARTESIAN_POINT('Ctrl Pts',(75.869749738107,15.0599983149729,-55.0023231982785));
#6215=CARTESIAN_POINT('Ctrl Pts',(75.9015890976284,15.0599983149729,-52.3307524342597));
#6216=CARTESIAN_POINT('Ctrl Pts',(75.2964055283017,15.1595151815234,-58.0208239961883));
#6217=CARTESIAN_POINT('Ctrl Pts',(75.6604862540869,15.1595151815234,-56.6110897909512));
#6218=CARTESIAN_POINT('Ctrl Pts',(75.7683176187003,15.1595151815234,-54.9975975737678));
#6219=CARTESIAN_POINT('Ctrl Pts',(75.8001020833426,15.1595151815234,-52.3282811582803));
#6220=CARTESIAN_POINT('Ctrl Pts',(75.202278669165,15.242393785028,-57.9952672475697));
#6221=CARTESIAN_POINT('Ctrl Pts',(75.5628539439985,15.242393785028,-56.5984438039033));
#6222=CARTESIAN_POINT('Ctrl Pts',(75.6708645279243,15.242393785028,-54.9930598037564));
#6223=CARTESIAN_POINT('Ctrl Pts',(75.7025963113724,15.242393785028,-52.3259068281867));
#6224=CARTESIAN_POINT('Ctrl Pts',(75.1194411240034,15.3061292956176,-57.9727757043769));
#6225=CARTESIAN_POINT('Ctrl Pts',(75.476940290167,15.3061292956176,-56.5872817319115));
#6226=CARTESIAN_POINT('Ctrl Pts',(75.5850995562288,15.3061292956176,-54.9890717791186));
#6227=CARTESIAN_POINT('Ctrl Pts',(75.6167851107951,15.3061292956176,-52.3238172686479));
#6228=CARTESIAN_POINT('Ctrl Pts',(74.9403286238473,15.4153495740248,-57.9241441747271));
#6229=CARTESIAN_POINT('Ctrl Pts',(75.2911445140685,15.4153495740248,-56.5632650616317));
#6230=CARTESIAN_POINT('Ctrl Pts',(75.3996578153974,15.4153495740248,-54.9804290235028));
#6231=CARTESIAN_POINT('Ctrl Pts',(75.4312429312578,15.4153495740248,-52.3192991937523));
#6232=CARTESIAN_POINT('Ctrl Pts',(74.6643109812301,15.526622569016,-57.8492015539771));
#6233=CARTESIAN_POINT('Ctrl Pts',(75.0049128558492,15.526622569016,-56.5259412014737));
#6234=CARTESIAN_POINT('Ctrl Pts',(75.1138853472676,15.526622569016,-54.9671628089737));
#6235=CARTESIAN_POINT('Ctrl Pts',(75.1453169631799,15.526622569016,-52.3123367071544));
#6236=CARTESIAN_POINT('Ctrl Pts',(74.4089148935554,15.5632381840529,-57.7798579715953));
#6237=CARTESIAN_POINT('Ctrl Pts',(74.7398672473316,15.5632381840529,-56.4921373155797));
#6238=CARTESIAN_POINT('Ctrl Pts',(74.8494662115813,15.5632381840529,-54.9547651549335));
#6239=CARTESIAN_POINT('Ctrl Pts',(74.8807528109785,15.5632381840529,-52.305894394914));
#6240=CARTESIAN_POINT('Ctrl Pts',(74.2842178433059,15.5716793150925,-57.7460009918136));
#6241=CARTESIAN_POINT('Ctrl Pts',(74.6107259048569,15.5716793150925,-56.4746488995181));
#6242=CARTESIAN_POINT('Ctrl Pts',(74.7203596474843,15.5716793150925,-54.948876838809));
#6243=CARTESIAN_POINT('Ctrl Pts',(74.7515794564387,15.5716793150925,-52.3027489382217));
#6244=CARTESIAN_POINT('',(75.6491188707834,13.31,-58.1165905638921));
#6245=CARTESIAN_POINT('Ctrl Pts',(75.6491188707834,13.31,-58.1165905638921));
#6246=CARTESIAN_POINT('Ctrl Pts',(76.0263966859157,13.31,-56.6582507794194));
#6247=CARTESIAN_POINT('Ctrl Pts',(76.1334941348972,13.31,-55.0146394683338));
#6248=CARTESIAN_POINT('Ctrl Pts',(76.1654769302067,13.31,-52.3371782776699));
#6249=CARTESIAN_POINT('',(74.2842178433059,15.5716793150925,-57.7460009918136));
#6250=CARTESIAN_POINT('Ctrl Pts',(74.2842178433059,15.5716793150925,-57.7460009918136));
#6251=CARTESIAN_POINT('Ctrl Pts',(74.4089148935554,15.5632381840529,-57.7798579715953));
#6252=CARTESIAN_POINT('Ctrl Pts',(74.6643109812301,15.526622569016,-57.8492015539771));
#6253=CARTESIAN_POINT('Ctrl Pts',(74.9403286238473,15.4153495740248,-57.9241441747271));
#6254=CARTESIAN_POINT('Ctrl Pts',(75.1194411240034,15.3061292956176,-57.9727757043769));
#6255=CARTESIAN_POINT('Ctrl Pts',(75.202278669165,15.242393785028,-57.9952672475697));
#6256=CARTESIAN_POINT('Ctrl Pts',(75.2964055283017,15.1595151815234,-58.0208239961883));
#6257=CARTESIAN_POINT('Ctrl Pts',(75.3943756659136,15.0599983149729,-58.0474242482528));
#6258=CARTESIAN_POINT('Ctrl Pts',(75.5567828716452,14.8023441801695,-58.0915200586176));
#6259=CARTESIAN_POINT('Ctrl Pts',(75.614942100761,14.546949907151,-58.1073110964997));
#6260=CARTESIAN_POINT('Ctrl Pts',(75.6308883382061,14.3328833346088,-58.1116407212799));
#6261=CARTESIAN_POINT('Ctrl Pts',(75.6341796277921,14.2691993326917,-58.1125343520814));
#6262=CARTESIAN_POINT('Ctrl Pts',(75.6358084444347,14.231786535122,-58.1129765984058));
#6263=CARTESIAN_POINT('Ctrl Pts',(75.6369519638764,14.198451660891,-58.1132870798049));
#6264=CARTESIAN_POINT('Ctrl Pts',(75.6377573393974,14.1712489253019,-58.1135057504364));
#6265=CARTESIAN_POINT('Ctrl Pts',(75.6391514465265,14.1163012335624,-58.1138842698705));
#6266=CARTESIAN_POINT('Ctrl Pts',(75.6404378381751,14.0554087595583,-58.1142335430566));
#6267=CARTESIAN_POINT('Ctrl Pts',(75.6438032457761,13.7897740173015,-58.1151472979279));
#6268=CARTESIAN_POINT('Ctrl Pts',(75.6467238873393,13.6215070819321,-58.1159402926472));
#6269=CARTESIAN_POINT('Ctrl Pts',(75.6470689778579,13.5977272950892,-58.1160339895125));
#6270=CARTESIAN_POINT('Ctrl Pts',(75.6479530617979,13.5435016690428,-58.1162740305722));
#6271=CARTESIAN_POINT('Ctrl Pts',(75.64916280317,13.451320719772,-58.1166024921444));
#6272=CARTESIAN_POINT('Ctrl Pts',(75.6491188707834,13.3681360701853,-58.1165905638921));
#6273=CARTESIAN_POINT('Ctrl Pts',(75.6491188707834,13.31,-58.1165905638921));
#6274=CARTESIAN_POINT('',(74.7513624087161,15.5716793150925,-52.3210272761301));
#6275=CARTESIAN_POINT('Ctrl Pts',(74.2842178433059,15.5716793150925,-57.7460009918136));
#6276=CARTESIAN_POINT('Ctrl Pts',(74.6099733922514,15.5716793150925,-56.4775790215827));
#6277=CARTESIAN_POINT('Ctrl Pts',(74.7198531433596,15.5716793150925,-54.9559084696866));
#6278=CARTESIAN_POINT('Ctrl Pts',(74.7513623455926,15.5716793150925,-52.3210269188928));
#6279=CARTESIAN_POINT('Ctrl Pts',(75.7453980855857,15.2055229472897,-52.3269486115711));
#6280=CARTESIAN_POINT('Ctrl Pts',(75.6541689398727,15.2829193569354,-52.3264051719293));
#6281=CARTESIAN_POINT('Ctrl Pts',(75.5528720549727,15.3472489190201,-52.3258017601312));
#6282=CARTESIAN_POINT('Ctrl Pts',(75.4511444282912,15.3978254967127,-52.3251957824629));
#6283=CARTESIAN_POINT('Ctrl Pts',(75.1964825482308,15.5244373796634,-52.3236787961993));
#6284=CARTESIAN_POINT('Ctrl Pts',(74.9516087948841,15.5585966033494,-52.3222201164783));
#6285=CARTESIAN_POINT('Ctrl Pts',(74.7513624087197,15.5716793150925,-52.3210272759281));
#6286=CARTESIAN_POINT('Ctrl Pts',(74.3101145913352,13.31,-61.251225584332));
#6287=CARTESIAN_POINT('Ctrl Pts',(74.8910475257738,13.31,-60.3024510975447));
#6288=CARTESIAN_POINT('Ctrl Pts',(75.3574041850628,13.31,-59.244171766812));
#6289=CARTESIAN_POINT('Ctrl Pts',(75.6491188707834,13.31,-58.1165905638921));
#6290=CARTESIAN_POINT('Ctrl Pts',(74.3101145913352,13.3681360701853,-61.251225584332));
#6291=CARTESIAN_POINT('Ctrl Pts',(74.891047830543,13.3681360701853,-60.3024506129613));
#6292=CARTESIAN_POINT('Ctrl Pts',(75.3574040125858,13.3681360701853,-59.2441724020542));
#6293=CARTESIAN_POINT('Ctrl Pts',(75.6491188707834,13.3681360701853,-58.1165905638921));
#6294=CARTESIAN_POINT('Ctrl Pts',(74.3101570801947,13.451319437414,-61.2512523068698));
#6295=CARTESIAN_POINT('Ctrl Pts',(74.8910590001743,13.451319437414,-60.3025271330997));
#6296=CARTESIAN_POINT('Ctrl Pts',(75.3574701768282,13.451319437414,-59.2441202742936));
#6297=CARTESIAN_POINT('Ctrl Pts',(75.6491673106398,13.451319437414,-58.1166037159845));
#6298=CARTESIAN_POINT('Ctrl Pts',(74.3090962827661,13.5434996412063,-61.2505851390488));
#6299=CARTESIAN_POINT('Ctrl Pts',(74.889929771288,13.5434996412063,-60.3019687713573));
#6300=CARTESIAN_POINT('Ctrl Pts',(75.3562995311212,13.5434996412063,-59.2436492784903));
#6301=CARTESIAN_POINT('Ctrl Pts',(75.6479579377466,13.5434996412063,-58.1162753544594));
#6302=CARTESIAN_POINT('Ctrl Pts',(74.3083208862443,13.5977252395492,-61.2500974685531));
#6303=CARTESIAN_POINT('Ctrl Pts',(74.8891095611744,13.5977252395492,-60.3015523545124));
#6304=CARTESIAN_POINT('Ctrl Pts',(75.3554408936396,13.5977252395492,-59.2433158539117));
#6305=CARTESIAN_POINT('Ctrl Pts',(75.6470739390588,13.5977252395492,-58.1160353365468));
#6306=CARTESIAN_POINT('Ctrl Pts',(74.3080182937333,13.6215046747301,-61.2499071589041));
#6307=CARTESIAN_POINT('Ctrl Pts',(74.8887848112521,13.6215046747301,-60.3013972751673));
#6308=CARTESIAN_POINT('Ctrl Pts',(75.3551084594409,13.6215046747301,-59.2431760052414));
#6309=CARTESIAN_POINT('Ctrl Pts',(75.6467289653904,13.6215046747301,-58.115941671408));
#6310=CARTESIAN_POINT('Ctrl Pts',(74.3054565932432,13.7897712241377,-61.2482960274215));
#6311=CARTESIAN_POINT('Ctrl Pts',(74.886072798999,13.7897712241377,-60.3000251395214));
#6312=CARTESIAN_POINT('Ctrl Pts',(75.352273032187,13.7897712241377,-59.2420697504454));
#6313=CARTESIAN_POINT('Ctrl Pts',(75.6438084727029,13.7897712241377,-58.1151487171105));
#6314=CARTESIAN_POINT('Ctrl Pts',(74.3025048500183,14.0554052653061,-61.2464395861798));
#6315=CARTESIAN_POINT('Ctrl Pts',(74.8829400164878,14.0554052653061,-60.2984565509059));
#6316=CARTESIAN_POINT('Ctrl Pts',(75.3490103222724,14.0554052653061,-59.2407787144393));
#6317=CARTESIAN_POINT('Ctrl Pts',(75.6404433078302,14.0554052653061,-58.1142350281432));
#6318=CARTESIAN_POINT('Ctrl Pts',(74.3013765228192,14.1162976490044,-61.2457299468288));
#6319=CARTESIAN_POINT('Ctrl Pts',(74.8817481187359,14.1162976490044,-60.2978479887904));
#6320=CARTESIAN_POINT('Ctrl Pts',(75.3477599376483,14.1162976490044,-59.2402969470934));
#6321=CARTESIAN_POINT('Ctrl Pts',(75.6391569469357,14.1162976490044,-58.1138857633072));
#6322=CARTESIAN_POINT('Ctrl Pts',(74.3001537039325,14.1712452811185,-61.2449608787767));
#6323=CARTESIAN_POINT('Ctrl Pts',(74.8804515483242,14.1712452811185,-60.2971961857287));
#6324=CARTESIAN_POINT('Ctrl Pts',(75.3464075884986,14.1712452811185,-59.2397647100007));
#6325=CARTESIAN_POINT('Ctrl Pts',(75.637762859832,14.1712452811185,-58.1135072493104));
#6326=CARTESIAN_POINT('Ctrl Pts',(74.2994472725755,14.1984480133231,-61.2445165825742));
#6327=CARTESIAN_POINT('Ctrl Pts',(74.879704706747,14.1984480133231,-60.2968161418123));
#6328=CARTESIAN_POINT('Ctrl Pts',(75.345625083469,14.1984480133231,-59.239461811162));
#6329=CARTESIAN_POINT('Ctrl Pts',(75.6369574855815,14.1984480133231,-58.1132885790238));
#6330=CARTESIAN_POINT('Ctrl Pts',(74.2984442454571,14.2317828651162,-61.2438857482614));
#6331=CARTESIAN_POINT('Ctrl Pts',(74.8786422850631,14.2317828651162,-60.2962797449114));
#6332=CARTESIAN_POINT('Ctrl Pts',(75.3445151851732,14.2317828651162,-59.2390275336419));
#6333=CARTESIAN_POINT('Ctrl Pts',(75.6358139743178,14.2317828651162,-58.1129780998452));
#6334=CARTESIAN_POINT('Ctrl Pts',(74.2970155382804,14.2691956513029,-61.2429871907911));
#6335=CARTESIAN_POINT('Ctrl Pts',(74.8771298574407,14.2691956513029,-60.2955143030241));
#6336=CARTESIAN_POINT('Ctrl Pts',(75.3429337526632,14.2691956513029,-59.2384107868449));
#6337=CARTESIAN_POINT('Ctrl Pts',(75.6341851621758,14.2691956513029,-58.1125358547428));
#6338=CARTESIAN_POINT('Ctrl Pts',(74.2941286007635,14.3328796348915,-61.2411715078336));
#6339=CARTESIAN_POINT('Ctrl Pts',(74.8740740862353,14.3328796348915,-60.2939670657814));
#6340=CARTESIAN_POINT('Ctrl Pts',(75.3397380176817,14.3328796348915,-59.2371652515274));
#6341=CARTESIAN_POINT('Ctrl Pts',(75.6308938797094,14.3328796348915,-58.1116422258743));
#6342=CARTESIAN_POINT('Ctrl Pts',(74.2801414477199,14.5469461323058,-61.2323745611535));
#6343=CARTESIAN_POINT('Ctrl Pts',(74.8592625352992,14.5469461323058,-60.2864809124836));
#6344=CARTESIAN_POINT('Ctrl Pts',(75.3242583703963,14.5469461323058,-59.2311173142525));
#6345=CARTESIAN_POINT('Ctrl Pts',(75.6149476836804,14.5469461323058,-58.1073126123393));
#6346=CARTESIAN_POINT('Ctrl Pts',(74.2291273038969,14.8023404099309,-61.2002902119123));
#6347=CARTESIAN_POINT('Ctrl Pts',(74.80524375265,14.8023404099309,-60.2591739416477));
#6348=CARTESIAN_POINT('Ctrl Pts',(75.2677995822981,14.8023404099309,-59.2090636036299));
#6349=CARTESIAN_POINT('Ctrl Pts',(75.5567884903752,14.8023404099309,-58.0915215841803));
#6350=CARTESIAN_POINT('Ctrl Pts',(74.0866720687585,15.0599949472506,-61.1106957745089));
#6351=CARTESIAN_POINT('Ctrl Pts',(74.6544438135112,15.0599949472506,-60.1828475910249));
#6352=CARTESIAN_POINT('Ctrl Pts',(75.1101145336352,15.0599949472506,-59.1475745202647));
#6353=CARTESIAN_POINT('Ctrl Pts',(75.3943809512719,15.0599949472506,-58.0474256833005));
#6354=CARTESIAN_POINT('Ctrl Pts',(74.0007375822867,15.1595121395419,-61.0566489578965));
#6355=CARTESIAN_POINT('Ctrl Pts',(74.5634723559633,15.1595121395419,-60.1368095629024));
#6356=CARTESIAN_POINT('Ctrl Pts',(75.0149946048761,15.1595121395419,-59.1104754243719));
#6357=CARTESIAN_POINT('Ctrl Pts',(75.2964104663091,15.1595121395419,-58.0208253369255));
#6358=CARTESIAN_POINT('Ctrl Pts',(73.9181741845162,15.2423910655794,-61.0047223216717));
#6359=CARTESIAN_POINT('Ctrl Pts',(74.4760751074639,15.2423910655794,-60.0925687536349));
#6360=CARTESIAN_POINT('Ctrl Pts',(74.9236029688443,15.2423910655794,-59.0748431939797));
#6361=CARTESIAN_POINT('Ctrl Pts',(75.2022832252928,15.2423910655794,-57.9952684846214));
#6362=CARTESIAN_POINT('Ctrl Pts',(73.8455134732123,15.3061266466948,-60.9590237866598));
#6363=CARTESIAN_POINT('Ctrl Pts',(74.3991725880897,15.3061266466948,-60.0536146972266));
#6364=CARTESIAN_POINT('Ctrl Pts',(74.8431659384726,15.3061266466948,-59.0435102794534));
#6365=CARTESIAN_POINT('Ctrl Pts',(75.1194456426593,15.3061266466948,-57.9727769312544));
#6366=CARTESIAN_POINT('Ctrl Pts',(73.6884048704956,15.4153473992333,-60.8602133999585));
#6367=CARTESIAN_POINT('Ctrl Pts',(74.2328480645879,15.4153473992333,-59.9694576327683));
#6368=CARTESIAN_POINT('Ctrl Pts',(74.66926821393,15.4153473992333,-58.975669450939));
#6369=CARTESIAN_POINT('Ctrl Pts',(74.9403323828737,15.4153473992333,-57.9241451953548));
#6370=CARTESIAN_POINT('Ctrl Pts',(73.446296446178,15.5266207889555,-60.7079440358576));
#6371=CARTESIAN_POINT('Ctrl Pts',(73.9766549968264,15.5266207889555,-59.8395828642671));
#6372=CARTESIAN_POINT('Ctrl Pts',(74.4012209185524,15.5266207889555,-58.8713695312587));
#6373=CARTESIAN_POINT('Ctrl Pts',(74.6643142123137,15.5266207889555,-57.849202431261));
#6374=CARTESIAN_POINT('Ctrl Pts',(73.2222737794422,15.5632381840529,-60.5670493556986));
#6375=CARTESIAN_POINT('Ctrl Pts',(73.7393260981666,15.5632381840529,-59.7198451046992));
#6376=CARTESIAN_POINT('Ctrl Pts',(74.1533519511471,15.5632381840529,-58.7742903886086));
#6377=CARTESIAN_POINT('Ctrl Pts',(74.4089148935554,15.5632381840529,-57.7798579715953));
#6378=CARTESIAN_POINT('Ctrl Pts',(73.1128961747297,15.5716793150925,-60.4982584478093));
#6379=CARTESIAN_POINT('Ctrl Pts',(73.6238200251032,15.5716793150925,-59.6607984669372));
#6380=CARTESIAN_POINT('Ctrl Pts',(74.0321231645052,15.5716793150925,-58.7276596102142));
#6381=CARTESIAN_POINT('Ctrl Pts',(74.2842178433059,15.5716793150925,-57.7460009918136));
#6382=CARTESIAN_POINT('',(74.3101145913353,13.31,-61.251225584332));
#6383=CARTESIAN_POINT('Ctrl Pts',(74.3101145913352,13.31,-61.251225584332));
#6384=CARTESIAN_POINT('Ctrl Pts',(74.8910475257738,13.31,-60.3024510975447));
#6385=CARTESIAN_POINT('Ctrl Pts',(75.3574041850628,13.31,-59.244171766812));
#6386=CARTESIAN_POINT('Ctrl Pts',(75.6491188707834,13.31,-58.1165905638921));
#6387=CARTESIAN_POINT('',(73.1128961747297,15.5716793150925,-60.4982584478093));
#6388=CARTESIAN_POINT('Ctrl Pts',(73.1128961747297,15.5716793150925,-60.4982584478093));
#6389=CARTESIAN_POINT('Ctrl Pts',(73.2222737794422,15.5632381840529,-60.5670493556986));
#6390=CARTESIAN_POINT('Ctrl Pts',(73.446296446178,15.5266207889555,-60.7079440358576));
#6391=CARTESIAN_POINT('Ctrl Pts',(73.6884048704956,15.4153473992333,-60.8602133999585));
#6392=CARTESIAN_POINT('Ctrl Pts',(73.8455134732123,15.3061266466948,-60.9590237866598));
#6393=CARTESIAN_POINT('Ctrl Pts',(73.9181741845162,15.2423910655794,-61.0047223216717));
#6394=CARTESIAN_POINT('Ctrl Pts',(74.0007375822867,15.1595121395419,-61.0566489578965));
#6395=CARTESIAN_POINT('Ctrl Pts',(74.0866720687585,15.0599949472506,-61.1106957745089));
#6396=CARTESIAN_POINT('Ctrl Pts',(74.2291273038969,14.8023404099309,-61.2002902119123));
#6397=CARTESIAN_POINT('Ctrl Pts',(74.2801414477199,14.5469461323058,-61.2323745611535));
#6398=CARTESIAN_POINT('Ctrl Pts',(74.2941286007635,14.3328796348915,-61.2411715078336));
#6399=CARTESIAN_POINT('Ctrl Pts',(74.2970155382804,14.2691956513029,-61.2429871907911));
#6400=CARTESIAN_POINT('Ctrl Pts',(74.2984442454571,14.2317828651162,-61.2438857482614));
#6401=CARTESIAN_POINT('Ctrl Pts',(74.2994472725755,14.1984480133231,-61.2445165825742));
#6402=CARTESIAN_POINT('Ctrl Pts',(74.3001537039325,14.1712452811185,-61.2449608787767));
#6403=CARTESIAN_POINT('Ctrl Pts',(74.3013765228192,14.1162976490044,-61.2457299468288));
#6404=CARTESIAN_POINT('Ctrl Pts',(74.3025048500183,14.0554052653061,-61.2464395861798));
#6405=CARTESIAN_POINT('Ctrl Pts',(74.3054565932432,13.7897712241377,-61.2482960274215));
#6406=CARTESIAN_POINT('Ctrl Pts',(74.3080182937333,13.6215046747301,-61.2499071589041));
#6407=CARTESIAN_POINT('Ctrl Pts',(74.3083208862443,13.5977252395492,-61.2500974685531));
#6408=CARTESIAN_POINT('Ctrl Pts',(74.3090962827661,13.5434996412063,-61.2505851390488));
#6409=CARTESIAN_POINT('Ctrl Pts',(74.3101570801947,13.451319437414,-61.2512523068698));
#6410=CARTESIAN_POINT('Ctrl Pts',(74.3101145913352,13.3681360701853,-61.251225584332));
#6411=CARTESIAN_POINT('Ctrl Pts',(74.3101145913352,13.31,-61.251225584332));
#6412=CARTESIAN_POINT('Ctrl Pts',(73.1128961747297,15.5716793150925,-60.4982584478093));
#6413=CARTESIAN_POINT('Ctrl Pts',(73.6238200251032,15.5716793150925,-59.6607984669372));
#6414=CARTESIAN_POINT('Ctrl Pts',(74.0321231645052,15.5716793150925,-58.7276596102142));
#6415=CARTESIAN_POINT('Ctrl Pts',(74.2842178433059,15.5716793150925,-57.7460009918136));
#6416=CARTESIAN_POINT('Ctrl Pts',(73.9891119551913,14.5716793150925,-57.66587564749));
#6417=CARTESIAN_POINT('Ctrl Pts',(74.3036894130192,14.5716793150925,-56.4386725567385));
#6418=CARTESIAN_POINT('Ctrl Pts',(74.4141884625811,14.5716793150925,-54.9439016765926));
#6419=CARTESIAN_POINT('Ctrl Pts',(74.4455964159585,14.5716793150925,-52.3192058693996));
#6420=CARTESIAN_POINT('Ctrl Pts',(73.9891119551913,13.8177862100617,-57.66587564749));
#6421=CARTESIAN_POINT('Ctrl Pts',(74.3036894130192,13.8177862100617,-56.4386725567385));
#6422=CARTESIAN_POINT('Ctrl Pts',(74.4141884625811,13.8177862100617,-54.9439016765926));
#6423=CARTESIAN_POINT('Ctrl Pts',(74.4455964159585,13.8177862100617,-52.3192058693996));
#6424=CARTESIAN_POINT('Ctrl Pts',(73.9891119551913,13.0638931050308,-57.66587564749));
#6425=CARTESIAN_POINT('Ctrl Pts',(74.3036894130192,13.0638931050308,-56.4386725567385));
#6426=CARTESIAN_POINT('Ctrl Pts',(74.4141884625811,13.0638931050308,-54.9439016765926));
#6427=CARTESIAN_POINT('Ctrl Pts',(74.4455964159585,13.0638931050308,-52.3192058693996));
#6428=CARTESIAN_POINT('Ctrl Pts',(73.9891119551913,12.31,-57.66587564749));
#6429=CARTESIAN_POINT('Ctrl Pts',(74.3036894130192,12.31,-56.4386725567385));
#6430=CARTESIAN_POINT('Ctrl Pts',(74.4141884625811,12.31,-54.9439016765926));
#6431=CARTESIAN_POINT('Ctrl Pts',(74.4455964159585,12.31,-52.3192058693996));
#6432=CARTESIAN_POINT('',(73.9891119551913,12.31,-57.66587564749));
#6433=CARTESIAN_POINT('Ctrl Pts',(73.9891119551913,12.31,-57.66587564749));
#6434=CARTESIAN_POINT('Ctrl Pts',(73.9891119551913,13.0638931050308,-57.66587564749));
#6435=CARTESIAN_POINT('Ctrl Pts',(73.9891119551913,13.8177862100617,-57.66587564749));
#6436=CARTESIAN_POINT('Ctrl Pts',(73.9891119551913,14.5716793150925,-57.66587564749));
#6437=CARTESIAN_POINT('',(74.4455964159551,12.31,-52.3192058695875));
#6438=CARTESIAN_POINT('Ctrl Pts',(73.9891119551913,12.31,-57.66587564749));
#6439=CARTESIAN_POINT('Ctrl Pts',(74.3036894130192,12.31,-56.4386725567385));
#6440=CARTESIAN_POINT('Ctrl Pts',(74.4141884625811,12.31,-54.9439016765926));
#6441=CARTESIAN_POINT('Ctrl Pts',(74.4455964159585,12.31,-52.3192058693996));
#6442=CARTESIAN_POINT('Ctrl Pts',(74.4455964159584,14.5716793150925,-52.3192058693996));
#6443=CARTESIAN_POINT('Ctrl Pts',(74.4455964159584,14.1947327625771,-52.3192058693996));
#6444=CARTESIAN_POINT('Ctrl Pts',(74.4455964159584,13.8177862100617,-52.3192058693996));
#6445=CARTESIAN_POINT('Ctrl Pts',(74.4455964159584,13.0638931050308,-52.3192058693996));
#6446=CARTESIAN_POINT('Ctrl Pts',(74.4455964159584,12.6869465525154,-52.3192058693996));
#6447=CARTESIAN_POINT('Ctrl Pts',(74.4455964159584,12.31,-52.3192058693996));
#6448=CARTESIAN_POINT('Ctrl Pts',(72.8540450221649,14.5716793150925,-60.3354590718316));
#6449=CARTESIAN_POINT('Ctrl Pts',(73.3498321758012,14.5716793150925,-59.522066452231));
#6450=CARTESIAN_POINT('Ctrl Pts',(73.7455835365764,14.5716793150925,-58.6159842757934));
#6451=CARTESIAN_POINT('Ctrl Pts',(73.9891119551913,14.5716793150925,-57.66587564749));
#6452=CARTESIAN_POINT('Ctrl Pts',(72.8540450221649,13.8177862100617,-60.3354590718316));
#6453=CARTESIAN_POINT('Ctrl Pts',(73.3498321758012,13.8177862100617,-59.522066452231));
#6454=CARTESIAN_POINT('Ctrl Pts',(73.7455835365764,13.8177862100617,-58.6159842757934));
#6455=CARTESIAN_POINT('Ctrl Pts',(73.9891119551913,13.8177862100617,-57.66587564749));
#6456=CARTESIAN_POINT('Ctrl Pts',(72.8540450221649,13.0638931050308,-60.3354590718316));
#6457=CARTESIAN_POINT('Ctrl Pts',(73.3498321758012,13.0638931050308,-59.522066452231));
#6458=CARTESIAN_POINT('Ctrl Pts',(73.7455835365764,13.0638931050308,-58.6159842757934));
#6459=CARTESIAN_POINT('Ctrl Pts',(73.9891119551913,13.0638931050308,-57.66587564749));
#6460=CARTESIAN_POINT('Ctrl Pts',(72.8540450221649,12.31,-60.3354590718316));
#6461=CARTESIAN_POINT('Ctrl Pts',(73.3498321758012,12.31,-59.522066452231));
#6462=CARTESIAN_POINT('Ctrl Pts',(73.7455835365764,12.31,-58.6159842757934));
#6463=CARTESIAN_POINT('Ctrl Pts',(73.9891119551913,12.31,-57.66587564749));
#6464=CARTESIAN_POINT('',(72.8540450221649,12.31,-60.3354590718316));
#6465=CARTESIAN_POINT('Ctrl Pts',(72.8540450221649,12.31,-60.3354590718316));
#6466=CARTESIAN_POINT('Ctrl Pts',(72.8540450221649,13.0638931050308,-60.3354590718316));
#6467=CARTESIAN_POINT('Ctrl Pts',(72.8540450221649,13.8177862100617,-60.3354590718316));
#6468=CARTESIAN_POINT('Ctrl Pts',(72.8540450221649,14.5716793150925,-60.3354590718316));
#6469=CARTESIAN_POINT('Ctrl Pts',(72.8540450221649,12.31,-60.3354590718316));
#6470=CARTESIAN_POINT('Ctrl Pts',(73.3498321758012,12.31,-59.522066452231));
#6471=CARTESIAN_POINT('Ctrl Pts',(73.7455835365764,12.31,-58.6159842757934));
#6472=CARTESIAN_POINT('Ctrl Pts',(73.9891119551913,12.31,-57.66587564749));
#6473=CARTESIAN_POINT('Ctrl Pts',(74.9542486594451,12.31,-57.9279236575847));
#6474=CARTESIAN_POINT('Ctrl Pts',(75.3054369357847,12.31,-56.5657205423795));
#6475=CARTESIAN_POINT('Ctrl Pts',(75.4139201391568,12.31,-54.9833562355223));
#6476=CARTESIAN_POINT('Ctrl Pts',(75.445597097037,12.31,-52.3251627377634));
#6477=CARTESIAN_POINT('Ctrl Pts',(74.9542486594451,12.5466666666667,-57.9279236575847));
#6478=CARTESIAN_POINT('Ctrl Pts',(75.3054369357847,12.5466666666667,-56.5657205423795));
#6479=CARTESIAN_POINT('Ctrl Pts',(75.4139201391568,12.5466666666667,-54.9833562355223));
#6480=CARTESIAN_POINT('Ctrl Pts',(75.445597097037,12.5466666666667,-52.3251627377634));
#6481=CARTESIAN_POINT('Ctrl Pts',(74.9542486594451,12.7833333333333,-57.9279236575847));
#6482=CARTESIAN_POINT('Ctrl Pts',(75.3054369357847,12.7833333333333,-56.5657205423795));
#6483=CARTESIAN_POINT('Ctrl Pts',(75.4139201391568,12.7833333333333,-54.9833562355223));
#6484=CARTESIAN_POINT('Ctrl Pts',(75.445597097037,12.7833333333333,-52.3251627377634));
#6485=CARTESIAN_POINT('Ctrl Pts',(74.9542486594451,13.02,-57.9279236575847));
#6486=CARTESIAN_POINT('Ctrl Pts',(75.3054369357847,13.02,-56.5657205423795));
#6487=CARTESIAN_POINT('Ctrl Pts',(75.4139201391568,13.02,-54.9833562355223));
#6488=CARTESIAN_POINT('Ctrl Pts',(75.445597097037,13.02,-52.3251627377634));
#6489=CARTESIAN_POINT('',(74.9542486594451,13.02,-57.9279236575847));
#6490=CARTESIAN_POINT('',(74.9542486594451,12.31,-57.9279236575847));
#6491=CARTESIAN_POINT('Ctrl Pts',(74.9542486594451,13.02,-57.9279236575847));
#6492=CARTESIAN_POINT('Ctrl Pts',(74.9542486594451,12.7833333333333,-57.9279236575847));
#6493=CARTESIAN_POINT('Ctrl Pts',(74.9542486594451,12.5466666666667,-57.9279236575847));
#6494=CARTESIAN_POINT('Ctrl Pts',(74.9542486594451,12.31,-57.9279236575847));
#6495=CARTESIAN_POINT('',(75.4455970970369,13.02,-52.3251627377688));
#6496=CARTESIAN_POINT('Ctrl Pts',(74.9542486594451,13.02,-57.9279236575847));
#6497=CARTESIAN_POINT('Ctrl Pts',(75.3054369357847,13.02,-56.5657205423795));
#6498=CARTESIAN_POINT('Ctrl Pts',(75.4139201391568,13.02,-54.9833562355223));
#6499=CARTESIAN_POINT('Ctrl Pts',(75.445597097037,13.02,-52.3251627377634));
#6500=CARTESIAN_POINT('',(75.4455970970369,12.31,-52.3251627377688));
#6501=CARTESIAN_POINT('Ctrl Pts',(75.445597097037,12.31,-52.3251627377634));
#6502=CARTESIAN_POINT('Ctrl Pts',(75.445597097037,12.4283333333333,-52.3251627377634));
#6503=CARTESIAN_POINT('Ctrl Pts',(75.445597097037,12.5466666666667,-52.3251627377634));
#6504=CARTESIAN_POINT('Ctrl Pts',(75.445597097037,12.7833333333333,-52.3251627377634));
#6505=CARTESIAN_POINT('Ctrl Pts',(75.445597097037,12.9016666666667,-52.3251627377634));
#6506=CARTESIAN_POINT('Ctrl Pts',(75.445597097037,13.02,-52.3251627377634));
#6507=CARTESIAN_POINT('Ctrl Pts',(74.9542486594451,12.31,-57.9279236575847));
#6508=CARTESIAN_POINT('Ctrl Pts',(75.3054369357847,12.31,-56.5657205423795));
#6509=CARTESIAN_POINT('Ctrl Pts',(75.4139201391568,12.31,-54.9833562355223));
#6510=CARTESIAN_POINT('Ctrl Pts',(75.445597097037,12.31,-52.3251627377634));
#6511=CARTESIAN_POINT('Ctrl Pts',(73.7006114864088,12.31,-60.8678905125918));
#6512=CARTESIAN_POINT('Ctrl Pts',(74.2459028424028,12.31,-59.9757861672237));
#6513=CARTESIAN_POINT('Ctrl Pts',(74.6827044930716,12.31,-58.9812157691326));
#6514=CARTESIAN_POINT('Ctrl Pts',(74.9542486594451,12.31,-57.9279236575847));
#6515=CARTESIAN_POINT('Ctrl Pts',(73.7006114864088,12.5466666666667,-60.8678905125918));
#6516=CARTESIAN_POINT('Ctrl Pts',(74.2459028424028,12.5466666666667,-59.9757861672237));
#6517=CARTESIAN_POINT('Ctrl Pts',(74.6827044930716,12.5466666666667,-58.9812157691326));
#6518=CARTESIAN_POINT('Ctrl Pts',(74.9542486594451,12.5466666666667,-57.9279236575847));
#6519=CARTESIAN_POINT('Ctrl Pts',(73.7006114864088,12.7833333333333,-60.8678905125918));
#6520=CARTESIAN_POINT('Ctrl Pts',(74.2459028424028,12.7833333333333,-59.9757861672237));
#6521=CARTESIAN_POINT('Ctrl Pts',(74.6827044930716,12.7833333333333,-58.9812157691326));
#6522=CARTESIAN_POINT('Ctrl Pts',(74.9542486594451,12.7833333333333,-57.9279236575847));
#6523=CARTESIAN_POINT('Ctrl Pts',(73.7006114864088,13.02,-60.8678905125918));
#6524=CARTESIAN_POINT('Ctrl Pts',(74.2459028424028,13.02,-59.9757861672237));
#6525=CARTESIAN_POINT('Ctrl Pts',(74.6827044930716,13.02,-58.9812157691326));
#6526=CARTESIAN_POINT('Ctrl Pts',(74.9542486594451,13.02,-57.9279236575847));
#6527=CARTESIAN_POINT('',(73.7006114864088,12.31,-60.8678905125918));
#6528=CARTESIAN_POINT('Ctrl Pts',(73.7006114864088,12.31,-60.8678905125918));
#6529=CARTESIAN_POINT('Ctrl Pts',(74.2459028424028,12.31,-59.9757861672237));
#6530=CARTESIAN_POINT('Ctrl Pts',(74.6827044930716,12.31,-58.9812157691326));
#6531=CARTESIAN_POINT('Ctrl Pts',(74.9542486594451,12.31,-57.9279236575847));
#6532=CARTESIAN_POINT('',(73.7006114864088,13.02,-60.8678905125918));
#6533=CARTESIAN_POINT('Ctrl Pts',(73.7006114864088,13.02,-60.8678905125918));
#6534=CARTESIAN_POINT('Ctrl Pts',(73.7006114864088,12.7833333333333,-60.8678905125918));
#6535=CARTESIAN_POINT('Ctrl Pts',(73.7006114864088,12.5466666666667,-60.8678905125918));
#6536=CARTESIAN_POINT('Ctrl Pts',(73.7006114864088,12.31,-60.8678905125918));
#6537=CARTESIAN_POINT('Ctrl Pts',(73.7006114864088,13.02,-60.8678905125918));
#6538=CARTESIAN_POINT('Ctrl Pts',(74.2459028424028,13.02,-59.9757861672237));
#6539=CARTESIAN_POINT('Ctrl Pts',(74.6827044930716,13.02,-58.9812157691326));
#6540=CARTESIAN_POINT('Ctrl Pts',(74.9542486594451,13.02,-57.9279236575847));
#6541=CARTESIAN_POINT('Ctrl Pts',(76.1654769302067,13.02,-52.3371782776698));
#6542=CARTESIAN_POINT('Ctrl Pts',(76.1655075846263,13.02,-52.334602689133));
#6543=CARTESIAN_POINT('Ctrl Pts',(76.1655382390459,13.02,-52.3320271005961));
#6544=CARTESIAN_POINT('Ctrl Pts',(76.1655688934655,13.02,-52.3294515120593));
#6545=CARTESIAN_POINT('Ctrl Pts',(76.1654769302067,13.1166666666667,-52.3371782776698));
#6546=CARTESIAN_POINT('Ctrl Pts',(76.1655075846263,13.1166666666667,-52.334602689133));
#6547=CARTESIAN_POINT('Ctrl Pts',(76.1655382390459,13.1166666666667,-52.3320271005961));
#6548=CARTESIAN_POINT('Ctrl Pts',(76.1655688934655,13.1166666666667,-52.3294515120593));
#6549=CARTESIAN_POINT('Ctrl Pts',(76.1654769302067,13.2133333333333,-52.3371782776698));
#6550=CARTESIAN_POINT('Ctrl Pts',(76.1655075846263,13.2133333333333,-52.334602689133));
#6551=CARTESIAN_POINT('Ctrl Pts',(76.1655382390459,13.2133333333333,-52.3320271005961));
#6552=CARTESIAN_POINT('Ctrl Pts',(76.1655688934655,13.2133333333333,-52.3294515120593));
#6553=CARTESIAN_POINT('Ctrl Pts',(76.1654769302067,13.31,-52.3371782776698));
#6554=CARTESIAN_POINT('Ctrl Pts',(76.1655075846263,13.31,-52.334602689133));
#6555=CARTESIAN_POINT('Ctrl Pts',(76.1655382390459,13.31,-52.3320271005961));
#6556=CARTESIAN_POINT('Ctrl Pts',(76.1655688934655,13.31,-52.3294515120593));
#6557=CARTESIAN_POINT('',(76.1654769302067,13.02,-52.3371782776698));
#6558=CARTESIAN_POINT('Ctrl Pts',(76.1654769302067,13.31,-52.3371782776698));
#6559=CARTESIAN_POINT('Ctrl Pts',(76.1654769302067,13.2133333333333,-52.3371782776698));
#6560=CARTESIAN_POINT('Ctrl Pts',(76.1654769302067,13.1166666666667,-52.3371782776698));
#6561=CARTESIAN_POINT('Ctrl Pts',(76.1654769302067,13.02,-52.3371782776698));
#6562=CARTESIAN_POINT('',(76.1655688934655,13.02,-52.3294515120593));
#6563=CARTESIAN_POINT('Ctrl Pts',(76.1655688934655,13.02,-52.3294515120593));
#6564=CARTESIAN_POINT('Ctrl Pts',(76.1655688934655,13.0683333333333,-52.3294515120593));
#6565=CARTESIAN_POINT('Ctrl Pts',(76.1655688934655,13.1166666666667,-52.3294515120593));
#6566=CARTESIAN_POINT('Ctrl Pts',(76.1655688934655,13.2133333333333,-52.3294515120593));
#6567=CARTESIAN_POINT('Ctrl Pts',(76.1655688934655,13.2616666666667,-52.3294515120593));
#6568=CARTESIAN_POINT('Ctrl Pts',(76.1655688934655,13.31,-52.3294515120593));
#6569=CARTESIAN_POINT('Ctrl Pts',(76.1654769302067,13.02,-52.3371782776698));
#6570=CARTESIAN_POINT('Ctrl Pts',(76.1655075846263,13.02,-52.334602689133));
#6571=CARTESIAN_POINT('Ctrl Pts',(76.1655382390459,13.02,-52.3320271005961));
#6572=CARTESIAN_POINT('Ctrl Pts',(76.1655688934655,13.02,-52.3294515120593));
#6573=CARTESIAN_POINT('Ctrl Pts',(75.6491188707834,13.02,-58.1165905638921));
#6574=CARTESIAN_POINT('Ctrl Pts',(76.0263966859157,13.02,-56.6582507794194));
#6575=CARTESIAN_POINT('Ctrl Pts',(76.1334941348972,13.02,-55.0146394683338));
#6576=CARTESIAN_POINT('Ctrl Pts',(76.1654769302067,13.02,-52.3371782776698));
#6577=CARTESIAN_POINT('Ctrl Pts',(75.6491188707834,13.1166666666667,-58.1165905638921));
#6578=CARTESIAN_POINT('Ctrl Pts',(76.0263966859157,13.1166666666667,-56.6582507794194));
#6579=CARTESIAN_POINT('Ctrl Pts',(76.1334941348972,13.1166666666667,-55.0146394683338));
#6580=CARTESIAN_POINT('Ctrl Pts',(76.1654769302067,13.1166666666667,-52.3371782776698));
#6581=CARTESIAN_POINT('Ctrl Pts',(75.6491188707834,13.2133333333333,-58.1165905638921));
#6582=CARTESIAN_POINT('Ctrl Pts',(76.0263966859157,13.2133333333333,-56.6582507794194));
#6583=CARTESIAN_POINT('Ctrl Pts',(76.1334941348972,13.2133333333333,-55.0146394683338));
#6584=CARTESIAN_POINT('Ctrl Pts',(76.1654769302067,13.2133333333333,-52.3371782776698));
#6585=CARTESIAN_POINT('Ctrl Pts',(75.6491188707834,13.31,-58.1165905638921));
#6586=CARTESIAN_POINT('Ctrl Pts',(76.0263966859157,13.31,-56.6582507794194));
#6587=CARTESIAN_POINT('Ctrl Pts',(76.1334941348972,13.31,-55.0146394683338));
#6588=CARTESIAN_POINT('Ctrl Pts',(76.1654769302067,13.31,-52.3371782776698));
#6589=CARTESIAN_POINT('',(75.6491188707834,13.02,-58.1165905638921));
#6590=CARTESIAN_POINT('Ctrl Pts',(75.6491188707834,13.02,-58.1165905638921));
#6591=CARTESIAN_POINT('Ctrl Pts',(76.0263966859157,13.02,-56.6582507794194));
#6592=CARTESIAN_POINT('Ctrl Pts',(76.1334941348972,13.02,-55.0146394683338));
#6593=CARTESIAN_POINT('Ctrl Pts',(76.1654769302067,13.02,-52.3371782776698));
#6594=CARTESIAN_POINT('Ctrl Pts',(75.6491188707834,13.31,-58.1165905638921));
#6595=CARTESIAN_POINT('Ctrl Pts',(75.6491188707834,13.2133333333333,-58.1165905638921));
#6596=CARTESIAN_POINT('Ctrl Pts',(75.6491188707834,13.1166666666667,-58.1165905638921));
#6597=CARTESIAN_POINT('Ctrl Pts',(75.6491188707834,13.02,-58.1165905638921));
#6598=CARTESIAN_POINT('Ctrl Pts',(74.3101145913353,13.02,-61.251225584332));
#6599=CARTESIAN_POINT('Ctrl Pts',(74.8910475257738,13.02,-60.3024510975447));
#6600=CARTESIAN_POINT('Ctrl Pts',(75.3574041850629,13.02,-59.244171766812));
#6601=CARTESIAN_POINT('Ctrl Pts',(75.6491188707834,13.02,-58.1165905638921));
#6602=CARTESIAN_POINT('Ctrl Pts',(74.3101145913353,13.1166666666667,-61.251225584332));
#6603=CARTESIAN_POINT('Ctrl Pts',(74.8910475257738,13.1166666666667,-60.3024510975447));
#6604=CARTESIAN_POINT('Ctrl Pts',(75.3574041850629,13.1166666666667,-59.244171766812));
#6605=CARTESIAN_POINT('Ctrl Pts',(75.6491188707834,13.1166666666667,-58.1165905638921));
#6606=CARTESIAN_POINT('Ctrl Pts',(74.3101145913353,13.2133333333333,-61.251225584332));
#6607=CARTESIAN_POINT('Ctrl Pts',(74.8910475257738,13.2133333333333,-60.3024510975447));
#6608=CARTESIAN_POINT('Ctrl Pts',(75.3574041850629,13.2133333333333,-59.244171766812));
#6609=CARTESIAN_POINT('Ctrl Pts',(75.6491188707834,13.2133333333333,-58.1165905638921));
#6610=CARTESIAN_POINT('Ctrl Pts',(74.3101145913353,13.31,-61.251225584332));
#6611=CARTESIAN_POINT('Ctrl Pts',(74.8910475257738,13.31,-60.3024510975447));
#6612=CARTESIAN_POINT('Ctrl Pts',(75.3574041850629,13.31,-59.244171766812));
#6613=CARTESIAN_POINT('Ctrl Pts',(75.6491188707834,13.31,-58.1165905638921));
#6614=CARTESIAN_POINT('',(74.3101145913353,13.02,-61.251225584332));
#6615=CARTESIAN_POINT('Ctrl Pts',(74.3101145913353,13.02,-61.251225584332));
#6616=CARTESIAN_POINT('Ctrl Pts',(74.8910475257738,13.02,-60.3024510975447));
#6617=CARTESIAN_POINT('Ctrl Pts',(75.3574041850629,13.02,-59.244171766812));
#6618=CARTESIAN_POINT('Ctrl Pts',(75.6491188707834,13.02,-58.1165905638921));
#6619=CARTESIAN_POINT('Ctrl Pts',(74.3101145913353,13.31,-61.251225584332));
#6620=CARTESIAN_POINT('Ctrl Pts',(74.3101145913353,13.2133333333333,-61.251225584332));
#6621=CARTESIAN_POINT('Ctrl Pts',(74.3101145913353,13.1166666666667,-61.251225584332));
#6622=CARTESIAN_POINT('Ctrl Pts',(74.3101145913353,13.02,-61.251225584332));
#6623=CARTESIAN_POINT('Ctrl Pts',(70.4537400220643,13.31,-2.94259004329815));
#6624=CARTESIAN_POINT('Ctrl Pts',(69.9555116317853,13.31,-2.67751856664552));
#6625=CARTESIAN_POINT('Ctrl Pts',(69.4335115411359,13.31,-2.45491450625078));
#6626=CARTESIAN_POINT('Ctrl Pts',(68.8879650222238,13.31,-2.26992863239962));
#6627=CARTESIAN_POINT('Ctrl Pts',(70.4537400220643,13.3647064076034,-2.94259004329815));
#6628=CARTESIAN_POINT('Ctrl Pts',(69.9554260798286,13.3647064076034,-2.67747243941375));
#6629=CARTESIAN_POINT('Ctrl Pts',(69.433591407732,13.3647064076034,-2.45494208628993));
#6630=CARTESIAN_POINT('Ctrl Pts',(68.8879650222238,13.3647064076034,-2.26992863239962));
#6631=CARTESIAN_POINT('Ctrl Pts',(70.4514451008772,13.6031414599366,-2.94684642267887));
#6632=CARTESIAN_POINT('Ctrl Pts',(69.9534655488877,13.6031414599366,-2.68190911269973));
#6633=CARTESIAN_POINT('Ctrl Pts',(69.4317008280691,13.6031414599366,-2.45940506815348));
#6634=CARTESIAN_POINT('Ctrl Pts',(68.8863866108824,13.6031414599366,-2.27449941420636));
#6635=CARTESIAN_POINT('Ctrl Pts',(70.4497072549489,14.0204074964636,-2.95006959723401));
#6636=CARTESIAN_POINT('Ctrl Pts',(69.9518918447847,14.0204074964636,-2.68522078795437));
#6637=CARTESIAN_POINT('Ctrl Pts',(69.4303523307152,14.0204074964636,-2.46281341059884));
#6638=CARTESIAN_POINT('Ctrl Pts',(68.8851913472985,14.0204074964636,-2.27796067230833));
#6639=CARTESIAN_POINT('Ctrl Pts',(70.4450500381091,14.3298131485745,-2.95870731509558));
#6640=CARTESIAN_POINT('Ctrl Pts',(69.947713872938,14.3298131485745,-2.69411690136526));
#6641=CARTESIAN_POINT('Ctrl Pts',(69.4267017721787,14.3298131485745,-2.47193466568541));
#6642=CARTESIAN_POINT('Ctrl Pts',(68.8819881854992,14.3298131485745,-2.28723642527158));
#6643=CARTESIAN_POINT('Ctrl Pts',(70.4358476740834,14.5240485540815,-2.97577489576646));
#6644=CARTESIAN_POINT('Ctrl Pts',(69.9395005568427,14.5240485540815,-2.71171774912716));
#6645=CARTESIAN_POINT('Ctrl Pts',(69.419449207668,14.5240485540815,-2.48994411615203));
#6646=CARTESIAN_POINT('Ctrl Pts',(68.875658941677,14.5240485540815,-2.30556472269001));
#6647=CARTESIAN_POINT('Ctrl Pts',(70.415561338556,14.7183217628056,-3.01339986552032));
#6648=CARTESIAN_POINT('Ctrl Pts',(69.9213428210109,14.7183217628056,-2.75049040053792));
#6649=CARTESIAN_POINT('Ctrl Pts',(69.4035094359981,14.7183217628056,-2.52966208519179));
#6650=CARTESIAN_POINT('Ctrl Pts',(68.8617063134771,14.7183217628056,-2.34596890470657));
#6651=CARTESIAN_POINT('Ctrl Pts',(70.3674614859801,14.9480775263907,-3.10261043269648));
#6652=CARTESIAN_POINT('Ctrl Pts',(69.8783875971264,14.9480775263907,-2.84247480818443));
#6653=CARTESIAN_POINT('Ctrl Pts',(69.3656243583546,14.9480775263907,-2.62380378160479));
#6654=CARTESIAN_POINT('Ctrl Pts',(68.8286239779043,14.9480775263907,-2.44176911444935));
#6655=CARTESIAN_POINT('Ctrl Pts',(70.3078628441987,15.1098103089185,-3.21314774937264));
#6656=CARTESIAN_POINT('Ctrl Pts',(69.8250827710506,15.1098103089185,-2.95640557495472));
#6657=CARTESIAN_POINT('Ctrl Pts',(69.3187577734052,15.1098103089185,-2.74047708052326));
#6658=CARTESIAN_POINT('Ctrl Pts',(68.787632952745,15.1098103089185,-2.56047139891157));
#6659=CARTESIAN_POINT('Ctrl Pts',(70.219466603615,15.2667018873354,-3.37709583520668));
#6660=CARTESIAN_POINT('Ctrl Pts',(69.7461642348045,15.2667018873354,-3.12546377493582));
#6661=CARTESIAN_POINT('Ctrl Pts',(69.24911234174,15.2667018873354,-2.91347998279328));
#6662=CARTESIAN_POINT('Ctrl Pts',(68.7268353839842,15.2667018873354,-2.73652970127405));
#6663=CARTESIAN_POINT('Ctrl Pts',(70.1397845106869,15.3849038271454,-3.52488183294304));
#6664=CARTESIAN_POINT('Ctrl Pts',(69.6749187497243,15.3849038271454,-3.27779855659507));
#6665=CARTESIAN_POINT('Ctrl Pts',(69.1864322765769,15.3849038271454,-3.06946259172707));
#6666=CARTESIAN_POINT('Ctrl Pts',(68.6720312713681,15.3849038271454,-2.89523208405604));
#6667=CARTESIAN_POINT('Ctrl Pts',(70.0057100852963,15.497656995301,-3.77354903029157));
#6668=CARTESIAN_POINT('Ctrl Pts',(69.555198259014,15.497656995301,-3.53420499564849));
#6669=CARTESIAN_POINT('Ctrl Pts',(69.0808179148704,15.497656995301,-3.33187049376888));
#6670=CARTESIAN_POINT('Ctrl Pts',(68.579816952717,15.497656995301,-3.16226737389002));
#6671=CARTESIAN_POINT('Ctrl Pts',(69.8862363306141,15.5519628799573,-3.99513643331015));
#6672=CARTESIAN_POINT('Ctrl Pts',(69.4484390966109,15.5519628799573,-3.76264775261838));
#6673=CARTESIAN_POINT('Ctrl Pts',(68.9867760687309,15.5519628799573,-3.5657268082546));
#6674=CARTESIAN_POINT('Ctrl Pts',(68.4976447498333,15.5519628799573,-3.40022258881002));
#6675=CARTESIAN_POINT('Ctrl Pts',(69.8216378600993,15.56630090597,-4.11494690849283));
#6676=CARTESIAN_POINT('Ctrl Pts',(69.3906925170903,15.56630090597,-3.88615257654374));
#6677=CARTESIAN_POINT('Ctrl Pts',(68.9359496904538,15.56630090597,-3.69217832734303));
#6678=CARTESIAN_POINT('Ctrl Pts',(68.4532149197068,15.56630090597,-3.52888300444462));
#6679=CARTESIAN_POINT('Ctrl Pts',(69.7825680082532,15.5716793150925,-4.18740957638116));
#6680=CARTESIAN_POINT('Ctrl Pts',(69.3558207524352,15.5716793150925,-3.96087873609433));
#6681=CARTESIAN_POINT('Ctrl Pts',(68.905158946846,15.5716793150925,-3.76864016518738));
#6682=CARTESIAN_POINT('Ctrl Pts',(68.4263432791437,15.5716793150925,-3.60669821179013));
#6683=CARTESIAN_POINT('',(69.7825680082532,15.5716793150925,-4.18740957638117));
#6684=CARTESIAN_POINT('',(70.4537400220643,13.31,-2.94259004329814));
#6685=CARTESIAN_POINT('Ctrl Pts',(69.7825680082532,15.5716793150925,-4.18740957638116));
#6686=CARTESIAN_POINT('Ctrl Pts',(69.8216378600993,15.56630090597,-4.11494690849283));
#6687=CARTESIAN_POINT('Ctrl Pts',(69.8862363306141,15.5519628799573,-3.99513643331015));
#6688=CARTESIAN_POINT('Ctrl Pts',(70.0057100852963,15.497656995301,-3.77354903029157));
#6689=CARTESIAN_POINT('Ctrl Pts',(70.1397845106869,15.3849038271454,-3.52488183294304));
#6690=CARTESIAN_POINT('Ctrl Pts',(70.219466603615,15.2667018873354,-3.37709583520668));
#6691=CARTESIAN_POINT('Ctrl Pts',(70.3078628441987,15.1098103089185,-3.21314774937264));
#6692=CARTESIAN_POINT('Ctrl Pts',(70.3674614859801,14.9480775263907,-3.10261043269648));
#6693=CARTESIAN_POINT('Ctrl Pts',(70.415561338556,14.7183217628056,-3.01339986552032));
#6694=CARTESIAN_POINT('Ctrl Pts',(70.4358476740834,14.5240485540815,-2.97577489576646));
#6695=CARTESIAN_POINT('Ctrl Pts',(70.4450500381091,14.3298131485745,-2.95870731509558));
#6696=CARTESIAN_POINT('Ctrl Pts',(70.4497072549489,14.0204074964636,-2.95006959723401));
#6697=CARTESIAN_POINT('Ctrl Pts',(70.4514451008772,13.6031414599366,-2.94684642267887));
#6698=CARTESIAN_POINT('Ctrl Pts',(70.4537400220643,13.3647064076034,-2.94259004329815));
#6699=CARTESIAN_POINT('Ctrl Pts',(70.4537400220643,13.31,-2.94259004329815));
#6700=CARTESIAN_POINT('',(68.4263432791425,15.5716793150925,-3.60669821179355));
#6701=CARTESIAN_POINT('Ctrl Pts',(69.7825680082532,15.5716793150925,-4.18740957638116));
#6702=CARTESIAN_POINT('Ctrl Pts',(69.3558207524352,15.5716793150925,-3.96087873609433));
#6703=CARTESIAN_POINT('Ctrl Pts',(68.905158946846,15.5716793150925,-3.76864016518738));
#6704=CARTESIAN_POINT('Ctrl Pts',(68.4263432791437,15.5716793150925,-3.60669821179013));
#6705=CARTESIAN_POINT('',(68.8879650222238,13.31,-2.26992863239961));
#6706=CARTESIAN_POINT('Ctrl Pts',(68.8879650222238,13.31,-2.26992863239962));
#6707=CARTESIAN_POINT('Ctrl Pts',(68.8879650222238,13.3647064076034,-2.26992863239962));
#6708=CARTESIAN_POINT('Ctrl Pts',(68.8871758165531,13.48392393377,-2.27221402330299));
#6709=CARTESIAN_POINT('Ctrl Pts',(68.886542161001,13.6269859041587,-2.27404897037507));
#6710=CARTESIAN_POINT('Ctrl Pts',(68.8859085054489,13.7700478745474,-2.27588391744715));
#6711=CARTESIAN_POINT('Ctrl Pts',(68.8854304000153,13.9369542891582,-2.27726842068794));
#6712=CARTESIAN_POINT('Ctrl Pts',(68.8842033109377,14.0957249780654,-2.28082183942262));
#6713=CARTESIAN_POINT('Ctrl Pts',(68.8835897663989,14.175110322519,-2.28259854878996));
#6714=CARTESIAN_POINT('Ctrl Pts',(68.882788975949,14.2524617355467,-2.28491748703077));
#6715=CARTESIAN_POINT('Ctrl Pts',(68.8814844030352,14.318885357133,-2.28869528435381));
#6716=CARTESIAN_POINT('Ctrl Pts',(68.8801798301214,14.3853089787193,-2.29247308167685));
#6717=CARTESIAN_POINT('Ctrl Pts',(68.8783714747437,14.4408048088642,-2.29770973808211));
#6718=CARTESIAN_POINT('Ctrl Pts',(68.875691875437,14.4963049593768,-2.30546935272717));
#6719=CARTESIAN_POINT('Ctrl Pts',(68.8716724764771,14.5795551851456,-2.31710877469474));
#6720=CARTESIAN_POINT('Ctrl Pts',(68.8656927786771,14.6628151317416,-2.33442485270184));
#6721=CARTESIAN_POINT('Ctrl Pts',(68.8558573740532,14.7478141571867,-2.36290633109681));
#6722=CARTESIAN_POINT('Ctrl Pts',(68.8493004376373,14.80448017415,-2.38189398336011));
#6723=CARTESIAN_POINT('Ctrl Pts',(68.8410298537441,14.8619191150463,-2.40584403579581));
#6724=CARTESIAN_POINT('Ctrl Pts',(68.8295089393827,14.9222597247885,-2.43920643277118));
#6725=CARTESIAN_POINT('Ctrl Pts',(68.8122275678406,15.0127706394018,-2.48925002823424));
#6726=CARTESIAN_POINT('Ctrl Pts',(68.787632952745,15.1098103089185,-2.56047139891158));
#6727=CARTESIAN_POINT('Ctrl Pts',(68.7504756926183,15.2056967285527,-2.66807182227882));
#6728=CARTESIAN_POINT('Ctrl Pts',(68.7268353839843,15.2667018873354,-2.73652970127405));
#6729=CARTESIAN_POINT('Ctrl Pts',(68.6994333276762,15.3258028572404,-2.81588089266505));
#6730=CARTESIAN_POINT('Ctrl Pts',(68.6672894357919,15.377903975824,-2.90896354632735));
#6731=CARTESIAN_POINT('Ctrl Pts',(68.6351455439077,15.4300050944076,-3.00204619998964));
#6732=CARTESIAN_POINT('Ctrl Pts',(68.5982598164472,15.4751063616699,-3.10886031592323));
#6733=CARTESIAN_POINT('Ctrl Pts',(68.5624868017079,15.5056560844686,-3.21245222549728));
#6734=CARTESIAN_POINT('Ctrl Pts',(68.5446002943383,15.520930945868,-3.26424818028431));
#6735=CARTESIAN_POINT('Ctrl Pts',(68.5269919651489,15.5325679211515,-3.31523858348146));
#6736=CARTESIAN_POINT('Ctrl Pts',(68.509738814544,15.5418573156117,-3.36520045642829));
#6737=CARTESIAN_POINT('Ctrl Pts',(68.4809835635359,15.5573396397121,-3.448470244673));
#6738=CARTESIAN_POINT('Ctrl Pts',(68.4532149197068,15.56630090597,-3.52888300444463));
#6739=CARTESIAN_POINT('Ctrl Pts',(68.4263432791438,15.5716793150925,-3.60669821179014));
#6740=CARTESIAN_POINT('Ctrl Pts',(70.4537400220643,13.31,-2.94259004329815));
#6741=CARTESIAN_POINT('Ctrl Pts',(69.9555116317853,13.31,-2.67751856664552));
#6742=CARTESIAN_POINT('Ctrl Pts',(69.4335115411359,13.31,-2.45491450625078));
#6743=CARTESIAN_POINT('Ctrl Pts',(68.8879650222238,13.31,-2.26992863239962));
#6744=CARTESIAN_POINT('Ctrl Pts',(72.6087899078994,13.31,-4.50915360830185));
#6745=CARTESIAN_POINT('Ctrl Pts',(71.9774707669349,13.31,-3.89914029331977));
#6746=CARTESIAN_POINT('Ctrl Pts',(71.2375447452955,13.31,-3.35961550536922));
#6747=CARTESIAN_POINT('Ctrl Pts',(70.4537400220642,13.31,-2.94259004329815));
#6748=CARTESIAN_POINT('Ctrl Pts',(72.6087899078994,13.3647064076034,-4.50915360830185));
#6749=CARTESIAN_POINT('Ctrl Pts',(71.9773540192447,13.3647064076034,-3.89902623012158));
#6750=CARTESIAN_POINT('Ctrl Pts',(71.2376897886174,13.3647064076034,-3.35969370868778));
#6751=CARTESIAN_POINT('Ctrl Pts',(70.4537400220642,13.3647064076034,-2.94259004329815));
#6752=CARTESIAN_POINT('Ctrl Pts',(72.6054104913007,13.6031415105435,-4.51261255990562));
#6753=CARTESIAN_POINT('Ctrl Pts',(71.9744309252172,13.6031415105435,-3.90293101163228));
#6754=CARTESIAN_POINT('Ctrl Pts',(71.2348278805091,13.6031415105435,-3.36364454592494));
#6755=CARTESIAN_POINT('Ctrl Pts',(70.4514450334511,13.6031415105435,-2.94684654773376));
#6756=CARTESIAN_POINT('Ctrl Pts',(72.6028514853381,14.0204075496645,-4.51523179240322));
#6757=CARTESIAN_POINT('Ctrl Pts',(71.9720959138854,14.0204075496645,-3.90576908823649));
#6758=CARTESIAN_POINT('Ctrl Pts',(71.2328117560265,14.0204075496645,-3.36671766922181));
#6759=CARTESIAN_POINT('Ctrl Pts',(70.4497071922073,14.0204075496645,-2.95006971360051));
#6760=CARTESIAN_POINT('Ctrl Pts',(72.595993624948,14.3298132273012,-4.52225105342115));
#6761=CARTESIAN_POINT('Ctrl Pts',(71.9658920507633,14.3298132273012,-3.91342730853344));
#6762=CARTESIAN_POINT('Ctrl Pts',(71.2273420248969,14.3298132273012,-3.37491732724112));
#6763=CARTESIAN_POINT('Ctrl Pts',(70.4450499648291,14.3298132273012,-2.95870745100772));
#6764=CARTESIAN_POINT('Ctrl Pts',(72.5824429615855,14.5240486334703,-4.53612063339172));
#6765=CARTESIAN_POINT('Ctrl Pts',(71.9536910825543,14.5240486334703,-3.92861554881717));
#6766=CARTESIAN_POINT('Ctrl Pts',(71.2164628470235,14.5240486334703,-3.39108081403512));
#6767=CARTESIAN_POINT('Ctrl Pts',(70.4358476018741,14.5240486334703,-2.97577502969272));
#6768=CARTESIAN_POINT('Ctrl Pts',(72.5525709260089,14.7183218523398,-4.56669571117413));
#6769=CARTESIAN_POINT('Ctrl Pts',(71.9267238209573,14.7183218523398,-3.96202860831382));
#6770=CARTESIAN_POINT('Ctrl Pts',(71.1925677192989,14.7183218523398,-3.4267600253352));
#6771=CARTESIAN_POINT('Ctrl Pts',(70.4155612656096,14.7183218523398,-3.0134000008136));
#6772=CARTESIAN_POINT('Ctrl Pts',(72.4817429364056,14.9480776091148,-4.63919064663804));
#6773=CARTESIAN_POINT('Ctrl Pts',(71.8629164015383,14.9480776091148,-4.04138268323132));
#6774=CARTESIAN_POINT('Ctrl Pts',(71.135745754494,14.9480776091148,-3.51126786510001));
#6775=CARTESIAN_POINT('Ctrl Pts',(70.3674614161583,14.9480776091148,-3.10261056219468));
#6776=CARTESIAN_POINT('Ctrl Pts',(72.3939827720714,15.1098103650964,-4.72901625774657));
#6777=CARTESIAN_POINT('Ctrl Pts',(71.7837450348684,15.1098103650964,-4.1395996015088));
#6778=CARTESIAN_POINT('Ctrl Pts',(71.0654767035685,15.1098103650964,-3.61605195088594));
#6779=CARTESIAN_POINT('Ctrl Pts',(70.3078627925642,15.1098103650964,-3.21314784513882));
#6780=CARTESIAN_POINT('Ctrl Pts',(72.2638175603971,15.2667019245527,-4.8622449244477));
#6781=CARTESIAN_POINT('Ctrl Pts',(71.6665134851703,15.2667019245527,-4.2854645340418));
#6782=CARTESIAN_POINT('Ctrl Pts',(70.9610121384498,15.2667019245527,-3.77133641254563));
#6783=CARTESIAN_POINT('Ctrl Pts',(70.219466565022,15.2667019245527,-3.37709590678485));
#6784=CARTESIAN_POINT('Ctrl Pts',(72.146484084156,15.3849038641811,-4.98233985916902));
#6785=CARTESIAN_POINT('Ctrl Pts',(71.5606929481647,15.3849038641811,-4.41680767990028));
#6786=CARTESIAN_POINT('Ctrl Pts',(70.867026763782,15.3849038641811,-3.91141048238547));
#6787=CARTESIAN_POINT('Ctrl Pts',(70.1397844707764,15.3849038641811,-3.52488190696478));
#6788=CARTESIAN_POINT('Ctrl Pts',(71.9490568471101,15.4976570088953,-5.18441357167469));
#6789=CARTESIAN_POINT('Ctrl Pts',(71.3828536759436,15.4976570088953,-4.63801895229317));
#6790=CARTESIAN_POINT('Ctrl Pts',(70.7086169464112,15.4976570088953,-4.14695665928985));
#6791=CARTESIAN_POINT('Ctrl Pts',(70.0057100683731,15.4976570088953,-3.77354906167886));
#6792=CARTESIAN_POINT('Ctrl Pts',(71.7731293483342,15.5519628965742,-5.36448154680016));
#6793=CARTESIAN_POINT('Ctrl Pts',(71.2242770284758,15.5519628965742,-4.83503881389459));
#6794=CARTESIAN_POINT('Ctrl Pts',(70.5675870848305,15.5519628965742,-4.35692162184507));
#6795=CARTESIAN_POINT('Ctrl Pts',(69.8862363087357,15.5519628965742,-3.99513647388778));
#6796=CARTESIAN_POINT('Ctrl Pts',(71.6780068417026,15.56630090597,-5.46184277388059));
#6797=CARTESIAN_POINT('Ctrl Pts',(71.1385048918135,15.56630090597,-4.94153540888358));
#6798=CARTESIAN_POINT('Ctrl Pts',(70.4913720575788,15.56630090597,-4.47046872087767));
#6799=CARTESIAN_POINT('Ctrl Pts',(69.8216378600993,15.56630090597,-4.11494690849283));
#6800=CARTESIAN_POINT('Ctrl Pts',(71.6204757040394,15.5716793150925,-5.5207279142808));
#6801=CARTESIAN_POINT('Ctrl Pts',(71.0867026351896,15.5716793150925,-5.00601770064466));
#6802=CARTESIAN_POINT('Ctrl Pts',(70.4451848406242,15.5716793150925,-4.53909390377647));
#6803=CARTESIAN_POINT('Ctrl Pts',(69.7825680082532,15.5716793150925,-4.18740957638117));
#6804=CARTESIAN_POINT('',(72.6087899078994,13.31,-4.50915360830184));
#6805=CARTESIAN_POINT('Ctrl Pts',(72.6087899078994,13.31,-4.50915360830185));
#6806=CARTESIAN_POINT('Ctrl Pts',(71.9774707669349,13.31,-3.89914029331977));
#6807=CARTESIAN_POINT('Ctrl Pts',(71.2375447452955,13.31,-3.35961550536922));
#6808=CARTESIAN_POINT('Ctrl Pts',(70.4537400220642,13.31,-2.94259004329815));
#6809=CARTESIAN_POINT('',(71.6204757040394,15.5716793150925,-5.5207279142808));
#6810=CARTESIAN_POINT('Ctrl Pts',(71.6204757040394,15.5716793150925,-5.5207279142808));
#6811=CARTESIAN_POINT('Ctrl Pts',(71.6780068417026,15.56630090597,-5.46184277388059));
#6812=CARTESIAN_POINT('Ctrl Pts',(71.7731293483342,15.5519628965742,-5.36448154680016));
#6813=CARTESIAN_POINT('Ctrl Pts',(71.9490568471101,15.4976570088953,-5.18441357167469));
#6814=CARTESIAN_POINT('Ctrl Pts',(72.146484084156,15.3849038641811,-4.98233985916902));
#6815=CARTESIAN_POINT('Ctrl Pts',(72.2638175603971,15.2667019245527,-4.8622449244477));
#6816=CARTESIAN_POINT('Ctrl Pts',(72.3939827720714,15.1098103650964,-4.72901625774657));
#6817=CARTESIAN_POINT('Ctrl Pts',(72.4817429364056,14.9480776091148,-4.63919064663804));
#6818=CARTESIAN_POINT('Ctrl Pts',(72.5525709260089,14.7183218523398,-4.56669571117413));
#6819=CARTESIAN_POINT('Ctrl Pts',(72.5824429615855,14.5240486334703,-4.53612063339172));
#6820=CARTESIAN_POINT('Ctrl Pts',(72.595993624948,14.3298132273012,-4.52225105342115));
#6821=CARTESIAN_POINT('Ctrl Pts',(72.6028514853381,14.0204075496645,-4.51523179240322));
#6822=CARTESIAN_POINT('Ctrl Pts',(72.6054104913007,13.6031415105435,-4.51261255990562));
#6823=CARTESIAN_POINT('Ctrl Pts',(72.6087899078994,13.3647064076034,-4.50915360830185));
#6824=CARTESIAN_POINT('Ctrl Pts',(72.6087899078994,13.31,-4.50915360830185));
#6825=CARTESIAN_POINT('Ctrl Pts',(71.6204757040394,15.5716793150925,-5.5207279142808));
#6826=CARTESIAN_POINT('Ctrl Pts',(71.0867026351896,15.5716793150925,-5.00601770064466));
#6827=CARTESIAN_POINT('Ctrl Pts',(70.4451848406242,15.5716793150925,-4.53909390377647));
#6828=CARTESIAN_POINT('Ctrl Pts',(69.7825680082532,15.5716793150925,-4.18740957638117));
#6829=CARTESIAN_POINT('Ctrl Pts',(74.4203922893241,13.31,-6.83258876204972));
#6830=CARTESIAN_POINT('Ctrl Pts',(73.9882751483382,13.31,-6.09738381629982));
#6831=CARTESIAN_POINT('Ctrl Pts',(73.4003442731774,13.31,-5.2739625791666));
#6832=CARTESIAN_POINT('Ctrl Pts',(72.6087899078994,13.31,-4.50915360830185));
#6833=CARTESIAN_POINT('Ctrl Pts',(74.4203922893241,13.3647064076034,-6.83258876204972));
#6834=CARTESIAN_POINT('Ctrl Pts',(73.9882154143866,13.3647064076034,-6.09728086979448));
#6835=CARTESIAN_POINT('Ctrl Pts',(73.4004792408865,13.3647064076034,-5.27409444343315));
#6836=CARTESIAN_POINT('Ctrl Pts',(72.6087899078994,13.3647064076034,-4.50915360830185));
#6837=CARTESIAN_POINT('Ctrl Pts',(74.416202926602,13.6031442819729,-6.83501960892119));
#6838=CARTESIAN_POINT('Ctrl Pts',(73.9842595290922,13.6031442819729,-6.10011409562448));
#6839=CARTESIAN_POINT('Ctrl Pts',(73.3965668735313,13.6031442819729,-5.27704352790356));
#6840=CARTESIAN_POINT('Ctrl Pts',(72.6054050782788,13.6031442819729,-4.51261810032371));
#6841=CARTESIAN_POINT('Ctrl Pts',(74.4130361419739,14.0204104578216,-6.83685711238323));
#6842=CARTESIAN_POINT('Ctrl Pts',(73.9812073513093,14.0204104578216,-6.10214911446699));
#6843=CARTESIAN_POINT('Ctrl Pts',(73.393749292232,14.0204104578216,-5.27940937730367));
#6844=CARTESIAN_POINT('Ctrl Pts',(72.6028464489306,14.0204104578216,-4.51523694734327));
#6845=CARTESIAN_POINT('Ctrl Pts',(74.4045472075352,14.3298175160807,-6.84178275408366));
#6846=CARTESIAN_POINT('Ctrl Pts',(73.9730530345501,14.3298175160807,-6.107651441951));
#6847=CARTESIAN_POINT('Ctrl Pts',(73.3861345265608,14.3298175160807,-5.28569082395456));
#6848=CARTESIAN_POINT('Ctrl Pts',(72.5959877454376,14.3298175160807,-4.52225707130663));
#6849=CARTESIAN_POINT('Ctrl Pts',(74.3877758230743,14.5240529565401,-6.8515142264223));
#6850=CARTESIAN_POINT('Ctrl Pts',(73.9569722215678,14.5240529565401,-6.11857305688708));
#6851=CARTESIAN_POINT('Ctrl Pts',(73.3710236174293,14.5240529565401,-5.29803586006831));
#6852=CARTESIAN_POINT('Ctrl Pts',(72.5824371692121,14.5240529565401,-4.53612656208937));
#6853=CARTESIAN_POINT('Ctrl Pts',(74.3508034990856,14.7183267191354,-6.87296714517377));
#6854=CARTESIAN_POINT('Ctrl Pts',(73.9214861250854,14.7183267191354,-6.14258736532711));
#6855=CARTESIAN_POINT('Ctrl Pts',(73.3377934258022,14.7183267191354,-5.32533010660853));
#6856=CARTESIAN_POINT('Ctrl Pts',(72.5525650799038,14.7183267191354,-4.56670169486811));
#6857=CARTESIAN_POINT('Ctrl Pts',(74.263140862514,14.9480821068252,-6.92383274454722));
#6858=CARTESIAN_POINT('Ctrl Pts',(73.8374155630058,14.9480821068252,-6.19964360679691));
#6859=CARTESIAN_POINT('Ctrl Pts',(73.2588494640644,14.9480821068252,-5.38989518668627));
#6860=CARTESIAN_POINT('Ctrl Pts',(72.4817373410398,14.9480821068252,-4.63919637369154));
#6861=CARTESIAN_POINT('Ctrl Pts',(74.1545229763695,15.1098134189715,-6.98685747318293));
#6862=CARTESIAN_POINT('Ctrl Pts',(73.7331921348893,15.1098134189715,-6.27024181892206));
#6863=CARTESIAN_POINT('Ctrl Pts',(73.1611615682313,15.1098134189715,-5.47001842046975));
#6864=CARTESIAN_POINT('Ctrl Pts',(72.3939786381684,15.1098134189715,-4.72902048894152));
#6865=CARTESIAN_POINT('Ctrl Pts',(73.9934203606303,15.2667039489518,-7.08033607969858));
#6866=CARTESIAN_POINT('Ctrl Pts',(73.5787070268531,15.2667039489518,-6.37512515043692));
#6867=CARTESIAN_POINT('Ctrl Pts',(73.0160452712856,15.2667039489518,-5.58863769512365));
#6868=CARTESIAN_POINT('Ctrl Pts',(72.2638144719496,15.2667039489518,-4.86224808558224));
#6869=CARTESIAN_POINT('Ctrl Pts',(73.8481980048853,15.3849058791093,-7.16460028228573));
#6870=CARTESIAN_POINT('Ctrl Pts',(73.4393752660698,15.3849058791093,-6.46954130427766));
#6871=CARTESIAN_POINT('Ctrl Pts',(72.8854020046045,15.3849058791093,-5.69572909428887));
#6872=CARTESIAN_POINT('Ctrl Pts',(72.1464808907091,15.3849058791093,-4.98234312777409));
#6873=CARTESIAN_POINT('Ctrl Pts',(73.6038469755864,15.4976577496045,-7.306383167776));
#6874=CARTESIAN_POINT('Ctrl Pts',(73.2050464182963,15.4976577496045,-6.62859658737128));
#6875=CARTESIAN_POINT('Ctrl Pts',(72.6653316814286,15.4976577496045,-5.87567669539247));
#6876=CARTESIAN_POINT('Ctrl Pts',(71.9490554929433,15.4976577496045,-5.18441495771191));
#6877=CARTESIAN_POINT('Ctrl Pts',(73.3861031453252,15.5519638025565,-7.43272742194471));
#6878=CARTESIAN_POINT('Ctrl Pts',(72.996180150507,15.5519638025565,-6.7702405832555));
#6879=CARTESIAN_POINT('Ctrl Pts',(72.4693451053363,15.5519638025565,-6.03614762415663));
#6880=CARTESIAN_POINT('Ctrl Pts',(71.7731275976376,15.5519638025565,-5.36448333869964));
#6881=CARTESIAN_POINT('Ctrl Pts',(73.2683733350605,15.56630090597,-7.50103927745622));
#6882=CARTESIAN_POINT('Ctrl Pts',(72.8832344567138,15.56630090597,-6.84679746622607));
#6883=CARTESIAN_POINT('Ctrl Pts',(72.3634147307193,15.56630090597,-6.12294599662713));
#6884=CARTESIAN_POINT('Ctrl Pts',(71.6780068417026,15.56630090597,-5.46184277388059));
#6885=CARTESIAN_POINT('Ctrl Pts',(73.1971677411307,15.5716793150925,-7.54235579901695));
#6886=CARTESIAN_POINT('Ctrl Pts',(72.8149600445696,15.5716793150925,-6.89316563618507));
#6887=CARTESIAN_POINT('Ctrl Pts',(72.2992606444763,15.5716793150925,-6.17536047628182));
#6888=CARTESIAN_POINT('Ctrl Pts',(71.6204757040394,15.5716793150925,-5.5207279142808));
#6889=CARTESIAN_POINT('',(74.4203922893241,13.31,-6.83258876204972));
#6890=CARTESIAN_POINT('Ctrl Pts',(74.4203922893241,13.31,-6.83258876204972));
#6891=CARTESIAN_POINT('Ctrl Pts',(73.9882751483382,13.31,-6.09738381629982));
#6892=CARTESIAN_POINT('Ctrl Pts',(73.4003442731774,13.31,-5.2739625791666));
#6893=CARTESIAN_POINT('Ctrl Pts',(72.6087899078994,13.31,-4.50915360830185));
#6894=CARTESIAN_POINT('',(73.1971677411307,15.5716793150925,-7.54235579901695));
#6895=CARTESIAN_POINT('Ctrl Pts',(73.1971677411307,15.5716793150925,-7.54235579901695));
#6896=CARTESIAN_POINT('Ctrl Pts',(73.2683733350605,15.56630090597,-7.50103927745622));
#6897=CARTESIAN_POINT('Ctrl Pts',(73.3861031453252,15.5519638025565,-7.43272742194471));
#6898=CARTESIAN_POINT('Ctrl Pts',(73.6038469755864,15.4976577496045,-7.306383167776));
#6899=CARTESIAN_POINT('Ctrl Pts',(73.8481980048853,15.3849058791093,-7.16460028228573));
#6900=CARTESIAN_POINT('Ctrl Pts',(73.9934203606303,15.2667039489518,-7.08033607969858));
#6901=CARTESIAN_POINT('Ctrl Pts',(74.1545229763695,15.1098134189715,-6.98685747318293));
#6902=CARTESIAN_POINT('Ctrl Pts',(74.263140862514,14.9480821068252,-6.92383274454722));
#6903=CARTESIAN_POINT('Ctrl Pts',(74.3508034990856,14.7183267191354,-6.87296714517377));
#6904=CARTESIAN_POINT('Ctrl Pts',(74.3877758230743,14.5240529565401,-6.8515142264223));
#6905=CARTESIAN_POINT('Ctrl Pts',(74.4045472075352,14.3298175160807,-6.84178275408366));
#6906=CARTESIAN_POINT('Ctrl Pts',(74.4130361419739,14.0204104578216,-6.83685711238323));
#6907=CARTESIAN_POINT('Ctrl Pts',(74.416202926602,13.6031442819729,-6.83501960892119));
#6908=CARTESIAN_POINT('Ctrl Pts',(74.4203922893241,13.3647064076034,-6.83258876204972));
#6909=CARTESIAN_POINT('Ctrl Pts',(74.4203922893241,13.31,-6.83258876204972));
#6910=CARTESIAN_POINT('Ctrl Pts',(73.1971677411307,15.5716793150925,-7.54235579901695));
#6911=CARTESIAN_POINT('Ctrl Pts',(72.8149600445696,15.5716793150925,-6.89316563618507));
#6912=CARTESIAN_POINT('Ctrl Pts',(72.2992606444763,15.5716793150925,-6.17536047628182));
#6913=CARTESIAN_POINT('Ctrl Pts',(71.6204757040394,15.5716793150925,-5.5207279142808));
#6914=CARTESIAN_POINT('Ctrl Pts',(75.5845715654265,13.31,-9.5448033931817));
#6915=CARTESIAN_POINT('Ctrl Pts',(75.369359909897,13.31,-8.7828943643485));
#6916=CARTESIAN_POINT('Ctrl Pts',(75.0204600986029,13.31,-7.85353471992926));
#6917=CARTESIAN_POINT('Ctrl Pts',(74.4203922893241,13.31,-6.83258876204972));
#6918=CARTESIAN_POINT('Ctrl Pts',(75.5845715654265,13.3647064076034,-9.5448033931817));
#6919=CARTESIAN_POINT('Ctrl Pts',(75.3693285196363,13.3647064076034,-8.78278081347677));
#6920=CARTESIAN_POINT('Ctrl Pts',(75.0205411795296,13.3647064076034,-7.85367445617332));
#6921=CARTESIAN_POINT('Ctrl Pts',(74.4203922893241,13.3647064076034,-6.83258876204972));
#6922=CARTESIAN_POINT('Ctrl Pts',(75.5798910922752,13.6031488017488,-9.54609727380257));
#6923=CARTESIAN_POINT('Ctrl Pts',(75.3647707391434,13.6031488017488,-8.78451852151419));
#6924=CARTESIAN_POINT('Ctrl Pts',(75.0160240961676,13.6031488017488,-7.85556539698856));
#6925=CARTESIAN_POINT('Ctrl Pts',(74.4161921206425,13.6031488017488,-6.83502587899955));
#6926=CARTESIAN_POINT('Ctrl Pts',(75.5763630151863,14.020415179222,-9.54707258344045));
#6927=CARTESIAN_POINT('Ctrl Pts',(75.3613028880841,14.020415179222,-8.78571169229812));
#6928=CARTESIAN_POINT('Ctrl Pts',(75.0127025024535,14.020415179222,-7.85713436167832));
#6929=CARTESIAN_POINT('Ctrl Pts',(74.4130260905391,14.020415179222,-6.83686294465419));
#6930=CARTESIAN_POINT('Ctrl Pts',(75.5669014811283,14.3298244200901,-9.54968815138963));
#6931=CARTESIAN_POINT('Ctrl Pts',(75.3520171960038,14.3298244200901,-8.78896334957571));
#6932=CARTESIAN_POINT('Ctrl Pts',(75.0037577003538,14.3298244200901,-7.86127819694596));
#6933=CARTESIAN_POINT('Ctrl Pts',(74.4045354876138,14.3298244200901,-6.84178955448167));
#6934=CARTESIAN_POINT('Ctrl Pts',(75.5482124286169,14.5240599085891,-9.55485459548317));
#6935=CARTESIAN_POINT('Ctrl Pts',(75.3336910396031,14.5240599085891,-8.79544253108549));
#6936=CARTESIAN_POINT('Ctrl Pts',(74.9860491364057,14.5240599085891,-7.86939410402428));
#6937=CARTESIAN_POINT('Ctrl Pts',(74.3877642829707,14.5240599085891,-6.85152092248236));
#6938=CARTESIAN_POINT('Ctrl Pts',(75.5070120963781,14.7183345104249,-9.56624410883683));
#6939=CARTESIAN_POINT('Ctrl Pts',(75.2932717216379,14.7183345104249,-8.80965727906983));
#6940=CARTESIAN_POINT('Ctrl Pts',(74.9470593752531,14.7183345104249,-7.88737032210614));
#6941=CARTESIAN_POINT('Ctrl Pts',(74.3507918787828,14.7183345104249,-6.87297388776887));
#6942=CARTESIAN_POINT('Ctrl Pts',(75.4093254776872,14.9480893116181,-9.5932488194204));
#6943=CARTESIAN_POINT('Ctrl Pts',(75.1974727422473,14.9480893116181,-8.84349032058443));
#6944=CARTESIAN_POINT('Ctrl Pts',(74.8545214734238,14.9480893116181,-7.92983265474187));
#6945=CARTESIAN_POINT('Ctrl Pts',(74.263129742248,14.9480893116181,-6.92383919699961));
#6946=CARTESIAN_POINT('Ctrl Pts',(75.2882900023685,15.1098183088137,-9.62670814092341));
#6947=CARTESIAN_POINT('Ctrl Pts',(75.0787465597052,15.1098183088137,-8.88530325884669));
#6948=CARTESIAN_POINT('Ctrl Pts',(74.7399416169122,15.1098183088137,-7.98257568597414));
#6949=CARTESIAN_POINT('Ctrl Pts',(74.1545147803923,15.1098183088137,-6.98686222883824));
#6950=CARTESIAN_POINT('Ctrl Pts',(75.1087670374691,15.2667071953532,-9.67633587679122));
#6951=CARTESIAN_POINT('Ctrl Pts',(74.9027011027579,15.2667071953532,-8.94751050347302));
#6952=CARTESIAN_POINT('Ctrl Pts',(74.5698586905047,15.2667071953532,-8.0605726824628));
#6953=CARTESIAN_POINT('Ctrl Pts',(73.9934142440955,15.2667071953532,-7.0803396287728));
#6954=CARTESIAN_POINT('Ctrl Pts',(74.946937751152,15.3849091119317,-9.72107233199359));
#6955=CARTESIAN_POINT('Ctrl Pts',(74.7439673309065,15.3849091119317,-9.00344464732808));
#6956=CARTESIAN_POINT('Ctrl Pts',(74.4166404266297,15.3849091119317,-8.13105707541252));
#6957=CARTESIAN_POINT('Ctrl Pts',(73.8481916825763,15.3849091119317,-7.16460395075891));
#6958=CARTESIAN_POINT('Ctrl Pts',(74.6746483559477,15.4976589424928,-9.7963446304005));
#6959=CARTESIAN_POINT('Ctrl Pts',(74.476944603686,15.4976589424928,-9.09776854732531));
#6960=CARTESIAN_POINT('Ctrl Pts',(74.1586892546079,15.4976589424928,-8.24939285644504));
#6961=CARTESIAN_POINT('Ctrl Pts',(73.603844294375,15.4976589424928,-7.30638472352917));
#6962=CARTESIAN_POINT('Ctrl Pts',(74.432003856661,15.5519652639357,-9.86342182649694));
#6963=CARTESIAN_POINT('Ctrl Pts',(74.2389652737466,15.5519652639357,-9.18172148877525));
#6964=CARTESIAN_POINT('Ctrl Pts',(73.9288945240341,15.5519652639357,-8.35497019355972));
#6965=CARTESIAN_POINT('Ctrl Pts',(73.3860996788799,15.5519652639357,-7.43272943332406));
#6966=CARTESIAN_POINT('Ctrl Pts',(74.3008150799193,15.56630090597,-9.89968794968966));
#6967=CARTESIAN_POINT('Ctrl Pts',(74.1102905557441,15.56630090597,-9.22708194744233));
#6968=CARTESIAN_POINT('Ctrl Pts',(73.8046743758384,15.56630090597,-8.41208850510362));
#6969=CARTESIAN_POINT('Ctrl Pts',(73.2683733350605,15.56630090597,-7.50103927745622));
#6970=CARTESIAN_POINT('Ctrl Pts',(74.2214668689602,15.5716793150925,-9.9216231492184));
#6971=CARTESIAN_POINT('Ctrl Pts',(74.0324826842038,15.5716793150925,-9.25458915815726));
#6972=CARTESIAN_POINT('Ctrl Pts',(73.7294900909171,15.5716793150925,-8.44654808313634));
#6973=CARTESIAN_POINT('Ctrl Pts',(73.1971677411307,15.5716793150925,-7.54235579901695));
#6974=CARTESIAN_POINT('',(75.5845715654265,13.31,-9.5448033931817));
#6975=CARTESIAN_POINT('Ctrl Pts',(75.5845715654265,13.31,-9.5448033931817));
#6976=CARTESIAN_POINT('Ctrl Pts',(75.369359909897,13.31,-8.7828943643485));
#6977=CARTESIAN_POINT('Ctrl Pts',(75.0204600986029,13.31,-7.85353471992926));
#6978=CARTESIAN_POINT('Ctrl Pts',(74.4203922893241,13.31,-6.83258876204972));
#6979=CARTESIAN_POINT('',(74.2214668689602,15.5716793150925,-9.92162314921841));
#6980=CARTESIAN_POINT('Ctrl Pts',(74.2214668689602,15.5716793150925,-9.9216231492184));
#6981=CARTESIAN_POINT('Ctrl Pts',(74.3008150799193,15.56630090597,-9.89968794968966));
#6982=CARTESIAN_POINT('Ctrl Pts',(74.432003856661,15.5519652639357,-9.86342182649694));
#6983=CARTESIAN_POINT('Ctrl Pts',(74.6746483559477,15.4976589424928,-9.7963446304005));
#6984=CARTESIAN_POINT('Ctrl Pts',(74.946937751152,15.3849091119317,-9.72107233199359));
#6985=CARTESIAN_POINT('Ctrl Pts',(75.1087670374691,15.2667071953532,-9.67633587679122));
#6986=CARTESIAN_POINT('Ctrl Pts',(75.2882900023685,15.1098183088137,-9.62670814092341));
#6987=CARTESIAN_POINT('Ctrl Pts',(75.4093254776872,14.9480893116181,-9.5932488194204));
#6988=CARTESIAN_POINT('Ctrl Pts',(75.5070120963781,14.7183345104249,-9.56624410883683));
#6989=CARTESIAN_POINT('Ctrl Pts',(75.5482124286169,14.5240599085891,-9.55485459548317));
#6990=CARTESIAN_POINT('Ctrl Pts',(75.5669014811283,14.3298244200901,-9.54968815138963));
#6991=CARTESIAN_POINT('Ctrl Pts',(75.5763630151863,14.020415179222,-9.54707258344045));
#6992=CARTESIAN_POINT('Ctrl Pts',(75.5798910922752,13.6031488017488,-9.54609727380257));
#6993=CARTESIAN_POINT('Ctrl Pts',(75.5845715654265,13.3647064076034,-9.5448033931817));
#6994=CARTESIAN_POINT('Ctrl Pts',(75.5845715654265,13.31,-9.5448033931817));
#6995=CARTESIAN_POINT('Ctrl Pts',(74.2214668689602,15.5716793150925,-9.9216231492184));
#6996=CARTESIAN_POINT('Ctrl Pts',(74.0324826842038,15.5716793150925,-9.25458915815726));
#6997=CARTESIAN_POINT('Ctrl Pts',(73.7294900909171,15.5716793150925,-8.44654808313634));
#6998=CARTESIAN_POINT('Ctrl Pts',(73.1971677411307,15.5716793150925,-7.54235579901695));
#6999=CARTESIAN_POINT('Ctrl Pts',(75.8646216609293,13.31,-10.8004747511407));
#7000=CARTESIAN_POINT('Ctrl Pts',(75.8065393404591,13.31,-10.4560753414587));
#7001=CARTESIAN_POINT('Ctrl Pts',(75.7266637057602,13.31,-10.0478225800284));
#7002=CARTESIAN_POINT('Ctrl Pts',(75.5845715654265,13.31,-9.5448033931817));
#7003=CARTESIAN_POINT('Ctrl Pts',(75.8646216609293,13.3647064076034,-10.8004747511407));
#7004=CARTESIAN_POINT('Ctrl Pts',(75.8065358905428,13.3647064076034,-10.4560541549323));
#7005=CARTESIAN_POINT('Ctrl Pts',(75.7266757763205,13.3647064076034,-10.0478662439744));
#7006=CARTESIAN_POINT('Ctrl Pts',(75.5845715654265,13.3647064076034,-9.5448033931817));
#7007=CARTESIAN_POINT('Ctrl Pts',(75.8609840829699,13.6004181012242,-10.8010670775697));
#7008=CARTESIAN_POINT('Ctrl Pts',(75.80291414485,13.6004181012242,-10.4567437100194));
#7009=CARTESIAN_POINT('Ctrl Pts',(75.7230681277684,13.6004181012242,-10.0486478558622));
#7010=CARTESIAN_POINT('Ctrl Pts',(75.5810193107772,13.6004181012242,-9.5457853865192));
#7011=CARTESIAN_POINT('Ctrl Pts',(75.8553817951688,14.0036985527139,-10.801979328294));
#7012=CARTESIAN_POINT('Ctrl Pts',(75.7973288825555,14.0036985527139,-10.4577605172935));
#7013=CARTESIAN_POINT('Ctrl Pts',(75.7175376788543,14.0036985527139,-10.0499447546542));
#7014=CARTESIAN_POINT('Ctrl Pts',(75.575548430672,14.0036985527139,-9.54729776903235));
#7015=CARTESIAN_POINT('Ctrl Pts',(75.8501584821205,14.2303614522988,-10.8028298685162));
#7016=CARTESIAN_POINT('Ctrl Pts',(75.7921217473551,14.2303614522988,-10.4587104084484));
#7017=CARTESIAN_POINT('Ctrl Pts',(75.7123802812185,14.2303614522988,-10.051150074585));
#7018=CARTESIAN_POINT('Ctrl Pts',(75.5704476360586,14.2303614522988,-9.54870784427219));
#7019=CARTESIAN_POINT('Ctrl Pts',(75.8420598710146,14.3720742073128,-10.8041486090217));
#7020=CARTESIAN_POINT('Ctrl Pts',(75.7840512778482,14.3720742073128,-10.4602019713285));
#7021=CARTESIAN_POINT('Ctrl Pts',(75.7043731699908,14.3720742073128,-10.0529801847893));
#7022=CARTESIAN_POINT('Ctrl Pts',(75.5625389866013,14.3720742073128,-9.55089412927788));
#7023=CARTESIAN_POINT('Ctrl Pts',(75.8279850540838,14.5212587528707,-10.8064404873392));
#7024=CARTESIAN_POINT('Ctrl Pts',(75.7700221798036,14.5212587528707,-10.46277461715));
#7025=CARTESIAN_POINT('Ctrl Pts',(75.6904685319059,14.5212587528707,-10.0562011523292));
#7026=CARTESIAN_POINT('Ctrl Pts',(75.5487943096651,14.5212587528707,-9.55469373896549));
#7027=CARTESIAN_POINT('Ctrl Pts',(75.7851050771846,14.7181285664235,-10.8134228651412));
#7028=CARTESIAN_POINT('Ctrl Pts',(75.7272837014748,14.7181285664235,-10.4706259618851));
#7029=CARTESIAN_POINT('Ctrl Pts',(75.6480992761449,14.7181285664235,-10.0659860659749));
#7030=CARTESIAN_POINT('Ctrl Pts',(75.506920128821,14.7181285664235,-9.56626953255703));
#7031=CARTESIAN_POINT('Ctrl Pts',(75.6854057863475,14.9466915694768,-10.8296574381415));
#7032=CARTESIAN_POINT('Ctrl Pts',(75.6279156415419,14.9466915694768,-10.4888946805482));
#7033=CARTESIAN_POINT('Ctrl Pts',(75.5495796295551,14.9466915694768,-10.0887084573182));
#7034=CARTESIAN_POINT('Ctrl Pts',(75.4095593922617,14.9466915694768,-9.5931841555445));
#7035=CARTESIAN_POINT('Ctrl Pts',(75.5612196070622,15.1094089322184,-10.8498793431954));
#7036=CARTESIAN_POINT('Ctrl Pts',(75.5041387518319,15.1094089322184,-10.5116301029218));
#7037=CARTESIAN_POINT('Ctrl Pts',(75.4268743493428,15.1094089322184,-10.1170533291558));
#7038=CARTESIAN_POINT('Ctrl Pts',(75.2882861336036,15.1094089322184,-9.62670921041357));
#7039=CARTESIAN_POINT('Ctrl Pts',(75.3773861653821,15.2664195858507,-10.87981393354));
#7040=CARTESIAN_POINT('Ctrl Pts',(75.3209185883956,15.2664195858507,-10.545330939905));
#7041=CARTESIAN_POINT('Ctrl Pts',(75.2452071823881,15.2664195858507,-10.1589186704247));
#7042=CARTESIAN_POINT('Ctrl Pts',(75.1087647033515,15.2664195858507,-9.67633652204002));
#7043=CARTESIAN_POINT('Ctrl Pts',(75.2116298848378,15.3845776074513,-10.9068049222839));
#7044=CARTESIAN_POINT('Ctrl Pts',(75.1557093909747,15.3845776074513,-10.5756816597256));
#7045=CARTESIAN_POINT('Ctrl Pts',(75.0814247606354,15.3845776074513,-10.196741737177));
#7046=CARTESIAN_POINT('Ctrl Pts',(74.9468964149452,15.3845776074513,-9.72108375906843));
#7047=CARTESIAN_POINT('Ctrl Pts',(74.9514186324896,15.4901336437061,-10.9491765232881));
#7048=CARTESIAN_POINT('Ctrl Pts',(74.896365675128,15.4901336437061,-10.6233809508373));
#7049=CARTESIAN_POINT('Ctrl Pts',(74.8242817085602,15.4901336437061,-10.2560078553087));
#7050=CARTESIAN_POINT('Ctrl Pts',(74.69278869786,15.4901336437061,-9.7913298731104));
#7051=CARTESIAN_POINT('Ctrl Pts',(74.7016125939251,15.5499021414248,-10.9898537872379));
#7052=CARTESIAN_POINT('Ctrl Pts',(74.647388759479,15.5499021414248,-10.6691500004896));
#7053=CARTESIAN_POINT('Ctrl Pts',(74.5774342061479,15.5499021414248,-10.3129511849916));
#7054=CARTESIAN_POINT('Ctrl Pts',(74.4488421290591,15.5499021414248,-9.85876701625857));
#7055=CARTESIAN_POINT('Ctrl Pts',(74.5662808347661,15.5652252241455,-11.0118905871478));
#7056=CARTESIAN_POINT('Ctrl Pts',(74.5125039573721,15.5652252241455,-10.6939316401397));
#7057=CARTESIAN_POINT('Ctrl Pts',(74.4437129867525,15.5652252241455,-10.3438281561894));
#7058=CARTESIAN_POINT('Ctrl Pts',(74.3166847221111,15.5652252241455,-9.89530090978392));
#7059=CARTESIAN_POINT('Ctrl Pts',(74.4687758982828,15.5716793150925,-11.027767841599));
#7060=CARTESIAN_POINT('Ctrl Pts',(74.4153248447679,15.5716793150925,-10.7118098347865));
#7061=CARTESIAN_POINT('Ctrl Pts',(74.3473551416603,15.5716793150925,-10.3660265981205));
#7062=CARTESIAN_POINT('Ctrl Pts',(74.2214668689602,15.5716793150925,-9.92162314921841));
#7063=CARTESIAN_POINT('',(75.8646216609293,13.31,-10.8004747511407));
#7064=CARTESIAN_POINT('Ctrl Pts',(75.8646216609293,13.31,-10.8004747511407));
#7065=CARTESIAN_POINT('Ctrl Pts',(75.8065393404591,13.31,-10.4560753414587));
#7066=CARTESIAN_POINT('Ctrl Pts',(75.7266637057602,13.31,-10.0478225800284));
#7067=CARTESIAN_POINT('Ctrl Pts',(75.5845715654265,13.31,-9.5448033931817));
#7068=CARTESIAN_POINT('',(74.4687758982828,15.5716793150925,-11.027767841599));
#7069=CARTESIAN_POINT('Ctrl Pts',(74.4687758982828,15.5716793150925,-11.027767841599));
#7070=CARTESIAN_POINT('Ctrl Pts',(74.5662808347661,15.5652252241455,-11.0118905871478));
#7071=CARTESIAN_POINT('Ctrl Pts',(74.7016125939251,15.5499021414248,-10.9898537872379));
#7072=CARTESIAN_POINT('Ctrl Pts',(74.9514186324896,15.4901336437061,-10.9491765232881));
#7073=CARTESIAN_POINT('Ctrl Pts',(75.2116298848378,15.3845776074513,-10.9068049222839));
#7074=CARTESIAN_POINT('Ctrl Pts',(75.3773861653821,15.2664195858507,-10.87981393354));
#7075=CARTESIAN_POINT('Ctrl Pts',(75.5612196070622,15.1094089322184,-10.8498793431954));
#7076=CARTESIAN_POINT('Ctrl Pts',(75.6854057863475,14.9466915694768,-10.8296574381415));
#7077=CARTESIAN_POINT('Ctrl Pts',(75.7851050771846,14.7181285664235,-10.8134228651412));
#7078=CARTESIAN_POINT('Ctrl Pts',(75.8279850540838,14.5212587528707,-10.8064404873392));
#7079=CARTESIAN_POINT('Ctrl Pts',(75.8420598710146,14.3720742073128,-10.8041486090217));
#7080=CARTESIAN_POINT('Ctrl Pts',(75.8501584821205,14.2303614522988,-10.8028298685162));
#7081=CARTESIAN_POINT('Ctrl Pts',(75.8553817951688,14.0036985527139,-10.801979328294));
#7082=CARTESIAN_POINT('Ctrl Pts',(75.8609840829699,13.6004181012242,-10.8010670775697));
#7083=CARTESIAN_POINT('Ctrl Pts',(75.8646216609293,13.3647064076034,-10.8004747511407));
#7084=CARTESIAN_POINT('Ctrl Pts',(75.8646216609293,13.31,-10.8004747511407));
#7085=CARTESIAN_POINT('Ctrl Pts',(74.4687758982828,15.5716793150925,-11.027767841599));
#7086=CARTESIAN_POINT('Ctrl Pts',(74.4153248447679,15.5716793150925,-10.7118098347865));
#7087=CARTESIAN_POINT('Ctrl Pts',(74.3473551416603,15.5716793150925,-10.3660265981205));
#7088=CARTESIAN_POINT('Ctrl Pts',(74.2214668689602,15.5716793150925,-9.92162314921841));
#7089=CARTESIAN_POINT('Ctrl Pts',(68.3587866497216,15.0399999999999,-6.8280900717967));
#7090=CARTESIAN_POINT('Ctrl Pts',(68.0836748981228,15.0399999999999,-6.68331687109317));
#7091=CARTESIAN_POINT('Ctrl Pts',(67.7843455651761,15.0399999999999,-6.55549370634999));
#7092=CARTESIAN_POINT('Ctrl Pts',(67.447088454798,15.0399999999999,-6.44243565111095));
#7093=CARTESIAN_POINT('Ctrl Pts',(68.3587866497216,14.8838931050308,-6.8280900717967));
#7094=CARTESIAN_POINT('Ctrl Pts',(68.0836748981228,14.8838931050308,-6.68331687109317));
#7095=CARTESIAN_POINT('Ctrl Pts',(67.7843455651761,14.8838931050308,-6.55549370634999));
#7096=CARTESIAN_POINT('Ctrl Pts',(67.447088454798,14.8838931050308,-6.44243565111095));
#7097=CARTESIAN_POINT('Ctrl Pts',(68.3587866497216,14.7277862100617,-6.8280900717967));
#7098=CARTESIAN_POINT('Ctrl Pts',(68.0836748981228,14.7277862100617,-6.68331687109317));
#7099=CARTESIAN_POINT('Ctrl Pts',(67.7843455651761,14.7277862100617,-6.55549370634999));
#7100=CARTESIAN_POINT('Ctrl Pts',(67.447088454798,14.7277862100617,-6.44243565111095));
#7101=CARTESIAN_POINT('Ctrl Pts',(68.3587866497216,14.5716793150925,-6.8280900717967));
#7102=CARTESIAN_POINT('Ctrl Pts',(68.0836748981228,14.5716793150925,-6.68331687109317));
#7103=CARTESIAN_POINT('Ctrl Pts',(67.7843455651761,14.5716793150925,-6.55549370634999));
#7104=CARTESIAN_POINT('Ctrl Pts',(67.447088454798,14.5716793150925,-6.44243565111095));
#7105=CARTESIAN_POINT('',(67.447088454798,14.2858396575463,-6.44243565111095));
#7106=CARTESIAN_POINT('Ctrl Pts',(70.5900000000001,15.0399999999999,-9.02731399813396));
#7107=CARTESIAN_POINT('Ctrl Pts',(70.4249396259854,15.0399999999999,-8.75051475748965));
#7108=CARTESIAN_POINT('Ctrl Pts',(70.2296870784986,15.0399999999999,-8.463619514414));
#7109=CARTESIAN_POINT('Ctrl Pts',(70.0061852035549,15.0399999999999,-8.18999999995485));
#7110=CARTESIAN_POINT('Ctrl Pts',(70.5900000000001,14.8838931050308,-9.02731399813396));
#7111=CARTESIAN_POINT('Ctrl Pts',(70.4249396259854,14.8838931050308,-8.75051475748965));
#7112=CARTESIAN_POINT('Ctrl Pts',(70.2296870784986,14.8838931050308,-8.463619514414));
#7113=CARTESIAN_POINT('Ctrl Pts',(70.0061852035549,14.8838931050308,-8.18999999995485));
#7114=CARTESIAN_POINT('Ctrl Pts',(70.5900000000001,14.7277862100617,-9.02731399813396));
#7115=CARTESIAN_POINT('Ctrl Pts',(70.4249396259854,14.7277862100617,-8.75051475748965));
#7116=CARTESIAN_POINT('Ctrl Pts',(70.2296870784986,14.7277862100617,-8.463619514414));
#7117=CARTESIAN_POINT('Ctrl Pts',(70.0061852035549,14.7277862100617,-8.18999999995485));
#7118=CARTESIAN_POINT('Ctrl Pts',(70.5900000000001,14.5716793150925,-9.02731399813396));
#7119=CARTESIAN_POINT('Ctrl Pts',(70.4249396259854,14.5716793150925,-8.75051475748965));
#7120=CARTESIAN_POINT('Ctrl Pts',(70.2296870784986,14.5716793150925,-8.463619514414));
#7121=CARTESIAN_POINT('Ctrl Pts',(70.0061852035549,14.5716793150925,-8.18999999995485));
#7122=CARTESIAN_POINT('Ctrl Pts',(69.6374537131838,14.5716793150925,-4.45655236737193));
#7123=CARTESIAN_POINT('Ctrl Pts',(69.226161414105,14.5716793150925,-4.23835440921168));
#7124=CARTESIAN_POINT('Ctrl Pts',(68.7909236797449,14.5716793150925,-4.05268116956226));
#7125=CARTESIAN_POINT('Ctrl Pts',(68.3265359086674,14.5716793150925,-3.89572154886587));
#7126=CARTESIAN_POINT('Ctrl Pts',(69.6374537131838,13.8177862100617,-4.45655236737193));
#7127=CARTESIAN_POINT('Ctrl Pts',(69.226161414105,13.8177862100617,-4.23835440921168));
#7128=CARTESIAN_POINT('Ctrl Pts',(68.7909236797449,13.8177862100617,-4.05268116956226));
#7129=CARTESIAN_POINT('Ctrl Pts',(68.3265359086674,13.8177862100617,-3.89572154886587));
#7130=CARTESIAN_POINT('Ctrl Pts',(69.6374537131838,13.0638931050308,-4.45655236737193));
#7131=CARTESIAN_POINT('Ctrl Pts',(69.226161414105,13.0638931050308,-4.23835440921168));
#7132=CARTESIAN_POINT('Ctrl Pts',(68.7909236797449,13.0638931050308,-4.05268116956226));
#7133=CARTESIAN_POINT('Ctrl Pts',(68.3265359086674,13.0638931050308,-3.89572154886587));
#7134=CARTESIAN_POINT('Ctrl Pts',(69.6374537131838,12.31,-4.45655236737193));
#7135=CARTESIAN_POINT('Ctrl Pts',(69.226161414105,12.31,-4.23835440921168));
#7136=CARTESIAN_POINT('Ctrl Pts',(68.7909236797449,12.31,-4.05268116956226));
#7137=CARTESIAN_POINT('Ctrl Pts',(68.3265359086674,12.31,-3.89572154886587));
#7138=CARTESIAN_POINT('',(69.6374537131838,12.31,-4.45655236737193));
#7139=CARTESIAN_POINT('Ctrl Pts',(69.6374537131838,12.31,-4.45655236737193));
#7140=CARTESIAN_POINT('Ctrl Pts',(69.6374537131838,13.0638931050308,-4.45655236737193));
#7141=CARTESIAN_POINT('Ctrl Pts',(69.6374537131838,13.8177862100617,-4.45655236737193));
#7142=CARTESIAN_POINT('Ctrl Pts',(69.6374537131838,14.5716793150925,-4.45655236737193));
#7143=CARTESIAN_POINT('',(68.3265359086663,12.31,-3.89572154886907));
#7144=CARTESIAN_POINT('Ctrl Pts',(69.6374537131838,12.31,-4.45655236737193));
#7145=CARTESIAN_POINT('Ctrl Pts',(69.226161414105,12.31,-4.23835440921168));
#7146=CARTESIAN_POINT('Ctrl Pts',(68.7909236797449,12.31,-4.05268116956226));
#7147=CARTESIAN_POINT('Ctrl Pts',(68.3265359086674,12.31,-3.89572154886587));
#7148=CARTESIAN_POINT('',(68.3265359086674,13.7858396575463,-3.89572154886586));
#7149=CARTESIAN_POINT('Ctrl Pts',(71.406792004408,14.5716793150925,-5.73944068731339));
#7150=CARTESIAN_POINT('Ctrl Pts',(70.8941094000001,14.5716793150925,-5.24533598476109));
#7151=CARTESIAN_POINT('Ctrl Pts',(70.2738684766495,14.5716793150925,-4.79410926915592));
#7152=CARTESIAN_POINT('Ctrl Pts',(69.6374537131838,14.5716793150925,-4.45655236737193));
#7153=CARTESIAN_POINT('Ctrl Pts',(71.406792004408,13.8177862100617,-5.73944068731339));
#7154=CARTESIAN_POINT('Ctrl Pts',(70.8941094000001,13.8177862100617,-5.24533598476109));
#7155=CARTESIAN_POINT('Ctrl Pts',(70.2738684766495,13.8177862100617,-4.79410926915592));
#7156=CARTESIAN_POINT('Ctrl Pts',(69.6374537131838,13.8177862100617,-4.45655236737193));
#7157=CARTESIAN_POINT('Ctrl Pts',(71.406792004408,13.0638931050308,-5.73944068731339));
#7158=CARTESIAN_POINT('Ctrl Pts',(70.8941094000001,13.0638931050308,-5.24533598476109));
#7159=CARTESIAN_POINT('Ctrl Pts',(70.2738684766495,13.0638931050308,-4.79410926915592));
#7160=CARTESIAN_POINT('Ctrl Pts',(69.6374537131838,13.0638931050308,-4.45655236737193));
#7161=CARTESIAN_POINT('Ctrl Pts',(71.406792004408,12.31,-5.73944068731339));
#7162=CARTESIAN_POINT('Ctrl Pts',(70.8941094000001,12.31,-5.24533598476109));
#7163=CARTESIAN_POINT('Ctrl Pts',(70.2738684766495,12.31,-4.79410926915592));
#7164=CARTESIAN_POINT('Ctrl Pts',(69.6374537131838,12.31,-4.45655236737193));
#7165=CARTESIAN_POINT('',(71.406792004408,12.31,-5.73944068731339));
#7166=CARTESIAN_POINT('Ctrl Pts',(71.406792004408,12.31,-5.73944068731339));
#7167=CARTESIAN_POINT('Ctrl Pts',(71.406792004408,13.0638931050308,-5.73944068731339));
#7168=CARTESIAN_POINT('Ctrl Pts',(71.406792004408,13.8177862100617,-5.73944068731339));
#7169=CARTESIAN_POINT('Ctrl Pts',(71.406792004408,14.5716793150925,-5.73944068731339));
#7170=CARTESIAN_POINT('Ctrl Pts',(71.406792004408,12.31,-5.73944068731339));
#7171=CARTESIAN_POINT('Ctrl Pts',(70.8941094000001,12.31,-5.24533598476109));
#7172=CARTESIAN_POINT('Ctrl Pts',(70.2738684766495,12.31,-4.79410926915592));
#7173=CARTESIAN_POINT('Ctrl Pts',(69.6374537131838,12.31,-4.45655236737193));
#7174=CARTESIAN_POINT('Ctrl Pts',(72.9326940080637,14.5716793150925,-7.69581473519662));
#7175=CARTESIAN_POINT('Ctrl Pts',(72.5612772469052,14.5716793150925,-7.06522185343704));
#7176=CARTESIAN_POINT('Ctrl Pts',(72.0611950349105,14.5716793150925,-6.37025197611387));
#7177=CARTESIAN_POINT('Ctrl Pts',(71.406792004408,14.5716793150925,-5.73944068731339));
#7178=CARTESIAN_POINT('Ctrl Pts',(72.9326940080637,13.8177862100617,-7.69581473519662));
#7179=CARTESIAN_POINT('Ctrl Pts',(72.5612772469052,13.8177862100617,-7.06522185343704));
#7180=CARTESIAN_POINT('Ctrl Pts',(72.0611950349105,13.8177862100617,-6.37025197611387));
#7181=CARTESIAN_POINT('Ctrl Pts',(71.406792004408,13.8177862100617,-5.73944068731339));
#7182=CARTESIAN_POINT('Ctrl Pts',(72.9326940080637,13.0638931050308,-7.69581473519662));
#7183=CARTESIAN_POINT('Ctrl Pts',(72.5612772469052,13.0638931050308,-7.06522185343703));
#7184=CARTESIAN_POINT('Ctrl Pts',(72.0611950349105,13.0638931050308,-6.37025197611387));
#7185=CARTESIAN_POINT('Ctrl Pts',(71.406792004408,13.0638931050308,-5.73944068731339));
#7186=CARTESIAN_POINT('Ctrl Pts',(72.9326940080637,12.31,-7.69581473519662));
#7187=CARTESIAN_POINT('Ctrl Pts',(72.5612772469052,12.31,-7.06522185343704));
#7188=CARTESIAN_POINT('Ctrl Pts',(72.0611950349105,12.31,-6.37025197611387));
#7189=CARTESIAN_POINT('Ctrl Pts',(71.406792004408,12.31,-5.73944068731339));
#7190=CARTESIAN_POINT('',(72.9326940080637,12.31,-7.69581473519662));
#7191=CARTESIAN_POINT('Ctrl Pts',(72.9326940080637,12.31,-7.69581473519662));
#7192=CARTESIAN_POINT('Ctrl Pts',(72.9326940080637,13.0638931050308,-7.69581473519662));
#7193=CARTESIAN_POINT('Ctrl Pts',(72.9326940080637,13.8177862100617,-7.69581473519662));
#7194=CARTESIAN_POINT('Ctrl Pts',(72.9326940080637,14.5716793150925,-7.69581473519662));
#7195=CARTESIAN_POINT('Ctrl Pts',(72.9326940080637,12.31,-7.69581473519662));
#7196=CARTESIAN_POINT('Ctrl Pts',(72.5612772469052,12.31,-7.06522185343704));
#7197=CARTESIAN_POINT('Ctrl Pts',(72.0611950349105,12.31,-6.37025197611387));
#7198=CARTESIAN_POINT('Ctrl Pts',(71.406792004408,12.31,-5.73944068731339));
#7199=CARTESIAN_POINT('Ctrl Pts',(73.9267496086108,14.5716793150925,-10.003095457569));
#7200=CARTESIAN_POINT('Ctrl Pts',(73.7434360728898,14.5716793150925,-9.35657442584267));
#7201=CARTESIAN_POINT('Ctrl Pts',(73.4503690924753,14.5716793150925,-8.57476367377146));
#7202=CARTESIAN_POINT('Ctrl Pts',(72.9326940080637,14.5716793150925,-7.69581473519662));
#7203=CARTESIAN_POINT('Ctrl Pts',(73.9267496086108,13.8177862100617,-10.003095457569));
#7204=CARTESIAN_POINT('Ctrl Pts',(73.7434360728898,13.8177862100617,-9.35657442584267));
#7205=CARTESIAN_POINT('Ctrl Pts',(73.4503690924753,13.8177862100617,-8.57476367377146));
#7206=CARTESIAN_POINT('Ctrl Pts',(72.9326940080637,13.8177862100617,-7.69581473519662));
#7207=CARTESIAN_POINT('Ctrl Pts',(73.9267496086108,13.0638931050308,-10.003095457569));
#7208=CARTESIAN_POINT('Ctrl Pts',(73.7434360728898,13.0638931050308,-9.35657442584267));
#7209=CARTESIAN_POINT('Ctrl Pts',(73.4503690924753,13.0638931050308,-8.57476367377146));
#7210=CARTESIAN_POINT('Ctrl Pts',(72.9326940080637,13.0638931050308,-7.69581473519662));
#7211=CARTESIAN_POINT('Ctrl Pts',(73.9267496086108,12.31,-10.003095457569));
#7212=CARTESIAN_POINT('Ctrl Pts',(73.7434360728898,12.31,-9.35657442584267));
#7213=CARTESIAN_POINT('Ctrl Pts',(73.4503690924753,12.31,-8.57476367377146));
#7214=CARTESIAN_POINT('Ctrl Pts',(72.9326940080637,12.31,-7.69581473519662));
#7215=CARTESIAN_POINT('',(73.9267496086108,12.31,-10.003095457569));
#7216=CARTESIAN_POINT('Ctrl Pts',(73.9267496086108,12.31,-10.003095457569));
#7217=CARTESIAN_POINT('Ctrl Pts',(73.9267496086108,13.0638931050308,-10.003095457569));
#7218=CARTESIAN_POINT('Ctrl Pts',(73.9267496086108,13.8177862100617,-10.003095457569));
#7219=CARTESIAN_POINT('Ctrl Pts',(73.9267496086108,14.5716793150925,-10.003095457569));
#7220=CARTESIAN_POINT('Ctrl Pts',(73.9267496086108,12.31,-10.003095457569));
#7221=CARTESIAN_POINT('Ctrl Pts',(73.7434360728898,12.31,-9.35657442584267));
#7222=CARTESIAN_POINT('Ctrl Pts',(73.4503690924753,12.31,-8.57476367377146));
#7223=CARTESIAN_POINT('Ctrl Pts',(72.9326940080637,12.31,-7.69581473519662));
#7224=CARTESIAN_POINT('Ctrl Pts',(74.1669796825528,14.5716793150925,-11.0769109463729));
#7225=CARTESIAN_POINT('Ctrl Pts',(74.1145299566046,14.5716793150925,-10.7671022634942));
#7226=CARTESIAN_POINT('Ctrl Pts',(74.0491344384071,14.5716793150925,-10.4348255808307));
#7227=CARTESIAN_POINT('Ctrl Pts',(73.9267496086108,14.5716793150925,-10.003095457569));
#7228=CARTESIAN_POINT('Ctrl Pts',(74.1669796825528,13.8177862100617,-11.0769109463729));
#7229=CARTESIAN_POINT('Ctrl Pts',(74.1145299566046,13.8177862100617,-10.7671022634942));
#7230=CARTESIAN_POINT('Ctrl Pts',(74.0491344384071,13.8177862100617,-10.4348255808307));
#7231=CARTESIAN_POINT('Ctrl Pts',(73.9267496086108,13.8177862100617,-10.003095457569));
#7232=CARTESIAN_POINT('Ctrl Pts',(74.1669796825528,13.0638931050308,-11.0769109463729));
#7233=CARTESIAN_POINT('Ctrl Pts',(74.1145299566046,13.0638931050308,-10.7671022634942));
#7234=CARTESIAN_POINT('Ctrl Pts',(74.0491344384071,13.0638931050308,-10.4348255808307));
#7235=CARTESIAN_POINT('Ctrl Pts',(73.9267496086108,13.0638931050308,-10.003095457569));
#7236=CARTESIAN_POINT('Ctrl Pts',(74.1669796825528,12.31,-11.0769109463729));
#7237=CARTESIAN_POINT('Ctrl Pts',(74.1145299566046,12.31,-10.7671022634942));
#7238=CARTESIAN_POINT('Ctrl Pts',(74.0491344384071,12.31,-10.4348255808307));
#7239=CARTESIAN_POINT('Ctrl Pts',(73.9267496086108,12.31,-10.003095457569));
#7240=CARTESIAN_POINT('',(74.1669796825528,12.31,-11.0769109463729));
#7241=CARTESIAN_POINT('Ctrl Pts',(74.1669796825528,12.31,-11.0769109463729));
#7242=CARTESIAN_POINT('Ctrl Pts',(74.1669796825528,13.0638931050308,-11.0769109463729));
#7243=CARTESIAN_POINT('Ctrl Pts',(74.1669796825528,13.8177862100617,-11.0769109463729));
#7244=CARTESIAN_POINT('Ctrl Pts',(74.1669796825528,14.5716793150925,-11.0769109463729));
#7245=CARTESIAN_POINT('Ctrl Pts',(74.1669796825528,12.31,-11.0769109463729));
#7246=CARTESIAN_POINT('Ctrl Pts',(74.1145299566046,12.31,-10.7671022634942));
#7247=CARTESIAN_POINT('Ctrl Pts',(74.0491344384071,12.31,-10.4348255808307));
#7248=CARTESIAN_POINT('Ctrl Pts',(73.9267496086108,12.31,-10.003095457569));
#7249=CARTESIAN_POINT('Ctrl Pts',(74.3244094169122,14.5716793150925,-12.3703923922159));
#7250=CARTESIAN_POINT('Ctrl Pts',(74.2839077527004,14.5716793150925,-11.8831470194014));
#7251=CARTESIAN_POINT('Ctrl Pts',(74.2321958113412,14.5716793150925,-11.4617754478873));
#7252=CARTESIAN_POINT('Ctrl Pts',(74.1669796825528,14.5716793150925,-11.0769109463729));
#7253=CARTESIAN_POINT('Ctrl Pts',(74.3244094169122,13.8177862100617,-12.3703923922159));
#7254=CARTESIAN_POINT('Ctrl Pts',(74.2839077527004,13.8177862100617,-11.8831470194014));
#7255=CARTESIAN_POINT('Ctrl Pts',(74.2321958113412,13.8177862100617,-11.4617754478873));
#7256=CARTESIAN_POINT('Ctrl Pts',(74.1669796825528,13.8177862100617,-11.0769109463729));
#7257=CARTESIAN_POINT('Ctrl Pts',(74.3244094169122,13.0638931050308,-12.3703923922159));
#7258=CARTESIAN_POINT('Ctrl Pts',(74.2839077527004,13.0638931050308,-11.8831470194014));
#7259=CARTESIAN_POINT('Ctrl Pts',(74.2321958113412,13.0638931050308,-11.4617754478873));
#7260=CARTESIAN_POINT('Ctrl Pts',(74.1669796825528,13.0638931050308,-11.0769109463729));
#7261=CARTESIAN_POINT('Ctrl Pts',(74.3244094169122,12.31,-12.3703923922159));
#7262=CARTESIAN_POINT('Ctrl Pts',(74.2839077527004,12.31,-11.8831470194014));
#7263=CARTESIAN_POINT('Ctrl Pts',(74.2321958113412,12.31,-11.4617754478873));
#7264=CARTESIAN_POINT('Ctrl Pts',(74.1669796825528,12.31,-11.0769109463729));
#7265=CARTESIAN_POINT('',(74.3244094169122,12.31,-12.3703923922159));
#7266=CARTESIAN_POINT('Ctrl Pts',(74.3244094169122,12.31,-12.3703923922159));
#7267=CARTESIAN_POINT('Ctrl Pts',(74.3244094169122,13.0638931050308,-12.3703923922159));
#7268=CARTESIAN_POINT('Ctrl Pts',(74.3244094169122,13.8177862100617,-12.3703923922159));
#7269=CARTESIAN_POINT('Ctrl Pts',(74.3244094169122,14.5716793150925,-12.3703923922159));
#7270=CARTESIAN_POINT('Ctrl Pts',(74.3244094169122,12.31,-12.3703923922159));
#7271=CARTESIAN_POINT('Ctrl Pts',(74.2839077527004,12.31,-11.8831470194014));
#7272=CARTESIAN_POINT('Ctrl Pts',(74.2321958113412,12.31,-11.4617754478873));
#7273=CARTESIAN_POINT('Ctrl Pts',(74.1669796825528,12.31,-11.0769109463729));
#7274=CARTESIAN_POINT('Ctrl Pts',(70.1120466938916,12.31,-3.57632702946687));
#7275=CARTESIAN_POINT('Ctrl Pts',(69.6502093125238,12.31,-3.33087657103123));
#7276=CARTESIAN_POINT('Ctrl Pts',(69.1645275062289,12.31,-3.12373156576865));
#7277=CARTESIAN_POINT('Ctrl Pts',(68.6529536294599,12.31,-2.95047734000772));
#7278=CARTESIAN_POINT('Ctrl Pts',(70.1120466938916,12.5466666666667,-3.57632702946687));
#7279=CARTESIAN_POINT('Ctrl Pts',(69.6502093125238,12.5466666666667,-3.33087657103123));
#7280=CARTESIAN_POINT('Ctrl Pts',(69.1645275062289,12.5466666666667,-3.12373156576865));
#7281=CARTESIAN_POINT('Ctrl Pts',(68.6529536294599,12.5466666666667,-2.95047734000772));
#7282=CARTESIAN_POINT('Ctrl Pts',(70.1120466938916,12.7833333333333,-3.57632702946687));
#7283=CARTESIAN_POINT('Ctrl Pts',(69.6502093125238,12.7833333333333,-3.33087657103123));
#7284=CARTESIAN_POINT('Ctrl Pts',(69.1645275062289,12.7833333333333,-3.12373156576865));
#7285=CARTESIAN_POINT('Ctrl Pts',(68.6529536294599,12.7833333333333,-2.95047734000772));
#7286=CARTESIAN_POINT('Ctrl Pts',(70.1120466938916,13.02,-3.57632702946687));
#7287=CARTESIAN_POINT('Ctrl Pts',(69.6502093125238,13.02,-3.33087657103123));
#7288=CARTESIAN_POINT('Ctrl Pts',(69.1645275062289,13.02,-3.12373156576865));
#7289=CARTESIAN_POINT('Ctrl Pts',(68.6529536294599,13.02,-2.95047734000772));
#7290=CARTESIAN_POINT('',(70.1120466938916,13.02,-3.57632702946687));
#7291=CARTESIAN_POINT('',(70.1120466938916,12.31,-3.57632702946687));
#7292=CARTESIAN_POINT('Ctrl Pts',(70.1120466938916,13.02,-3.57632702946687));
#7293=CARTESIAN_POINT('Ctrl Pts',(70.1120466938916,12.7833333333333,-3.57632702946687));
#7294=CARTESIAN_POINT('Ctrl Pts',(70.1120466938916,12.5466666666667,-3.57632702946687));
#7295=CARTESIAN_POINT('Ctrl Pts',(70.1120466938916,12.31,-3.57632702946687));
#7296=CARTESIAN_POINT('',(68.6529536294599,13.02,-2.95047734000783));
#7297=CARTESIAN_POINT('Ctrl Pts',(70.1120466938916,13.02,-3.57632702946687));
#7298=CARTESIAN_POINT('Ctrl Pts',(69.6502093125238,13.02,-3.33087657103123));
#7299=CARTESIAN_POINT('Ctrl Pts',(69.1645275062289,13.02,-3.12373156576865));
#7300=CARTESIAN_POINT('Ctrl Pts',(68.6529536294599,13.02,-2.95047734000772));
#7301=CARTESIAN_POINT('',(68.6529536294599,12.31,-2.95047734000783));
#7302=CARTESIAN_POINT('',(68.6529536294599,12.655,-2.95047734000772));
#7303=CARTESIAN_POINT('Ctrl Pts',(70.1120466938916,12.31,-3.57632702946687));
#7304=CARTESIAN_POINT('Ctrl Pts',(69.6502093125238,12.31,-3.33087657103123));
#7305=CARTESIAN_POINT('Ctrl Pts',(69.1645275062289,12.31,-3.12373156576865));
#7306=CARTESIAN_POINT('Ctrl Pts',(68.6529536294599,12.31,-2.95047734000772));
#7307=CARTESIAN_POINT('Ctrl Pts',(72.1056396533475,12.31,-5.02414556891889));
#7308=CARTESIAN_POINT('Ctrl Pts',(71.5239811676921,12.31,-4.46265101397741));
#7309=CARTESIAN_POINT('Ctrl Pts',(70.8341547240097,12.31,-3.96008735336991));
#7310=CARTESIAN_POINT('Ctrl Pts',(70.1120466938916,12.31,-3.57632702946687));
#7311=CARTESIAN_POINT('Ctrl Pts',(72.1056396533475,12.5466666666667,-5.02414556891889));
#7312=CARTESIAN_POINT('Ctrl Pts',(71.5239811676921,12.5466666666667,-4.46265101397741));
#7313=CARTESIAN_POINT('Ctrl Pts',(70.8341547240097,12.5466666666667,-3.96008735336991));
#7314=CARTESIAN_POINT('Ctrl Pts',(70.1120466938916,12.5466666666667,-3.57632702946687));
#7315=CARTESIAN_POINT('Ctrl Pts',(72.1056396533475,12.7833333333333,-5.02414556891889));
#7316=CARTESIAN_POINT('Ctrl Pts',(71.5239811676921,12.7833333333333,-4.46265101397741));
#7317=CARTESIAN_POINT('Ctrl Pts',(70.8341547240097,12.7833333333333,-3.96008735336991));
#7318=CARTESIAN_POINT('Ctrl Pts',(70.1120466938916,12.7833333333333,-3.57632702946687));
#7319=CARTESIAN_POINT('Ctrl Pts',(72.1056396533475,13.02,-5.02414556891889));
#7320=CARTESIAN_POINT('Ctrl Pts',(71.5239811676921,13.02,-4.46265101397741));
#7321=CARTESIAN_POINT('Ctrl Pts',(70.8341547240097,13.02,-3.96008735336991));
#7322=CARTESIAN_POINT('Ctrl Pts',(70.1120466938916,13.02,-3.57632702946687));
#7323=CARTESIAN_POINT('',(72.1056396533475,12.31,-5.02414556891889));
#7324=CARTESIAN_POINT('Ctrl Pts',(72.1056396533475,12.31,-5.02414556891889));
#7325=CARTESIAN_POINT('Ctrl Pts',(71.5239811676921,12.31,-4.46265101397741));
#7326=CARTESIAN_POINT('Ctrl Pts',(70.8341547240097,12.31,-3.96008735336991));
#7327=CARTESIAN_POINT('Ctrl Pts',(70.1120466938916,12.31,-3.57632702946687));
#7328=CARTESIAN_POINT('',(72.1056396533475,13.02,-5.02414556891889));
#7329=CARTESIAN_POINT('Ctrl Pts',(72.1056396533475,13.02,-5.02414556891889));
#7330=CARTESIAN_POINT('Ctrl Pts',(72.1056396533475,12.7833333333333,-5.02414556891889));
#7331=CARTESIAN_POINT('Ctrl Pts',(72.1056396533475,12.5466666666667,-5.02414556891889));
#7332=CARTESIAN_POINT('Ctrl Pts',(72.1056396533475,12.31,-5.02414556891889));
#7333=CARTESIAN_POINT('Ctrl Pts',(72.1056396533475,13.02,-5.02414556891889));
#7334=CARTESIAN_POINT('Ctrl Pts',(71.5239811676921,13.02,-4.46265101397741));
#7335=CARTESIAN_POINT('Ctrl Pts',(70.8341547240097,13.02,-3.96008735336991));
#7336=CARTESIAN_POINT('Ctrl Pts',(70.1120466938916,13.02,-3.57632702946687));
#7337=CARTESIAN_POINT('Ctrl Pts',(73.7976492988926,12.31,-7.19393079672641));
#7338=CARTESIAN_POINT('Ctrl Pts',(73.3909410304786,12.31,-6.50251593286687));
#7339=CARTESIAN_POINT('Ctrl Pts',(72.8397831622471,12.31,-5.73286378651014));
#7340=CARTESIAN_POINT('Ctrl Pts',(72.1056396533475,12.31,-5.02414556891889));
#7341=CARTESIAN_POINT('Ctrl Pts',(73.7976492988926,12.5466666666667,-7.19393079672641));
#7342=CARTESIAN_POINT('Ctrl Pts',(73.3909410304786,12.5466666666667,-6.50251593286687));
#7343=CARTESIAN_POINT('Ctrl Pts',(72.8397831622471,12.5466666666667,-5.73286378651014));
#7344=CARTESIAN_POINT('Ctrl Pts',(72.1056396533475,12.5466666666667,-5.02414556891889));
#7345=CARTESIAN_POINT('Ctrl Pts',(73.7976492988926,12.7833333333333,-7.19393079672641));
#7346=CARTESIAN_POINT('Ctrl Pts',(73.3909410304786,12.7833333333333,-6.50251593286687));
#7347=CARTESIAN_POINT('Ctrl Pts',(72.8397831622471,12.7833333333333,-5.73286378651014));
#7348=CARTESIAN_POINT('Ctrl Pts',(72.1056396533475,12.7833333333333,-5.02414556891889));
#7349=CARTESIAN_POINT('Ctrl Pts',(73.7976492988926,13.02,-7.19393079672641));
#7350=CARTESIAN_POINT('Ctrl Pts',(73.3909410304786,13.02,-6.50251593286687));
#7351=CARTESIAN_POINT('Ctrl Pts',(72.8397831622471,13.02,-5.73286378651014));
#7352=CARTESIAN_POINT('Ctrl Pts',(72.1056396533475,13.02,-5.02414556891889));
#7353=CARTESIAN_POINT('',(73.7976492988926,12.31,-7.19393079672641));
#7354=CARTESIAN_POINT('Ctrl Pts',(73.7976492988926,12.31,-7.19393079672641));
#7355=CARTESIAN_POINT('Ctrl Pts',(73.3909410304786,12.31,-6.50251593286687));
#7356=CARTESIAN_POINT('Ctrl Pts',(72.8397831622471,12.31,-5.73286378651014));
#7357=CARTESIAN_POINT('Ctrl Pts',(72.1056396533475,12.31,-5.02414556891889));
#7358=CARTESIAN_POINT('',(73.7976492988926,13.02,-7.19393079672641));
#7359=CARTESIAN_POINT('Ctrl Pts',(73.7976492988926,13.02,-7.19393079672641));
#7360=CARTESIAN_POINT('Ctrl Pts',(73.7976492988926,12.7833333333333,-7.19393079672641));
#7361=CARTESIAN_POINT('Ctrl Pts',(73.7976492988926,12.5466666666667,-7.19393079672641));
#7362=CARTESIAN_POINT('Ctrl Pts',(73.7976492988926,12.31,-7.19393079672641));
#7363=CARTESIAN_POINT('Ctrl Pts',(73.7976492988926,13.02,-7.19393079672641));
#7364=CARTESIAN_POINT('Ctrl Pts',(73.3909410304786,13.02,-6.50251593286687));
#7365=CARTESIAN_POINT('Ctrl Pts',(72.8397831622471,13.02,-5.73286378651014));
#7366=CARTESIAN_POINT('Ctrl Pts',(72.1056396533475,13.02,-5.02414556891889));
#7367=CARTESIAN_POINT('Ctrl Pts',(74.8906156632151,12.31,-9.73664213781329));
#7368=CARTESIAN_POINT('Ctrl Pts',(74.6887563996114,12.31,-9.02303394207466));
#7369=CARTESIAN_POINT('Ctrl Pts',(74.3632279294717,12.31,-8.15543751914535));
#7370=CARTESIAN_POINT('Ctrl Pts',(73.7976492988926,12.31,-7.19393079672641));
#7371=CARTESIAN_POINT('Ctrl Pts',(74.8906156632151,12.5466666666667,-9.73664213781329));
#7372=CARTESIAN_POINT('Ctrl Pts',(74.6887563996114,12.5466666666667,-9.02303394207466));
#7373=CARTESIAN_POINT('Ctrl Pts',(74.3632279294717,12.5466666666667,-8.15543751914535));
#7374=CARTESIAN_POINT('Ctrl Pts',(73.7976492988926,12.5466666666667,-7.19393079672641));
#7375=CARTESIAN_POINT('Ctrl Pts',(74.8906156632151,12.7833333333333,-9.73664213781329));
#7376=CARTESIAN_POINT('Ctrl Pts',(74.6887563996114,12.7833333333333,-9.02303394207466));
#7377=CARTESIAN_POINT('Ctrl Pts',(74.3632279294717,12.7833333333333,-8.15543751914535));
#7378=CARTESIAN_POINT('Ctrl Pts',(73.7976492988926,12.7833333333333,-7.19393079672641));
#7379=CARTESIAN_POINT('Ctrl Pts',(74.8906156632151,13.02,-9.73664213781329));
#7380=CARTESIAN_POINT('Ctrl Pts',(74.6887563996114,13.02,-9.02303394207466));
#7381=CARTESIAN_POINT('Ctrl Pts',(74.3632279294717,13.02,-8.15543751914535));
#7382=CARTESIAN_POINT('Ctrl Pts',(73.7976492988926,13.02,-7.19393079672641));
#7383=CARTESIAN_POINT('',(74.8906156632151,12.31,-9.73664213781329));
#7384=CARTESIAN_POINT('Ctrl Pts',(74.8906156632151,12.31,-9.73664213781329));
#7385=CARTESIAN_POINT('Ctrl Pts',(74.6887563996114,12.31,-9.02303394207466));
#7386=CARTESIAN_POINT('Ctrl Pts',(74.3632279294717,12.31,-8.15543751914535));
#7387=CARTESIAN_POINT('Ctrl Pts',(73.7976492988926,12.31,-7.19393079672641));
#7388=CARTESIAN_POINT('',(74.8906156632151,13.02,-9.73664213781329));
#7389=CARTESIAN_POINT('Ctrl Pts',(74.8906156632151,13.02,-9.73664213781329));
#7390=CARTESIAN_POINT('Ctrl Pts',(74.8906156632151,12.7833333333333,-9.73664213781329));
#7391=CARTESIAN_POINT('Ctrl Pts',(74.8906156632151,12.5466666666667,-9.73664213781329));
#7392=CARTESIAN_POINT('Ctrl Pts',(74.8906156632151,12.31,-9.73664213781329));
#7393=CARTESIAN_POINT('Ctrl Pts',(74.8906156632151,13.02,-9.73664213781329));
#7394=CARTESIAN_POINT('Ctrl Pts',(74.6887563996114,13.02,-9.02303394207466));
#7395=CARTESIAN_POINT('Ctrl Pts',(74.3632279294717,13.02,-8.15543751914535));
#7396=CARTESIAN_POINT('Ctrl Pts',(73.7976492988926,13.02,-7.19393079672641));
#7397=CARTESIAN_POINT('Ctrl Pts',(75.1539972987094,12.31,-10.9161895469772));
#7398=CARTESIAN_POINT('Ctrl Pts',(75.098272753872,12.31,-10.5862696409164));
#7399=CARTESIAN_POINT('Ctrl Pts',(75.024458422843,12.31,-10.2098200825202));
#7400=CARTESIAN_POINT('Ctrl Pts',(74.8906156632151,12.31,-9.73664213781329));
#7401=CARTESIAN_POINT('Ctrl Pts',(75.1539972987094,12.5466666666667,-10.9161895469772));
#7402=CARTESIAN_POINT('Ctrl Pts',(75.098272753872,12.5466666666667,-10.5862696409164));
#7403=CARTESIAN_POINT('Ctrl Pts',(75.024458422843,12.5466666666667,-10.2098200825202));
#7404=CARTESIAN_POINT('Ctrl Pts',(74.8906156632151,12.5466666666667,-9.73664213781329));
#7405=CARTESIAN_POINT('Ctrl Pts',(75.1539972987094,12.7833333333333,-10.9161895469772));
#7406=CARTESIAN_POINT('Ctrl Pts',(75.098272753872,12.7833333333333,-10.5862696409164));
#7407=CARTESIAN_POINT('Ctrl Pts',(75.024458422843,12.7833333333333,-10.2098200825202));
#7408=CARTESIAN_POINT('Ctrl Pts',(74.8906156632151,12.7833333333333,-9.73664213781329));
#7409=CARTESIAN_POINT('Ctrl Pts',(75.1539972987094,13.02,-10.9161895469772));
#7410=CARTESIAN_POINT('Ctrl Pts',(75.098272753872,13.02,-10.5862696409164));
#7411=CARTESIAN_POINT('Ctrl Pts',(75.024458422843,13.02,-10.2098200825202));
#7412=CARTESIAN_POINT('Ctrl Pts',(74.8906156632151,13.02,-9.73664213781329));
#7413=CARTESIAN_POINT('',(75.1539972987094,12.31,-10.9161895469772));
#7414=CARTESIAN_POINT('Ctrl Pts',(75.1539972987094,12.31,-10.9161895469772));
#7415=CARTESIAN_POINT('Ctrl Pts',(75.098272753872,12.31,-10.5862696409164));
#7416=CARTESIAN_POINT('Ctrl Pts',(75.024458422843,12.31,-10.2098200825202));
#7417=CARTESIAN_POINT('Ctrl Pts',(74.8906156632151,12.31,-9.73664213781329));
#7418=CARTESIAN_POINT('',(75.1539972987094,13.02,-10.9161895469772));
#7419=CARTESIAN_POINT('Ctrl Pts',(75.1539972987094,13.02,-10.9161895469772));
#7420=CARTESIAN_POINT('Ctrl Pts',(75.1539972987094,12.7833333333333,-10.9161895469772));
#7421=CARTESIAN_POINT('Ctrl Pts',(75.1539972987094,12.5466666666667,-10.9161895469772));
#7422=CARTESIAN_POINT('Ctrl Pts',(75.1539972987094,12.31,-10.9161895469772));
#7423=CARTESIAN_POINT('Ctrl Pts',(75.1539972987094,13.02,-10.9161895469772));
#7424=CARTESIAN_POINT('Ctrl Pts',(75.098272753872,13.02,-10.5862696409164));
#7425=CARTESIAN_POINT('Ctrl Pts',(75.024458422843,13.02,-10.2098200825202));
#7426=CARTESIAN_POINT('Ctrl Pts',(74.8906156632151,13.02,-9.73664213781329));
#7427=CARTESIAN_POINT('Ctrl Pts',(70.4537400220643,13.02,-2.94259004329814));
#7428=CARTESIAN_POINT('Ctrl Pts',(69.9555116317853,13.02,-2.67751856664551));
#7429=CARTESIAN_POINT('Ctrl Pts',(69.4335115411359,13.02,-2.45491450625077));
#7430=CARTESIAN_POINT('Ctrl Pts',(68.8879650222238,13.02,-2.2699286323996));
#7431=CARTESIAN_POINT('Ctrl Pts',(70.4537400220643,13.1166666666667,-2.94259004329814));
#7432=CARTESIAN_POINT('Ctrl Pts',(69.9555116317853,13.1166666666667,-2.67751856664551));
#7433=CARTESIAN_POINT('Ctrl Pts',(69.4335115411359,13.1166666666667,-2.45491450625077));
#7434=CARTESIAN_POINT('Ctrl Pts',(68.8879650222238,13.1166666666667,-2.2699286323996));
#7435=CARTESIAN_POINT('Ctrl Pts',(70.4537400220643,13.2133333333333,-2.94259004329814));
#7436=CARTESIAN_POINT('Ctrl Pts',(69.9555116317853,13.2133333333333,-2.67751856664551));
#7437=CARTESIAN_POINT('Ctrl Pts',(69.4335115411359,13.2133333333333,-2.45491450625077));
#7438=CARTESIAN_POINT('Ctrl Pts',(68.8879650222238,13.2133333333333,-2.2699286323996));
#7439=CARTESIAN_POINT('Ctrl Pts',(70.4537400220643,13.31,-2.94259004329814));
#7440=CARTESIAN_POINT('Ctrl Pts',(69.9555116317853,13.31,-2.67751856664551));
#7441=CARTESIAN_POINT('Ctrl Pts',(69.4335115411359,13.31,-2.45491450625077));
#7442=CARTESIAN_POINT('Ctrl Pts',(68.8879650222238,13.31,-2.2699286323996));
#7443=CARTESIAN_POINT('',(70.4537400220643,13.02,-2.94259004329814));
#7444=CARTESIAN_POINT('Ctrl Pts',(70.4537400220643,13.31,-2.94259004329814));
#7445=CARTESIAN_POINT('Ctrl Pts',(70.4537400220643,13.2133333333333,-2.94259004329814));
#7446=CARTESIAN_POINT('Ctrl Pts',(70.4537400220643,13.1166666666667,-2.94259004329814));
#7447=CARTESIAN_POINT('Ctrl Pts',(70.4537400220643,13.02,-2.94259004329814));
#7448=CARTESIAN_POINT('',(68.8879650222238,13.02,-2.26992863239961));
#7449=CARTESIAN_POINT('',(68.8879650222238,13.01,-2.2699286323996));
#7450=CARTESIAN_POINT('Ctrl Pts',(70.4537400220643,13.02,-2.94259004329814));
#7451=CARTESIAN_POINT('Ctrl Pts',(69.9555116317853,13.02,-2.67751856664551));
#7452=CARTESIAN_POINT('Ctrl Pts',(69.4335115411359,13.02,-2.45491450625077));
#7453=CARTESIAN_POINT('Ctrl Pts',(68.8879650222238,13.02,-2.2699286323996));
#7454=CARTESIAN_POINT('Ctrl Pts',(72.6087899078994,13.02,-4.50915360830184));
#7455=CARTESIAN_POINT('Ctrl Pts',(71.9774707669349,13.02,-3.89914029331975));
#7456=CARTESIAN_POINT('Ctrl Pts',(71.2375447452955,13.02,-3.3596155053692));
#7457=CARTESIAN_POINT('Ctrl Pts',(70.4537400220643,13.02,-2.94259004329814));
#7458=CARTESIAN_POINT('Ctrl Pts',(72.6087899078994,13.1166666666667,-4.50915360830184));
#7459=CARTESIAN_POINT('Ctrl Pts',(71.977470766935,13.1166666666667,-3.89914029331975));
#7460=CARTESIAN_POINT('Ctrl Pts',(71.2375447452955,13.1166666666667,-3.3596155053692));
#7461=CARTESIAN_POINT('Ctrl Pts',(70.4537400220643,13.1166666666667,-2.94259004329814));
#7462=CARTESIAN_POINT('Ctrl Pts',(72.6087899078994,13.2133333333333,-4.50915360830184));
#7463=CARTESIAN_POINT('Ctrl Pts',(71.9774707669349,13.2133333333333,-3.89914029331975));
#7464=CARTESIAN_POINT('Ctrl Pts',(71.2375447452955,13.2133333333333,-3.3596155053692));
#7465=CARTESIAN_POINT('Ctrl Pts',(70.4537400220643,13.2133333333333,-2.94259004329814));
#7466=CARTESIAN_POINT('Ctrl Pts',(72.6087899078994,13.31,-4.50915360830184));
#7467=CARTESIAN_POINT('Ctrl Pts',(71.9774707669349,13.31,-3.89914029331975));
#7468=CARTESIAN_POINT('Ctrl Pts',(71.2375447452955,13.31,-3.3596155053692));
#7469=CARTESIAN_POINT('Ctrl Pts',(70.4537400220643,13.31,-2.94259004329814));
#7470=CARTESIAN_POINT('',(72.6087899078994,13.02,-4.50915360830184));
#7471=CARTESIAN_POINT('Ctrl Pts',(72.6087899078994,13.02,-4.50915360830184));
#7472=CARTESIAN_POINT('Ctrl Pts',(71.9774707669349,13.02,-3.89914029331975));
#7473=CARTESIAN_POINT('Ctrl Pts',(71.2375447452955,13.02,-3.3596155053692));
#7474=CARTESIAN_POINT('Ctrl Pts',(70.4537400220643,13.02,-2.94259004329814));
#7475=CARTESIAN_POINT('Ctrl Pts',(72.6087899078994,13.31,-4.50915360830184));
#7476=CARTESIAN_POINT('Ctrl Pts',(72.6087899078994,13.2133333333333,-4.50915360830184));
#7477=CARTESIAN_POINT('Ctrl Pts',(72.6087899078994,13.1166666666667,-4.50915360830184));
#7478=CARTESIAN_POINT('Ctrl Pts',(72.6087899078994,13.02,-4.50915360830184));
#7479=CARTESIAN_POINT('Ctrl Pts',(74.4203922893241,13.02,-6.83258876204972));
#7480=CARTESIAN_POINT('Ctrl Pts',(73.9882751483382,13.02,-6.09738381629981));
#7481=CARTESIAN_POINT('Ctrl Pts',(73.4003442731774,13.02,-5.27396257916659));
#7482=CARTESIAN_POINT('Ctrl Pts',(72.6087899078994,13.02,-4.50915360830184));
#7483=CARTESIAN_POINT('Ctrl Pts',(74.4203922893241,13.1166666666667,-6.83258876204972));
#7484=CARTESIAN_POINT('Ctrl Pts',(73.9882751483382,13.1166666666667,-6.09738381629981));
#7485=CARTESIAN_POINT('Ctrl Pts',(73.4003442731774,13.1166666666667,-5.27396257916659));
#7486=CARTESIAN_POINT('Ctrl Pts',(72.6087899078994,13.1166666666667,-4.50915360830184));
#7487=CARTESIAN_POINT('Ctrl Pts',(74.4203922893241,13.2133333333333,-6.83258876204972));
#7488=CARTESIAN_POINT('Ctrl Pts',(73.9882751483382,13.2133333333333,-6.09738381629981));
#7489=CARTESIAN_POINT('Ctrl Pts',(73.4003442731774,13.2133333333333,-5.27396257916659));
#7490=CARTESIAN_POINT('Ctrl Pts',(72.6087899078994,13.2133333333333,-4.50915360830184));
#7491=CARTESIAN_POINT('Ctrl Pts',(74.4203922893241,13.31,-6.83258876204972));
#7492=CARTESIAN_POINT('Ctrl Pts',(73.9882751483382,13.31,-6.09738381629981));
#7493=CARTESIAN_POINT('Ctrl Pts',(73.4003442731774,13.31,-5.27396257916659));
#7494=CARTESIAN_POINT('Ctrl Pts',(72.6087899078994,13.31,-4.50915360830184));
#7495=CARTESIAN_POINT('',(74.4203922893241,13.02,-6.83258876204972));
#7496=CARTESIAN_POINT('Ctrl Pts',(74.4203922893241,13.02,-6.83258876204972));
#7497=CARTESIAN_POINT('Ctrl Pts',(73.9882751483382,13.02,-6.09738381629981));
#7498=CARTESIAN_POINT('Ctrl Pts',(73.4003442731774,13.02,-5.27396257916659));
#7499=CARTESIAN_POINT('Ctrl Pts',(72.6087899078994,13.02,-4.50915360830184));
#7500=CARTESIAN_POINT('Ctrl Pts',(74.4203922893241,13.31,-6.83258876204972));
#7501=CARTESIAN_POINT('Ctrl Pts',(74.4203922893241,13.2133333333333,-6.83258876204972));
#7502=CARTESIAN_POINT('Ctrl Pts',(74.4203922893241,13.1166666666667,-6.83258876204972));
#7503=CARTESIAN_POINT('Ctrl Pts',(74.4203922893241,13.02,-6.83258876204972));
#7504=CARTESIAN_POINT('Ctrl Pts',(75.5845715654265,13.02,-9.5448033931817));
#7505=CARTESIAN_POINT('Ctrl Pts',(75.369359909897,13.02,-8.78289436434849));
#7506=CARTESIAN_POINT('Ctrl Pts',(75.0204600986029,13.02,-7.85353471992926));
#7507=CARTESIAN_POINT('Ctrl Pts',(74.4203922893241,13.02,-6.83258876204972));
#7508=CARTESIAN_POINT('Ctrl Pts',(75.5845715654265,13.1166666666667,-9.5448033931817));
#7509=CARTESIAN_POINT('Ctrl Pts',(75.369359909897,13.1166666666667,-8.78289436434849));
#7510=CARTESIAN_POINT('Ctrl Pts',(75.0204600986029,13.1166666666667,-7.85353471992926));
#7511=CARTESIAN_POINT('Ctrl Pts',(74.4203922893241,13.1166666666667,-6.83258876204972));
#7512=CARTESIAN_POINT('Ctrl Pts',(75.5845715654265,13.2133333333333,-9.5448033931817));
#7513=CARTESIAN_POINT('Ctrl Pts',(75.369359909897,13.2133333333333,-8.78289436434849));
#7514=CARTESIAN_POINT('Ctrl Pts',(75.0204600986029,13.2133333333333,-7.85353471992926));
#7515=CARTESIAN_POINT('Ctrl Pts',(74.4203922893241,13.2133333333333,-6.83258876204972));
#7516=CARTESIAN_POINT('Ctrl Pts',(75.5845715654265,13.31,-9.5448033931817));
#7517=CARTESIAN_POINT('Ctrl Pts',(75.369359909897,13.31,-8.78289436434849));
#7518=CARTESIAN_POINT('Ctrl Pts',(75.0204600986029,13.31,-7.85353471992926));
#7519=CARTESIAN_POINT('Ctrl Pts',(74.4203922893241,13.31,-6.83258876204972));
#7520=CARTESIAN_POINT('',(75.5845715654265,13.02,-9.5448033931817));
#7521=CARTESIAN_POINT('Ctrl Pts',(75.5845715654265,13.02,-9.5448033931817));
#7522=CARTESIAN_POINT('Ctrl Pts',(75.369359909897,13.02,-8.78289436434849));
#7523=CARTESIAN_POINT('Ctrl Pts',(75.0204600986029,13.02,-7.85353471992926));
#7524=CARTESIAN_POINT('Ctrl Pts',(74.4203922893241,13.02,-6.83258876204972));
#7525=CARTESIAN_POINT('Ctrl Pts',(75.5845715654265,13.31,-9.5448033931817));
#7526=CARTESIAN_POINT('Ctrl Pts',(75.5845715654265,13.2133333333333,-9.5448033931817));
#7527=CARTESIAN_POINT('Ctrl Pts',(75.5845715654265,13.1166666666667,-9.5448033931817));
#7528=CARTESIAN_POINT('Ctrl Pts',(75.5845715654265,13.02,-9.5448033931817));
#7529=CARTESIAN_POINT('Ctrl Pts',(75.8646216609293,13.02,-10.8004747511407));
#7530=CARTESIAN_POINT('Ctrl Pts',(75.8065393404591,13.02,-10.4560753414587));
#7531=CARTESIAN_POINT('Ctrl Pts',(75.7266637057602,13.02,-10.0478225800284));
#7532=CARTESIAN_POINT('Ctrl Pts',(75.5845715654265,13.02,-9.5448033931817));
#7533=CARTESIAN_POINT('Ctrl Pts',(75.8646216609293,13.1166666666667,-10.8004747511407));
#7534=CARTESIAN_POINT('Ctrl Pts',(75.8065393404591,13.1166666666667,-10.4560753414587));
#7535=CARTESIAN_POINT('Ctrl Pts',(75.7266637057602,13.1166666666667,-10.0478225800284));
#7536=CARTESIAN_POINT('Ctrl Pts',(75.5845715654265,13.1166666666667,-9.5448033931817));
#7537=CARTESIAN_POINT('Ctrl Pts',(75.8646216609293,13.2133333333333,-10.8004747511407));
#7538=CARTESIAN_POINT('Ctrl Pts',(75.8065393404591,13.2133333333333,-10.4560753414587));
#7539=CARTESIAN_POINT('Ctrl Pts',(75.7266637057602,13.2133333333333,-10.0478225800284));
#7540=CARTESIAN_POINT('Ctrl Pts',(75.5845715654265,13.2133333333333,-9.5448033931817));
#7541=CARTESIAN_POINT('Ctrl Pts',(75.8646216609293,13.31,-10.8004747511407));
#7542=CARTESIAN_POINT('Ctrl Pts',(75.8065393404591,13.31,-10.4560753414587));
#7543=CARTESIAN_POINT('Ctrl Pts',(75.7266637057602,13.31,-10.0478225800284));
#7544=CARTESIAN_POINT('Ctrl Pts',(75.5845715654265,13.31,-9.5448033931817));
#7545=CARTESIAN_POINT('',(75.8646216609293,13.02,-10.8004747511407));
#7546=CARTESIAN_POINT('Ctrl Pts',(75.8646216609293,13.02,-10.8004747511407));
#7547=CARTESIAN_POINT('Ctrl Pts',(75.8065393404591,13.02,-10.4560753414587));
#7548=CARTESIAN_POINT('Ctrl Pts',(75.7266637057602,13.02,-10.0478225800284));
#7549=CARTESIAN_POINT('Ctrl Pts',(75.5845715654265,13.02,-9.5448033931817));
#7550=CARTESIAN_POINT('Ctrl Pts',(75.8646216609293,13.31,-10.8004747511407));
#7551=CARTESIAN_POINT('Ctrl Pts',(75.8646216609293,13.2133333333333,-10.8004747511407));
#7552=CARTESIAN_POINT('Ctrl Pts',(75.8646216609293,13.1166666666667,-10.8004747511407));
#7553=CARTESIAN_POINT('Ctrl Pts',(75.8646216609293,13.02,-10.8004747511407));
#7554=CARTESIAN_POINT('Ctrl Pts',(62.6671212879529,13.31,-1.4141964498768));
#7555=CARTESIAN_POINT('Ctrl Pts',(62.6645503836487,13.31,-1.4141324494032));
#7556=CARTESIAN_POINT('Ctrl Pts',(62.6619794793445,13.31,-1.41406844892961));
#7557=CARTESIAN_POINT('Ctrl Pts',(62.6594085750403,13.31,-1.41400444845602));
#7558=CARTESIAN_POINT('Ctrl Pts',(62.6671212879529,13.3881520108709,-1.4141964498768));
#7559=CARTESIAN_POINT('Ctrl Pts',(62.6645503836487,13.3881520108709,-1.4141324494032));
#7560=CARTESIAN_POINT('Ctrl Pts',(62.6619794793445,13.3881520108709,-1.41406844892961));
#7561=CARTESIAN_POINT('Ctrl Pts',(62.6594085750403,13.3881520108709,-1.41400444845602));
#7562=CARTESIAN_POINT('Ctrl Pts',(62.6668919099463,13.7003699825661,-1.4216684979698));
#7563=CARTESIAN_POINT('Ctrl Pts',(62.6643210056421,13.7003699825661,-1.42160449749621));
#7564=CARTESIAN_POINT('Ctrl Pts',(62.6617501013378,13.7003699825661,-1.42154049702261));
#7565=CARTESIAN_POINT('Ctrl Pts',(62.6591791970336,13.7003699825661,-1.42147649654902));
#7566=CARTESIAN_POINT('Ctrl Pts',(62.6667767258403,14.1417125266396,-1.42542065011233));
#7567=CARTESIAN_POINT('Ctrl Pts',(62.6642058215361,14.1417125266396,-1.42535664963874));
#7568=CARTESIAN_POINT('Ctrl Pts',(62.6616349172319,14.1417125266396,-1.42529264916514));
#7569=CARTESIAN_POINT('Ctrl Pts',(62.6590640129277,14.1417125266396,-1.42522864869155));
#7570=CARTESIAN_POINT('Ctrl Pts',(62.6664179640811,14.3742674596523,-1.43710740752233));
#7571=CARTESIAN_POINT('Ctrl Pts',(62.6638470597769,14.3742674596523,-1.43704340704874));
#7572=CARTESIAN_POINT('Ctrl Pts',(62.6612761554727,14.3742674596523,-1.43697940657514));
#7573=CARTESIAN_POINT('Ctrl Pts',(62.6587052511685,14.3742674596523,-1.43691540610155));
#7574=CARTESIAN_POINT('Ctrl Pts',(62.6658728720007,14.5250211636535,-1.45486392350191));
#7575=CARTESIAN_POINT('Ctrl Pts',(62.6633019676965,14.5250211636535,-1.45479992302832));
#7576=CARTESIAN_POINT('Ctrl Pts',(62.6607310633923,14.5250211636535,-1.45473592255472));
#7577=CARTESIAN_POINT('Ctrl Pts',(62.6581601590881,14.5250211636535,-1.45467192208113));
#7578=CARTESIAN_POINT('Ctrl Pts',(62.6647039802803,14.7076759781392,-1.49294087464227));
#7579=CARTESIAN_POINT('Ctrl Pts',(62.6621330759761,14.7076759781392,-1.49287687416868));
#7580=CARTESIAN_POINT('Ctrl Pts',(62.6595621716719,14.7076759781392,-1.49281287369508));
#7581=CARTESIAN_POINT('Ctrl Pts',(62.6569912673676,14.7076759781392,-1.49274887322149));
#7582=CARTESIAN_POINT('Ctrl Pts',(62.662054004459,14.9275596109241,-1.57926452473089));
#7583=CARTESIAN_POINT('Ctrl Pts',(62.6594831001548,14.9275596109241,-1.5792005242573));
#7584=CARTESIAN_POINT('Ctrl Pts',(62.6569121958506,14.9275596109241,-1.57913652378371));
#7585=CARTESIAN_POINT('Ctrl Pts',(62.6543412915464,14.9275596109241,-1.57907252331011));
#7586=CARTESIAN_POINT('Ctrl Pts',(62.6575323796712,15.1141824598093,-1.72655762562997));
#7587=CARTESIAN_POINT('Ctrl Pts',(62.654961475367,15.1141824598093,-1.72649362515638));
#7588=CARTESIAN_POINT('Ctrl Pts',(62.6523905710628,15.1141824598093,-1.72642962468278));
#7589=CARTESIAN_POINT('Ctrl Pts',(62.6498196667585,15.1141824598093,-1.72636562420919));
#7590=CARTESIAN_POINT('Ctrl Pts',(62.6542278986694,15.2054929459984,-1.83420195182931));
#7591=CARTESIAN_POINT('Ctrl Pts',(62.6516569943652,15.2054929459984,-1.83413795135572));
#7592=CARTESIAN_POINT('Ctrl Pts',(62.649086090061,15.2054929459984,-1.83407395088212));
#7593=CARTESIAN_POINT('Ctrl Pts',(62.6465151857568,15.2054929459984,-1.83400995040853));
#7594=CARTESIAN_POINT('',(62.6542278986718,15.2054929459985,-1.83420195182941));
#7595=CARTESIAN_POINT('',(62.667121287953,13.31,-1.41419644987678));
#7596=CARTESIAN_POINT('Ctrl Pts',(62.6542278986694,15.2054929459984,-1.83420195182931));
#7597=CARTESIAN_POINT('Ctrl Pts',(62.6575323796712,15.1141824598093,-1.72655762562997));
#7598=CARTESIAN_POINT('Ctrl Pts',(62.662054004459,14.9275596109241,-1.57926452473089));
#7599=CARTESIAN_POINT('Ctrl Pts',(62.6647039802803,14.7076759781392,-1.49294087464227));
#7600=CARTESIAN_POINT('Ctrl Pts',(62.6658728720007,14.5250211636535,-1.45486392350191));
#7601=CARTESIAN_POINT('Ctrl Pts',(62.6664179640811,14.3742674596523,-1.43710740752233));
#7602=CARTESIAN_POINT('Ctrl Pts',(62.6667767258403,14.1417125266396,-1.42542065011233));
#7603=CARTESIAN_POINT('Ctrl Pts',(62.6668919099463,13.7003699825661,-1.4216684979698));
#7604=CARTESIAN_POINT('Ctrl Pts',(62.6671212879529,13.3881520108709,-1.4141964498768));
#7605=CARTESIAN_POINT('Ctrl Pts',(62.6671212879529,13.31,-1.4141964498768));
#7606=CARTESIAN_POINT('',(62.6594573030405,13.31,-1.41400566149807));
#7607=CARTESIAN_POINT('Ctrl Pts',(62.6594573030405,13.31,-1.41400566149809));
#7608=CARTESIAN_POINT('Ctrl Pts',(62.6594573030405,13.4628181448066,-1.41400566149809));
#7609=CARTESIAN_POINT('Ctrl Pts',(62.6594905518556,14.1124871845626,-1.41133403242452));
#7610=CARTESIAN_POINT('Ctrl Pts',(62.6591288339441,14.4079477382243,-1.4403990107449));
#7611=CARTESIAN_POINT('Ctrl Pts',(62.6589767950757,14.5321370216885,-1.45261573066496));
#7612=CARTESIAN_POINT('Ctrl Pts',(62.6586891054541,14.6594407444216,-1.47573234267157));
#7613=CARTESIAN_POINT('Ctrl Pts',(62.6580679745872,14.7847790142103,-1.52564182906708));
#7614=CARTESIAN_POINT('Ctrl Pts',(62.657505028759,14.8983760995351,-1.57087599572782));
#7615=CARTESIAN_POINT('Ctrl Pts',(62.6567247706083,14.9986632004822,-1.63357177472284));
#7616=CARTESIAN_POINT('Ctrl Pts',(62.6557138145083,15.089588049462,-1.71480473609261));
#7617=CARTESIAN_POINT('Ctrl Pts',(62.6552568321222,15.130688799975,-1.75152446360553));
#7618=CARTESIAN_POINT('Ctrl Pts',(62.6547580115857,15.1693861544696,-1.79160599572569));
#7619=CARTESIAN_POINT('Ctrl Pts',(62.6542280580414,15.2055080444597,-1.83418914628331));
#7620=CARTESIAN_POINT('Ctrl Pts',(62.6671212879529,13.31,-1.4141964498768));
#7621=CARTESIAN_POINT('Ctrl Pts',(62.6645666263154,13.31,-1.41413285375056));
#7622=CARTESIAN_POINT('Ctrl Pts',(62.6620119646779,13.31,-1.41406925762433));
#7623=CARTESIAN_POINT('Ctrl Pts',(62.6594573030405,13.31,-1.41400566149809));
#7624=CARTESIAN_POINT('Ctrl Pts',(62.667121287953,13.02,-1.41419644987678));
#7625=CARTESIAN_POINT('Ctrl Pts',(62.6645666263155,13.02,-1.41413285375055));
#7626=CARTESIAN_POINT('Ctrl Pts',(62.662011964678,13.02,-1.41406925762431));
#7627=CARTESIAN_POINT('Ctrl Pts',(62.6594573030405,13.02,-1.41400566149807));
#7628=CARTESIAN_POINT('Ctrl Pts',(62.667121287953,13.1166666666667,-1.41419644987678));
#7629=CARTESIAN_POINT('Ctrl Pts',(62.6645666263155,13.1166666666667,-1.41413285375055));
#7630=CARTESIAN_POINT('Ctrl Pts',(62.662011964678,13.1166666666667,-1.41406925762431));
#7631=CARTESIAN_POINT('Ctrl Pts',(62.6594573030405,13.1166666666667,-1.41400566149807));
#7632=CARTESIAN_POINT('Ctrl Pts',(62.667121287953,13.2133333333333,-1.41419644987678));
#7633=CARTESIAN_POINT('Ctrl Pts',(62.6645666263155,13.2133333333333,-1.41413285375055));
#7634=CARTESIAN_POINT('Ctrl Pts',(62.662011964678,13.2133333333333,-1.41406925762431));
#7635=CARTESIAN_POINT('Ctrl Pts',(62.6594573030405,13.2133333333333,-1.41400566149807));
#7636=CARTESIAN_POINT('Ctrl Pts',(62.667121287953,13.31,-1.41419644987678));
#7637=CARTESIAN_POINT('Ctrl Pts',(62.6645666263155,13.31,-1.41413285375055));
#7638=CARTESIAN_POINT('Ctrl Pts',(62.662011964678,13.31,-1.41406925762431));
#7639=CARTESIAN_POINT('Ctrl Pts',(62.6594573030405,13.31,-1.41400566149807));
#7640=CARTESIAN_POINT('',(62.667121287953,13.02,-1.41419644987678));
#7641=CARTESIAN_POINT('Ctrl Pts',(62.667121287953,13.31,-1.41419644987678));
#7642=CARTESIAN_POINT('Ctrl Pts',(62.667121287953,13.2133333333333,-1.41419644987678));
#7643=CARTESIAN_POINT('Ctrl Pts',(62.667121287953,13.1166666666667,-1.41419644987678));
#7644=CARTESIAN_POINT('Ctrl Pts',(62.667121287953,13.02,-1.41419644987678));
#7645=CARTESIAN_POINT('',(62.6594573030405,13.02,-1.41400566149807));
#7646=CARTESIAN_POINT('Ctrl Pts',(62.6594573030405,13.02,-1.41400566149808));
#7647=CARTESIAN_POINT('Ctrl Pts',(62.6594573030405,13.0683333333333,-1.41400566149808));
#7648=CARTESIAN_POINT('Ctrl Pts',(62.6594573030405,13.1166666666667,-1.41400566149808));
#7649=CARTESIAN_POINT('Ctrl Pts',(62.6594573030405,13.2133333333333,-1.41400566149808));
#7650=CARTESIAN_POINT('Ctrl Pts',(62.6594573030405,13.2616666666667,-1.41400566149808));
#7651=CARTESIAN_POINT('Ctrl Pts',(62.6594573030405,13.31,-1.41400566149808));
#7652=CARTESIAN_POINT('Ctrl Pts',(62.667121287953,13.02,-1.41419644987678));
#7653=CARTESIAN_POINT('Ctrl Pts',(62.6645666263155,13.02,-1.41413285375055));
#7654=CARTESIAN_POINT('Ctrl Pts',(62.662011964678,13.02,-1.41406925762431));
#7655=CARTESIAN_POINT('Ctrl Pts',(62.6594573030405,13.02,-1.41400566149807));
#7656=CARTESIAN_POINT('Ctrl Pts',(1.41452306979411,13.31,-15.5628217222857));
#7657=CARTESIAN_POINT('Ctrl Pts',(1.41449228364438,13.31,-15.5654083788071));
#7658=CARTESIAN_POINT('Ctrl Pts',(1.41446149749465,13.31,-15.5679950353284));
#7659=CARTESIAN_POINT('Ctrl Pts',(1.41443071134492,13.31,-15.5705816918497));
#7660=CARTESIAN_POINT('Ctrl Pts',(1.41452306979411,13.3880877162006,-15.5628217222857));
#7661=CARTESIAN_POINT('Ctrl Pts',(1.41449228364438,13.3880877162006,-15.5654083788071));
#7662=CARTESIAN_POINT('Ctrl Pts',(1.41446149749465,13.3880877162006,-15.5679950353284));
#7663=CARTESIAN_POINT('Ctrl Pts',(1.41443071134492,13.3880877162006,-15.5705816918497));
#7664=CARTESIAN_POINT('Ctrl Pts',(1.42162943970447,13.699440511599,-15.5629947670972));
#7665=CARTESIAN_POINT('Ctrl Pts',(1.42159865355474,13.699440511599,-15.5655814236186));
#7666=CARTESIAN_POINT('Ctrl Pts',(1.42156786740501,13.699440511599,-15.5681680801399));
#7667=CARTESIAN_POINT('Ctrl Pts',(1.42153708125528,13.699440511599,-15.5707547366612));
#7668=CARTESIAN_POINT('Ctrl Pts',(1.42539647977725,14.1409270130569,-15.5630864970167));
#7669=CARTESIAN_POINT('Ctrl Pts',(1.42536569362752,14.1409270130569,-15.565673153538));
#7670=CARTESIAN_POINT('Ctrl Pts',(1.42533490747779,14.1409270130569,-15.5682598100593));
#7671=CARTESIAN_POINT('Ctrl Pts',(1.42530412132806,14.1409270130569,-15.5708464665807));
#7672=CARTESIAN_POINT('Ctrl Pts',(1.43704964618296,14.374794421007,-15.5633702593328));
#7673=CARTESIAN_POINT('Ctrl Pts',(1.43701886003323,14.374794421007,-15.5659569158541));
#7674=CARTESIAN_POINT('Ctrl Pts',(1.4369880738835,14.374794421007,-15.5685435723754));
#7675=CARTESIAN_POINT('Ctrl Pts',(1.43695728773378,14.374794421007,-15.5711302288967));
#7676=CARTESIAN_POINT('Ctrl Pts',(1.45511224958478,14.526888297873,-15.5638100956826));
#7677=CARTESIAN_POINT('Ctrl Pts',(1.45508146343505,14.526888297873,-15.5663967522039));
#7678=CARTESIAN_POINT('Ctrl Pts',(1.45505067728532,14.526888297873,-15.5689834087252));
#7679=CARTESIAN_POINT('Ctrl Pts',(1.45501989113559,14.526888297873,-15.5715700652465));
#7680=CARTESIAN_POINT('Ctrl Pts',(1.49314572555399,14.7084232562418,-15.5647362359996));
#7681=CARTESIAN_POINT('Ctrl Pts',(1.49311493940427,14.7084232562418,-15.5673228925209));
#7682=CARTESIAN_POINT('Ctrl Pts',(1.49308415325454,14.7084232562418,-15.5699095490422));
#7683=CARTESIAN_POINT('Ctrl Pts',(1.49305336710481,14.7084232562418,-15.5724962055635));
#7684=CARTESIAN_POINT('Ctrl Pts',(1.58223258139757,14.9318579520384,-15.5669055599125));
#7685=CARTESIAN_POINT('Ctrl Pts',(1.58220179524784,14.9318579520384,-15.5694922164338));
#7686=CARTESIAN_POINT('Ctrl Pts',(1.58217100909811,14.9318579520384,-15.5720788729551));
#7687=CARTESIAN_POINT('Ctrl Pts',(1.58214022294838,14.9318579520384,-15.5746655294764));
#7688=CARTESIAN_POINT('Ctrl Pts',(1.72914289523226,15.1160356230852,-15.5704829233051));
#7689=CARTESIAN_POINT('Ctrl Pts',(1.72911210908253,15.1160356230852,-15.5730695798264));
#7690=CARTESIAN_POINT('Ctrl Pts',(1.7290813229328,15.1160356230852,-15.5756562363477));
#7691=CARTESIAN_POINT('Ctrl Pts',(1.72905053678307,15.1160356230852,-15.578242892869));
#7692=CARTESIAN_POINT('Ctrl Pts',(1.83462736621971,15.2054929459657,-15.5730515400015));
#7693=CARTESIAN_POINT('Ctrl Pts',(1.83459658006998,15.2054929459657,-15.5756381965228));
#7694=CARTESIAN_POINT('Ctrl Pts',(1.83456579392026,15.2054929459657,-15.5782248530442));
#7695=CARTESIAN_POINT('Ctrl Pts',(1.83453500777053,15.2054929459657,-15.5808115095655));
#7696=CARTESIAN_POINT('',(1.8346273662198,15.2054929459657,-15.5730515399996));
#7697=CARTESIAN_POINT('',(1.41452306979409,13.31,-15.5628217222857));
#7698=CARTESIAN_POINT('Ctrl Pts',(1.83462736621971,15.2054929459657,-15.5730515400015));
#7699=CARTESIAN_POINT('Ctrl Pts',(1.72914289523226,15.1160356230852,-15.5704829233051));
#7700=CARTESIAN_POINT('Ctrl Pts',(1.58223258139757,14.9318579520384,-15.5669055599125));
#7701=CARTESIAN_POINT('Ctrl Pts',(1.49314572555399,14.7084232562418,-15.5647362359996));
#7702=CARTESIAN_POINT('Ctrl Pts',(1.45511224958478,14.526888297873,-15.5638100956826));
#7703=CARTESIAN_POINT('Ctrl Pts',(1.43704964618296,14.374794421007,-15.5633702593328));
#7704=CARTESIAN_POINT('Ctrl Pts',(1.42539647977725,14.1409270130569,-15.5630864970167));
#7705=CARTESIAN_POINT('Ctrl Pts',(1.42162943970447,13.699440511599,-15.5629947670972));
#7706=CARTESIAN_POINT('Ctrl Pts',(1.41452306979411,13.3880877162006,-15.5628217222857));
#7707=CARTESIAN_POINT('Ctrl Pts',(1.41452306979411,13.31,-15.5628217222857));
#7708=CARTESIAN_POINT('',(1.41443110653533,13.31,-15.5705484878964));
#7709=CARTESIAN_POINT('Ctrl Pts',(1.41443110653534,13.31,-15.5705484878964));
#7710=CARTESIAN_POINT('Ctrl Pts',(1.41443110653534,13.461766024486,-15.5705484878964));
#7711=CARTESIAN_POINT('Ctrl Pts',(1.4126254121886,14.1008311982434,-15.5705377316202));
#7712=CARTESIAN_POINT('Ctrl Pts',(1.43939873800308,14.3929377206801,-15.5706972166891));
#7713=CARTESIAN_POINT('Ctrl Pts',(1.45107376425162,14.5203164161942,-15.5707667632362));
#7714=CARTESIAN_POINT('Ctrl Pts',(1.47345041434496,14.6489644763744,-15.5709000579046));
#7715=CARTESIAN_POINT('Ctrl Pts',(1.52228451015312,14.7751436680997,-15.5711909559868));
#7716=CARTESIAN_POINT('Ctrl Pts',(1.56649360823561,14.8893726339614,-15.5714543035852));
#7717=CARTESIAN_POINT('Ctrl Pts',(1.62815792884545,14.9904513363069,-15.5718216295757));
#7718=CARTESIAN_POINT('Ctrl Pts',(1.70878324495623,15.0823079235404,-15.5723019036434));
#7719=CARTESIAN_POINT('Ctrl Pts',(1.7472572180618,15.1261413996403,-15.5725310878806));
#7720=CARTESIAN_POINT('Ctrl Pts',(1.78954475604006,15.1672738993598,-15.5727829890056));
#7721=CARTESIAN_POINT('Ctrl Pts',(1.83461622549381,15.2055060801029,-15.5730514736324));
#7722=CARTESIAN_POINT('Ctrl Pts',(1.41452306979411,13.31,-15.5628217222857));
#7723=CARTESIAN_POINT('Ctrl Pts',(1.41449241537452,13.31,-15.5653973108226));
#7724=CARTESIAN_POINT('Ctrl Pts',(1.41446176095493,13.31,-15.5679728993595));
#7725=CARTESIAN_POINT('Ctrl Pts',(1.41443110653534,13.31,-15.5705484878964));
#7726=CARTESIAN_POINT('Ctrl Pts',(1.78327911482039,13.31,-10.4303902408904));
#7727=CARTESIAN_POINT('Ctrl Pts',(1.52286768566167,13.31,-11.7397243961259));
#7728=CARTESIAN_POINT('Ctrl Pts',(1.44187507143182,13.31,-13.272898634108));
#7729=CARTESIAN_POINT('Ctrl Pts',(1.41452306979411,13.31,-15.5628217222857));
#7730=CARTESIAN_POINT('Ctrl Pts',(1.78327911482039,13.364661401335,-10.4303902408904));
#7731=CARTESIAN_POINT('Ctrl Pts',(1.52283490875154,13.364661401335,-11.7398794388377));
#7732=CARTESIAN_POINT('Ctrl Pts',(1.44187572251684,13.364661401335,-13.2728718962299));
#7733=CARTESIAN_POINT('Ctrl Pts',(1.41452306979411,13.364661401335,-15.5628217222857));
#7734=CARTESIAN_POINT('Ctrl Pts',(1.78804221371928,13.6028693867638,-10.4313971870592));
#7735=CARTESIAN_POINT('Ctrl Pts',(1.52773356385065,13.6028693867638,-11.7402451713963));
#7736=CARTESIAN_POINT('Ctrl Pts',(1.44673995968253,13.6028693867638,-13.2731009896345));
#7737=CARTESIAN_POINT('Ctrl Pts',(1.41938999966671,13.6028693867638,-15.5629402352499));
#7738=CARTESIAN_POINT('Ctrl Pts',(1.79288597203111,14.0214735944228,-10.4324211850862));
#7739=CARTESIAN_POINT('Ctrl Pts',(1.53266799835586,14.0214735944228,-11.7408402490995));
#7740=CARTESIAN_POINT('Ctrl Pts',(1.45168750606135,14.0214735944228,-13.2732954789436));
#7741=CARTESIAN_POINT('Ctrl Pts',(1.42433934724986,14.0214735944228,-15.5630607551399));
#7742=CARTESIAN_POINT('Ctrl Pts',(1.8020186937317,14.3315336425769,-10.4343518943414));
#7743=CARTESIAN_POINT('Ctrl Pts',(1.54200383304452,14.3315336425769,-11.7418101848002));
#7744=CARTESIAN_POINT('Ctrl Pts',(1.46101527764477,14.3315336425769,-13.2736884047275));
#7745=CARTESIAN_POINT('Ctrl Pts',(1.4336711534975,14.3315336425769,-15.5632879907995));
#7746=CARTESIAN_POINT('Ctrl Pts',(1.82533228157483,14.557039621574,-10.4392805192678));
#7747=CARTESIAN_POINT('Ctrl Pts',(1.56585796150672,14.557039621574,-11.7441819218738));
#7748=CARTESIAN_POINT('Ctrl Pts',(1.48482634190144,14.557039621574,-13.274709429251));
#7749=CARTESIAN_POINT('Ctrl Pts',(1.45749295512704,14.557039621574,-15.5638680674385));
#7750=CARTESIAN_POINT('Ctrl Pts',(1.88681304128139,14.827735094871,-10.4522779011734));
#7751=CARTESIAN_POINT('Ctrl Pts',(1.62879835544273,14.827735094871,-11.7502748808754));
#7752=CARTESIAN_POINT('Ctrl Pts',(1.54761832864854,14.827735094871,-13.2774298634114));
#7753=CARTESIAN_POINT('Ctrl Pts',(1.52031393624837,14.827735094871,-15.5653977999147));
#7754=CARTESIAN_POINT('Ctrl Pts',(2.05028630625605,15.0803015221069,-10.4868370781641));
#7755=CARTESIAN_POINT('Ctrl Pts',(1.79604935129819,15.0803015221069,-11.7669644771915));
#7756=CARTESIAN_POINT('Ctrl Pts',(1.71458011216857,15.0803015221069,-13.2845790177373));
#7757=CARTESIAN_POINT('Ctrl Pts',(1.68735076113196,15.0803015221069,-15.5694652571745));
#7758=CARTESIAN_POINT('Ctrl Pts',(2.29106078220043,15.2889565457823,-10.5377381703414));
#7759=CARTESIAN_POINT('Ctrl Pts',(2.04251593824467,15.2889565457823,-11.790940507746));
#7760=CARTESIAN_POINT('Ctrl Pts',(1.96049017118184,15.2889565457823,-13.2952132030505));
#7761=CARTESIAN_POINT('Ctrl Pts',(1.93337388901768,15.2889565457823,-15.5754560831993));
#7762=CARTESIAN_POINT('Ctrl Pts',(2.47187419255619,15.4083483126976,-10.5759631525839));
#7763=CARTESIAN_POINT('Ctrl Pts',(2.22749462329076,15.4083483126976,-11.8094627333711));
#7764=CARTESIAN_POINT('Ctrl Pts',(2.14516240034709,15.4083483126976,-13.3031099461149));
#7765=CARTESIAN_POINT('Ctrl Pts',(2.11812885776979,15.4083483126976,-15.5799549889913));
#7766=CARTESIAN_POINT('Ctrl Pts',(2.83893074075036,15.539518487373,-10.6535609923078));
#7767=CARTESIAN_POINT('Ctrl Pts',(2.60321714725028,15.539518487373,-11.8460684119409));
#7768=CARTESIAN_POINT('Ctrl Pts',(2.52004828604012,15.539518487373,-13.3193121571524));
#7769=CARTESIAN_POINT('Ctrl Pts',(2.49318688559218,15.539518487373,-15.5890879002472));
#7770=CARTESIAN_POINT('Ctrl Pts',(3.0397078253385,15.5631789262148,-10.6960064087068));
#7771=CARTESIAN_POINT('Ctrl Pts',(2.80858956802354,15.5631789262148,-11.866776776846));
#7772=CARTESIAN_POINT('Ctrl Pts',(2.72511083552976,15.5631789262148,-13.3280564501931));
#7773=CARTESIAN_POINT('Ctrl Pts',(2.69834071746912,15.5631789262148,-15.5940835318597));
#7774=CARTESIAN_POINT('Ctrl Pts',(3.16701298614097,15.5716793150925,-10.722919442986));
#7775=CARTESIAN_POINT('Ctrl Pts',(2.93893010623824,15.5716793150925,-11.8793317418882));
#7776=CARTESIAN_POINT('Ctrl Pts',(2.8551308312127,15.5716793150925,-13.3337001110344));
#7777=CARTESIAN_POINT('Ctrl Pts',(2.82842100830466,15.5716793150925,-15.5972510730513));
#7778=CARTESIAN_POINT('',(1.78327911482037,13.31,-10.4303902408904));
#7779=CARTESIAN_POINT('Ctrl Pts',(1.78327911482039,13.31,-10.4303902408904));
#7780=CARTESIAN_POINT('Ctrl Pts',(1.52286768566167,13.31,-11.7397243961259));
#7781=CARTESIAN_POINT('Ctrl Pts',(1.44187507143182,13.31,-13.272898634108));
#7782=CARTESIAN_POINT('Ctrl Pts',(1.41452306979411,13.31,-15.5628217222857));
#7783=CARTESIAN_POINT('',(3.16701298614097,15.5716793150925,-10.722919442986));
#7784=CARTESIAN_POINT('Ctrl Pts',(3.16701298614097,15.5716793150925,-10.722919442986));
#7785=CARTESIAN_POINT('Ctrl Pts',(3.0397078253385,15.5631789262148,-10.6960064087068));
#7786=CARTESIAN_POINT('Ctrl Pts',(2.83893074075036,15.539518487373,-10.6535609923078));
#7787=CARTESIAN_POINT('Ctrl Pts',(2.47187419255619,15.4083483126976,-10.5759631525839));
#7788=CARTESIAN_POINT('Ctrl Pts',(2.29106078220043,15.2889565457823,-10.5377381703414));
#7789=CARTESIAN_POINT('Ctrl Pts',(2.05028630625605,15.0803015221069,-10.4868370781641));
#7790=CARTESIAN_POINT('Ctrl Pts',(1.88681304128139,14.827735094871,-10.4522779011734));
#7791=CARTESIAN_POINT('Ctrl Pts',(1.82533228157483,14.557039621574,-10.4392805192678));
#7792=CARTESIAN_POINT('Ctrl Pts',(1.8020186937317,14.3315336425769,-10.4343518943414));
#7793=CARTESIAN_POINT('Ctrl Pts',(1.79288597203111,14.0214735944228,-10.4324211850862));
#7794=CARTESIAN_POINT('Ctrl Pts',(1.78804221371928,13.6028693867638,-10.4313971870592));
#7795=CARTESIAN_POINT('Ctrl Pts',(1.78327911482039,13.364661401335,-10.4303902408904));
#7796=CARTESIAN_POINT('Ctrl Pts',(1.78327911482039,13.31,-10.4303902408904));
#7797=CARTESIAN_POINT('',(2.82863806407786,15.5716793150925,-15.5789727266019));
#7798=CARTESIAN_POINT('Ctrl Pts',(3.16701298614097,15.5716793150925,-10.722919442986));
#7799=CARTESIAN_POINT('Ctrl Pts',(2.93954462034169,15.5716793150925,-11.8762160689039));
#7800=CARTESIAN_POINT('Ctrl Pts',(2.85558343229038,15.5716793150925,-13.3258653869382));
#7801=CARTESIAN_POINT('Ctrl Pts',(2.82863814270636,15.5716793150925,-15.5789729144283));
#7802=CARTESIAN_POINT('Ctrl Pts',(1.83461622549381,15.2055060801029,-15.5730514736324));
#7803=CARTESIAN_POINT('Ctrl Pts',(1.92484470558608,15.2820430024814,-15.5735889524432));
#7804=CARTESIAN_POINT('Ctrl Pts',(2.02623005611288,15.3469566204351,-15.5741928912165));
#7805=CARTESIAN_POINT('Ctrl Pts',(2.13051173793044,15.3986476488975,-15.5748140830448));
#7806=CARTESIAN_POINT('Ctrl Pts',(2.38449600887825,15.5245442392646,-15.5763270328829));
#7807=CARTESIAN_POINT('Ctrl Pts',(2.62862974343786,15.5586121694224,-15.577781304418));
#7808=CARTESIAN_POINT('Ctrl Pts',(2.82863806407351,15.5716793150925,-15.5789727268442));
#7809=CARTESIAN_POINT('Ctrl Pts',(2.68306921173344,13.31,-7.72846866843247));
#7810=CARTESIAN_POINT('Ctrl Pts',(2.27944029557147,13.31,-8.57203657552392));
#7811=CARTESIAN_POINT('Ctrl Pts',(1.97705038868087,13.31,-9.4561335117141));
#7812=CARTESIAN_POINT('Ctrl Pts',(1.78327911482039,13.31,-10.4303902408904));
#7813=CARTESIAN_POINT('Ctrl Pts',(2.68306921173344,13.364661401335,-7.72846866843247));
#7814=CARTESIAN_POINT('Ctrl Pts',(2.27939136998758,13.364661401335,-8.57213575009324));
#7815=CARTESIAN_POINT('Ctrl Pts',(1.97707493725998,13.364661401335,-9.45601739099794));
#7816=CARTESIAN_POINT('Ctrl Pts',(1.78327911482039,13.364661401335,-10.4303902408904));
#7817=CARTESIAN_POINT('Ctrl Pts',(2.68734089077686,13.6027604034164,-7.730576006966));
#7818=CARTESIAN_POINT('Ctrl Pts',(2.28386539166236,13.6027604034164,-8.57383293014282));
#7819=CARTESIAN_POINT('Ctrl Pts',(1.98163361615766,13.6027604034164,-9.45748282785544));
#7820=CARTESIAN_POINT('Ctrl Pts',(1.7879393198257,13.6027604034164,-10.4313754347055));
#7821=CARTESIAN_POINT('Ctrl Pts',(2.69178719644039,14.0213678949762,-7.73276949368664));
#7822=CARTESIAN_POINT('Ctrl Pts',(2.28844704826915,14.0213678949762,-8.57575205383226));
#7823=CARTESIAN_POINT('Ctrl Pts',(1.98641641796011,14.0213678949762,-9.45882954044451));
#7824=CARTESIAN_POINT('Ctrl Pts',(1.79279003442707,14.0213678949762,-10.4324009033317));
#7825=CARTESIAN_POINT('Ctrl Pts',(2.70013560870005,14.3313945963051,-7.73688799853444));
#7826=CARTESIAN_POINT('Ctrl Pts',(2.29709864412643,14.3313945963051,-8.57925599058877));
#7827=CARTESIAN_POINT('Ctrl Pts',(1.9953720276485,14.3313945963051,-9.46147454747384));
#7828=CARTESIAN_POINT('Ctrl Pts',(1.80189776752299,14.3313945963051,-10.4343263298538));
#7829=CARTESIAN_POINT('Ctrl Pts',(2.72151401538996,14.55691139404,-7.74743456342029));
#7830=CARTESIAN_POINT('Ctrl Pts',(2.31928390738967,14.55691139404,-8.58816701744384));
#7831=CARTESIAN_POINT('Ctrl Pts',(2.01829004122326,14.55691139404,-9.46832013739013));
#7832=CARTESIAN_POINT('Ctrl Pts',(1.82522062414427,14.55691139404,-10.4392569142526));
#7833=CARTESIAN_POINT('Ctrl Pts',(2.77786265173813,14.8276035904577,-7.77523291893364));
#7834=CARTESIAN_POINT('Ctrl Pts',(2.37781131704575,14.8276035904577,-8.61154889210623));
#7835=CARTESIAN_POINT('Ctrl Pts',(2.07867060007579,14.8276035904577,-9.48648717406142));
#7836=CARTESIAN_POINT('Ctrl Pts',(1.88669438995926,14.8276035904577,-10.4522528176098));
#7837=CARTESIAN_POINT('Ctrl Pts',(2.9277474295529,15.0802224144023,-7.84917526447666));
#7838=CARTESIAN_POINT('Ctrl Pts',(2.5333350549791,15.0802224144023,-8.6740607876375));
#7839=CARTESIAN_POINT('Ctrl Pts',(2.239358618724,15.0802224144023,-9.53443927122053));
#7840=CARTESIAN_POINT('Ctrl Pts',(2.05021177614207,15.0802224144023,-10.4868213220745));
#7841=CARTESIAN_POINT('Ctrl Pts',(3.14847134218461,15.2889077598762,-7.95806453298925));
#7842=CARTESIAN_POINT('Ctrl Pts',(2.76255549315593,15.2889077598762,-8.76572718021649));
#7843=CARTESIAN_POINT('Ctrl Pts',(2.47589507609064,15.2889077598762,-9.60551146002363));
#7844=CARTESIAN_POINT('Ctrl Pts',(2.29101139427394,15.2889077598762,-10.5377277294532));
#7845=CARTESIAN_POINT('Ctrl Pts',(3.31422338413349,15.4083141352016,-8.03983464292925));
#7846=CARTESIAN_POINT('Ctrl Pts',(2.93452497583916,15.4083141352016,-8.83489423143284));
#7847=CARTESIAN_POINT('Ctrl Pts',(2.65360329414662,15.4083141352016,-9.65849606010301));
#7848=CARTESIAN_POINT('Ctrl Pts',(2.47183923449291,15.4083141352016,-10.5759557622507));
#7849=CARTESIAN_POINT('Ctrl Pts',(3.65068347988821,15.5394907710807,-8.20581980182564));
#7850=CARTESIAN_POINT('Ctrl Pts',(3.28392063880906,15.5394907710807,-8.9746583582032));
#7851=CARTESIAN_POINT('Ctrl Pts',(3.01417529004416,15.5394907710807,-9.76679661946907));
#7852=CARTESIAN_POINT('Ctrl Pts',(2.8389016955029,15.5394907710807,-10.6535548519774));
#7853=CARTESIAN_POINT('Ctrl Pts',(3.83474820142555,15.5631789262148,-8.29662406788002));
#7854=CARTESIAN_POINT('Ctrl Pts',(3.47484474718386,15.5631789262148,-9.05155830915202));
#7855=CARTESIAN_POINT('Ctrl Pts',(3.21153969906296,15.5631789262148,-9.82552834800927));
#7856=CARTESIAN_POINT('Ctrl Pts',(3.0397078253385,15.5631789262148,-10.6960064087068));
#7857=CARTESIAN_POINT('Ctrl Pts',(3.95143980338291,15.5716793150925,-8.35419129304924));
#7858=CARTESIAN_POINT('Ctrl Pts',(3.59606720978549,15.5716793150925,-9.09994125654386));
#7859=CARTESIAN_POINT('Ctrl Pts',(3.3365714850337,15.5716793150925,-9.86319499503671));
#7860=CARTESIAN_POINT('Ctrl Pts',(3.16701298614097,15.5716793150925,-10.722919442986));
#7861=CARTESIAN_POINT('',(2.68306921173342,13.31,-7.72846866843247));
#7862=CARTESIAN_POINT('Ctrl Pts',(2.68306921173344,13.31,-7.72846866843247));
#7863=CARTESIAN_POINT('Ctrl Pts',(2.27944029557147,13.31,-8.57203657552392));
#7864=CARTESIAN_POINT('Ctrl Pts',(1.97705038868087,13.31,-9.4561335117141));
#7865=CARTESIAN_POINT('Ctrl Pts',(1.78327911482039,13.31,-10.4303902408904));
#7866=CARTESIAN_POINT('',(3.95143980338291,15.5716793150925,-8.35419129304924));
#7867=CARTESIAN_POINT('Ctrl Pts',(3.95143980338291,15.5716793150925,-8.35419129304924));
#7868=CARTESIAN_POINT('Ctrl Pts',(3.83474820142555,15.5631789262148,-8.29662406788002));
#7869=CARTESIAN_POINT('Ctrl Pts',(3.65068347988821,15.5394907710807,-8.20581980182564));
#7870=CARTESIAN_POINT('Ctrl Pts',(3.31422338413349,15.4083141352016,-8.03983464292925));
#7871=CARTESIAN_POINT('Ctrl Pts',(3.14847134218461,15.2889077598762,-7.95806453298925));
#7872=CARTESIAN_POINT('Ctrl Pts',(2.9277474295529,15.0802224144023,-7.84917526447666));
#7873=CARTESIAN_POINT('Ctrl Pts',(2.77786265173813,14.8276035904577,-7.77523291893364));
#7874=CARTESIAN_POINT('Ctrl Pts',(2.72151401538996,14.55691139404,-7.74743456342029));
#7875=CARTESIAN_POINT('Ctrl Pts',(2.70013560870005,14.3313945963051,-7.73688799853444));
#7876=CARTESIAN_POINT('Ctrl Pts',(2.69178719644039,14.0213678949762,-7.73276949368664));
#7877=CARTESIAN_POINT('Ctrl Pts',(2.68734089077686,13.6027604034164,-7.730576006966));
#7878=CARTESIAN_POINT('Ctrl Pts',(2.68306921173344,13.364661401335,-7.72846866843247));
#7879=CARTESIAN_POINT('Ctrl Pts',(2.68306921173344,13.31,-7.72846866843247));
#7880=CARTESIAN_POINT('Ctrl Pts',(3.95143980338291,15.5716793150925,-8.35419129304924));
#7881=CARTESIAN_POINT('Ctrl Pts',(3.59606720978549,15.5716793150925,-9.09994125654386));
#7882=CARTESIAN_POINT('Ctrl Pts',(3.3365714850337,15.5716793150925,-9.86319499503671));
#7883=CARTESIAN_POINT('Ctrl Pts',(3.16701298614097,15.5716793150925,-10.722919442986));
#7884=CARTESIAN_POINT('Ctrl Pts',(5.01907619379895,13.31,-4.46321529212362));
#7885=CARTESIAN_POINT('Ctrl Pts',(4.08960617274059,13.31,-5.34919231770323));
#7886=CARTESIAN_POINT('Ctrl Pts',(3.28982824736045,13.31,-6.46035504940678));
#7887=CARTESIAN_POINT('Ctrl Pts',(2.68306921173344,13.31,-7.72846866843247));
#7888=CARTESIAN_POINT('Ctrl Pts',(5.01907619379895,13.364661401335,-4.46321529212362));
#7889=CARTESIAN_POINT('Ctrl Pts',(4.08946829077593,13.364661401335,-5.34932064860951));
#7890=CARTESIAN_POINT('Ctrl Pts',(3.28990116326394,13.364661401335,-6.46020724527754));
#7891=CARTESIAN_POINT('Ctrl Pts',(2.68306921173344,13.364661401335,-7.72846866843247));
#7892=CARTESIAN_POINT('Ctrl Pts',(5.02229019197662,13.6027132710475,-4.46666849288498));
#7893=CARTESIAN_POINT('Ctrl Pts',(4.09325253047806,13.6027132710475,-5.35224310837222));
#7894=CARTESIAN_POINT('Ctrl Pts',(3.29383025364487,13.6027132710475,-6.46290562003544));
#7895=CARTESIAN_POINT('Ctrl Pts',(2.68729986204694,13.6027132710475,-7.73055576634805));
#7896=CARTESIAN_POINT('Ctrl Pts',(5.02567005081645,14.0213218627833,-4.47029989852798));
#7897=CARTESIAN_POINT('Ctrl Pts',(4.0970138350256,14.0213218627833,-5.35551949098177));
#7898=CARTESIAN_POINT('Ctrl Pts',(3.29807751034077,14.0213218627833,-6.46550931915785));
#7899=CARTESIAN_POINT('Ctrl Pts',(2.69174883807924,14.0213218627833,-7.73275057043616));
#7900=CARTESIAN_POINT('Ctrl Pts',(5.03200457582788,14.3313335799527,-4.47710587207964));
#7901=CARTESIAN_POINT('Ctrl Pts',(4.10420279133369,14.3313335799527,-5.36153021953606));
#7902=CARTESIAN_POINT('Ctrl Pts',(3.3059639251967,14.3313335799527,-6.4705387340849));
#7903=CARTESIAN_POINT('Ctrl Pts',(2.70008710050007,14.3313335799527,-7.73686406808508));
#7904=CARTESIAN_POINT('Ctrl Pts',(5.0482484250224,14.556855100765,-4.49455867363865));
#7905=CARTESIAN_POINT('Ctrl Pts',(4.12272052181201,14.556855100765,-5.37686665115095));
#7906=CARTESIAN_POINT('Ctrl Pts',(3.32614353686311,14.556855100765,-6.48352463604757));
#7907=CARTESIAN_POINT('Ctrl Pts',(2.72146920524572,14.556855100765,-7.74741245732508));
#7908=CARTESIAN_POINT('Ctrl Pts',(5.09105388584715,14.8275458788368,-4.54054994113135));
#7909=CARTESIAN_POINT('Ctrl Pts',(4.17166619641245,14.8275458788368,-5.41714303635056));
#7910=CARTESIAN_POINT('Ctrl Pts',(3.37924210451178,14.8275458788368,-6.5179036082089));
#7911=CARTESIAN_POINT('Ctrl Pts',(2.77781489253205,14.8275458788368,-7.77520935798389));
#7912=CARTESIAN_POINT('Ctrl Pts',(5.20493383072983,15.0801877291316,-4.6629054281706));
#7913=CARTESIAN_POINT('Ctrl Pts',(4.30143784534475,15.0801877291316,-5.52470763476637));
#7914=CARTESIAN_POINT('Ctrl Pts',(3.52074057681773,15.0801877291316,-6.6088899671567));
#7915=CARTESIAN_POINT('Ctrl Pts',(2.92771734980995,15.0801877291316,-7.84916042529967));
#7916=CARTESIAN_POINT('Ctrl Pts',(5.37262407090393,15.2888864708681,-4.84307605460858));
#7917=CARTESIAN_POINT('Ctrl Pts',(4.49307297368503,15.2888864708681,-5.6825920310518));
#7918=CARTESIAN_POINT('Ctrl Pts',(3.72881186816249,15.2888864708681,-6.74345221968402));
#7919=CARTESIAN_POINT('Ctrl Pts',(3.14845137887466,15.2888864708681,-7.9580546845311));
#7920=CARTESIAN_POINT('Ctrl Pts',(5.49854926190868,15.4082992120567,-4.97837325809574));
#7921=CARTESIAN_POINT('Ctrl Pts',(4.63652014144053,15.4082992120567,-5.80158100190556));
#7922=CARTESIAN_POINT('Ctrl Pts',(3.88530360515421,15.4082992120567,-6.84400807898192));
#7923=CARTESIAN_POINT('Ctrl Pts',(3.31420923539846,15.4082992120567,-8.03982766296324));
#7924=CARTESIAN_POINT('Ctrl Pts',(5.75415768751938,15.5394787075732,-5.25300540196584));
#7925=CARTESIAN_POINT('Ctrl Pts',(4.92858355193758,15.5394787075732,-6.0422833910093));
#7926=CARTESIAN_POINT('Ctrl Pts',(4.20248767384432,15.5394787075732,-7.04907275734762));
#7927=CARTESIAN_POINT('Ctrl Pts',(3.6506717366708,15.5394787075732,-8.20581400856863));
#7928=CARTESIAN_POINT('Ctrl Pts',(5.89399940887027,15.5631789262148,-5.40325487690126));
#7929=CARTESIAN_POINT('Ctrl Pts',(5.08775638102646,15.5631789262148,-6.17454082049593));
#7930=CARTESIAN_POINT('Ctrl Pts',(4.37634129915945,15.5631789262148,-7.16060501591828));
#7931=CARTESIAN_POINT('Ctrl Pts',(3.83474820142555,15.5631789262148,-8.29662406788002));
#7932=CARTESIAN_POINT('Ctrl Pts',(5.98264927786167,15.5716793150925,-5.49850253361189));
#7933=CARTESIAN_POINT('Ctrl Pts',(5.18917511075366,15.5716793150925,-6.25790411311308));
#7934=CARTESIAN_POINT('Ctrl Pts',(4.48628036448529,15.5716793150925,-7.23185996556082));
#7935=CARTESIAN_POINT('Ctrl Pts',(3.95143980338291,15.5716793150925,-8.35419129304924));
#7936=CARTESIAN_POINT('',(5.01907619379894,13.31,-4.4632152921236));
#7937=CARTESIAN_POINT('Ctrl Pts',(5.01907619379895,13.31,-4.46321529212362));
#7938=CARTESIAN_POINT('Ctrl Pts',(4.08960617274059,13.31,-5.34919231770323));
#7939=CARTESIAN_POINT('Ctrl Pts',(3.28982824736045,13.31,-6.46035504940678));
#7940=CARTESIAN_POINT('Ctrl Pts',(2.68306921173344,13.31,-7.72846866843247));
#7941=CARTESIAN_POINT('',(5.98264927786167,15.5716793150925,-5.49850253361189));
#7942=CARTESIAN_POINT('Ctrl Pts',(5.98264927786167,15.5716793150925,-5.49850253361189));
#7943=CARTESIAN_POINT('Ctrl Pts',(5.89399940887027,15.5631789262148,-5.40325487690126));
#7944=CARTESIAN_POINT('Ctrl Pts',(5.75415768751938,15.5394787075732,-5.25300540196584));
#7945=CARTESIAN_POINT('Ctrl Pts',(5.49854926190868,15.4082992120567,-4.97837325809574));
#7946=CARTESIAN_POINT('Ctrl Pts',(5.37262407090393,15.2888864708681,-4.84307605460858));
#7947=CARTESIAN_POINT('Ctrl Pts',(5.20493383072983,15.0801877291316,-4.6629054281706));
#7948=CARTESIAN_POINT('Ctrl Pts',(5.09105388584715,14.8275458788368,-4.54054994113135));
#7949=CARTESIAN_POINT('Ctrl Pts',(5.0482484250224,14.556855100765,-4.49455867363865));
#7950=CARTESIAN_POINT('Ctrl Pts',(5.03200457582788,14.3313335799527,-4.47710587207964));
#7951=CARTESIAN_POINT('Ctrl Pts',(5.02567005081645,14.0213218627833,-4.47029989852798));
#7952=CARTESIAN_POINT('Ctrl Pts',(5.02229019197662,13.6027132710475,-4.46666849288498));
#7953=CARTESIAN_POINT('Ctrl Pts',(5.01907619379895,13.364661401335,-4.46321529212362));
#7954=CARTESIAN_POINT('Ctrl Pts',(5.01907619379895,13.31,-4.46321529212362));
#7955=CARTESIAN_POINT('Ctrl Pts',(5.98264927786167,15.5716793150925,-5.49850253361189));
#7956=CARTESIAN_POINT('Ctrl Pts',(5.18917511075366,15.5716793150925,-6.25790411311308));
#7957=CARTESIAN_POINT('Ctrl Pts',(4.48628036448529,15.5716793150925,-7.23185996556082));
#7958=CARTESIAN_POINT('Ctrl Pts',(3.95143980338291,15.5716793150925,-8.35419129304924));
#7959=CARTESIAN_POINT('Ctrl Pts',(8.17100683213635,13.31,-2.46102045296667));
#7960=CARTESIAN_POINT('Ctrl Pts',(6.99901942107599,13.31,-2.92458203836514));
#7961=CARTESIAN_POINT('Ctrl Pts',(5.92404507717611,13.31,-3.60064176298996));
#7962=CARTESIAN_POINT('Ctrl Pts',(5.01907619379895,13.31,-4.46321529212362));
#7963=CARTESIAN_POINT('Ctrl Pts',(8.17100683213635,13.364661401335,-2.46102045296667));
#7964=CARTESIAN_POINT('Ctrl Pts',(6.99885401258265,13.364661401335,-2.92464519130156));
#7965=CARTESIAN_POINT('Ctrl Pts',(5.92418641805952,13.364661401335,-3.60051021276359));
#7966=CARTESIAN_POINT('Ctrl Pts',(5.01907619379895,13.364661401335,-4.46321529212362));
#7967=CARTESIAN_POINT('Ctrl Pts',(8.17269047653082,13.602716129278,-2.4654302096381));
#7968=CARTESIAN_POINT('Ctrl Pts',(7.00122174058175,13.602716129278,-2.92879376496171));
#7969=CARTESIAN_POINT('Ctrl Pts',(5.9268177632928,13.602716129278,-3.60450950338506));
#7970=CARTESIAN_POINT('Ctrl Pts',(5.02229208568434,13.602716129278,-4.46667052753234));
#7971=CARTESIAN_POINT('Ctrl Pts',(8.1744599002521,14.0213246604392,-2.47006463724353));
#7972=CARTESIAN_POINT('Ctrl Pts',(7.00344876120451,14.0213246604392,-2.93325348214309));
#7973=CARTESIAN_POINT('Ctrl Pts',(5.92980648568397,14.0213246604392,-3.60850470737629));
#7974=CARTESIAN_POINT('Ctrl Pts',(5.02567182276288,14.0213246604392,-4.47030180235194));
#7975=CARTESIAN_POINT('Ctrl Pts',(8.17777651697357,14.3313372971286,-2.47875143165342));
#7976=CARTESIAN_POINT('Ctrl Pts',(7.00779038648157,14.3313372971286,-2.94154892844979));
#7977=CARTESIAN_POINT('Ctrl Pts',(5.9352656162272,14.3313372971286,-3.616126381741));
#7978=CARTESIAN_POINT('Ctrl Pts',(5.03200681893937,14.3313372971286,-4.47710828213524));
#7979=CARTESIAN_POINT('Ctrl Pts',(8.18628071399718,14.5568585306646,-2.50102539858083));
#7980=CARTESIAN_POINT('Ctrl Pts',(7.01902241870898,14.5568585306646,-2.96278140833107));
#7981=CARTESIAN_POINT('Ctrl Pts',(5.94917837063202,14.5568585306646,-3.63574846124981));
#7982=CARTESIAN_POINT('Ctrl Pts',(5.0482504974084,14.5568585306646,-4.49456090026247));
#7983=CARTESIAN_POINT('Ctrl Pts',(8.20869110892817,14.8275493947102,-2.55972210964452));
#7984=CARTESIAN_POINT('Ctrl Pts',(7.04879884959599,14.8275493947102,-3.0186657680405));
#7985=CARTESIAN_POINT('Ctrl Pts',(5.98568972216507,14.8275493947102,-3.68759812377503));
#7986=CARTESIAN_POINT('Ctrl Pts',(5.09105609664516,14.8275493947102,-4.54055231646852));
#7987=CARTESIAN_POINT('Ctrl Pts',(8.26831125840469,15.0801898416239,-2.71587762132441));
#7988=CARTESIAN_POINT('Ctrl Pts',(7.12748329678404,15.0801898416239,-3.16754253389194));
#7989=CARTESIAN_POINT('Ctrl Pts',(6.08327848511351,15.0801898416239,-3.82511466687456));
#7990=CARTESIAN_POINT('Ctrl Pts',(5.20493522429046,15.0801898416239,-4.66290692544732));
#7991=CARTESIAN_POINT('Ctrl Pts',(8.35610337162255,15.2888877655269,-2.94582039203807));
#7992=CARTESIAN_POINT('Ctrl Pts',(7.24400061626319,15.2888877655269,-3.38651802543232));
#7993=CARTESIAN_POINT('Ctrl Pts',(6.22642268535166,15.2888877655269,-4.02813009463411));
#7994=CARTESIAN_POINT('Ctrl Pts',(5.37262499620767,15.2888877655269,-4.84307704877827));
#7995=CARTESIAN_POINT('Ctrl Pts',(8.42202996250373,15.4083001197606,-3.11849356751235));
#7996=CARTESIAN_POINT('Ctrl Pts',(7.33094724251802,15.4083001197606,-3.55116575475043));
#7997=CARTESIAN_POINT('Ctrl Pts',(6.33438607255371,15.4083001197606,-4.18014435119074));
#7998=CARTESIAN_POINT('Ctrl Pts',(5.49854991796814,15.4083001197606,-4.97837396298258));
#7999=CARTESIAN_POINT('Ctrl Pts',(8.55585084958208,15.5394794406017,-3.46899367995178));
#8000=CARTESIAN_POINT('Ctrl Pts',(7.50850092771369,15.5394794406017,-3.88496869183731));
#8001=CARTESIAN_POINT('Ctrl Pts',(6.55262488868195,15.5394794406017,-4.48955729451571));
#8002=CARTESIAN_POINT('Ctrl Pts',(5.75415823185209,15.5394794406017,-5.25300598681064));
#8003=CARTESIAN_POINT('Ctrl Pts',(8.6290631409755,15.5631789262148,-3.66074936866067));
#8004=CARTESIAN_POINT('Ctrl Pts',(7.6049035574031,15.5631789262148,-4.06787031308013));
#8005=CARTESIAN_POINT('Ctrl Pts',(6.67265001613975,15.5631789262148,-4.65824958004636));
#8006=CARTESIAN_POINT('Ctrl Pts',(5.89399940887027,15.5631789262148,-5.40325487690126));
#8007=CARTESIAN_POINT('Ctrl Pts',(8.67547479295797,15.5716793150925,-3.78230953459226));
#8008=CARTESIAN_POINT('Ctrl Pts',(7.66663322447974,15.5716793150925,-4.18358206328962));
#8009=CARTESIAN_POINT('Ctrl Pts',(6.74821070366264,15.5716793150925,-4.76567973302475));
#8010=CARTESIAN_POINT('Ctrl Pts',(5.98264927786167,15.5716793150925,-5.49850253361189));
#8011=CARTESIAN_POINT('',(8.17100683213635,13.31,-2.46102045296665));
#8012=CARTESIAN_POINT('Ctrl Pts',(8.17100683213635,13.31,-2.46102045296667));
#8013=CARTESIAN_POINT('Ctrl Pts',(6.99901942107599,13.31,-2.92458203836514));
#8014=CARTESIAN_POINT('Ctrl Pts',(5.92404507717611,13.31,-3.60064176298996));
#8015=CARTESIAN_POINT('Ctrl Pts',(5.01907619379895,13.31,-4.46321529212362));
#8016=CARTESIAN_POINT('',(8.67547479295797,15.5716793150925,-3.78230953459226));
#8017=CARTESIAN_POINT('Ctrl Pts',(8.67547479295797,15.5716793150925,-3.78230953459226));
#8018=CARTESIAN_POINT('Ctrl Pts',(8.6290631409755,15.5631789262148,-3.66074936866067));
#8019=CARTESIAN_POINT('Ctrl Pts',(8.55585084958208,15.5394794406017,-3.46899367995178));
#8020=CARTESIAN_POINT('Ctrl Pts',(8.42202996250373,15.4083001197606,-3.11849356751235));
#8021=CARTESIAN_POINT('Ctrl Pts',(8.35610337162255,15.2888877655269,-2.94582039203807));
#8022=CARTESIAN_POINT('Ctrl Pts',(8.26831125840469,15.0801898416239,-2.71587762132441));
#8023=CARTESIAN_POINT('Ctrl Pts',(8.20869110892817,14.8275493947102,-2.55972210964452));
#8024=CARTESIAN_POINT('Ctrl Pts',(8.18628071399718,14.5568585306646,-2.50102539858083));
#8025=CARTESIAN_POINT('Ctrl Pts',(8.17777651697357,14.3313372971286,-2.47875143165342));
#8026=CARTESIAN_POINT('Ctrl Pts',(8.1744599002521,14.0213246604392,-2.47006463724353));
#8027=CARTESIAN_POINT('Ctrl Pts',(8.17269047653082,13.602716129278,-2.4654302096381));
#8028=CARTESIAN_POINT('Ctrl Pts',(8.17100683213635,13.364661401335,-2.46102045296667));
#8029=CARTESIAN_POINT('Ctrl Pts',(8.17100683213635,13.31,-2.46102045296667));
#8030=CARTESIAN_POINT('Ctrl Pts',(8.67547479295797,15.5716793150925,-3.78230953459226));
#8031=CARTESIAN_POINT('Ctrl Pts',(7.66663322447974,15.5716793150925,-4.18358206328962));
#8032=CARTESIAN_POINT('Ctrl Pts',(6.74821070366264,15.5716793150925,-4.76567973302475));
#8033=CARTESIAN_POINT('Ctrl Pts',(5.98264927786167,15.5716793150925,-5.49850253361189));
#8034=CARTESIAN_POINT('Ctrl Pts',(7.57347590328207,15.0399999999999,-8.19000000000318));
#8035=CARTESIAN_POINT('Ctrl Pts',(7.36915449533178,15.0399999999999,-8.43981056661196));
#8036=CARTESIAN_POINT('Ctrl Pts',(7.17209354480465,15.0399999999999,-8.71993702958023));
#8037=CARTESIAN_POINT('Ctrl Pts',(6.98999999934989,15.0399999999999,-9.0257539593582));
#8038=CARTESIAN_POINT('Ctrl Pts',(7.57347590328207,14.8838931050308,-8.19000000000318));
#8039=CARTESIAN_POINT('Ctrl Pts',(7.36915449533178,14.8838931050308,-8.43981056661196));
#8040=CARTESIAN_POINT('Ctrl Pts',(7.17209354480465,14.8838931050308,-8.71993702958023));
#8041=CARTESIAN_POINT('Ctrl Pts',(6.98999999934989,14.8838931050308,-9.0257539593582));
#8042=CARTESIAN_POINT('Ctrl Pts',(7.57347590328207,14.7277862100617,-8.19000000000318));
#8043=CARTESIAN_POINT('Ctrl Pts',(7.36915449533178,14.7277862100617,-8.43981056661196));
#8044=CARTESIAN_POINT('Ctrl Pts',(7.17209354480465,14.7277862100617,-8.71993702958023));
#8045=CARTESIAN_POINT('Ctrl Pts',(6.98999999934989,14.7277862100617,-9.0257539593582));
#8046=CARTESIAN_POINT('Ctrl Pts',(7.57347590328207,14.5716793150925,-8.19000000000318));
#8047=CARTESIAN_POINT('Ctrl Pts',(7.36915449533178,14.5716793150925,-8.43981056661196));
#8048=CARTESIAN_POINT('Ctrl Pts',(7.17209354480465,14.5716793150925,-8.71993702958023));
#8049=CARTESIAN_POINT('Ctrl Pts',(6.98999999934989,14.5716793150925,-9.0257539593582));
#8050=CARTESIAN_POINT('Ctrl Pts',(7.57347588079788,14.5716793150925,-8.19000002749315));
#8051=CARTESIAN_POINT('Ctrl Pts',(7.36915449714322,14.5716793150925,-8.43981056727249));
#8052=CARTESIAN_POINT('Ctrl Pts',(7.17209356950562,14.5716793150925,-8.71993699619007));
#8053=CARTESIAN_POINT('Ctrl Pts',(6.99000004284525,14.5716793150925,-9.02575388630992));
#8054=CARTESIAN_POINT('Ctrl Pts',(3.46619096019053,14.5716793150925,-10.7861673664829));
#8055=CARTESIAN_POINT('Ctrl Pts',(3.24587898706118,14.5716793150925,-11.9055474977056));
#8056=CARTESIAN_POINT('Ctrl Pts',(3.16125662774866,14.5716793150926,-13.3366140698049));
#8057=CARTESIAN_POINT('Ctrl Pts',(3.1344043960485,14.5716793150926,-15.5807941353934));
#8058=CARTESIAN_POINT('Ctrl Pts',(3.46619096019053,13.8177862100617,-10.7861673664829));
#8059=CARTESIAN_POINT('Ctrl Pts',(3.24587898706118,13.8177862100617,-11.9055474977056));
#8060=CARTESIAN_POINT('Ctrl Pts',(3.16125662774866,13.8177862100617,-13.3366140698049));
#8061=CARTESIAN_POINT('Ctrl Pts',(3.1344043960485,13.8177862100617,-15.5807941353934));
#8062=CARTESIAN_POINT('Ctrl Pts',(3.46619096019053,13.0638931050308,-10.7861673664829));
#8063=CARTESIAN_POINT('Ctrl Pts',(3.24587898706118,13.0638931050308,-11.9055474977056));
#8064=CARTESIAN_POINT('Ctrl Pts',(3.16125662774866,13.0638931050308,-13.3366140698049));
#8065=CARTESIAN_POINT('Ctrl Pts',(3.1344043960485,13.0638931050309,-15.5807941353934));
#8066=CARTESIAN_POINT('Ctrl Pts',(3.46619096019053,12.31,-10.7861673664829));
#8067=CARTESIAN_POINT('Ctrl Pts',(3.24587898706118,12.31,-11.9055474977056));
#8068=CARTESIAN_POINT('Ctrl Pts',(3.16125662774866,12.31,-13.3366140698049));
#8069=CARTESIAN_POINT('Ctrl Pts',(3.1344043960485,12.31,-15.5807941353934));
#8070=CARTESIAN_POINT('',(3.46619096019053,12.31,-10.7861673664829));
#8071=CARTESIAN_POINT('Ctrl Pts',(3.46619096019053,12.31,-10.7861673664829));
#8072=CARTESIAN_POINT('Ctrl Pts',(3.46619096019053,13.0638931050308,-10.7861673664829));
#8073=CARTESIAN_POINT('Ctrl Pts',(3.46619096019053,13.8177862100617,-10.7861673664829));
#8074=CARTESIAN_POINT('Ctrl Pts',(3.46619096019053,14.5716793150925,-10.7861673664829));
#8075=CARTESIAN_POINT('',(3.1344043960583,12.31,-15.5807941348481));
#8076=CARTESIAN_POINT('Ctrl Pts',(3.46619096019053,12.31,-10.7861673664829));
#8077=CARTESIAN_POINT('Ctrl Pts',(3.24587898706118,12.31,-11.9055474977056));
#8078=CARTESIAN_POINT('Ctrl Pts',(3.16125662774866,12.31,-13.3366140698049));
#8079=CARTESIAN_POINT('Ctrl Pts',(3.1344043960485,12.31,-15.5807941353934));
#8080=CARTESIAN_POINT('Ctrl Pts',(3.1344043960485,14.5716793150926,-15.5807941353934));
#8081=CARTESIAN_POINT('Ctrl Pts',(3.1344043960485,14.1947327625771,-15.5807941353934));
#8082=CARTESIAN_POINT('Ctrl Pts',(3.1344043960485,13.8177862100617,-15.5807941353934));
#8083=CARTESIAN_POINT('Ctrl Pts',(3.1344043960485,13.0638931050308,-15.5807941353934));
#8084=CARTESIAN_POINT('Ctrl Pts',(3.1344043960485,12.6869465525154,-15.5807941353934));
#8085=CARTESIAN_POINT('Ctrl Pts',(3.1344043960485,12.31,-15.5807941353934));
#8086=CARTESIAN_POINT('Ctrl Pts',(4.22567500989092,14.5716793150925,-8.48947917681779));
#8087=CARTESIAN_POINT('Ctrl Pts',(3.88073594626568,14.5716793150925,-9.21407986096214));
#8088=CARTESIAN_POINT('Ctrl Pts',(3.63051439971881,14.5716793150925,-9.95120601537681));
#8089=CARTESIAN_POINT('Ctrl Pts',(3.46619096019053,14.5716793150925,-10.7861673664829));
#8090=CARTESIAN_POINT('Ctrl Pts',(4.22567500989092,13.8177862100617,-8.48947917681779));
#8091=CARTESIAN_POINT('Ctrl Pts',(3.88073594626568,13.8177862100617,-9.21407986096214));
#8092=CARTESIAN_POINT('Ctrl Pts',(3.63051439971881,13.8177862100617,-9.95120601537681));
#8093=CARTESIAN_POINT('Ctrl Pts',(3.46619096019053,13.8177862100617,-10.7861673664829));
#8094=CARTESIAN_POINT('Ctrl Pts',(4.22567500989092,13.0638931050308,-8.48947917681779));
#8095=CARTESIAN_POINT('Ctrl Pts',(3.88073594626568,13.0638931050308,-9.21407986096214));
#8096=CARTESIAN_POINT('Ctrl Pts',(3.63051439971881,13.0638931050308,-9.95120601537681));
#8097=CARTESIAN_POINT('Ctrl Pts',(3.46619096019053,13.0638931050308,-10.7861673664829));
#8098=CARTESIAN_POINT('Ctrl Pts',(4.22567500989092,12.31,-8.48947917681779));
#8099=CARTESIAN_POINT('Ctrl Pts',(3.88073594626568,12.31,-9.21407986096214));
#8100=CARTESIAN_POINT('Ctrl Pts',(3.63051439971881,12.31,-9.95120601537681));
#8101=CARTESIAN_POINT('Ctrl Pts',(3.46619096019053,12.31,-10.7861673664829));
#8102=CARTESIAN_POINT('',(4.22567500989092,12.31,-8.48947917681779));
#8103=CARTESIAN_POINT('Ctrl Pts',(4.22567500989092,12.31,-8.48947917681779));
#8104=CARTESIAN_POINT('Ctrl Pts',(4.22567500989092,13.0638931050308,-8.48947917681779));
#8105=CARTESIAN_POINT('Ctrl Pts',(4.22567500989092,13.8177862100617,-8.48947917681779));
#8106=CARTESIAN_POINT('Ctrl Pts',(4.22567500989092,14.5716793150925,-8.48947917681779));
#8107=CARTESIAN_POINT('Ctrl Pts',(4.22567500989092,12.31,-8.48947917681779));
#8108=CARTESIAN_POINT('Ctrl Pts',(3.88073594626568,12.31,-9.21407986096214));
#8109=CARTESIAN_POINT('Ctrl Pts',(3.63051439971881,12.31,-9.95120601537681));
#8110=CARTESIAN_POINT('Ctrl Pts',(3.46619096019053,12.31,-10.7861673664829));
#8111=CARTESIAN_POINT('Ctrl Pts',(6.190984022796,14.5716793150925,-5.72234264180569));
#8112=CARTESIAN_POINT('Ctrl Pts',(5.42691360514248,14.5716793150925,-6.45437726418671));
#8113=CARTESIAN_POINT('Ctrl Pts',(4.74496603220483,14.5716793150925,-7.39866753063399));
#8114=CARTESIAN_POINT('Ctrl Pts',(4.22567500989092,14.5716793150925,-8.48947917681779));
#8115=CARTESIAN_POINT('Ctrl Pts',(6.190984022796,13.8177862100617,-5.72234264180569));
#8116=CARTESIAN_POINT('Ctrl Pts',(5.42691360514248,13.8177862100617,-6.45437726418671));
#8117=CARTESIAN_POINT('Ctrl Pts',(4.74496603220483,13.8177862100617,-7.39866753063399));
#8118=CARTESIAN_POINT('Ctrl Pts',(4.22567500989092,13.8177862100617,-8.48947917681779));
#8119=CARTESIAN_POINT('Ctrl Pts',(6.190984022796,13.0638931050308,-5.72234264180569));
#8120=CARTESIAN_POINT('Ctrl Pts',(5.42691360514248,13.0638931050308,-6.45437726418671));
#8121=CARTESIAN_POINT('Ctrl Pts',(4.74496603220483,13.0638931050308,-7.39866753063399));
#8122=CARTESIAN_POINT('Ctrl Pts',(4.22567500989092,13.0638931050308,-8.48947917681779));
#8123=CARTESIAN_POINT('Ctrl Pts',(6.190984022796,12.31,-5.72234264180569));
#8124=CARTESIAN_POINT('Ctrl Pts',(5.42691360514248,12.31,-6.45437726418671));
#8125=CARTESIAN_POINT('Ctrl Pts',(4.74496603220483,12.31,-7.39866753063399));
#8126=CARTESIAN_POINT('Ctrl Pts',(4.22567500989092,12.31,-8.48947917681779));
#8127=CARTESIAN_POINT('',(6.190984022796,12.31,-5.72234264180569));
#8128=CARTESIAN_POINT('Ctrl Pts',(6.190984022796,12.31,-5.72234264180569));
#8129=CARTESIAN_POINT('Ctrl Pts',(6.190984022796,13.0638931050308,-5.72234264180569));
#8130=CARTESIAN_POINT('Ctrl Pts',(6.190984022796,13.8177862100617,-5.72234264180569));
#8131=CARTESIAN_POINT('Ctrl Pts',(6.190984022796,14.5716793150925,-5.72234264180569));
#8132=CARTESIAN_POINT('Ctrl Pts',(6.190984022796,12.31,-5.72234264180569));
#8133=CARTESIAN_POINT('Ctrl Pts',(5.42691360514248,12.31,-6.45437726418671));
#8134=CARTESIAN_POINT('Ctrl Pts',(4.74496603220483,12.31,-7.39866753063399));
#8135=CARTESIAN_POINT('Ctrl Pts',(4.22567500989092,12.31,-8.48947917681779));
#8136=CARTESIAN_POINT('Ctrl Pts',(8.78454612930351,14.5716793150925,-4.06798628123235));
#8137=CARTESIAN_POINT('Ctrl Pts',(7.81097842646516,14.5716793150925,-4.45579125364918));
#8138=CARTESIAN_POINT('Ctrl Pts',(6.92640407416835,14.5716793150925,-5.01757332816612));
#8139=CARTESIAN_POINT('Ctrl Pts',(6.190984022796,14.5716793150925,-5.72234264180569));
#8140=CARTESIAN_POINT('Ctrl Pts',(8.78454612930351,13.8177862100617,-4.06798628123235));
#8141=CARTESIAN_POINT('Ctrl Pts',(7.81097842646516,13.8177862100617,-4.45579125364918));
#8142=CARTESIAN_POINT('Ctrl Pts',(6.92640407416835,13.8177862100617,-5.01757332816612));
#8143=CARTESIAN_POINT('Ctrl Pts',(6.190984022796,13.8177862100617,-5.72234264180569));
#8144=CARTESIAN_POINT('Ctrl Pts',(8.78454612930351,13.0638931050308,-4.06798628123235));
#8145=CARTESIAN_POINT('Ctrl Pts',(7.81097842646516,13.0638931050308,-4.45579125364918));
#8146=CARTESIAN_POINT('Ctrl Pts',(6.92640407416835,13.0638931050308,-5.01757332816612));
#8147=CARTESIAN_POINT('Ctrl Pts',(6.190984022796,13.0638931050308,-5.72234264180569));
#8148=CARTESIAN_POINT('Ctrl Pts',(8.78454612930351,12.31,-4.06798628123235));
#8149=CARTESIAN_POINT('Ctrl Pts',(7.81097842646516,12.31,-4.45579125364918));
#8150=CARTESIAN_POINT('Ctrl Pts',(6.92640407416835,12.31,-5.01757332816612));
#8151=CARTESIAN_POINT('Ctrl Pts',(6.190984022796,12.31,-5.72234264180569));
#8152=CARTESIAN_POINT('',(8.78454612930351,12.31,-4.06798628123235));
#8153=CARTESIAN_POINT('Ctrl Pts',(8.78454612930351,12.31,-4.06798628123235));
#8154=CARTESIAN_POINT('Ctrl Pts',(8.78454612930351,13.0638931050308,-4.06798628123235));
#8155=CARTESIAN_POINT('Ctrl Pts',(8.78454612930351,13.8177862100617,-4.06798628123235));
#8156=CARTESIAN_POINT('Ctrl Pts',(8.78454612930351,14.5716793150925,-4.06798628123235));
#8157=CARTESIAN_POINT('Ctrl Pts',(8.78454612930351,12.31,-4.06798628123235));
#8158=CARTESIAN_POINT('Ctrl Pts',(7.81097842646516,12.31,-4.45579125364918));
#8159=CARTESIAN_POINT('Ctrl Pts',(6.92640407416835,12.31,-5.01757332816612));
#8160=CARTESIAN_POINT('Ctrl Pts',(6.190984022796,12.31,-5.72234264180569));
#8161=CARTESIAN_POINT('Ctrl Pts',(2.48773692391884,12.31,-10.5793166241182));
#8162=CARTESIAN_POINT('Ctrl Pts',(2.24398089424451,12.31,-11.8098041202157));
#8163=CARTESIAN_POINT('Ctrl Pts',(2.16149388114771,12.31,-13.3014376780889));
#8164=CARTESIAN_POINT('Ctrl Pts',(2.13440294553505,12.31,-15.5748372624461));
#8165=CARTESIAN_POINT('Ctrl Pts',(2.48773692391884,12.5466666666666,-10.5793166241182));
#8166=CARTESIAN_POINT('Ctrl Pts',(2.24398089424451,12.5466666666666,-11.8098041202157));
#8167=CARTESIAN_POINT('Ctrl Pts',(2.16149388114771,12.5466666666666,-13.301437678089));
#8168=CARTESIAN_POINT('Ctrl Pts',(2.13440294553505,12.5466666666666,-15.5748372624461));
#8169=CARTESIAN_POINT('Ctrl Pts',(2.48773692391884,12.7833333333333,-10.5793166241182));
#8170=CARTESIAN_POINT('Ctrl Pts',(2.24398089424451,12.7833333333333,-11.8098041202157));
#8171=CARTESIAN_POINT('Ctrl Pts',(2.16149388114771,12.7833333333333,-13.3014376780889));
#8172=CARTESIAN_POINT('Ctrl Pts',(2.13440294553505,12.7833333333333,-15.5748372624461));
#8173=CARTESIAN_POINT('Ctrl Pts',(2.48773692391884,13.02,-10.5793166241182));
#8174=CARTESIAN_POINT('Ctrl Pts',(2.24398089424451,13.02,-11.8098041202157));
#8175=CARTESIAN_POINT('Ctrl Pts',(2.16149388114771,13.02,-13.3014376780889));
#8176=CARTESIAN_POINT('Ctrl Pts',(2.13440294553505,13.02,-15.5748372624461));
#8177=CARTESIAN_POINT('',(2.48773692391884,13.02,-10.5793166241182));
#8178=CARTESIAN_POINT('',(2.48773692391884,12.31,-10.5793166241182));
#8179=CARTESIAN_POINT('Ctrl Pts',(2.48773692391884,13.02,-10.5793166241182));
#8180=CARTESIAN_POINT('Ctrl Pts',(2.48773692391884,12.7833333333333,-10.5793166241182));
#8181=CARTESIAN_POINT('Ctrl Pts',(2.48773692391884,12.5466666666666,-10.5793166241182));
#8182=CARTESIAN_POINT('Ctrl Pts',(2.48773692391884,12.31,-10.5793166241182));
#8183=CARTESIAN_POINT('',(2.13440294553517,13.02,-15.5748372624395));
#8184=CARTESIAN_POINT('Ctrl Pts',(2.48773692391884,13.02,-10.5793166241182));
#8185=CARTESIAN_POINT('Ctrl Pts',(2.24398089424451,13.02,-11.8098041202157));
#8186=CARTESIAN_POINT('Ctrl Pts',(2.16149388114771,13.02,-13.3014376780889));
#8187=CARTESIAN_POINT('Ctrl Pts',(2.13440294553505,13.02,-15.5748372624461));
#8188=CARTESIAN_POINT('',(2.13440294553517,12.31,-15.5748372624395));
#8189=CARTESIAN_POINT('Ctrl Pts',(2.13440294553505,12.31,-15.5748372624461));
#8190=CARTESIAN_POINT('Ctrl Pts',(2.13440294553505,12.4283333333333,-15.5748372624461));
#8191=CARTESIAN_POINT('Ctrl Pts',(2.13440294553505,12.5466666666666,-15.5748372624461));
#8192=CARTESIAN_POINT('Ctrl Pts',(2.13440294553505,12.7833333333333,-15.5748372624461));
#8193=CARTESIAN_POINT('Ctrl Pts',(2.13440294553505,12.9016666666666,-15.5748372624461));
#8194=CARTESIAN_POINT('Ctrl Pts',(2.13440294553505,13.02,-15.5748372624461));
#8195=CARTESIAN_POINT('Ctrl Pts',(2.48773692391884,12.31,-10.5793166241182));
#8196=CARTESIAN_POINT('Ctrl Pts',(2.24398089424451,12.31,-11.8098041202157));
#8197=CARTESIAN_POINT('Ctrl Pts',(2.16149388114771,12.31,-13.3014376780889));
#8198=CARTESIAN_POINT('Ctrl Pts',(2.13440294553505,12.31,-15.5748372624461));
#8199=CARTESIAN_POINT('Ctrl Pts',(3.32879566725885,12.31,-8.04702355703991));
#8200=CARTESIAN_POINT('Ctrl Pts',(2.94973400638602,12.31,-8.84079242714532));
#8201=CARTESIAN_POINT('Ctrl Pts',(2.66918149337503,12.31,-9.66336818787054));
#8202=CARTESIAN_POINT('Ctrl Pts',(2.48773692391884,12.31,-10.5793166241182));
#8203=CARTESIAN_POINT('Ctrl Pts',(3.32879566725885,12.5466666666666,-8.04702355703991));
#8204=CARTESIAN_POINT('Ctrl Pts',(2.94973400638602,12.5466666666666,-8.84079242714531));
#8205=CARTESIAN_POINT('Ctrl Pts',(2.66918149337503,12.5466666666666,-9.66336818787054));
#8206=CARTESIAN_POINT('Ctrl Pts',(2.48773692391884,12.5466666666666,-10.5793166241182));
#8207=CARTESIAN_POINT('Ctrl Pts',(3.32879566725885,12.7833333333333,-8.04702355703991));
#8208=CARTESIAN_POINT('Ctrl Pts',(2.94973400638602,12.7833333333333,-8.84079242714532));
#8209=CARTESIAN_POINT('Ctrl Pts',(2.66918149337503,12.7833333333333,-9.66336818787054));
#8210=CARTESIAN_POINT('Ctrl Pts',(2.48773692391884,12.7833333333333,-10.5793166241182));
#8211=CARTESIAN_POINT('Ctrl Pts',(3.32879566725885,13.02,-8.04702355703991));
#8212=CARTESIAN_POINT('Ctrl Pts',(2.94973400638602,13.02,-8.84079242714532));
#8213=CARTESIAN_POINT('Ctrl Pts',(2.66918149337503,13.02,-9.66336818787054));
#8214=CARTESIAN_POINT('Ctrl Pts',(2.48773692391884,13.02,-10.5793166241182));
#8215=CARTESIAN_POINT('',(3.32879566725885,12.31,-8.04702355703991));
#8216=CARTESIAN_POINT('Ctrl Pts',(3.32879566725885,12.31,-8.04702355703991));
#8217=CARTESIAN_POINT('Ctrl Pts',(2.94973400638602,12.31,-8.84079242714532));
#8218=CARTESIAN_POINT('Ctrl Pts',(2.66918149337503,12.31,-9.66336818787054));
#8219=CARTESIAN_POINT('Ctrl Pts',(2.48773692391884,12.31,-10.5793166241182));
#8220=CARTESIAN_POINT('',(3.32879566725885,13.02,-8.04702355703991));
#8221=CARTESIAN_POINT('Ctrl Pts',(3.32879566725885,13.02,-8.04702355703991));
#8222=CARTESIAN_POINT('Ctrl Pts',(3.32879566725885,12.7833333333333,-8.04702355703991));
#8223=CARTESIAN_POINT('Ctrl Pts',(3.32879566725885,12.5466666666666,-8.04702355703991));
#8224=CARTESIAN_POINT('Ctrl Pts',(3.32879566725885,12.31,-8.04702355703991));
#8225=CARTESIAN_POINT('Ctrl Pts',(3.32879566725885,13.02,-8.04702355703991));
#8226=CARTESIAN_POINT('Ctrl Pts',(2.94973400638602,13.02,-8.84079242714532));
#8227=CARTESIAN_POINT('Ctrl Pts',(2.66918149337503,13.02,-9.66336818787054));
#8228=CARTESIAN_POINT('Ctrl Pts',(2.48773692391884,13.02,-10.5793166241182));
#8229=CARTESIAN_POINT('Ctrl Pts',(5.50963048156618,12.31,-4.9902792001787));
#8230=CARTESIAN_POINT('Ctrl Pts',(4.6493958411731,12.31,-5.81181676721925));
#8231=CARTESIAN_POINT('Ctrl Pts',(3.898941064926,12.31,-6.85312758624139));
#8232=CARTESIAN_POINT('Ctrl Pts',(3.32879566725885,12.31,-8.04702355703991));
#8233=CARTESIAN_POINT('Ctrl Pts',(5.50963048156618,12.5466666666666,-4.9902792001787));
#8234=CARTESIAN_POINT('Ctrl Pts',(4.64939584117311,12.5466666666666,-5.81181676721924));
#8235=CARTESIAN_POINT('Ctrl Pts',(3.898941064926,12.5466666666666,-6.8531275862414));
#8236=CARTESIAN_POINT('Ctrl Pts',(3.32879566725885,12.5466666666666,-8.04702355703991));
#8237=CARTESIAN_POINT('Ctrl Pts',(5.50963048156618,12.7833333333333,-4.9902792001787));
#8238=CARTESIAN_POINT('Ctrl Pts',(4.6493958411731,12.7833333333333,-5.81181676721925));
#8239=CARTESIAN_POINT('Ctrl Pts',(3.898941064926,12.7833333333333,-6.85312758624139));
#8240=CARTESIAN_POINT('Ctrl Pts',(3.32879566725885,12.7833333333333,-8.04702355703991));
#8241=CARTESIAN_POINT('Ctrl Pts',(5.50963048156618,13.02,-4.9902792001787));
#8242=CARTESIAN_POINT('Ctrl Pts',(4.6493958411731,13.02,-5.81181676721925));
#8243=CARTESIAN_POINT('Ctrl Pts',(3.898941064926,13.02,-6.85312758624139));
#8244=CARTESIAN_POINT('Ctrl Pts',(3.32879566725885,13.02,-8.04702355703991));
#8245=CARTESIAN_POINT('',(5.50963048156618,12.31,-4.9902792001787));
#8246=CARTESIAN_POINT('Ctrl Pts',(5.50963048156618,12.31,-4.9902792001787));
#8247=CARTESIAN_POINT('Ctrl Pts',(4.6493958411731,12.31,-5.81181676721925));
#8248=CARTESIAN_POINT('Ctrl Pts',(3.898941064926,12.31,-6.85312758624139));
#8249=CARTESIAN_POINT('Ctrl Pts',(3.32879566725885,12.31,-8.04702355703991));
#8250=CARTESIAN_POINT('',(5.50963048156618,13.02,-4.9902792001787));
#8251=CARTESIAN_POINT('Ctrl Pts',(5.50963048156618,13.02,-4.9902792001787));
#8252=CARTESIAN_POINT('Ctrl Pts',(5.50963048156618,12.7833333333333,-4.9902792001787));
#8253=CARTESIAN_POINT('Ctrl Pts',(5.50963048156618,12.5466666666666,-4.9902792001787));
#8254=CARTESIAN_POINT('Ctrl Pts',(5.50963048156618,12.31,-4.9902792001787));
#8255=CARTESIAN_POINT('Ctrl Pts',(5.50963048156618,13.02,-4.9902792001787));
#8256=CARTESIAN_POINT('Ctrl Pts',(4.6493958411731,13.02,-5.81181676721925));
#8257=CARTESIAN_POINT('Ctrl Pts',(3.898941064926,13.02,-6.85312758624139));
#8258=CARTESIAN_POINT('Ctrl Pts',(3.32879566725885,13.02,-8.04702355703991));
#8259=CARTESIAN_POINT('Ctrl Pts',(8.42783106821695,12.31,-3.13368766948812));
#8260=CARTESIAN_POINT('Ctrl Pts',(7.33890107535742,12.31,-3.56553794585244));
#8261=CARTESIAN_POINT('Ctrl Pts',(6.343627139596,12.31,-4.19376166335343));
#8262=CARTESIAN_POINT('Ctrl Pts',(5.50963048156618,12.31,-4.9902792001787));
#8263=CARTESIAN_POINT('Ctrl Pts',(8.42783106821695,12.5466666666666,-3.13368766948812));
#8264=CARTESIAN_POINT('Ctrl Pts',(7.33890107535742,12.5466666666666,-3.56553794585244));
#8265=CARTESIAN_POINT('Ctrl Pts',(6.343627139596,12.5466666666666,-4.19376166335343));
#8266=CARTESIAN_POINT('Ctrl Pts',(5.50963048156618,12.5466666666666,-4.9902792001787));
#8267=CARTESIAN_POINT('Ctrl Pts',(8.42783106821695,12.7833333333333,-3.13368766948812));
#8268=CARTESIAN_POINT('Ctrl Pts',(7.33890107535742,12.7833333333333,-3.56553794585244));
#8269=CARTESIAN_POINT('Ctrl Pts',(6.343627139596,12.7833333333333,-4.19376166335342));
#8270=CARTESIAN_POINT('Ctrl Pts',(5.50963048156618,12.7833333333333,-4.9902792001787));
#8271=CARTESIAN_POINT('Ctrl Pts',(8.42783106821695,13.02,-3.13368766948812));
#8272=CARTESIAN_POINT('Ctrl Pts',(7.33890107535742,13.02,-3.56553794585244));
#8273=CARTESIAN_POINT('Ctrl Pts',(6.343627139596,13.02,-4.19376166335343));
#8274=CARTESIAN_POINT('Ctrl Pts',(5.50963048156618,13.02,-4.9902792001787));
#8275=CARTESIAN_POINT('',(8.42783106821695,12.31,-3.13368766948812));
#8276=CARTESIAN_POINT('Ctrl Pts',(8.42783106821695,12.31,-3.13368766948812));
#8277=CARTESIAN_POINT('Ctrl Pts',(7.33890107535742,12.31,-3.56553794585244));
#8278=CARTESIAN_POINT('Ctrl Pts',(6.343627139596,12.31,-4.19376166335343));
#8279=CARTESIAN_POINT('Ctrl Pts',(5.50963048156618,12.31,-4.9902792001787));
#8280=CARTESIAN_POINT('',(8.42783106821695,13.02,-3.13368766948812));
#8281=CARTESIAN_POINT('Ctrl Pts',(8.42783106821695,13.02,-3.13368766948812));
#8282=CARTESIAN_POINT('Ctrl Pts',(8.42783106821695,12.7833333333333,-3.13368766948812));
#8283=CARTESIAN_POINT('Ctrl Pts',(8.42783106821695,12.5466666666666,-3.13368766948812));
#8284=CARTESIAN_POINT('Ctrl Pts',(8.42783106821695,12.31,-3.13368766948812));
#8285=CARTESIAN_POINT('Ctrl Pts',(8.42783106821695,13.02,-3.13368766948812));
#8286=CARTESIAN_POINT('Ctrl Pts',(7.33890107535742,13.02,-3.56553794585244));
#8287=CARTESIAN_POINT('Ctrl Pts',(6.343627139596,13.02,-4.19376166335343));
#8288=CARTESIAN_POINT('Ctrl Pts',(5.50963048156618,13.02,-4.9902792001787));
#8289=CARTESIAN_POINT('Ctrl Pts',(1.41452306979409,13.02,-15.5628217222857));
#8290=CARTESIAN_POINT('Ctrl Pts',(1.4144924153745,13.02,-15.5653973108226));
#8291=CARTESIAN_POINT('Ctrl Pts',(1.41446176095491,13.02,-15.5679728993595));
#8292=CARTESIAN_POINT('Ctrl Pts',(1.41443110653532,13.02,-15.5705484878964));
#8293=CARTESIAN_POINT('Ctrl Pts',(1.41452306979409,13.1166666666667,-15.5628217222857));
#8294=CARTESIAN_POINT('Ctrl Pts',(1.4144924153745,13.1166666666667,-15.5653973108226));
#8295=CARTESIAN_POINT('Ctrl Pts',(1.41446176095491,13.1166666666667,-15.5679728993595));
#8296=CARTESIAN_POINT('Ctrl Pts',(1.41443110653532,13.1166666666667,-15.5705484878964));
#8297=CARTESIAN_POINT('Ctrl Pts',(1.41452306979409,13.2133333333333,-15.5628217222857));
#8298=CARTESIAN_POINT('Ctrl Pts',(1.4144924153745,13.2133333333333,-15.5653973108226));
#8299=CARTESIAN_POINT('Ctrl Pts',(1.41446176095491,13.2133333333333,-15.5679728993595));
#8300=CARTESIAN_POINT('Ctrl Pts',(1.41443110653532,13.2133333333333,-15.5705484878964));
#8301=CARTESIAN_POINT('Ctrl Pts',(1.41452306979409,13.31,-15.5628217222857));
#8302=CARTESIAN_POINT('Ctrl Pts',(1.4144924153745,13.31,-15.5653973108226));
#8303=CARTESIAN_POINT('Ctrl Pts',(1.41446176095491,13.31,-15.5679728993595));
#8304=CARTESIAN_POINT('Ctrl Pts',(1.41443110653532,13.31,-15.5705484878964));
#8305=CARTESIAN_POINT('',(1.41452306979409,13.02,-15.5628217222857));
#8306=CARTESIAN_POINT('Ctrl Pts',(1.41452306979409,13.31,-15.5628217222857));
#8307=CARTESIAN_POINT('Ctrl Pts',(1.41452306979409,13.2133333333333,-15.5628217222857));
#8308=CARTESIAN_POINT('Ctrl Pts',(1.41452306979409,13.1166666666667,-15.5628217222857));
#8309=CARTESIAN_POINT('Ctrl Pts',(1.41452306979409,13.02,-15.5628217222857));
#8310=CARTESIAN_POINT('',(1.41443110653533,13.02,-15.5705484878964));
#8311=CARTESIAN_POINT('Ctrl Pts',(1.41443110653533,13.02,-15.5705484878964));
#8312=CARTESIAN_POINT('Ctrl Pts',(1.41443110653533,13.0683333333333,-15.5705484878964));
#8313=CARTESIAN_POINT('Ctrl Pts',(1.41443110653533,13.1166666666667,-15.5705484878964));
#8314=CARTESIAN_POINT('Ctrl Pts',(1.41443110653533,13.2133333333333,-15.5705484878964));
#8315=CARTESIAN_POINT('Ctrl Pts',(1.41443110653533,13.2616666666667,-15.5705484878964));
#8316=CARTESIAN_POINT('Ctrl Pts',(1.41443110653533,13.31,-15.5705484878964));
#8317=CARTESIAN_POINT('Ctrl Pts',(1.41452306979409,13.02,-15.5628217222857));
#8318=CARTESIAN_POINT('Ctrl Pts',(1.4144924153745,13.02,-15.5653973108226));
#8319=CARTESIAN_POINT('Ctrl Pts',(1.41446176095491,13.02,-15.5679728993595));
#8320=CARTESIAN_POINT('Ctrl Pts',(1.41443110653532,13.02,-15.5705484878964));
#8321=CARTESIAN_POINT('Ctrl Pts',(1.78327911482037,13.02,-10.4303902408904));
#8322=CARTESIAN_POINT('Ctrl Pts',(1.52286768566166,13.02,-11.7397243961259));
#8323=CARTESIAN_POINT('Ctrl Pts',(1.4418750714318,13.02,-13.272898634108));
#8324=CARTESIAN_POINT('Ctrl Pts',(1.41452306979409,13.02,-15.5628217222857));
#8325=CARTESIAN_POINT('Ctrl Pts',(1.78327911482037,13.1166666666667,-10.4303902408904));
#8326=CARTESIAN_POINT('Ctrl Pts',(1.52286768566166,13.1166666666667,-11.7397243961259));
#8327=CARTESIAN_POINT('Ctrl Pts',(1.4418750714318,13.1166666666667,-13.272898634108));
#8328=CARTESIAN_POINT('Ctrl Pts',(1.41452306979409,13.1166666666667,-15.5628217222857));
#8329=CARTESIAN_POINT('Ctrl Pts',(1.78327911482037,13.2133333333333,-10.4303902408904));
#8330=CARTESIAN_POINT('Ctrl Pts',(1.52286768566166,13.2133333333333,-11.7397243961259));
#8331=CARTESIAN_POINT('Ctrl Pts',(1.4418750714318,13.2133333333333,-13.272898634108));
#8332=CARTESIAN_POINT('Ctrl Pts',(1.41452306979409,13.2133333333333,-15.5628217222857));
#8333=CARTESIAN_POINT('Ctrl Pts',(1.78327911482037,13.31,-10.4303902408904));
#8334=CARTESIAN_POINT('Ctrl Pts',(1.52286768566166,13.31,-11.7397243961259));
#8335=CARTESIAN_POINT('Ctrl Pts',(1.4418750714318,13.31,-13.272898634108));
#8336=CARTESIAN_POINT('Ctrl Pts',(1.41452306979409,13.31,-15.5628217222857));
#8337=CARTESIAN_POINT('',(1.78327911482037,13.02,-10.4303902408904));
#8338=CARTESIAN_POINT('Ctrl Pts',(1.78327911482037,13.02,-10.4303902408904));
#8339=CARTESIAN_POINT('Ctrl Pts',(1.52286768566166,13.02,-11.7397243961259));
#8340=CARTESIAN_POINT('Ctrl Pts',(1.4418750714318,13.02,-13.272898634108));
#8341=CARTESIAN_POINT('Ctrl Pts',(1.41452306979409,13.02,-15.5628217222857));
#8342=CARTESIAN_POINT('Ctrl Pts',(1.78327911482037,13.31,-10.4303902408904));
#8343=CARTESIAN_POINT('Ctrl Pts',(1.78327911482037,13.2133333333333,-10.4303902408904));
#8344=CARTESIAN_POINT('Ctrl Pts',(1.78327911482037,13.1166666666667,-10.4303902408904));
#8345=CARTESIAN_POINT('Ctrl Pts',(1.78327911482037,13.02,-10.4303902408904));
#8346=CARTESIAN_POINT('Ctrl Pts',(2.68306921173342,13.02,-7.72846866843247));
#8347=CARTESIAN_POINT('Ctrl Pts',(2.27944029557145,13.02,-8.57203657552392));
#8348=CARTESIAN_POINT('Ctrl Pts',(1.97705038868085,13.02,-9.4561335117141));
#8349=CARTESIAN_POINT('Ctrl Pts',(1.78327911482037,13.02,-10.4303902408904));
#8350=CARTESIAN_POINT('Ctrl Pts',(2.68306921173342,13.1166666666667,-7.72846866843247));
#8351=CARTESIAN_POINT('Ctrl Pts',(2.27944029557145,13.1166666666667,-8.57203657552392));
#8352=CARTESIAN_POINT('Ctrl Pts',(1.97705038868085,13.1166666666667,-9.4561335117141));
#8353=CARTESIAN_POINT('Ctrl Pts',(1.78327911482037,13.1166666666667,-10.4303902408904));
#8354=CARTESIAN_POINT('Ctrl Pts',(2.68306921173342,13.2133333333333,-7.72846866843247));
#8355=CARTESIAN_POINT('Ctrl Pts',(2.27944029557145,13.2133333333333,-8.57203657552392));
#8356=CARTESIAN_POINT('Ctrl Pts',(1.97705038868085,13.2133333333333,-9.45613351171409));
#8357=CARTESIAN_POINT('Ctrl Pts',(1.78327911482037,13.2133333333333,-10.4303902408904));
#8358=CARTESIAN_POINT('Ctrl Pts',(2.68306921173342,13.31,-7.72846866843247));
#8359=CARTESIAN_POINT('Ctrl Pts',(2.27944029557145,13.31,-8.57203657552392));
#8360=CARTESIAN_POINT('Ctrl Pts',(1.97705038868085,13.31,-9.4561335117141));
#8361=CARTESIAN_POINT('Ctrl Pts',(1.78327911482037,13.31,-10.4303902408904));
#8362=CARTESIAN_POINT('',(2.68306921173342,13.02,-7.72846866843247));
#8363=CARTESIAN_POINT('Ctrl Pts',(2.68306921173342,13.02,-7.72846866843247));
#8364=CARTESIAN_POINT('Ctrl Pts',(2.27944029557145,13.02,-8.57203657552392));
#8365=CARTESIAN_POINT('Ctrl Pts',(1.97705038868085,13.02,-9.4561335117141));
#8366=CARTESIAN_POINT('Ctrl Pts',(1.78327911482037,13.02,-10.4303902408904));
#8367=CARTESIAN_POINT('Ctrl Pts',(2.68306921173342,13.31,-7.72846866843247));
#8368=CARTESIAN_POINT('Ctrl Pts',(2.68306921173342,13.2133333333333,-7.72846866843247));
#8369=CARTESIAN_POINT('Ctrl Pts',(2.68306921173342,13.1166666666667,-7.72846866843247));
#8370=CARTESIAN_POINT('Ctrl Pts',(2.68306921173342,13.02,-7.72846866843247));
#8371=CARTESIAN_POINT('Ctrl Pts',(5.01907619379894,13.02,-4.4632152921236));
#8372=CARTESIAN_POINT('Ctrl Pts',(4.08960617274057,13.02,-5.34919231770322));
#8373=CARTESIAN_POINT('Ctrl Pts',(3.28982824736044,13.02,-6.46035504940677));
#8374=CARTESIAN_POINT('Ctrl Pts',(2.68306921173342,13.02,-7.72846866843247));
#8375=CARTESIAN_POINT('Ctrl Pts',(5.01907619379894,13.1166666666667,-4.4632152921236));
#8376=CARTESIAN_POINT('Ctrl Pts',(4.08960617274058,13.1166666666667,-5.34919231770322));
#8377=CARTESIAN_POINT('Ctrl Pts',(3.28982824736044,13.1166666666667,-6.46035504940678));
#8378=CARTESIAN_POINT('Ctrl Pts',(2.68306921173342,13.1166666666667,-7.72846866843247));
#8379=CARTESIAN_POINT('Ctrl Pts',(5.01907619379894,13.2133333333333,-4.4632152921236));
#8380=CARTESIAN_POINT('Ctrl Pts',(4.08960617274057,13.2133333333333,-5.34919231770323));
#8381=CARTESIAN_POINT('Ctrl Pts',(3.28982824736044,13.2133333333333,-6.46035504940677));
#8382=CARTESIAN_POINT('Ctrl Pts',(2.68306921173342,13.2133333333333,-7.72846866843247));
#8383=CARTESIAN_POINT('Ctrl Pts',(5.01907619379894,13.31,-4.4632152921236));
#8384=CARTESIAN_POINT('Ctrl Pts',(4.08960617274057,13.31,-5.34919231770322));
#8385=CARTESIAN_POINT('Ctrl Pts',(3.28982824736044,13.31,-6.46035504940677));
#8386=CARTESIAN_POINT('Ctrl Pts',(2.68306921173342,13.31,-7.72846866843247));
#8387=CARTESIAN_POINT('',(5.01907619379894,13.02,-4.4632152921236));
#8388=CARTESIAN_POINT('Ctrl Pts',(5.01907619379894,13.02,-4.4632152921236));
#8389=CARTESIAN_POINT('Ctrl Pts',(4.08960617274057,13.02,-5.34919231770322));
#8390=CARTESIAN_POINT('Ctrl Pts',(3.28982824736044,13.02,-6.46035504940677));
#8391=CARTESIAN_POINT('Ctrl Pts',(2.68306921173342,13.02,-7.72846866843247));
#8392=CARTESIAN_POINT('Ctrl Pts',(5.01907619379894,13.31,-4.4632152921236));
#8393=CARTESIAN_POINT('Ctrl Pts',(5.01907619379894,13.2133333333333,-4.4632152921236));
#8394=CARTESIAN_POINT('Ctrl Pts',(5.01907619379894,13.1166666666667,-4.4632152921236));
#8395=CARTESIAN_POINT('Ctrl Pts',(5.01907619379894,13.02,-4.4632152921236));
#8396=CARTESIAN_POINT('Ctrl Pts',(8.17100683213635,13.02,-2.46102045296665));
#8397=CARTESIAN_POINT('Ctrl Pts',(6.99901942107598,13.02,-2.92458203836512));
#8398=CARTESIAN_POINT('Ctrl Pts',(5.92404507717609,13.02,-3.60064176298994));
#8399=CARTESIAN_POINT('Ctrl Pts',(5.01907619379894,13.02,-4.4632152921236));
#8400=CARTESIAN_POINT('Ctrl Pts',(8.17100683213635,13.1166666666667,-2.46102045296665));
#8401=CARTESIAN_POINT('Ctrl Pts',(6.99901942107598,13.1166666666667,-2.92458203836512));
#8402=CARTESIAN_POINT('Ctrl Pts',(5.92404507717609,13.1166666666667,-3.60064176298994));
#8403=CARTESIAN_POINT('Ctrl Pts',(5.01907619379894,13.1166666666667,-4.4632152921236));
#8404=CARTESIAN_POINT('Ctrl Pts',(8.17100683213635,13.2133333333333,-2.46102045296665));
#8405=CARTESIAN_POINT('Ctrl Pts',(6.99901942107598,13.2133333333333,-2.92458203836512));
#8406=CARTESIAN_POINT('Ctrl Pts',(5.9240450771761,13.2133333333333,-3.60064176298995));
#8407=CARTESIAN_POINT('Ctrl Pts',(5.01907619379894,13.2133333333333,-4.4632152921236));
#8408=CARTESIAN_POINT('Ctrl Pts',(8.17100683213635,13.31,-2.46102045296665));
#8409=CARTESIAN_POINT('Ctrl Pts',(6.99901942107598,13.31,-2.92458203836512));
#8410=CARTESIAN_POINT('Ctrl Pts',(5.92404507717609,13.31,-3.60064176298994));
#8411=CARTESIAN_POINT('Ctrl Pts',(5.01907619379894,13.31,-4.4632152921236));
#8412=CARTESIAN_POINT('',(8.17100683213635,13.02,-2.46102045296665));
#8413=CARTESIAN_POINT('Ctrl Pts',(8.17100683213635,13.02,-2.46102045296665));
#8414=CARTESIAN_POINT('Ctrl Pts',(6.99901942107598,13.02,-2.92458203836512));
#8415=CARTESIAN_POINT('Ctrl Pts',(5.92404507717609,13.02,-3.60064176298994));
#8416=CARTESIAN_POINT('Ctrl Pts',(5.01907619379894,13.02,-4.4632152921236));
#8417=CARTESIAN_POINT('Ctrl Pts',(8.17100683213635,13.31,-2.46102045296665));
#8418=CARTESIAN_POINT('Ctrl Pts',(8.17100683213635,13.2133333333333,-2.46102045296665));
#8419=CARTESIAN_POINT('Ctrl Pts',(8.17100683213635,13.1166666666667,-2.46102045296665));
#8420=CARTESIAN_POINT('Ctrl Pts',(8.17100683213635,13.02,-2.46102045296665));
#8421=CARTESIAN_POINT('Ctrl Pts',(1.41443110653534,13.31,-15.5705484878964));
#8422=CARTESIAN_POINT('Ctrl Pts',(1.4137331712027,13.31,-72.5869728098749));
#8423=CARTESIAN_POINT('Ctrl Pts',(1.41443110653534,13.461766024486,-15.5705484878964));
#8424=CARTESIAN_POINT('Ctrl Pts',(1.4137331712027,13.461766024486,-72.5869728098749));
#8425=CARTESIAN_POINT('Ctrl Pts',(1.4126254121886,14.1008311982434,-15.5705377316202));
#8426=CARTESIAN_POINT('Ctrl Pts',(1.41192747685596,14.1008311982434,-72.5869620535987));
#8427=CARTESIAN_POINT('Ctrl Pts',(1.45107376425162,14.5203164161942,-15.5707667632362));
#8428=CARTESIAN_POINT('Ctrl Pts',(1.45037582891898,14.5203164161942,-72.5871910852147));
#8429=CARTESIAN_POINT('Ctrl Pts',(1.47345041434496,14.6489644763744,-15.5709000579046));
#8430=CARTESIAN_POINT('Ctrl Pts',(1.47275247901231,14.6489644763744,-72.5873243798831));
#8431=CARTESIAN_POINT('Ctrl Pts',(1.56649360823561,14.8893726339614,-15.5714543035852));
#8432=CARTESIAN_POINT('Ctrl Pts',(1.56579567290297,14.8893726339614,-72.5878786255637));
#8433=CARTESIAN_POINT('Ctrl Pts',(1.62815792884545,14.9904513363069,-15.5718216295757));
#8434=CARTESIAN_POINT('Ctrl Pts',(1.62745999351281,14.9904513363069,-72.5882459515542));
#8435=CARTESIAN_POINT('Ctrl Pts',(1.8242781840631,15.2138915434362,-15.5729898913238));
#8436=CARTESIAN_POINT('Ctrl Pts',(1.82358024873046,15.2138915434362,-72.5894142133023));
#8437=CARTESIAN_POINT('Ctrl Pts',(1.97413864737121,15.3211356090649,-15.5738825897631));
#8438=CARTESIAN_POINT('Ctrl Pts',(1.97344071203856,15.3211356090649,-72.5903069117416));
#8439=CARTESIAN_POINT('Ctrl Pts',(2.38449600887825,15.5245442392646,-15.5763270328829));
#8440=CARTESIAN_POINT('Ctrl Pts',(2.3837980735456,15.5245442392646,-72.5927513548614));
#8441=CARTESIAN_POINT('Ctrl Pts',(2.62862974343786,15.5586121694224,-15.577781304418));
#8442=CARTESIAN_POINT('Ctrl Pts',(2.62793180810522,15.5586121694224,-72.5942056263965));
#8443=CARTESIAN_POINT('Ctrl Pts',(2.82863806407351,15.5716793150925,-15.5789727268442));
#8444=CARTESIAN_POINT('Ctrl Pts',(2.82794012874087,15.5716793150925,-72.5953970488227));
#8445=CARTESIAN_POINT('',(2.82841224909085,15.5716793150925,-33.95));
#8446=CARTESIAN_POINT('',(2.82863806407786,15.5716793150925,-15.5789727266019));
#8447=CARTESIAN_POINT('',(1.41420612454541,13.31,-33.95));
#8448=CARTESIAN_POINT('Ctrl Pts',(1.41420612454541,13.31,-33.95));
#8449=CARTESIAN_POINT('Ctrl Pts',(1.41420612454541,13.3482517626229,-33.95));
#8450=CARTESIAN_POINT('Ctrl Pts',(1.41451142450773,13.4243191177101,-33.95));
#8451=CARTESIAN_POINT('Ctrl Pts',(1.41587944722581,13.5371197442242,-33.95));
#8452=CARTESIAN_POINT('Ctrl Pts',(1.4188985272011,13.6866789241864,-33.95));
#8453=CARTESIAN_POINT('Ctrl Pts',(1.42205357900345,13.8809447765891,-33.95));
#8454=CARTESIAN_POINT('Ctrl Pts',(1.42444208734709,14.0891314394407,-33.95));
#8455=CARTESIAN_POINT('Ctrl Pts',(1.42919713120453,14.3130275536678,-33.95));
#8456=CARTESIAN_POINT('Ctrl Pts',(1.44963990234204,14.5384662316558,-33.95));
#8457=CARTESIAN_POINT('Ctrl Pts',(1.50075014777869,14.7455432155242,-33.95));
#8458=CARTESIAN_POINT('Ctrl Pts',(1.58508585399583,14.9288283731061,-33.95));
#8459=CARTESIAN_POINT('Ctrl Pts',(1.70093999408269,15.0867140086844,-33.95));
#8460=CARTESIAN_POINT('Ctrl Pts',(1.84262356279349,15.2216603500619,-33.95));
#8461=CARTESIAN_POINT('Ctrl Pts',(2.00392672914578,15.3360062819194,-33.95));
#8462=CARTESIAN_POINT('Ctrl Pts',(2.18039473916948,15.4294378300014,-33.95));
#8463=CARTESIAN_POINT('Ctrl Pts',(2.369055862928,15.5001049056031,-33.95));
#8464=CARTESIAN_POINT('Ctrl Pts',(2.53822228803676,15.5401931058205,-33.95));
#8465=CARTESIAN_POINT('Ctrl Pts',(2.6715052219848,15.5588447331348,-33.95));
#8466=CARTESIAN_POINT('Ctrl Pts',(2.76501324756205,15.567319645385,-33.95));
#8467=CARTESIAN_POINT('Ctrl Pts',(2.81741896391007,15.5709610893686,-33.95));
#8468=CARTESIAN_POINT('Ctrl Pts',(2.82841224909085,15.5716793150925,-33.95));
#8469=CARTESIAN_POINT('',(1.41443110653533,13.31,-15.5705484878964));
#8470=CARTESIAN_POINT('Ctrl Pts',(12.0629340680435,13.02,-1.5792924791484));
#8471=CARTESIAN_POINT('Ctrl Pts',(10.6609622351703,13.02,-1.72468187860268));
#8472=CARTESIAN_POINT('Ctrl Pts',(9.39407870858006,13.02,-1.97718629355373));
#8473=CARTESIAN_POINT('Ctrl Pts',(8.17100683213635,13.02,-2.46102045296665));
#8474=CARTESIAN_POINT('Ctrl Pts',(12.0629340680435,13.1166666666667,-1.5792924791484));
#8475=CARTESIAN_POINT('Ctrl Pts',(10.6609622351703,13.1166666666667,-1.72468187860268));
#8476=CARTESIAN_POINT('Ctrl Pts',(9.39407870858006,13.1166666666667,-1.97718629355373));
#8477=CARTESIAN_POINT('Ctrl Pts',(8.17100683213635,13.1166666666667,-2.46102045296665));
#8478=CARTESIAN_POINT('Ctrl Pts',(12.0629340680435,13.2133333333333,-1.5792924791484));
#8479=CARTESIAN_POINT('Ctrl Pts',(10.6609622351703,13.2133333333333,-1.72468187860268));
#8480=CARTESIAN_POINT('Ctrl Pts',(9.39407870858006,13.2133333333333,-1.97718629355373));
#8481=CARTESIAN_POINT('Ctrl Pts',(8.17100683213635,13.2133333333333,-2.46102045296665));
#8482=CARTESIAN_POINT('Ctrl Pts',(12.0629340680435,13.31,-1.5792924791484));
#8483=CARTESIAN_POINT('Ctrl Pts',(10.6609622351703,13.31,-1.72468187860268));
#8484=CARTESIAN_POINT('Ctrl Pts',(9.39407870858006,13.31,-1.97718629355373));
#8485=CARTESIAN_POINT('Ctrl Pts',(8.17100683213635,13.31,-2.46102045296665));
#8486=CARTESIAN_POINT('',(12.0629340680435,13.02,-1.57929247914839));
#8487=CARTESIAN_POINT('Ctrl Pts',(12.0629340680435,13.02,-1.5792924791484));
#8488=CARTESIAN_POINT('Ctrl Pts',(10.6609622351703,13.02,-1.72468187860268));
#8489=CARTESIAN_POINT('Ctrl Pts',(9.39407870858006,13.02,-1.97718629355373));
#8490=CARTESIAN_POINT('Ctrl Pts',(8.17100683213635,13.02,-2.46102045296665));
#8491=CARTESIAN_POINT('',(12.0629340680435,13.31,-1.57929247914839));
#8492=CARTESIAN_POINT('',(12.0629340680435,13.01,-1.5792924791484));
#8493=CARTESIAN_POINT('Ctrl Pts',(12.0629340680435,13.31,-1.5792924791484));
#8494=CARTESIAN_POINT('Ctrl Pts',(10.6609622351703,13.31,-1.72468187860268));
#8495=CARTESIAN_POINT('Ctrl Pts',(9.39407870858006,13.31,-1.97718629355373));
#8496=CARTESIAN_POINT('Ctrl Pts',(8.17100683213635,13.31,-2.46102045296665));
#8497=CARTESIAN_POINT('Ctrl Pts',(12.1284385845854,12.31,-2.29633434036274));
#8498=CARTESIAN_POINT('Ctrl Pts',(10.7673093189615,12.31,-2.4379926150854));
#8499=CARTESIAN_POINT('Ctrl Pts',(9.5722258193829,12.31,-2.67989242396931));
#8500=CARTESIAN_POINT('Ctrl Pts',(8.42783106821695,12.31,-3.13368766948812));
#8501=CARTESIAN_POINT('Ctrl Pts',(12.1284385845854,12.5466666666666,-2.29633434036274));
#8502=CARTESIAN_POINT('Ctrl Pts',(10.7673093189615,12.5466666666666,-2.4379926150854));
#8503=CARTESIAN_POINT('Ctrl Pts',(9.5722258193829,12.5466666666666,-2.67989242396931));
#8504=CARTESIAN_POINT('Ctrl Pts',(8.42783106821695,12.5466666666666,-3.13368766948812));
#8505=CARTESIAN_POINT('Ctrl Pts',(12.1284385845854,12.7833333333333,-2.29633434036274));
#8506=CARTESIAN_POINT('Ctrl Pts',(10.7673093189615,12.7833333333333,-2.4379926150854));
#8507=CARTESIAN_POINT('Ctrl Pts',(9.5722258193829,12.7833333333333,-2.67989242396931));
#8508=CARTESIAN_POINT('Ctrl Pts',(8.42783106821695,12.7833333333333,-3.13368766948812));
#8509=CARTESIAN_POINT('Ctrl Pts',(12.1284385845854,13.02,-2.29633434036274));
#8510=CARTESIAN_POINT('Ctrl Pts',(10.7673093189615,13.02,-2.4379926150854));
#8511=CARTESIAN_POINT('Ctrl Pts',(9.5722258193829,13.02,-2.67989242396931));
#8512=CARTESIAN_POINT('Ctrl Pts',(8.42783106821695,13.02,-3.13368766948812));
#8513=CARTESIAN_POINT('',(12.1284385845854,12.31,-2.29633434036312));
#8514=CARTESIAN_POINT('Ctrl Pts',(12.1284385845854,12.31,-2.29633434036274));
#8515=CARTESIAN_POINT('Ctrl Pts',(10.7673093189615,12.31,-2.4379926150854));
#8516=CARTESIAN_POINT('Ctrl Pts',(9.5722258193829,12.31,-2.67989242396931));
#8517=CARTESIAN_POINT('Ctrl Pts',(8.42783106821695,12.31,-3.13368766948812));
#8518=CARTESIAN_POINT('',(12.1284385845854,13.02,-2.29633434036312));
#8519=CARTESIAN_POINT('',(12.1284385845854,12.655,-2.29633434036274));
#8520=CARTESIAN_POINT('Ctrl Pts',(12.1284385845854,13.02,-2.29633434036274));
#8521=CARTESIAN_POINT('Ctrl Pts',(10.7673093189615,13.02,-2.4379926150854));
#8522=CARTESIAN_POINT('Ctrl Pts',(9.5722258193829,13.02,-2.67989242396931));
#8523=CARTESIAN_POINT('Ctrl Pts',(8.42783106821695,13.02,-3.13368766948812));
#8524=CARTESIAN_POINT('Ctrl Pts',(12.2194208375702,14.5716793150925,-3.29226694870278));
#8525=CARTESIAN_POINT('Ctrl Pts',(10.9150197028017,14.5716793150925,-3.42874289169975));
#8526=CARTESIAN_POINT('Ctrl Pts',(9.81966258190279,14.5716793150925,-3.65591347269316));
#8527=CARTESIAN_POINT('Ctrl Pts',(8.78454612930351,14.5716793150925,-4.06798628123235));
#8528=CARTESIAN_POINT('Ctrl Pts',(12.2194208375702,13.8177862100617,-3.29226694870278));
#8529=CARTESIAN_POINT('Ctrl Pts',(10.9150197028017,13.8177862100617,-3.42874289169975));
#8530=CARTESIAN_POINT('Ctrl Pts',(9.81966258190278,13.8177862100617,-3.65591347269316));
#8531=CARTESIAN_POINT('Ctrl Pts',(8.78454612930351,13.8177862100617,-4.06798628123235));
#8532=CARTESIAN_POINT('Ctrl Pts',(12.2194208375702,13.0638931050308,-3.29226694870278));
#8533=CARTESIAN_POINT('Ctrl Pts',(10.9150197028017,13.0638931050308,-3.42874289169975));
#8534=CARTESIAN_POINT('Ctrl Pts',(9.81966258190279,13.0638931050308,-3.65591347269316));
#8535=CARTESIAN_POINT('Ctrl Pts',(8.78454612930351,13.0638931050308,-4.06798628123235));
#8536=CARTESIAN_POINT('Ctrl Pts',(12.2194208375702,12.31,-3.29226694870278));
#8537=CARTESIAN_POINT('Ctrl Pts',(10.9150197028017,12.31,-3.42874289169975));
#8538=CARTESIAN_POINT('Ctrl Pts',(9.81966258190279,12.31,-3.65591347269316));
#8539=CARTESIAN_POINT('Ctrl Pts',(8.78454612930351,12.31,-4.06798628123235));
#8540=CARTESIAN_POINT('',(12.2194208375731,12.31,-3.29226694873502));
#8541=CARTESIAN_POINT('',(12.2194208375702,13.7858396575463,-3.29226694870278));
#8542=CARTESIAN_POINT('Ctrl Pts',(12.2194208375702,12.31,-3.29226694870278));
#8543=CARTESIAN_POINT('Ctrl Pts',(10.9150197028017,12.31,-3.42874289169975));
#8544=CARTESIAN_POINT('Ctrl Pts',(9.81966258190279,12.31,-3.65591347269316));
#8545=CARTESIAN_POINT('Ctrl Pts',(8.78454612930351,12.31,-4.06798628123235));
#8546=CARTESIAN_POINT('Ctrl Pts',(12.4645497538899,15.0399999999999,-5.97555817309855));
#8547=CARTESIAN_POINT('Ctrl Pts',(11.3129883739664,15.0399999999999,-6.09807161991356));
#8548=CARTESIAN_POINT('Ctrl Pts',(10.4863190282352,15.0399999999999,-6.28555798170403));
#8549=CARTESIAN_POINT('Ctrl Pts',(9.7456256089871,15.0399999999999,-6.58522012302507));
#8550=CARTESIAN_POINT('Ctrl Pts',(12.4645497538899,14.8838931050308,-5.97555817309855));
#8551=CARTESIAN_POINT('Ctrl Pts',(11.3129883739664,14.8838931050308,-6.09807161991356));
#8552=CARTESIAN_POINT('Ctrl Pts',(10.4863190282352,14.8838931050308,-6.28555798170403));
#8553=CARTESIAN_POINT('Ctrl Pts',(9.7456256089871,14.8838931050308,-6.58522012302507));
#8554=CARTESIAN_POINT('Ctrl Pts',(12.4645497538899,14.7277862100617,-5.97555817309855));
#8555=CARTESIAN_POINT('Ctrl Pts',(11.3129883739664,14.7277862100617,-6.09807161991356));
#8556=CARTESIAN_POINT('Ctrl Pts',(10.4863190282352,14.7277862100617,-6.28555798170403));
#8557=CARTESIAN_POINT('Ctrl Pts',(9.7456256089871,14.7277862100617,-6.58522012302507));
#8558=CARTESIAN_POINT('Ctrl Pts',(12.4645497538899,14.5716793150925,-5.97555817309855));
#8559=CARTESIAN_POINT('Ctrl Pts',(11.3129883739664,14.5716793150925,-6.09807161991356));
#8560=CARTESIAN_POINT('Ctrl Pts',(10.4863190282352,14.5716793150925,-6.28555798170403));
#8561=CARTESIAN_POINT('Ctrl Pts',(9.7456256089871,14.5716793150925,-6.58522012302507));
#8562=CARTESIAN_POINT('',(12.4645497538899,14.2858396575463,-5.97555817309855));
#8563=CARTESIAN_POINT('Ctrl Pts',(12.0629340680435,13.31,-1.57929247914841));
#8564=CARTESIAN_POINT('Ctrl Pts',(10.6609622351703,13.31,-1.7246818786027));
#8565=CARTESIAN_POINT('Ctrl Pts',(9.39407870858006,13.31,-1.97718629355374));
#8566=CARTESIAN_POINT('Ctrl Pts',(8.17100683213635,13.31,-2.46102045296667));
#8567=CARTESIAN_POINT('Ctrl Pts',(12.0629340680435,13.364661401335,-1.57929247914841));
#8568=CARTESIAN_POINT('Ctrl Pts',(10.6608808973722,13.364661401335,-1.72468930912167));
#8569=CARTESIAN_POINT('Ctrl Pts',(9.39423539373877,13.364661401335,-1.97712647118509));
#8570=CARTESIAN_POINT('Ctrl Pts',(8.17100683213635,13.364661401335,-2.46102045296667));
#8571=CARTESIAN_POINT('Ctrl Pts',(12.0633703637481,13.6027940668566,-1.58406836790551));
#8572=CARTESIAN_POINT('Ctrl Pts',(10.6616535836273,13.6027940668566,-1.72943446731535));
#8573=CARTESIAN_POINT('Ctrl Pts',(9.39529797650977,13.6027940668566,-1.98185420938316));
#8574=CARTESIAN_POINT('Ctrl Pts',(8.17271742122187,13.6027940668566,-2.46550078245707));
#8575=CARTESIAN_POINT('Ctrl Pts',(12.0638212140253,14.0214006480017,-1.58900357755138));
#8576=CARTESIAN_POINT('Ctrl Pts',(10.6623294521223,14.0214006480017,-1.73434912068638));
#8577=CARTESIAN_POINT('Ctrl Pts',(9.39663216576198,14.0214006480017,-1.98664949659901));
#8578=CARTESIAN_POINT('Ctrl Pts',(8.17448507457066,14.0214006480017,-2.47013057314993));
#8579=CARTESIAN_POINT('Ctrl Pts',(12.0646688288946,14.331437832005,-1.59828195064053));
#8580=CARTESIAN_POINT('Ctrl Pts',(10.663681103618,14.331437832005,-1.74358144810189));
#8581=CARTESIAN_POINT('Ctrl Pts',(9.39898446663324,14.331437832005,-1.99572438011776));
#8582=CARTESIAN_POINT('Ctrl Pts',(8.177808326963,14.331437832005,-2.47883474753265));
#8583=CARTESIAN_POINT('Ctrl Pts',(12.0668372545213,14.5569512736705,-1.62201851155785));
#8584=CARTESIAN_POINT('Ctrl Pts',(10.6671909120515,14.5569512736705,-1.76719546856933));
#8585=CARTESIAN_POINT('Ctrl Pts',(9.40490226115831,14.5569512736705,-2.0189785480762));
#8586=CARTESIAN_POINT('Ctrl Pts',(8.18631009576413,14.5569512736705,-2.50110235452425));
#8587=CARTESIAN_POINT('Ctrl Pts',(12.0725536436206,14.8276444832324,-1.68459267431124));
#8588=CARTESIAN_POINT('Ctrl Pts',(10.676529467905,14.8276444832324,-1.82943873253577));
#8589=CARTESIAN_POINT('Ctrl Pts',(9.4203370020797,14.8276444832324,-2.08034429754169));
#8590=CARTESIAN_POINT('Ctrl Pts',(8.2087224016793,14.8276444832324,-2.55980407078696));
#8591=CARTESIAN_POINT('Ctrl Pts',(12.0877571520074,15.0802470033878,-1.85101710618536));
#8592=CARTESIAN_POINT('Ctrl Pts',(10.7011076339468,15.0802470033878,-1.99500675357719));
#8593=CARTESIAN_POINT('Ctrl Pts',(9.46188667249271,15.0802470033878,-2.24336431366947));
#8594=CARTESIAN_POINT('Ctrl Pts',(8.26833095439173,15.0802470033878,-2.71592920853043));
#8595=CARTESIAN_POINT('Ctrl Pts',(12.1101473508114,15.2889228911742,-2.09611027946436));
#8596=CARTESIAN_POINT('Ctrl Pts',(10.7376231353895,15.2889228911742,-2.23880952643413));
#8597=CARTESIAN_POINT('Ctrl Pts',(9.52246186411958,15.2889228911742,-2.48367860727778));
#8598=CARTESIAN_POINT('Ctrl Pts',(8.35611643861625,15.2889228911742,-2.94585461676084));
#8599=CARTESIAN_POINT('Ctrl Pts',(12.1269613401464,15.4083247384297,-2.2801637591882));
#8600=CARTESIAN_POINT('Ctrl Pts',(10.7647734947553,15.4083247384297,-2.42191873922142));
#8601=CARTESIAN_POINT('Ctrl Pts',(9.56847316814197,15.4083247384297,-2.66394400586093));
#8602=CARTESIAN_POINT('Ctrl Pts',(8.422039220653,15.4083247384297,-3.11851781621095));
#8603=CARTESIAN_POINT('Ctrl Pts',(12.1610927354964,15.5394993573614,-2.65378134373951));
#8604=CARTESIAN_POINT('Ctrl Pts',(10.820410010139,15.5394993573614,-2.7935717488055));
#8605=CARTESIAN_POINT('Ctrl Pts',(9.66086607108166,15.5394993573614,-3.03025659846486));
#8606=CARTESIAN_POINT('Ctrl Pts',(8.55585853571525,15.5394993573614,-3.46901381126761));
#8607=CARTESIAN_POINT('Ctrl Pts',(12.1797639962364,15.5631789262148,-2.85816535050744));
#8608=CARTESIAN_POINT('Ctrl Pts',(10.8504848633805,15.5631789262148,-2.99691399378232));
#8609=CARTESIAN_POINT('Ctrl Pts',(9.71210335312299,15.5631789262148,-3.23037927636244));
#8610=CARTESIAN_POINT('Ctrl Pts',(8.6290631409755,15.5631789262148,-3.66074936866067));
#8611=CARTESIAN_POINT('Ctrl Pts',(12.1916015582649,15.5716793150925,-2.98774462163627));
#8612=CARTESIAN_POINT('Ctrl Pts',(10.8698548899999,15.5716793150925,-3.12580514546082));
#8613=CARTESIAN_POINT('Ctrl Pts',(9.7440048334835,15.5716793150925,-3.35747942350717));
#8614=CARTESIAN_POINT('Ctrl Pts',(8.67547479295797,15.5716793150925,-3.78230953459226));
#8615=CARTESIAN_POINT('',(12.1916015582662,15.5716793150925,-2.98774462165046));
#8616=CARTESIAN_POINT('Ctrl Pts',(12.0629340680435,13.31,-1.57929247914841));
#8617=CARTESIAN_POINT('Ctrl Pts',(12.0629340680435,13.364661401335,-1.57929247914841));
#8618=CARTESIAN_POINT('Ctrl Pts',(12.0631522158958,13.4837277340958,-1.58168042352696));
#8619=CARTESIAN_POINT('Ctrl Pts',(12.0633514598774,13.6269822167052,-1.58386143764541));
#8620=CARTESIAN_POINT('Ctrl Pts',(12.063550703859,13.7702366993146,-1.58604245176386));
#8621=CARTESIAN_POINT('Ctrl Pts',(12.0637310439698,13.9376793317727,-1.58801653562221));
#8622=CARTESIAN_POINT('Ctrl Pts',(12.0640736956299,14.0968392705931,-1.59176735460471));
#8623=CARTESIAN_POINT('Ctrl Pts',(12.0642450214599,14.1764192400034,-1.59364276409596));
#8624=CARTESIAN_POINT('Ctrl Pts',(12.0644569251773,14.2539285360042,-1.59596235736824));
#8625=CARTESIAN_POINT('Ctrl Pts',(12.0648339302393,14.3208723642128,-1.60008922411905));
#8626=CARTESIAN_POINT('Ctrl Pts',(12.0652109353013,14.3878161924214,-1.60421609086986));
#8627=CARTESIAN_POINT('Ctrl Pts',(12.0657530417079,14.4441945528377,-1.61015023109919));
#8628=CARTESIAN_POINT('Ctrl Pts',(12.0664955385857,14.4998263404194,-1.61827793543564));
#8629=CARTESIAN_POINT('Ctrl Pts',(12.0679805323411,14.6110899155829,-1.63453334410853));
#8630=CARTESIAN_POINT('Ctrl Pts',(12.0702670879808,14.7193671994076,-1.65956300920989));
#8631=CARTESIAN_POINT('Ctrl Pts',(12.0752112428974,14.8366564713589,-1.7136839497291));
#8632=CARTESIAN_POINT('Ctrl Pts',(12.080155397814,14.9539457433101,-1.7678048902483));
#8633=CARTESIAN_POINT('Ctrl Pts',(12.0877571520074,15.0802470033878,-1.85101710618536));
#8634=CARTESIAN_POINT('Ctrl Pts',(12.1012058622351,15.2055885231714,-1.99823272919407));
#8635=CARTESIAN_POINT('Ctrl Pts',(12.1101473508114,15.2889228911742,-2.09611027946437));
#8636=CARTESIAN_POINT('Ctrl Pts',(12.1213566770347,15.3685241226779,-2.21881259928026));
#8637=CARTESIAN_POINT('Ctrl Pts',(12.1341948245358,15.4300377648942,-2.35934472843257));
#8638=CARTESIAN_POINT('Ctrl Pts',(12.1406138982863,15.4607945860024,-2.42961079300873));
#8639=CARTESIAN_POINT('Ctrl Pts',(12.1474401773563,15.4870295097887,-2.50433430991899));
#8640=CARTESIAN_POINT('Ctrl Pts',(12.1540656145963,15.5071505221856,-2.57685932194449));
#8641=CARTESIAN_POINT('Ctrl Pts',(12.1673164890763,15.5473925469792,-2.72190934599549));
#8642=CARTESIAN_POINT('Ctrl Pts',(12.1797639962363,15.5631789262148,-2.85816535050743));
#8643=CARTESIAN_POINT('Ctrl Pts',(12.1916015582648,15.5716793150925,-2.98774462163626));
#8644=CARTESIAN_POINT('Ctrl Pts',(12.1916015582649,15.5716793150925,-2.98774462163627));
#8645=CARTESIAN_POINT('Ctrl Pts',(10.8698548899999,15.5716793150925,-3.12580514546082));
#8646=CARTESIAN_POINT('Ctrl Pts',(9.7440048334835,15.5716793150925,-3.35747942350717));
#8647=CARTESIAN_POINT('Ctrl Pts',(8.67547479295797,15.5716793150925,-3.78230953459226));
#8648=CARTESIAN_POINT('Ctrl Pts',(14.9205426969587,13.02,-1.41400566149809));
#8649=CARTESIAN_POINT('Ctrl Pts',(13.8824407562913,13.02,-1.43976328155454));
#8650=CARTESIAN_POINT('Ctrl Pts',(12.9401780786719,13.02,-1.48832679283593));
#8651=CARTESIAN_POINT('Ctrl Pts',(12.0629340680435,13.02,-1.5792924791484));
#8652=CARTESIAN_POINT('Ctrl Pts',(14.9205426969587,13.1166666666667,-1.41400566149809));
#8653=CARTESIAN_POINT('Ctrl Pts',(13.8824407562913,13.1166666666667,-1.43976328155454));
#8654=CARTESIAN_POINT('Ctrl Pts',(12.9401780786719,13.1166666666667,-1.48832679283593));
#8655=CARTESIAN_POINT('Ctrl Pts',(12.0629340680435,13.1166666666667,-1.5792924791484));
#8656=CARTESIAN_POINT('Ctrl Pts',(14.9205426969587,13.2133333333333,-1.41400566149809));
#8657=CARTESIAN_POINT('Ctrl Pts',(13.8824407562913,13.2133333333333,-1.43976328155454));
#8658=CARTESIAN_POINT('Ctrl Pts',(12.9401780786719,13.2133333333333,-1.48832679283593));
#8659=CARTESIAN_POINT('Ctrl Pts',(12.0629340680435,13.2133333333333,-1.5792924791484));
#8660=CARTESIAN_POINT('Ctrl Pts',(14.9205426969587,13.31,-1.41400566149809));
#8661=CARTESIAN_POINT('Ctrl Pts',(13.8824407562913,13.31,-1.43976328155454));
#8662=CARTESIAN_POINT('Ctrl Pts',(12.9401780786719,13.31,-1.48832679283593));
#8663=CARTESIAN_POINT('Ctrl Pts',(12.0629340680435,13.31,-1.5792924791484));
#8664=CARTESIAN_POINT('',(14.9205426969587,13.02,-1.41400566149809));
#8665=CARTESIAN_POINT('',(14.9205426969587,13.31,-1.41400566149809));
#8666=CARTESIAN_POINT('',(14.9205426969587,13.01,-1.41400566149809));
#8667=CARTESIAN_POINT('Ctrl Pts',(14.9205426969587,13.31,-1.41400566149809));
#8668=CARTESIAN_POINT('Ctrl Pts',(13.8824407562913,13.31,-1.43976328155454));
#8669=CARTESIAN_POINT('Ctrl Pts',(12.9401780786719,13.31,-1.48832679283593));
#8670=CARTESIAN_POINT('Ctrl Pts',(12.0629340680435,13.31,-1.5792924791484));
#8671=CARTESIAN_POINT('Ctrl Pts',(14.9205426969587,13.02,-1.41400566149809));
#8672=CARTESIAN_POINT('Ctrl Pts',(13.8824407562913,13.02,-1.43976328155454));
#8673=CARTESIAN_POINT('Ctrl Pts',(12.9401780786719,13.02,-1.48832679283593));
#8674=CARTESIAN_POINT('Ctrl Pts',(12.0629340680435,13.02,-1.5792924791484));
#8675=CARTESIAN_POINT('Ctrl Pts',(14.9295028531289,12.31,-2.1339775970779));
#8676=CARTESIAN_POINT('Ctrl Pts',(13.9031059192762,12.31,-2.15958954661047));
#8677=CARTESIAN_POINT('Ctrl Pts',(12.979090503588,12.31,-2.20779794332893));
#8678=CARTESIAN_POINT('Ctrl Pts',(12.1284385845854,12.31,-2.29633434036274));
#8679=CARTESIAN_POINT('Ctrl Pts',(14.9295028531289,12.5466666666666,-2.1339775970779));
#8680=CARTESIAN_POINT('Ctrl Pts',(13.9031059192762,12.5466666666666,-2.15958954661047));
#8681=CARTESIAN_POINT('Ctrl Pts',(12.979090503588,12.5466666666666,-2.20779794332893));
#8682=CARTESIAN_POINT('Ctrl Pts',(12.1284385845854,12.5466666666666,-2.29633434036274));
#8683=CARTESIAN_POINT('Ctrl Pts',(14.9295028531289,12.7833333333333,-2.1339775970779));
#8684=CARTESIAN_POINT('Ctrl Pts',(13.9031059192762,12.7833333333333,-2.15958954661047));
#8685=CARTESIAN_POINT('Ctrl Pts',(12.979090503588,12.7833333333333,-2.20779794332893));
#8686=CARTESIAN_POINT('Ctrl Pts',(12.1284385845854,12.7833333333333,-2.29633434036274));
#8687=CARTESIAN_POINT('Ctrl Pts',(14.9295028531289,13.02,-2.1339775970779));
#8688=CARTESIAN_POINT('Ctrl Pts',(13.9031059192762,13.02,-2.15958954661047));
#8689=CARTESIAN_POINT('Ctrl Pts',(12.979090503588,13.02,-2.20779794332893));
#8690=CARTESIAN_POINT('Ctrl Pts',(12.1284385845854,13.02,-2.29633434036274));
#8691=CARTESIAN_POINT('',(14.9295028531289,12.31,-2.13397759707828));
#8692=CARTESIAN_POINT('',(14.9295028531289,13.02,-2.13397759707828));
#8693=CARTESIAN_POINT('',(14.9295028531289,12.655,-2.1339775970779));
#8694=CARTESIAN_POINT('Ctrl Pts',(14.9295028531289,13.02,-2.1339775970779));
#8695=CARTESIAN_POINT('Ctrl Pts',(13.9031059192762,13.02,-2.15958954661047));
#8696=CARTESIAN_POINT('Ctrl Pts',(12.979090503588,13.02,-2.20779794332893));
#8697=CARTESIAN_POINT('Ctrl Pts',(12.1284385845854,13.02,-2.29633434036274));
#8698=CARTESIAN_POINT('Ctrl Pts',(14.9295028531289,12.31,-2.1339775970779));
#8699=CARTESIAN_POINT('Ctrl Pts',(13.9031059192762,12.31,-2.15958954661047));
#8700=CARTESIAN_POINT('Ctrl Pts',(12.979090503588,12.31,-2.20779794332893));
#8701=CARTESIAN_POINT('Ctrl Pts',(12.1284385845854,12.31,-2.29633434036274));
#8702=CARTESIAN_POINT('Ctrl Pts',(14.9419480284924,14.5716793150925,-3.13397992123688));
#8703=CARTESIAN_POINT('Ctrl Pts',(13.9318087200281,14.5716793150925,-3.15938954224073));
#8704=CARTESIAN_POINT('Ctrl Pts',(13.0331377704768,14.5716793150925,-3.20710470391665));
#8705=CARTESIAN_POINT('Ctrl Pts',(12.2194208375702,14.5716793150925,-3.29226694870278));
#8706=CARTESIAN_POINT('Ctrl Pts',(14.9419480284924,13.8177862100617,-3.13397992123688));
#8707=CARTESIAN_POINT('Ctrl Pts',(13.9318087200281,13.8177862100617,-3.15938954224073));
#8708=CARTESIAN_POINT('Ctrl Pts',(13.0331377704768,13.8177862100617,-3.20710470391665));
#8709=CARTESIAN_POINT('Ctrl Pts',(12.2194208375702,13.8177862100617,-3.29226694870278));
#8710=CARTESIAN_POINT('Ctrl Pts',(14.9419480284924,13.0638931050308,-3.13397992123688));
#8711=CARTESIAN_POINT('Ctrl Pts',(13.9318087200281,13.0638931050308,-3.15938954224073));
#8712=CARTESIAN_POINT('Ctrl Pts',(13.0331377704768,13.0638931050308,-3.20710470391665));
#8713=CARTESIAN_POINT('Ctrl Pts',(12.2194208375702,13.0638931050308,-3.29226694870278));
#8714=CARTESIAN_POINT('Ctrl Pts',(14.9419480284924,12.31,-3.13397992123688));
#8715=CARTESIAN_POINT('Ctrl Pts',(13.9318087200281,12.31,-3.15938954224073));
#8716=CARTESIAN_POINT('Ctrl Pts',(13.0331377704768,12.31,-3.20710470391665));
#8717=CARTESIAN_POINT('Ctrl Pts',(12.2194208375702,12.31,-3.29226694870278));
#8718=CARTESIAN_POINT('',(14.9419480284928,12.31,-3.13397992126925));
#8719=CARTESIAN_POINT('',(14.9419480284924,13.7858396575463,-3.13397992123687));
#8720=CARTESIAN_POINT('Ctrl Pts',(14.9419480284924,12.31,-3.13397992123688));
#8721=CARTESIAN_POINT('Ctrl Pts',(13.9318087200281,12.31,-3.15938954224073));
#8722=CARTESIAN_POINT('Ctrl Pts',(13.0331377704768,12.31,-3.20710470391665));
#8723=CARTESIAN_POINT('Ctrl Pts',(12.2194208375702,12.31,-3.29226694870278));
#8724=CARTESIAN_POINT('Ctrl Pts',(14.9754784396461,15.0399999999999,-5.82823597663756));
#8725=CARTESIAN_POINT('Ctrl Pts',(14.0091412350281,15.0399999999999,-5.85310047404471));
#8726=CARTESIAN_POINT('Ctrl Pts',(13.1787546081332,15.0399999999999,-5.8994867373091));
#8727=CARTESIAN_POINT('Ctrl Pts',(12.4645497538899,15.0399999999999,-5.97555817309855));
#8728=CARTESIAN_POINT('Ctrl Pts',(14.9754784396461,14.8838931050308,-5.82823597663756));
#8729=CARTESIAN_POINT('Ctrl Pts',(14.0091412350281,14.8838931050308,-5.85310047404471));
#8730=CARTESIAN_POINT('Ctrl Pts',(13.1787546081332,14.8838931050308,-5.8994867373091));
#8731=CARTESIAN_POINT('Ctrl Pts',(12.4645497538899,14.8838931050308,-5.97555817309855));
#8732=CARTESIAN_POINT('Ctrl Pts',(14.9754784396461,14.7277862100617,-5.82823597663756));
#8733=CARTESIAN_POINT('Ctrl Pts',(14.0091412350281,14.7277862100617,-5.85310047404471));
#8734=CARTESIAN_POINT('Ctrl Pts',(13.1787546081332,14.7277862100617,-5.8994867373091));
#8735=CARTESIAN_POINT('Ctrl Pts',(12.4645497538899,14.7277862100617,-5.97555817309855));
#8736=CARTESIAN_POINT('Ctrl Pts',(14.9754784396461,14.5716793150925,-5.82823597663756));
#8737=CARTESIAN_POINT('Ctrl Pts',(14.0091412350281,14.5716793150925,-5.85310047404471));
#8738=CARTESIAN_POINT('Ctrl Pts',(13.1787546081332,14.5716793150925,-5.8994867373091));
#8739=CARTESIAN_POINT('Ctrl Pts',(12.4645497538899,14.5716793150925,-5.97555817309855));
#8740=CARTESIAN_POINT('',(14.9754784396461,14.2858396575463,-5.82823597663756));
#8741=CARTESIAN_POINT('Ctrl Pts',(14.9205426969587,13.31,-1.41400566149811));
#8742=CARTESIAN_POINT('Ctrl Pts',(13.8824407562913,13.31,-1.43976328155455));
#8743=CARTESIAN_POINT('Ctrl Pts',(12.9401780786719,13.31,-1.48832679283595));
#8744=CARTESIAN_POINT('Ctrl Pts',(12.0629340680434,13.31,-1.57929247914841));
#8745=CARTESIAN_POINT('Ctrl Pts',(14.9205426969587,13.364661401335,-1.41400566149811));
#8746=CARTESIAN_POINT('Ctrl Pts',(13.8824174458203,13.364661401335,-1.43976357165678));
#8747=CARTESIAN_POINT('Ctrl Pts',(12.9402310367087,13.364661401335,-1.48832195491673));
#8748=CARTESIAN_POINT('Ctrl Pts',(12.0629340680434,13.364661401335,-1.57929247914841));
#8749=CARTESIAN_POINT('Ctrl Pts',(14.9206035076915,13.6028884383365,-1.41889196260858));
#8750=CARTESIAN_POINT('Ctrl Pts',(13.8825746621895,13.6028884383365,-1.44464867298499));
#8751=CARTESIAN_POINT('Ctrl Pts',(12.9404565826222,13.6028884383365,-1.49320837850718));
#8752=CARTESIAN_POINT('Ctrl Pts',(12.063378633694,13.6028884383365,-1.58415889444818));
#8753=CARTESIAN_POINT('Ctrl Pts',(14.9206651007102,14.0214919781629,-1.42384112242061));
#8754=CARTESIAN_POINT('Ctrl Pts',(13.8827007428236,14.0214919781629,-1.4495970302392));
#8755=CARTESIAN_POINT('Ctrl Pts',(12.9407603607004,14.0214919781629,-1.49815078062898));
#8756=CARTESIAN_POINT('Ctrl Pts',(12.0638289183576,14.0214919781629,-1.58908791263304));
#8757=CARTESIAN_POINT('Ctrl Pts',(14.9207813164085,14.3315576916385,-1.43317935712067));
#8758=CARTESIAN_POINT('Ctrl Pts',(13.8829614095823,14.3315576916385,-1.45893346722466));
#8759=CARTESIAN_POINT('Ctrl Pts',(12.941281800329,14.3315576916385,-1.50748099122587));
#8760=CARTESIAN_POINT('Ctrl Pts',(12.0646785300148,14.3315576916385,-1.59838814345994));
#8761=CARTESIAN_POINT('Ctrl Pts',(14.9210778266223,14.5570617922437,-1.45700472673399));
#8762=CARTESIAN_POINT('Ctrl Pts',(13.8836423445752,14.5570617922437,-1.4827540526153));
#8763=CARTESIAN_POINT('Ctrl Pts',(12.9425761233008,14.5570617922437,-1.53128918315598));
#8764=CARTESIAN_POINT('Ctrl Pts',(12.0668462107824,14.5570617922437,-1.62211655081501));
#8765=CARTESIAN_POINT('Ctrl Pts',(14.9218598289575,14.8277578369694,-1.51984065550893));
#8766=CARTESIAN_POINT('Ctrl Pts',(13.8854624179573,14.8277578369694,-1.54557706244405));
#8767=CARTESIAN_POINT('Ctrl Pts',(12.9459347162983,14.8277578369694,-1.59408483226953));
#8768=CARTESIAN_POINT('Ctrl Pts',(12.0725631518637,14.8277578369694,-1.68469675581096));
#8769=CARTESIAN_POINT('Ctrl Pts',(14.9239389845855,15.0803152123891,-1.68690623711399));
#8770=CARTESIAN_POINT('Ctrl Pts',(13.8902282419102,15.0803152123891,-1.71260920806838));
#8771=CARTESIAN_POINT('Ctrl Pts',(12.9550309600459,15.0803152123891,-1.76102810454143));
#8772=CARTESIAN_POINT('Ctrl Pts',(12.0877631195472,15.0803152123891,-1.85108242955598));
#8773=CARTESIAN_POINT('Ctrl Pts',(14.9270013936084,15.2889650180296,-1.93297879542929));
#8774=CARTESIAN_POINT('Ctrl Pts',(13.8973387990976,15.2889650180296,-1.95863138658696));
#8775=CARTESIAN_POINT('Ctrl Pts',(12.9682223334935,15.2889650180296,-2.00693938359508));
#8776=CARTESIAN_POINT('Ctrl Pts',(12.1101513032667,15.2889650180296,-2.09615354481561));
#8777=CARTESIAN_POINT('Ctrl Pts',(14.9293011680496,15.4083542455192,-2.11777167452269));
#8778=CARTESIAN_POINT('Ctrl Pts',(13.9026008574939,15.4083542455192,-2.14338739962275));
#8779=CARTESIAN_POINT('Ctrl Pts',(12.9783052838949,15.4083542455192,-2.19159501048525));
#8780=CARTESIAN_POINT('Ctrl Pts',(12.1269641366665,15.4083542455192,-2.28019437115363));
#8781=CARTESIAN_POINT('Ctrl Pts',(14.9339698293462,15.5395233097544,-2.4929107955859));
#8782=CARTESIAN_POINT('Ctrl Pts',(13.9134326371618,15.5395233097544,-2.51844981977531));
#8783=CARTESIAN_POINT('Ctrl Pts',(12.9984344886596,15.5395233097544,-2.56648653600397));
#8784=CARTESIAN_POINT('Ctrl Pts',(12.1610950597579,15.5395233097544,-2.65380678614985));
#8785=CARTESIAN_POINT('Ctrl Pts',(14.9365234942721,15.5631789262148,-2.69810443781436));
#8786=CARTESIAN_POINT('Ctrl Pts',(13.9192544396444,15.5631789262148,-2.72360278955329));
#8787=CARTESIAN_POINT('Ctrl Pts',(13.0096786867563,15.5631789262148,-2.77152337861065));
#8788=CARTESIAN_POINT('Ctrl Pts',(12.1797639962364,15.5631789262148,-2.85816535050744));
#8789=CARTESIAN_POINT('Ctrl Pts',(14.9381427170379,15.5716793150925,-2.82821321345495));
#8790=CARTESIAN_POINT('Ctrl Pts',(13.9230323795357,15.5716793150925,-2.85368469964313));
#8791=CARTESIAN_POINT('Ctrl Pts',(13.0166119540243,15.5716793150925,-2.90155067582366));
#8792=CARTESIAN_POINT('Ctrl Pts',(12.1916015582649,15.5716793150925,-2.98774462163628));
#8793=CARTESIAN_POINT('',(14.9381427170381,15.5716793150925,-2.82821321346919));
#8794=CARTESIAN_POINT('Ctrl Pts',(14.9205426969587,13.31,-1.41400566149811));
#8795=CARTESIAN_POINT('Ctrl Pts',(14.9205426969587,13.364661401335,-1.41400566149811));
#8796=CARTESIAN_POINT('Ctrl Pts',(14.9205731023251,13.4837749198357,-1.41644881205335));
#8797=CARTESIAN_POINT('Ctrl Pts',(14.920600623612,13.6270523870514,-1.41866021929337));
#8798=CARTESIAN_POINT('Ctrl Pts',(14.920628144899,13.770329854267,-1.4208716265334));
#8799=CARTESIAN_POINT('Ctrl Pts',(14.9206527821064,13.9377712701976,-1.42285129045821));
#8800=CARTESIAN_POINT('Ctrl Pts',(14.920699733075,14.096940313333,-1.42662392333316));
#8801=CARTESIAN_POINT('Ctrl Pts',(14.9207232085593,14.1765248349007,-1.42851023977064));
#8802=CARTESIAN_POINT('Ctrl Pts',(14.9207522624839,14.2540412632696,-1.43084479844565));
#8803=CARTESIAN_POINT('Ctrl Pts',(14.9208038532229,14.3209874900297,-1.43499024898482));
#8804=CARTESIAN_POINT('Ctrl Pts',(14.9208554439619,14.3879337167898,-1.439135699524));
#8805=CARTESIAN_POINT('Ctrl Pts',(14.9209295715154,14.4443097419411,-1.44509204192733));
#8806=CARTESIAN_POINT('Ctrl Pts',(14.9210311233734,14.4999401616904,-1.45325199878121));
#8807=CARTESIAN_POINT('Ctrl Pts',(14.9212342270893,14.6112010011889,-1.46957191248897));
#8808=CARTESIAN_POINT('Ctrl Pts',(14.9215470280234,14.7194794190792,-1.49470628399895));
#8809=CARTESIAN_POINT('Ctrl Pts',(14.9222232173975,14.8367579718792,-1.54903986515521));
#8810=CARTESIAN_POINT('Ctrl Pts',(14.9228994067715,14.9540365246793,-1.60337344631146));
#8811=CARTESIAN_POINT('Ctrl Pts',(14.9239389845855,15.0803152123891,-1.68690623711399));
#8812=CARTESIAN_POINT('Ctrl Pts',(14.925778425669,15.2056410658883,-1.83471012937702));
#8813=CARTESIAN_POINT('Ctrl Pts',(14.9270013936084,15.2889650180296,-1.93297879542929));
#8814=CARTESIAN_POINT('Ctrl Pts',(14.9285345765692,15.368557836356,-2.05617404815822));
#8815=CARTESIAN_POINT('Ctrl Pts',(14.9302906139019,15.4300671929275,-2.19727623135139));
#8816=CARTESIAN_POINT('Ctrl Pts',(14.9311686325682,15.4608218712133,-2.26782732294797));
#8817=CARTESIAN_POINT('Ctrl Pts',(14.9321023648275,15.4870556840603,-2.34285514716061));
#8818=CARTESIAN_POINT('Ctrl Pts',(14.9330085935478,15.507173294454,-2.41567299021665));
#8819=CARTESIAN_POINT('Ctrl Pts',(14.9348210509882,15.5474085152412,-2.56130867632869));
#8820=CARTESIAN_POINT('Ctrl Pts',(14.9365234942721,15.5631789262148,-2.6981044378143));
#8821=CARTESIAN_POINT('Ctrl Pts',(14.9381427170379,15.5716793150925,-2.82821321345487));
#8822=CARTESIAN_POINT('Ctrl Pts',(14.9381427170379,15.5716793150925,-2.82821321345495));
#8823=CARTESIAN_POINT('Ctrl Pts',(13.9230323795357,15.5716793150925,-2.85368469964313));
#8824=CARTESIAN_POINT('Ctrl Pts',(13.0166119540243,15.5716793150925,-2.90155067582366));
#8825=CARTESIAN_POINT('Ctrl Pts',(12.1916015582649,15.5716793150925,-2.98774462163628));
#8826=CARTESIAN_POINT('Origin',(62.6594573030405,13.02,-1.41400566149808));
#8827=CARTESIAN_POINT('',(62.6594573030405,13.31,-1.41400566149807));
#8828=CARTESIAN_POINT('',(62.6594573030405,13.02,-1.41400566149807));
#8829=CARTESIAN_POINT('Origin',(62.6504971468702,12.31,-2.13397759707788));
#8830=CARTESIAN_POINT('',(62.6504971468802,12.31,-2.13397759707826));
#8831=CARTESIAN_POINT('',(62.6504971468802,13.02,-2.13397759707826));
#8832=CARTESIAN_POINT('Ctrl Pts',(62.6504971468702,12.31,-2.13397759707788));
#8833=CARTESIAN_POINT('Ctrl Pts',(62.6504971468702,12.4283333333333,-2.13397759707788));
#8834=CARTESIAN_POINT('Ctrl Pts',(62.6504971468702,12.5466666666667,-2.13397759707788));
#8835=CARTESIAN_POINT('Ctrl Pts',(62.6504971468702,12.7833333333333,-2.13397759707788));
#8836=CARTESIAN_POINT('Ctrl Pts',(62.6504971468702,12.9016666666667,-2.13397759707788));
#8837=CARTESIAN_POINT('Ctrl Pts',(62.6504971468702,13.02,-2.13397759707788));
#8838=CARTESIAN_POINT('',(62.6504971468802,13.02,-2.13397759707826));
#8839=CARTESIAN_POINT('',(62.6504971468802,12.31,-2.13397759707826));
#8840=CARTESIAN_POINT('Origin',(62.6380519715066,14.5716793150925,-3.13397992123686));
#8841=CARTESIAN_POINT('',(62.6380519723613,12.31,-3.13397992126923));
#8842=CARTESIAN_POINT('Ctrl Pts',(62.6380519715066,14.5716793150925,-3.13397992123686));
#8843=CARTESIAN_POINT('Ctrl Pts',(62.6380519715066,14.1947327625771,-3.13397992123686));
#8844=CARTESIAN_POINT('Ctrl Pts',(62.6380519715066,13.8177862100617,-3.13397992123686));
#8845=CARTESIAN_POINT('Ctrl Pts',(62.6380519715066,13.0638931050308,-3.13397992123686));
#8846=CARTESIAN_POINT('Ctrl Pts',(62.6380519715066,12.6869465525154,-3.13397992123686));
#8847=CARTESIAN_POINT('Ctrl Pts',(62.6380519715066,12.31,-3.13397992123686));
#8848=CARTESIAN_POINT('',(62.6380519723613,12.31,-3.13397992126923));
#8849=CARTESIAN_POINT('Origin',(62.6045215603529,15.5716793150925,-5.82823597663754));
#8850=CARTESIAN_POINT('Ctrl Pts',(62.6045215603529,15.0399999999999,-5.82823597663754));
#8851=CARTESIAN_POINT('Ctrl Pts',(62.6045215603529,14.8838931050308,-5.82823597663754));
#8852=CARTESIAN_POINT('Ctrl Pts',(62.6045215603529,14.7277862100617,-5.82823597663754));
#8853=CARTESIAN_POINT('Ctrl Pts',(62.6045215603529,14.5716793150925,-5.82823597663754));
#8854=CARTESIAN_POINT('Ctrl Pts',(62.6594573030405,13.31,-1.41400566149809));
#8855=CARTESIAN_POINT('Ctrl Pts',(-83.6456248701471,13.31,-1.41400566149815));
#8856=CARTESIAN_POINT('Ctrl Pts',(62.6594573030405,13.4628181448066,-1.41400566149809));
#8857=CARTESIAN_POINT('Ctrl Pts',(-83.6456248701471,13.4628181448066,-1.41400566149815));
#8858=CARTESIAN_POINT('Ctrl Pts',(62.6594905518556,14.1124871845626,-1.41133403242452));
#8859=CARTESIAN_POINT('Ctrl Pts',(-83.645591621332,14.1124871845626,-1.41133403242457));
#8860=CARTESIAN_POINT('Ctrl Pts',(62.6589767950757,14.5321370216885,-1.45261573066496));
#8861=CARTESIAN_POINT('Ctrl Pts',(-83.6461053781119,14.5321370216885,-1.45261573066502));
#8862=CARTESIAN_POINT('Ctrl Pts',(62.6586891054541,14.6594407444216,-1.47573234267157));
#8863=CARTESIAN_POINT('Ctrl Pts',(-83.6463930677335,14.6594407444216,-1.47573234267163));
#8864=CARTESIAN_POINT('Ctrl Pts',(62.657505028759,14.8983760995351,-1.57087599572782));
#8865=CARTESIAN_POINT('Ctrl Pts',(-83.6475771444286,14.8983760995351,-1.57087599572787));
#8866=CARTESIAN_POINT('Ctrl Pts',(62.6567247706083,14.9986632004822,-1.63357177472284));
#8867=CARTESIAN_POINT('Ctrl Pts',(-83.6483574025793,14.9986632004822,-1.6335717747229));
#8868=CARTESIAN_POINT('Ctrl Pts',(62.6542782141218,15.2187051776422,-1.83015897427198));
#8869=CARTESIAN_POINT('Ctrl Pts',(-83.6508039590657,15.2187051776422,-1.83015897427203));
#8870=CARTESIAN_POINT('Ctrl Pts',(62.6524297177231,15.3241034601915,-1.97869048490635));
#8871=CARTESIAN_POINT('Ctrl Pts',(-83.6526524554645,15.3241034601915,-1.97869048490641));
#8872=CARTESIAN_POINT('Ctrl Pts',(62.6473330152167,15.5257652468821,-2.38822383441942));
#8873=CARTESIAN_POINT('Ctrl Pts',(-83.6577491579709,15.5257652468821,-2.38822383441948));
#8874=CARTESIAN_POINT('Ctrl Pts',(62.6443053885013,15.5588275632865,-2.63150154339209));
#8875=CARTESIAN_POINT('Ctrl Pts',(-83.6607767846862,15.5588275632865,-2.63150154339214));
#8876=CARTESIAN_POINT('Ctrl Pts',(62.6418572829612,15.5716793150925,-2.82821321345493));
#8877=CARTESIAN_POINT('Ctrl Pts',(-83.6632248902264,15.5716793150925,-2.82821321345498));
#8878=CARTESIAN_POINT('',(62.6418572833386,15.5716793150925,-2.82821321346917));
#8879=CARTESIAN_POINT('Ctrl Pts',(62.6542280580414,15.2055080444597,-1.83418914628331));
#8880=CARTESIAN_POINT('Ctrl Pts',(62.6530931738674,15.2828622988648,-1.9253800519227));
#8881=CARTESIAN_POINT('Ctrl Pts',(62.6518155158808,15.3484056518047,-2.0280432060895));
#8882=CARTESIAN_POINT('Ctrl Pts',(62.6505002157794,15.4004482750771,-2.13373100235459));
#8883=CARTESIAN_POINT('Ctrl Pts',(62.6473330152167,15.5257652468821,-2.38822383441942));
#8884=CARTESIAN_POINT('Ctrl Pts',(62.6443053885013,15.5588275632865,-2.63150154339209));
#8885=CARTESIAN_POINT('Ctrl Pts',(62.6418572829612,15.5716793150925,-2.82821321345493));
#8886=CARTESIAN_POINT('',(62.6418572833386,15.5716793150925,-2.82821321346917));
#8887=CARTESIAN_POINT('Ctrl Pts',(66.873159311887,13.02,-1.76516763918904));
#8888=CARTESIAN_POINT('Ctrl Pts',(65.6222360192703,13.02,-1.54625651491446));
#8889=CARTESIAN_POINT('Ctrl Pts',(64.2458470066383,13.02,-1.45355805182539));
#8890=CARTESIAN_POINT('Ctrl Pts',(62.667121287953,13.02,-1.41419644987678));
#8891=CARTESIAN_POINT('Ctrl Pts',(66.873159311887,13.1166666666667,-1.76516763918904));
#8892=CARTESIAN_POINT('Ctrl Pts',(65.6222360192703,13.1166666666667,-1.54625651491446));
#8893=CARTESIAN_POINT('Ctrl Pts',(64.2458470066383,13.1166666666667,-1.45355805182539));
#8894=CARTESIAN_POINT('Ctrl Pts',(62.667121287953,13.1166666666667,-1.41419644987678));
#8895=CARTESIAN_POINT('Ctrl Pts',(66.873159311887,13.2133333333333,-1.76516763918904));
#8896=CARTESIAN_POINT('Ctrl Pts',(65.6222360192703,13.2133333333333,-1.54625651491446));
#8897=CARTESIAN_POINT('Ctrl Pts',(64.2458470066383,13.2133333333333,-1.45355805182539));
#8898=CARTESIAN_POINT('Ctrl Pts',(62.667121287953,13.2133333333333,-1.41419644987678));
#8899=CARTESIAN_POINT('Ctrl Pts',(66.873159311887,13.31,-1.76516763918904));
#8900=CARTESIAN_POINT('Ctrl Pts',(65.6222360192703,13.31,-1.54625651491446));
#8901=CARTESIAN_POINT('Ctrl Pts',(64.2458470066383,13.31,-1.45355805182539));
#8902=CARTESIAN_POINT('Ctrl Pts',(62.667121287953,13.31,-1.41419644987678));
#8903=CARTESIAN_POINT('',(66.873159311887,13.02,-1.76516763918906));
#8904=CARTESIAN_POINT('Ctrl Pts',(66.873159311887,13.02,-1.76516763918904));
#8905=CARTESIAN_POINT('Ctrl Pts',(65.6222360192703,13.02,-1.54625651491446));
#8906=CARTESIAN_POINT('Ctrl Pts',(64.2458470066383,13.02,-1.45355805182539));
#8907=CARTESIAN_POINT('Ctrl Pts',(62.667121287953,13.02,-1.41419644987678));
#8908=CARTESIAN_POINT('',(66.873159311887,13.31,-1.76516763918906));
#8909=CARTESIAN_POINT('',(66.873159311887,13.01,-1.76516763918904));
#8910=CARTESIAN_POINT('Ctrl Pts',(66.873159311887,13.31,-1.76516763918904));
#8911=CARTESIAN_POINT('Ctrl Pts',(65.6222360192703,13.31,-1.54625651491446));
#8912=CARTESIAN_POINT('Ctrl Pts',(64.2458470066383,13.31,-1.45355805182539));
#8913=CARTESIAN_POINT('Ctrl Pts',(62.667121287953,13.31,-1.41419644987678));
#8914=CARTESIAN_POINT('Ctrl Pts',(66.7450421348547,12.31,-2.47366103161073));
#8915=CARTESIAN_POINT('Ctrl Pts',(65.5500136585859,12.31,-2.26484887377673));
#8916=CARTESIAN_POINT('Ctrl Pts',(64.2090112851889,12.31,-2.17286812339005));
#8917=CARTESIAN_POINT('Ctrl Pts',(62.6504971468702,12.31,-2.13397759707788));
#8918=CARTESIAN_POINT('Ctrl Pts',(66.7450421348547,12.5466666666667,-2.47366103161073));
#8919=CARTESIAN_POINT('Ctrl Pts',(65.5500136585859,12.5466666666667,-2.26484887377673));
#8920=CARTESIAN_POINT('Ctrl Pts',(64.2090112851889,12.5466666666667,-2.17286812339005));
#8921=CARTESIAN_POINT('Ctrl Pts',(62.6504971468702,12.5466666666667,-2.13397759707788));
#8922=CARTESIAN_POINT('Ctrl Pts',(66.7450421348547,12.7833333333333,-2.47366103161073));
#8923=CARTESIAN_POINT('Ctrl Pts',(65.5500136585859,12.7833333333333,-2.26484887377673));
#8924=CARTESIAN_POINT('Ctrl Pts',(64.2090112851889,12.7833333333333,-2.17286812339005));
#8925=CARTESIAN_POINT('Ctrl Pts',(62.6504971468702,12.7833333333333,-2.13397759707788));
#8926=CARTESIAN_POINT('Ctrl Pts',(66.7450421348547,13.02,-2.47366103161073));
#8927=CARTESIAN_POINT('Ctrl Pts',(65.5500136585859,13.02,-2.26484887377673));
#8928=CARTESIAN_POINT('Ctrl Pts',(64.2090112851889,13.02,-2.17286812339005));
#8929=CARTESIAN_POINT('Ctrl Pts',(62.6504971468702,13.02,-2.13397759707788));
#8930=CARTESIAN_POINT('',(66.7450421348547,12.31,-2.47366103161084));
#8931=CARTESIAN_POINT('',(66.7450421348547,13.02,-2.47366103161084));
#8932=CARTESIAN_POINT('',(66.7450421348547,12.655,-2.47366103161073));
#8933=CARTESIAN_POINT('Ctrl Pts',(66.7450421348547,13.02,-2.47366103161073));
#8934=CARTESIAN_POINT('Ctrl Pts',(65.5500136585859,13.02,-2.26484887377673));
#8935=CARTESIAN_POINT('Ctrl Pts',(64.2090112851889,13.02,-2.17286812339005));
#8936=CARTESIAN_POINT('Ctrl Pts',(62.6504971468702,13.02,-2.13397759707788));
#8937=CARTESIAN_POINT('Ctrl Pts',(66.7450421348547,12.31,-2.47366103161073));
#8938=CARTESIAN_POINT('Ctrl Pts',(65.5500136585859,12.31,-2.26484887377673));
#8939=CARTESIAN_POINT('Ctrl Pts',(64.2090112851889,12.31,-2.17286812339005));
#8940=CARTESIAN_POINT('Ctrl Pts',(62.6504971468702,12.31,-2.13397759707788));
#8941=CARTESIAN_POINT('Ctrl Pts',(66.5670945195097,14.5716793150925,-3.4577188495362));
#8942=CARTESIAN_POINT('Ctrl Pts',(65.4521332512115,14.5716793150925,-3.26335624442942));
#8943=CARTESIAN_POINT('Ctrl Pts',(64.1637127055401,14.5716793150925,-3.17236036767146));
#8944=CARTESIAN_POINT('Ctrl Pts',(62.6380519715066,14.5716793150925,-3.13397992123686));
#8945=CARTESIAN_POINT('Ctrl Pts',(66.5670945195097,13.8177862100617,-3.4577188495362));
#8946=CARTESIAN_POINT('Ctrl Pts',(65.4521332512115,13.8177862100617,-3.26335624442942));
#8947=CARTESIAN_POINT('Ctrl Pts',(64.1637127055401,13.8177862100617,-3.17236036767146));
#8948=CARTESIAN_POINT('Ctrl Pts',(62.6380519715066,13.8177862100617,-3.13397992123686));
#8949=CARTESIAN_POINT('Ctrl Pts',(66.5670945195097,13.0638931050308,-3.4577188495362));
#8950=CARTESIAN_POINT('Ctrl Pts',(65.4521332512115,13.0638931050308,-3.26335624442942));
#8951=CARTESIAN_POINT('Ctrl Pts',(64.1637127055401,13.0638931050308,-3.17236036767146));
#8952=CARTESIAN_POINT('Ctrl Pts',(62.6380519715066,13.0638931050308,-3.13397992123686));
#8953=CARTESIAN_POINT('Ctrl Pts',(66.5670945195097,12.31,-3.4577188495362));
#8954=CARTESIAN_POINT('Ctrl Pts',(65.4521332512115,12.31,-3.26335624442942));
#8955=CARTESIAN_POINT('Ctrl Pts',(64.1637127055401,12.31,-3.17236036767146));
#8956=CARTESIAN_POINT('Ctrl Pts',(62.6380519715066,12.31,-3.13397992123686));
#8957=CARTESIAN_POINT('',(66.567094519509,12.31,-3.45771884953955));
#8958=CARTESIAN_POINT('',(66.5670945195097,13.7858396575463,-3.4577188495362));
#8959=CARTESIAN_POINT('Ctrl Pts',(66.5670945195097,12.31,-3.4577188495362));
#8960=CARTESIAN_POINT('Ctrl Pts',(65.452133251628,12.31,-3.26335624450202));
#8961=CARTESIAN_POINT('Ctrl Pts',(64.1637127065027,12.31,-3.17236036773944));
#8962=CARTESIAN_POINT('Ctrl Pts',(62.6380519732163,12.31,-3.13397992127987));
#8963=CARTESIAN_POINT('Ctrl Pts',(66.0876610596553,15.0399999999999,-6.10900610297807));
#8964=CARTESIAN_POINT('Ctrl Pts',(65.1860712334016,15.0399999999999,-5.95314414576799));
#8965=CARTESIAN_POINT('Ctrl Pts',(64.0396770255397,15.0399999999999,-5.86518085713644));
#8966=CARTESIAN_POINT('Ctrl Pts',(62.6045215603529,15.0399999999999,-5.82823597663754));
#8967=CARTESIAN_POINT('Ctrl Pts',(66.0876610596553,14.8838931050308,-6.10900610297807));
#8968=CARTESIAN_POINT('Ctrl Pts',(65.1860712334016,14.8838931050308,-5.95314414576799));
#8969=CARTESIAN_POINT('Ctrl Pts',(64.0396770255397,14.8838931050308,-5.86518085713644));
#8970=CARTESIAN_POINT('Ctrl Pts',(62.6045215603529,14.8838931050308,-5.82823597663754));
#8971=CARTESIAN_POINT('Ctrl Pts',(66.0876610596553,14.7277862100617,-6.10900610297807));
#8972=CARTESIAN_POINT('Ctrl Pts',(65.1860712334016,14.7277862100617,-5.95314414576799));
#8973=CARTESIAN_POINT('Ctrl Pts',(64.0396770255397,14.7277862100617,-5.86518085713644));
#8974=CARTESIAN_POINT('Ctrl Pts',(62.6045215603529,14.7277862100617,-5.82823597663754));
#8975=CARTESIAN_POINT('Ctrl Pts',(66.0876610596553,14.5716793150925,-6.10900610297807));
#8976=CARTESIAN_POINT('Ctrl Pts',(65.1860712334016,14.5716793150925,-5.95314414576799));
#8977=CARTESIAN_POINT('Ctrl Pts',(64.0396770255397,14.5716793150925,-5.86518085713644));
#8978=CARTESIAN_POINT('Ctrl Pts',(62.6045215603529,14.5716793150925,-5.82823597663754));
#8979=CARTESIAN_POINT('',(66.0876610596553,14.2858396575463,-6.10900610297807));
#8980=CARTESIAN_POINT('Ctrl Pts',(66.873159311887,13.31,-1.76516763918905));
#8981=CARTESIAN_POINT('Ctrl Pts',(65.6222360192702,13.31,-1.54625651491448));
#8982=CARTESIAN_POINT('Ctrl Pts',(64.2458470066383,13.31,-1.4535580518254));
#8983=CARTESIAN_POINT('Ctrl Pts',(62.6671212879529,13.31,-1.4141964498768));
#8984=CARTESIAN_POINT('Ctrl Pts',(66.873159311887,13.3647064076034,-1.76516763918905));
#8985=CARTESIAN_POINT('Ctrl Pts',(65.6221079004411,13.3647064076034,-1.5462333471293));
#8986=CARTESIAN_POINT('Ctrl Pts',(64.2458890430434,13.3647064076034,-1.45355934226501));
#8987=CARTESIAN_POINT('Ctrl Pts',(62.6671212879529,13.3647064076034,-1.4141964498768));
#8988=CARTESIAN_POINT('Ctrl Pts',(66.8722964064449,13.6031463606282,-1.76993954267713));
#8989=CARTESIAN_POINT('Ctrl Pts',(65.6217457630521,13.6031463606282,-1.55109580472838));
#8990=CARTESIAN_POINT('Ctrl Pts',(64.2455759443498,13.6031463606282,-1.45840131079952));
#8991=CARTESIAN_POINT('Ctrl Pts',(62.6669724936702,13.6031463606282,-1.41904346225173));
#8992=CARTESIAN_POINT('Ctrl Pts',(66.8716449740757,14.0204126323838,-1.77354199115396));
#8993=CARTESIAN_POINT('Ctrl Pts',(65.6213401422254,14.0204126323838,-1.5547427034164));
#8994=CARTESIAN_POINT('Ctrl Pts',(64.2453829632746,14.0204126323838,-1.46205798529034));
#8995=CARTESIAN_POINT('Ctrl Pts',(62.6668601645465,14.0204126323838,-1.42270261260775));
#8996=CARTESIAN_POINT('Ctrl Pts',(66.8698983831432,14.3298207046811,-1.78320071267391));
#8997=CARTESIAN_POINT('Ctrl Pts',(65.6203112474124,14.3298207046811,-1.56453120624663));
#8998=CARTESIAN_POINT('Ctrl Pts',(64.2448463119666,14.3298207046811,-1.47186150453266));
#8999=CARTESIAN_POINT('Ctrl Pts',(62.666558992793,14.3298207046811,-1.4325133606353));
#9000=CARTESIAN_POINT('Ctrl Pts',(66.8664480160655,14.5240561684079,-1.80228138813528));
#9001=CARTESIAN_POINT('Ctrl Pts',(65.6183420348006,14.5240561684079,-1.58387971953251));
#9002=CARTESIAN_POINT('Ctrl Pts',(64.2437653772706,14.5240561684079,-1.49122758783376));
#9003=CARTESIAN_POINT('Ctrl Pts',(62.6659640320134,14.5240561684079,-1.45189436243355));
#9004=CARTESIAN_POINT('Ctrl Pts',(66.8588416758663,14.7183303240358,-1.8443447702399));
#9005=CARTESIAN_POINT('Ctrl Pts',(65.6139233914236,14.7183303240358,-1.62651953427922));
#9006=CARTESIAN_POINT('Ctrl Pts',(64.2414078865158,14.7183303240358,-1.53392093272001));
#9007=CARTESIAN_POINT('Ctrl Pts',(62.6646524399442,14.7183303240358,-1.49461981446802));
#9008=CARTESIAN_POINT('Ctrl Pts',(66.8408068523152,14.9480854397014,-1.94407810510889));
#9009=CARTESIAN_POINT('Ctrl Pts',(65.6035929364137,14.9480854397014,-1.72764605355737));
#9010=CARTESIAN_POINT('Ctrl Pts',(64.2357702283578,14.9480854397014,-1.63514645200315));
#9011=CARTESIAN_POINT('Ctrl Pts',(62.6615426222237,14.9480854397014,-1.59592293376034));
#9012=CARTESIAN_POINT('Ctrl Pts',(66.8184611264376,15.1098156812915,-2.0676509116592));
#9013=CARTESIAN_POINT('Ctrl Pts',(65.5906725507568,15.1098156812915,-1.85292324859539));
#9014=CARTESIAN_POINT('Ctrl Pts',(64.2288245647397,15.1098156812915,-1.76056933789913));
#9015=CARTESIAN_POINT('Ctrl Pts',(62.6576894581429,15.1098156812915,-1.72144075365173));
#9016=CARTESIAN_POINT('Ctrl Pts',(66.7853176153134,15.2667054501757,-2.25093592602728));
#9017=CARTESIAN_POINT('Ctrl Pts',(65.5717224307441,15.2667054501757,-2.03877486022629));
#9018=CARTESIAN_POINT('Ctrl Pts',(64.2184525747784,15.2667054501757,-1.94659626602234));
#9019=CARTESIAN_POINT('Ctrl Pts',(62.6519743881884,15.2667054501757,-1.90761064057484));
#9020=CARTESIAN_POINT('Ctrl Pts',(66.7554409394007,15.3849073738115,-2.41615520389452));
#9021=CARTESIAN_POINT('Ctrl Pts',(65.5544800458552,15.3849073738115,-2.20627880259017));
#9022=CARTESIAN_POINT('Ctrl Pts',(64.2091554467037,15.3849073738115,-2.11428880984291));
#9023=CARTESIAN_POINT('Ctrl Pts',(62.6468226318699,15.3849073738115,-2.07543043961356));
#9024=CARTESIAN_POINT('Ctrl Pts',(66.7051708461845,15.4976583004656,-2.6941509395573));
#9025=CARTESIAN_POINT('Ctrl Pts',(65.5257057707875,15.4976583004656,-2.48816163666297));
#9026=CARTESIAN_POINT('Ctrl Pts',(64.1934342892843,15.4976583004656,-2.39644363709606));
#9027=CARTESIAN_POINT('Ctrl Pts',(62.6381543559508,15.4976583004656,-2.357801777237));
#9028=CARTESIAN_POINT('Ctrl Pts',(66.6603742417524,15.5519644770544,-2.94187805139537));
#9029=CARTESIAN_POINT('Ctrl Pts',(65.4999499777812,15.5519644770544,-2.73933190694736));
#9030=CARTESIAN_POINT('Ctrl Pts',(64.1794624472539,15.5519644770544,-2.64787814527009));
#9031=CARTESIAN_POINT('Ctrl Pts',(62.6304298958869,15.5519644770544,-2.60942806844084));
#9032=CARTESIAN_POINT('Ctrl Pts',(66.6361539684697,15.56630090597,-3.07581718415577));
#9033=CARTESIAN_POINT('Ctrl Pts',(65.485990793605,15.56630090597,-2.87512655704022));
#9034=CARTESIAN_POINT('Ctrl Pts',(64.1719193345932,15.56630090597,-2.78382210361464));
#9035=CARTESIAN_POINT('Ctrl Pts',(62.6262534959994,15.56630090597,-2.74547537861812));
#9036=CARTESIAN_POINT('Ctrl Pts',(66.6215048117175,15.5716793150925,-3.1568276388343));
#9037=CARTESIAN_POINT('Ctrl Pts',(65.477628506679,15.5716793150925,-2.95727386920132));
#9038=CARTESIAN_POINT('Ctrl Pts',(64.1673305688413,15.5716793150925,-2.86604432534559));
#9039=CARTESIAN_POINT('Ctrl Pts',(62.6237274825273,15.5716793150925,-2.82776092301514));
#9040=CARTESIAN_POINT('',(66.6215048117168,15.5716793150925,-3.15682763883786));
#9041=CARTESIAN_POINT('Ctrl Pts',(66.873159311887,13.31,-1.76516763918905));
#9042=CARTESIAN_POINT('Ctrl Pts',(66.873159311887,13.3647064076034,-1.76516763918905));
#9043=CARTESIAN_POINT('Ctrl Pts',(66.872727859166,13.4839263841158,-1.76755359093309));
#9044=CARTESIAN_POINT('Ctrl Pts',(66.8723818463316,13.6269896267231,-1.76946705650048));
#9045=CARTESIAN_POINT('Ctrl Pts',(66.8720358334972,13.7700528693304,-1.77138052206786));
#9046=CARTESIAN_POINT('Ctrl Pts',(66.8717752605495,13.9369593780327,-1.77282150145859));
#9047=CARTESIAN_POINT('Ctrl Pts',(66.8711062059228,14.0957309050325,-1.77652140176216));
#9048=CARTESIAN_POINT('Ctrl Pts',(66.8707716786094,14.1751166685324,-1.77837135191394));
#9049=CARTESIAN_POINT('Ctrl Pts',(66.8703350308763,14.2524686866067,-1.78078603229392));
#9050=CARTESIAN_POINT('Ctrl Pts',(66.8696237974273,14.3188926190335,-1.78471918326411));
#9051=CARTESIAN_POINT('Ctrl Pts',(66.8689125639782,14.3853165514602,-1.7886523342343));
#9052=CARTESIAN_POINT('Ctrl Pts',(66.8679267448131,14.4408123982393,-1.79410395579469));
#9053=CARTESIAN_POINT('Ctrl Pts',(66.8664659572913,14.4963126669499,-1.80218217240003));
#9054=CARTESIAN_POINT('Ctrl Pts',(66.8642747760086,14.5795630700159,-1.81429949730803));
#9055=CARTESIAN_POINT('Ctrl Pts',(66.8610149159232,14.6628234224278,-1.83232666106715));
#9056=CARTESIAN_POINT('Ctrl Pts',(66.8556531365901,14.7478224644173,-1.86197752691632));
#9057=CARTESIAN_POINT('Ctrl Pts',(66.8520786170346,14.8044884924104,-1.88174477081577));
#9058=CARTESIAN_POINT('Ctrl Pts',(66.8475699111469,14.8619272713268,-1.90667810453302));
#9059=CARTESIAN_POINT('Ctrl Pts',(66.8412893714738,14.922267377331,-1.94140975381142));
#9060=CARTESIAN_POINT('Ctrl Pts',(66.8318685619642,15.0127775363374,-1.99350722772902));
#9061=CARTESIAN_POINT('Ctrl Pts',(66.8184611264376,15.1098156812915,-2.0676509116592));
#9062=CARTESIAN_POINT('Ctrl Pts',(66.7982050193356,15.2057009950052,-2.17966803824874));
#9063=CARTESIAN_POINT('Ctrl Pts',(66.7853176153134,15.2667054501757,-2.25093592602728));
#9064=CARTESIAN_POINT('Ctrl Pts',(66.7703792773571,15.3258064119936,-2.3335455649609));
#9065=CARTESIAN_POINT('Ctrl Pts',(66.7528560897356,15.3779070782334,-2.43044953156027));
#9066=CARTESIAN_POINT('Ctrl Pts',(66.7353329021142,15.4300077444731,-2.52735349815963));
#9067=CARTESIAN_POINT('Ctrl Pts',(66.7152248648277,15.4751081151348,-2.63855179242474));
#9068=CARTESIAN_POINT('Ctrl Pts',(66.6957231558945,15.5056576224759,-2.74639706532399));
#9069=CARTESIAN_POINT('Ctrl Pts',(66.6859723014279,15.5209323761465,-2.80031970177362));
#9070=CARTESIAN_POINT('Ctrl Pts',(66.6763730290496,15.532569413987,-2.85340408288177));
#9071=CARTESIAN_POINT('Ctrl Pts',(66.6669675078827,15.5418586229535,-2.9054170116188));
#9072=CARTESIAN_POINT('Ctrl Pts',(66.6512916392714,15.5573406378977,-2.9921052261805));
#9073=CARTESIAN_POINT('Ctrl Pts',(66.6361539684697,15.56630090597,-3.07581718415574));
#9074=CARTESIAN_POINT('Ctrl Pts',(66.6215048117175,15.5716793150925,-3.15682763883426));
#9075=CARTESIAN_POINT('Ctrl Pts',(66.6215048117175,15.5716793150925,-3.1568276388343));
#9076=CARTESIAN_POINT('Ctrl Pts',(65.482109465147,15.5716793150925,-2.95805559022301));
#9077=CARTESIAN_POINT('Ctrl Pts',(64.1775937939408,15.5716793150925,-2.86676074289501));
#9078=CARTESIAN_POINT('Ctrl Pts',(62.6418572248181,15.5716793150925,-2.82821327173277));
#9079=CARTESIAN_POINT('Ctrl Pts',(68.8879650222238,13.02,-2.2699286323996));
#9080=CARTESIAN_POINT('Ctrl Pts',(68.2486369549877,13.02,-2.05314358796583));
#9081=CARTESIAN_POINT('Ctrl Pts',(67.5805709483787,13.02,-1.8889636131848));
#9082=CARTESIAN_POINT('Ctrl Pts',(66.873159311887,13.02,-1.76516763918905));
#9083=CARTESIAN_POINT('Ctrl Pts',(68.8879650222238,13.1166666666667,-2.2699286323996));
#9084=CARTESIAN_POINT('Ctrl Pts',(68.2486369549877,13.1166666666667,-2.05314358796583));
#9085=CARTESIAN_POINT('Ctrl Pts',(67.5805709483787,13.1166666666667,-1.8889636131848));
#9086=CARTESIAN_POINT('Ctrl Pts',(66.873159311887,13.1166666666667,-1.76516763918905));
#9087=CARTESIAN_POINT('Ctrl Pts',(68.8879650222238,13.2133333333333,-2.2699286323996));
#9088=CARTESIAN_POINT('Ctrl Pts',(68.2486369549877,13.2133333333333,-2.05314358796583));
#9089=CARTESIAN_POINT('Ctrl Pts',(67.5805709483787,13.2133333333333,-1.8889636131848));
#9090=CARTESIAN_POINT('Ctrl Pts',(66.873159311887,13.2133333333333,-1.76516763918905));
#9091=CARTESIAN_POINT('Ctrl Pts',(68.8879650222238,13.31,-2.2699286323996));
#9092=CARTESIAN_POINT('Ctrl Pts',(68.2486369549877,13.31,-2.05314358796583));
#9093=CARTESIAN_POINT('Ctrl Pts',(67.5805709483787,13.31,-1.8889636131848));
#9094=CARTESIAN_POINT('Ctrl Pts',(66.873159311887,13.31,-1.76516763918905));
#9095=CARTESIAN_POINT('Ctrl Pts',(68.8879650222238,13.31,-2.2699286323996));
#9096=CARTESIAN_POINT('Ctrl Pts',(68.2486369549877,13.31,-2.05314358796583));
#9097=CARTESIAN_POINT('Ctrl Pts',(67.5805709483787,13.31,-1.8889636131848));
#9098=CARTESIAN_POINT('Ctrl Pts',(66.873159311887,13.31,-1.76516763918905));
#9099=CARTESIAN_POINT('Ctrl Pts',(68.8879650222238,13.02,-2.2699286323996));
#9100=CARTESIAN_POINT('Ctrl Pts',(68.2486369549877,13.02,-2.05314358796583));
#9101=CARTESIAN_POINT('Ctrl Pts',(67.5805709483787,13.02,-1.8889636131848));
#9102=CARTESIAN_POINT('Ctrl Pts',(66.873159311887,13.02,-1.76516763918905));
#9103=CARTESIAN_POINT('Ctrl Pts',(68.6529536294599,12.31,-2.95047734000772));
#9104=CARTESIAN_POINT('Ctrl Pts',(68.0532758903544,12.31,-2.74738459817238));
#9105=CARTESIAN_POINT('Ctrl Pts',(67.4218658247998,12.31,-2.59192577355171));
#9106=CARTESIAN_POINT('Ctrl Pts',(66.7450421348547,12.31,-2.47366103161073));
#9107=CARTESIAN_POINT('Ctrl Pts',(68.6529536294599,12.5466666666667,-2.95047734000772));
#9108=CARTESIAN_POINT('Ctrl Pts',(68.0532758903544,12.5466666666667,-2.74738459817238));
#9109=CARTESIAN_POINT('Ctrl Pts',(67.4218658247998,12.5466666666667,-2.59192577355171));
#9110=CARTESIAN_POINT('Ctrl Pts',(66.7450421348547,12.5466666666667,-2.47366103161073));
#9111=CARTESIAN_POINT('Ctrl Pts',(68.6529536294599,12.7833333333333,-2.95047734000772));
#9112=CARTESIAN_POINT('Ctrl Pts',(68.0532758903544,12.7833333333333,-2.74738459817238));
#9113=CARTESIAN_POINT('Ctrl Pts',(67.4218658247998,12.7833333333333,-2.59192577355171));
#9114=CARTESIAN_POINT('Ctrl Pts',(66.7450421348547,12.7833333333333,-2.47366103161073));
#9115=CARTESIAN_POINT('Ctrl Pts',(68.6529536294599,13.02,-2.95047734000772));
#9116=CARTESIAN_POINT('Ctrl Pts',(68.0532758903544,13.02,-2.74738459817238));
#9117=CARTESIAN_POINT('Ctrl Pts',(67.4218658247998,13.02,-2.59192577355171));
#9118=CARTESIAN_POINT('Ctrl Pts',(66.7450421348547,13.02,-2.47366103161073));
#9119=CARTESIAN_POINT('Ctrl Pts',(68.6529536294599,13.02,-2.95047734000772));
#9120=CARTESIAN_POINT('Ctrl Pts',(68.0532758903544,13.02,-2.74738459817238));
#9121=CARTESIAN_POINT('Ctrl Pts',(67.4218658247998,13.02,-2.59192577355171));
#9122=CARTESIAN_POINT('Ctrl Pts',(66.7450421348547,13.02,-2.47366103161073));
#9123=CARTESIAN_POINT('Ctrl Pts',(68.6529536294599,12.31,-2.95047734000772));
#9124=CARTESIAN_POINT('Ctrl Pts',(68.0532758903544,12.31,-2.74738459817238));
#9125=CARTESIAN_POINT('Ctrl Pts',(67.4218658247998,12.31,-2.59192577355171));
#9126=CARTESIAN_POINT('Ctrl Pts',(66.7450421348547,12.31,-2.47366103161073));
#9127=CARTESIAN_POINT('Ctrl Pts',(68.3265359086674,14.5716793150925,-3.89572154886586));
#9128=CARTESIAN_POINT('Ctrl Pts',(67.7819302645139,14.5716793150925,-3.71164665188481));
#9129=CARTESIAN_POINT('Ctrl Pts',(67.2014332572232,14.5716793150925,-3.56830101856333));
#9130=CARTESIAN_POINT('Ctrl Pts',(66.5670945195097,14.5716793150925,-3.4577188495362));
#9131=CARTESIAN_POINT('Ctrl Pts',(68.3265359086674,13.8177862100617,-3.89572154886586));
#9132=CARTESIAN_POINT('Ctrl Pts',(67.7819302645139,13.8177862100617,-3.71164665188481));
#9133=CARTESIAN_POINT('Ctrl Pts',(67.2014332572232,13.8177862100617,-3.56830101856333));
#9134=CARTESIAN_POINT('Ctrl Pts',(66.5670945195097,13.8177862100617,-3.4577188495362));
#9135=CARTESIAN_POINT('Ctrl Pts',(68.3265359086674,13.0638931050308,-3.89572154886586));
#9136=CARTESIAN_POINT('Ctrl Pts',(67.7819302645139,13.0638931050308,-3.71164665188481));
#9137=CARTESIAN_POINT('Ctrl Pts',(67.2014332572232,13.0638931050308,-3.56830101856333));
#9138=CARTESIAN_POINT('Ctrl Pts',(66.5670945195097,13.0638931050308,-3.4577188495362));
#9139=CARTESIAN_POINT('Ctrl Pts',(68.3265359086674,12.31,-3.89572154886586));
#9140=CARTESIAN_POINT('Ctrl Pts',(67.7819302645139,12.31,-3.71164665188481));
#9141=CARTESIAN_POINT('Ctrl Pts',(67.2014332572232,12.31,-3.56830101856333));
#9142=CARTESIAN_POINT('Ctrl Pts',(66.5670945195097,12.31,-3.4577188495362));
#9143=CARTESIAN_POINT('Ctrl Pts',(68.3265359086674,12.31,-3.89572154886586));
#9144=CARTESIAN_POINT('Ctrl Pts',(67.7819302645139,12.31,-3.71164665188481));
#9145=CARTESIAN_POINT('Ctrl Pts',(67.2014332572232,12.31,-3.56830101856333));
#9146=CARTESIAN_POINT('Ctrl Pts',(66.5670945195097,12.31,-3.4577188495362));
#9147=CARTESIAN_POINT('Ctrl Pts',(67.447088454798,15.0399999999999,-6.44243565111095));
#9148=CARTESIAN_POINT('Ctrl Pts',(67.0508602135844,15.0399999999999,-6.30959937927129));
#9149=CARTESIAN_POINT('Ctrl Pts',(66.6075351691093,15.0399999999999,-6.1988895820816));
#9150=CARTESIAN_POINT('Ctrl Pts',(66.0876610596553,15.0399999999999,-6.10900610297807));
#9151=CARTESIAN_POINT('Ctrl Pts',(67.447088454798,14.8838931050308,-6.44243565111095));
#9152=CARTESIAN_POINT('Ctrl Pts',(67.0508602135844,14.8838931050308,-6.30959937927129));
#9153=CARTESIAN_POINT('Ctrl Pts',(66.6075351691093,14.8838931050308,-6.1988895820816));
#9154=CARTESIAN_POINT('Ctrl Pts',(66.0876610596553,14.8838931050308,-6.10900610297807));
#9155=CARTESIAN_POINT('Ctrl Pts',(67.447088454798,14.7277862100617,-6.44243565111095));
#9156=CARTESIAN_POINT('Ctrl Pts',(67.0508602135844,14.7277862100617,-6.30959937927129));
#9157=CARTESIAN_POINT('Ctrl Pts',(66.6075351691093,14.7277862100617,-6.1988895820816));
#9158=CARTESIAN_POINT('Ctrl Pts',(66.0876610596553,14.7277862100617,-6.10900610297807));
#9159=CARTESIAN_POINT('Ctrl Pts',(67.447088454798,14.5716793150925,-6.44243565111095));
#9160=CARTESIAN_POINT('Ctrl Pts',(67.0508602135844,14.5716793150925,-6.30959937927129));
#9161=CARTESIAN_POINT('Ctrl Pts',(66.6075351691093,14.5716793150925,-6.1988895820816));
#9162=CARTESIAN_POINT('Ctrl Pts',(66.0876610596553,14.5716793150925,-6.10900610297807));
#9163=CARTESIAN_POINT('Ctrl Pts',(68.8879650222238,13.31,-2.26992863239962));
#9164=CARTESIAN_POINT('Ctrl Pts',(68.2486369549877,13.31,-2.05314358796586));
#9165=CARTESIAN_POINT('Ctrl Pts',(67.5805709483787,13.31,-1.88896361318483));
#9166=CARTESIAN_POINT('Ctrl Pts',(66.873159311887,13.31,-1.76516763918907));
#9167=CARTESIAN_POINT('Ctrl Pts',(68.8879650222238,13.3647064076034,-2.26992863239962));
#9168=CARTESIAN_POINT('Ctrl Pts',(68.2485437406674,13.3647064076034,-2.05311139860605));
#9169=CARTESIAN_POINT('Ctrl Pts',(67.5806428578629,13.3647064076034,-1.88897661660901));
#9170=CARTESIAN_POINT('Ctrl Pts',(66.873159311887,13.3647064076034,-1.76516763918907));
#9171=CARTESIAN_POINT('Ctrl Pts',(68.8863847945218,13.6031434481955,-2.27450467404454));
#9172=CARTESIAN_POINT('Ctrl Pts',(68.2473278524927,13.6031434481955,-2.05781325628558));
#9173=CARTESIAN_POINT('Ctrl Pts',(67.5795003249348,13.6031434481955,-1.89368973416643));
#9174=CARTESIAN_POINT('Ctrl Pts',(66.872297845939,13.6031434481955,-1.76993158221421));
#9175=CARTESIAN_POINT('Ctrl Pts',(68.8851896572564,14.0204095839964,-2.27796556635189));
#9176=CARTESIAN_POINT('Ctrl Pts',(68.2463115582281,14.0204095839964,-2.06133590779138));
#9177=CARTESIAN_POINT('Ctrl Pts',(67.5787108251282,14.0204095839964,-1.8972677889526));
#9178=CARTESIAN_POINT('Ctrl Pts',(66.8716463132163,14.0204095839964,-1.77353458564986));
#9179=CARTESIAN_POINT('Ctrl Pts',(68.8819862122452,14.3298162304133,-2.28724213944326));
#9180=CARTESIAN_POINT('Ctrl Pts',(68.2436302812412,14.3298162304133,-2.07079279925422));
#9181=CARTESIAN_POINT('Ctrl Pts',(67.5765616347333,14.3298162304133,-1.90685243401553));
#9182=CARTESIAN_POINT('Ctrl Pts',(66.869899945405,14.3298162304133,-1.78319207330074));
#9183=CARTESIAN_POINT('Ctrl Pts',(68.8756569975395,14.5240516609572,-2.30557035254578));
#9184=CARTESIAN_POINT('Ctrl Pts',(68.2383786974162,14.5240516609572,-2.08949314668205));
#9185=CARTESIAN_POINT('Ctrl Pts',(67.5722799138323,14.5240516609572,-1.92578291022257));
#9186=CARTESIAN_POINT('Ctrl Pts',(66.866449554718,14.5240516609572,-1.80227287932221));
#9187=CARTESIAN_POINT('Ctrl Pts',(68.8617043507434,14.718325262392,-2.34597458841349));
#9188=CARTESIAN_POINT('Ctrl Pts',(68.2267452959203,14.718325262392,-2.1306982790353));
#9189=CARTESIAN_POINT('Ctrl Pts',(67.5628844216141,14.718325262392,-1.96752268907508));
#9190=CARTESIAN_POINT('Ctrl Pts',(66.8588432267923,14.718325262392,-1.84433619355394));
#9191=CARTESIAN_POINT('Ctrl Pts',(68.8286220993178,14.9480807603345,-2.44177455448193));
#9192=CARTESIAN_POINT('Ctrl Pts',(68.1992684459889,14.9480807603345,-2.22843393787258));
#9193=CARTESIAN_POINT('Ctrl Pts',(67.5405252867213,14.9480807603345,-2.06647443737171));
#9194=CARTESIAN_POINT('Ctrl Pts',(66.8408083365996,14.9480807603345,-1.94406989695375));
#9195=CARTESIAN_POINT('Ctrl Pts',(68.7876315644158,15.1098125048313,-2.56047541925122));
#9196=CARTESIAN_POINT('Ctrl Pts',(68.1651354252199,15.1098125048313,-2.34950288288254));
#9197=CARTESIAN_POINT('Ctrl Pts',(67.5128889941383,15.1098125048313,-2.18909277079305));
#9198=CARTESIAN_POINT('Ctrl Pts',(66.8184622215669,15.1098125048313,-2.06764485554761));
#9199=CARTESIAN_POINT('Ctrl Pts',(68.7268343466206,15.2667033427196,-2.73653270528361));
#9200=CARTESIAN_POINT('Ctrl Pts',(68.1146647715447,15.2667033427196,-2.52912620348256));
#9201=CARTESIAN_POINT('Ctrl Pts',(67.4717788555646,15.2667033427196,-2.3709387608632));
#9202=CARTESIAN_POINT('Ctrl Pts',(66.7853184329883,15.2667033427196,-2.25093140425041));
#9203=CARTESIAN_POINT('Ctrl Pts',(68.6720301986912,15.3849052756311,-2.89523519032595));
#9204=CARTESIAN_POINT('Ctrl Pts',(68.0690528466255,15.3849052756311,-2.69100300523152));
#9205=CARTESIAN_POINT('Ctrl Pts',(67.4348109361863,15.3849052756311,-2.53487556817115));
#9206=CARTESIAN_POINT('Ctrl Pts',(66.7554417847127,15.3849052756311,-2.41615052928348));
#9207=CARTESIAN_POINT('Ctrl Pts',(68.5798164978589,15.4976575275312,-3.16226869107309));
#9208=CARTESIAN_POINT('Ctrl Pts',(67.9924786742666,15.4976575275312,-2.96343724706833));
#9209=CARTESIAN_POINT('Ctrl Pts',(67.3724753598601,15.4976575275312,-2.81069227741456));
#9210=CARTESIAN_POINT('Ctrl Pts',(66.7051712046553,15.4976575275312,-2.69414895719838));
#9211=CARTESIAN_POINT('Ctrl Pts',(68.4976441617853,15.5519635308137,-3.4002242916861));
#9212=CARTESIAN_POINT('Ctrl Pts',(67.9241596984323,15.5519635308137,-3.20617677783635));
#9213=CARTESIAN_POINT('Ctrl Pts',(67.3169917901468,15.5519635308137,-3.05648626103104));
#9214=CARTESIAN_POINT('Ctrl Pts',(66.6603747052002,15.5519635308137,-2.94187548850953));
#9215=CARTESIAN_POINT('Ctrl Pts',(68.4532149197068,15.56630090597,-3.52888300444463));
#9216=CARTESIAN_POINT('Ctrl Pts',(67.8871960291521,15.56630090597,-3.3374135495075));
#9217=CARTESIAN_POINT('Ctrl Pts',(67.2870117935953,15.56630090597,-3.18938650714796));
#9218=CARTESIAN_POINT('Ctrl Pts',(66.6361539684697,15.56630090597,-3.07581718415578));
#9219=CARTESIAN_POINT('Ctrl Pts',(68.4263432791438,15.5716793150925,-3.60669821179014));
#9220=CARTESIAN_POINT('Ctrl Pts',(67.8648984726726,15.5716793150925,-3.41680830855751));
#9221=CARTESIAN_POINT('Ctrl Pts',(67.26883399418,15.5716793150925,-3.2697588757955));
#9222=CARTESIAN_POINT('Ctrl Pts',(66.6215048117175,15.5716793150925,-3.15682763883431));
#9223=CARTESIAN_POINT('Ctrl Pts',(68.4263432791438,15.5716793150925,-3.60669821179014));
#9224=CARTESIAN_POINT('Ctrl Pts',(67.8648984726726,15.5716793150925,-3.41680830855751));
#9225=CARTESIAN_POINT('Ctrl Pts',(67.26883399418,15.5716793150925,-3.2697588757955));
#9226=CARTESIAN_POINT('Ctrl Pts',(66.6215048117175,15.5716793150925,-3.15682763883431));
#9227=CARTESIAN_POINT('Ctrl Pts',(76.1660183881239,13.02,-15.6088886966151));
#9228=CARTESIAN_POINT('Ctrl Pts',(76.1500610277607,13.02,-14.2294025758903));
#9229=CARTESIAN_POINT('Ctrl Pts',(76.1147739196664,13.02,-13.1509140522815));
#9230=CARTESIAN_POINT('Ctrl Pts',(75.9958591388658,13.02,-11.7124455514212));
#9231=CARTESIAN_POINT('Ctrl Pts',(75.9389925320442,13.02,-11.2415600918311));
#9232=CARTESIAN_POINT('Ctrl Pts',(75.8646216609293,13.02,-10.8004747511407));
#9233=CARTESIAN_POINT('Ctrl Pts',(76.1660183881239,13.1166666666667,-15.6088886966151));
#9234=CARTESIAN_POINT('Ctrl Pts',(76.1500610277607,13.1166666666667,-14.2294025758903));
#9235=CARTESIAN_POINT('Ctrl Pts',(76.1147739196664,13.1166666666667,-13.1509140522815));
#9236=CARTESIAN_POINT('Ctrl Pts',(75.9958591388658,13.1166666666667,-11.7124455514212));
#9237=CARTESIAN_POINT('Ctrl Pts',(75.9389925320442,13.1166666666667,-11.2415600918311));
#9238=CARTESIAN_POINT('Ctrl Pts',(75.8646216609293,13.1166666666667,-10.8004747511407));
#9239=CARTESIAN_POINT('Ctrl Pts',(76.1660183881239,13.2133333333333,-15.6088886966151));
#9240=CARTESIAN_POINT('Ctrl Pts',(76.1500610277607,13.2133333333333,-14.2294025758903));
#9241=CARTESIAN_POINT('Ctrl Pts',(76.1147739196664,13.2133333333333,-13.1509140522815));
#9242=CARTESIAN_POINT('Ctrl Pts',(75.9958591388658,13.2133333333333,-11.7124455514212));
#9243=CARTESIAN_POINT('Ctrl Pts',(75.9389925320442,13.2133333333333,-11.2415600918311));
#9244=CARTESIAN_POINT('Ctrl Pts',(75.8646216609293,13.2133333333333,-10.8004747511407));
#9245=CARTESIAN_POINT('Ctrl Pts',(76.1660183881239,13.31,-15.6088886966151));
#9246=CARTESIAN_POINT('Ctrl Pts',(76.1500610277607,13.31,-14.2294025758903));
#9247=CARTESIAN_POINT('Ctrl Pts',(76.1147739196664,13.31,-13.1509140522815));
#9248=CARTESIAN_POINT('Ctrl Pts',(75.9958591388658,13.31,-11.7124455514212));
#9249=CARTESIAN_POINT('Ctrl Pts',(75.9389925320442,13.31,-11.2415600918311));
#9250=CARTESIAN_POINT('Ctrl Pts',(75.8646216609293,13.31,-10.8004747511407));
#9251=CARTESIAN_POINT('',(76.1660183881239,13.02,-15.6088886966151));
#9252=CARTESIAN_POINT('Ctrl Pts',(76.1660183881239,13.02,-15.6088886966152));
#9253=CARTESIAN_POINT('Ctrl Pts',(76.1596848565438,13.02,-15.0613658788658));
#9254=CARTESIAN_POINT('Ctrl Pts',(76.150279531979,13.02,-14.5612763078609));
#9255=CARTESIAN_POINT('Ctrl Pts',(76.1365454187023,13.02,-14.100159903047));
#9256=CARTESIAN_POINT('Ctrl Pts',(76.1261108962726,13.02,-13.7498257116957));
#9257=CARTESIAN_POINT('Ctrl Pts',(76.1131773339123,13.02,-13.4219850682539));
#9258=CARTESIAN_POINT('Ctrl Pts',(76.097171858385,13.02,-13.1129303299985));
#9259=CARTESIAN_POINT('Ctrl Pts',(76.0827686102538,13.02,-12.8348135021915));
#9260=CARTESIAN_POINT('Ctrl Pts',(76.0658774133266,13.02,-12.5719077621397));
#9261=CARTESIAN_POINT('Ctrl Pts',(76.0460641602244,13.02,-12.3215420994917));
#9262=CARTESIAN_POINT('Ctrl Pts',(76.0438601200914,13.02,-12.2936912480656));
#9263=CARTESIAN_POINT('Ctrl Pts',(76.0416199059268,13.02,-12.2659956260938));
#9264=CARTESIAN_POINT('Ctrl Pts',(76.0393429095765,13.02,-12.2384516004998));
#9265=CARTESIAN_POINT('Ctrl Pts',(76.0219756459447,13.02,-12.0283666520932));
#9266=CARTESIAN_POINT('Ctrl Pts',(76.0024768647917,13.02,-11.8270999742412));
#9267=CARTESIAN_POINT('Ctrl Pts',(75.9805790303636,13.02,-11.6329951012998));
#9268=CARTESIAN_POINT('Ctrl Pts',(75.9598672867323,13.02,-11.4494038708908));
#9269=CARTESIAN_POINT('Ctrl Pts',(75.9370086841684,13.02,-11.2722193460052));
#9270=CARTESIAN_POINT('Ctrl Pts',(75.9117814216118,13.02,-11.1000870259111));
#9271=CARTESIAN_POINT('Ctrl Pts',(75.8969000079339,13.02,-10.9985471835715));
#9272=CARTESIAN_POINT('Ctrl Pts',(75.8811944889887,13.02,-10.8987663457017));
#9273=CARTESIAN_POINT('Ctrl Pts',(75.8646216609293,13.02,-10.8004747511407));
#9274=CARTESIAN_POINT('',(76.1660183881239,13.31,-15.6088886966151));
#9275=CARTESIAN_POINT('',(76.1660183881239,13.01,-15.6088886966151));
#9276=CARTESIAN_POINT('Ctrl Pts',(76.1660183881239,13.31,-15.6088886966152));
#9277=CARTESIAN_POINT('Ctrl Pts',(76.1596848565438,13.31,-15.0613658788658));
#9278=CARTESIAN_POINT('Ctrl Pts',(76.150279531979,13.31,-14.5612763078609));
#9279=CARTESIAN_POINT('Ctrl Pts',(76.1365454187023,13.31,-14.100159903047));
#9280=CARTESIAN_POINT('Ctrl Pts',(76.1261108962726,13.31,-13.7498257116957));
#9281=CARTESIAN_POINT('Ctrl Pts',(76.1131773339123,13.31,-13.4219850682539));
#9282=CARTESIAN_POINT('Ctrl Pts',(76.097171858385,13.31,-13.1129303299985));
#9283=CARTESIAN_POINT('Ctrl Pts',(76.0827686102538,13.31,-12.8348135021915));
#9284=CARTESIAN_POINT('Ctrl Pts',(76.0658774133266,13.31,-12.5719077621397));
#9285=CARTESIAN_POINT('Ctrl Pts',(76.0460641602244,13.31,-12.3215420994917));
#9286=CARTESIAN_POINT('Ctrl Pts',(76.0438601200914,13.31,-12.2936912480656));
#9287=CARTESIAN_POINT('Ctrl Pts',(76.0416199059268,13.31,-12.2659956260938));
#9288=CARTESIAN_POINT('Ctrl Pts',(76.0393429095765,13.31,-12.2384516004998));
#9289=CARTESIAN_POINT('Ctrl Pts',(76.0219756459447,13.31,-12.0283666520932));
#9290=CARTESIAN_POINT('Ctrl Pts',(76.0024768647917,13.31,-11.8270999742412));
#9291=CARTESIAN_POINT('Ctrl Pts',(75.9805790303636,13.31,-11.6329951012998));
#9292=CARTESIAN_POINT('Ctrl Pts',(75.9598672867323,13.31,-11.4494038708908));
#9293=CARTESIAN_POINT('Ctrl Pts',(75.9370086841684,13.31,-11.2722193460052));
#9294=CARTESIAN_POINT('Ctrl Pts',(75.9117814216118,13.31,-11.1000870259111));
#9295=CARTESIAN_POINT('Ctrl Pts',(75.8969000079339,13.31,-10.9985471835715));
#9296=CARTESIAN_POINT('Ctrl Pts',(75.8811944889887,13.31,-10.8987663457017));
#9297=CARTESIAN_POINT('Ctrl Pts',(75.8646216609293,13.31,-10.8004747511407));
#9298=CARTESIAN_POINT('Ctrl Pts',(75.4460464881923,12.31,-15.61305540571));
#9299=CARTESIAN_POINT('Ctrl Pts',(75.4301355000306,12.31,-14.2415820070973));
#9300=CARTESIAN_POINT('Ctrl Pts',(75.394739970207,12.31,-13.1779198798588));
#9301=CARTESIAN_POINT('Ctrl Pts',(75.2792449307813,12.31,-11.7839003241934));
#9302=CARTESIAN_POINT('Ctrl Pts',(75.2245360409008,12.31,-11.3337411281991));
#9303=CARTESIAN_POINT('Ctrl Pts',(75.1539972987094,12.31,-10.9161895469772));
#9304=CARTESIAN_POINT('Ctrl Pts',(75.4460464881923,12.5466666666667,-15.61305540571));
#9305=CARTESIAN_POINT('Ctrl Pts',(75.4301355000306,12.5466666666667,-14.2415820070973));
#9306=CARTESIAN_POINT('Ctrl Pts',(75.394739970207,12.5466666666667,-13.1779198798588));
#9307=CARTESIAN_POINT('Ctrl Pts',(75.2792449307813,12.5466666666667,-11.7839003241934));
#9308=CARTESIAN_POINT('Ctrl Pts',(75.2245360409008,12.5466666666667,-11.3337411281991));
#9309=CARTESIAN_POINT('Ctrl Pts',(75.1539972987094,12.5466666666667,-10.9161895469772));
#9310=CARTESIAN_POINT('Ctrl Pts',(75.4460464881923,12.7833333333333,-15.61305540571));
#9311=CARTESIAN_POINT('Ctrl Pts',(75.4301355000306,12.7833333333333,-14.2415820070973));
#9312=CARTESIAN_POINT('Ctrl Pts',(75.394739970207,12.7833333333333,-13.1779198798588));
#9313=CARTESIAN_POINT('Ctrl Pts',(75.2792449307813,12.7833333333333,-11.7839003241934));
#9314=CARTESIAN_POINT('Ctrl Pts',(75.2245360409008,12.7833333333333,-11.3337411281991));
#9315=CARTESIAN_POINT('Ctrl Pts',(75.1539972987094,12.7833333333333,-10.9161895469772));
#9316=CARTESIAN_POINT('Ctrl Pts',(75.4460464881923,13.02,-15.61305540571));
#9317=CARTESIAN_POINT('Ctrl Pts',(75.4301355000306,13.02,-14.2415820070973));
#9318=CARTESIAN_POINT('Ctrl Pts',(75.394739970207,13.02,-13.1779198798588));
#9319=CARTESIAN_POINT('Ctrl Pts',(75.2792449307813,13.02,-11.7839003241934));
#9320=CARTESIAN_POINT('Ctrl Pts',(75.2245360409008,13.02,-11.3337411281991));
#9321=CARTESIAN_POINT('Ctrl Pts',(75.1539972987094,13.02,-10.9161895469772));
#9322=CARTESIAN_POINT('',(75.4460464881921,12.31,-15.61305540571));
#9323=CARTESIAN_POINT('Ctrl Pts',(75.4460464881922,12.31,-15.61305540571));
#9324=CARTESIAN_POINT('Ctrl Pts',(75.4391750754112,12.31,-15.0207628501289));
#9325=CARTESIAN_POINT('Ctrl Pts',(75.4286916079245,12.31,-14.4858654463127));
#9326=CARTESIAN_POINT('Ctrl Pts',(75.4130767670102,12.31,-13.9980422683995));
#9327=CARTESIAN_POINT('Ctrl Pts',(75.4013986857355,12.31,-13.6332073814736));
#9328=CARTESIAN_POINT('Ctrl Pts',(75.3868508945384,12.31,-13.2947053250883));
#9329=CARTESIAN_POINT('Ctrl Pts',(75.3688191038614,12.31,-12.9782127389391));
#9330=CARTESIAN_POINT('Ctrl Pts',(75.3551328123572,12.31,-12.7379920159656));
#9331=CARTESIAN_POINT('Ctrl Pts',(75.3394398996784,12.31,-12.5104513504787));
#9332=CARTESIAN_POINT('Ctrl Pts',(75.3214804067657,12.31,-12.293681349857));
#9333=CARTESIAN_POINT('Ctrl Pts',(75.303125778598,12.31,-12.0721414960981));
#9334=CARTESIAN_POINT('Ctrl Pts',(75.2824126858015,12.31,-11.8618408065909));
#9335=CARTESIAN_POINT('Ctrl Pts',(75.2590701620846,12.31,-11.6605997829173));
#9336=CARTESIAN_POINT('Ctrl Pts',(75.2370184372627,12.31,-11.4704870200161));
#9337=CARTESIAN_POINT('Ctrl Pts',(75.2126207769977,12.31,-11.2884599136388));
#9338=CARTESIAN_POINT('Ctrl Pts',(75.1856432074199,12.31,-11.1126332265467));
#9339=CARTESIAN_POINT('Ctrl Pts',(75.1754662090224,12.31,-11.0463044971329));
#9340=CARTESIAN_POINT('Ctrl Pts',(75.1649219491527,12.31,-10.9808576275974));
#9341=CARTESIAN_POINT('Ctrl Pts',(75.1539972987094,12.31,-10.9161895469772));
#9342=CARTESIAN_POINT('',(75.4460464881921,13.02,-15.61305540571));
#9343=CARTESIAN_POINT('',(75.4460464881923,12.655,-15.61305540571));
#9344=CARTESIAN_POINT('Ctrl Pts',(75.4460464881922,13.02,-15.61305540571));
#9345=CARTESIAN_POINT('Ctrl Pts',(75.4391750754112,13.02,-15.0207628501289));
#9346=CARTESIAN_POINT('Ctrl Pts',(75.4286916079245,13.02,-14.4858654463127));
#9347=CARTESIAN_POINT('Ctrl Pts',(75.4130767670102,13.02,-13.9980422683995));
#9348=CARTESIAN_POINT('Ctrl Pts',(75.4013986857355,13.02,-13.6332073814736));
#9349=CARTESIAN_POINT('Ctrl Pts',(75.3868508945384,13.02,-13.2947053250883));
#9350=CARTESIAN_POINT('Ctrl Pts',(75.3688191038614,13.02,-12.9782127389391));
#9351=CARTESIAN_POINT('Ctrl Pts',(75.3551328123572,13.02,-12.7379920159656));
#9352=CARTESIAN_POINT('Ctrl Pts',(75.3394398996784,13.02,-12.5104513504787));
#9353=CARTESIAN_POINT('Ctrl Pts',(75.3214804067657,13.02,-12.293681349857));
#9354=CARTESIAN_POINT('Ctrl Pts',(75.303125778598,13.02,-12.0721414960981));
#9355=CARTESIAN_POINT('Ctrl Pts',(75.2824126858015,13.02,-11.8618408065909));
#9356=CARTESIAN_POINT('Ctrl Pts',(75.2590701620846,13.02,-11.6605997829173));
#9357=CARTESIAN_POINT('Ctrl Pts',(75.2370184372627,13.02,-11.4704870200161));
#9358=CARTESIAN_POINT('Ctrl Pts',(75.2126207769977,13.02,-11.2884599136388));
#9359=CARTESIAN_POINT('Ctrl Pts',(75.1856432074199,13.02,-11.1126332265467));
#9360=CARTESIAN_POINT('Ctrl Pts',(75.1754662090224,13.02,-11.0463044971329));
#9361=CARTESIAN_POINT('Ctrl Pts',(75.1649219491527,13.02,-10.9808576275974));
#9362=CARTESIAN_POINT('Ctrl Pts',(75.1539972987094,13.02,-10.9161895469772));
#9363=CARTESIAN_POINT('Ctrl Pts',(74.4460456633536,14.5716793150925,-15.6188427323156));
#9364=CARTESIAN_POINT('Ctrl Pts',(74.4301990835943,14.5716793150925,-14.2584985579436));
#9365=CARTESIAN_POINT('Ctrl Pts',(74.3946529620343,14.5716793150925,-13.2154294685736));
#9366=CARTESIAN_POINT('Ctrl Pts',(74.3244094169122,14.5716793150925,-12.3703923922159));
#9367=CARTESIAN_POINT('Ctrl Pts',(74.4460456633536,13.8177862100617,-15.6188427323156));
#9368=CARTESIAN_POINT('Ctrl Pts',(74.4301990835943,13.8177862100617,-14.2584985579436));
#9369=CARTESIAN_POINT('Ctrl Pts',(74.3946529620343,13.8177862100617,-13.2154294685736));
#9370=CARTESIAN_POINT('Ctrl Pts',(74.3244094169122,13.8177862100617,-12.3703923922159));
#9371=CARTESIAN_POINT('Ctrl Pts',(74.4460456633536,13.0638931050308,-15.6188427323156));
#9372=CARTESIAN_POINT('Ctrl Pts',(74.4301990835943,13.0638931050308,-14.2584985579436));
#9373=CARTESIAN_POINT('Ctrl Pts',(74.3946529620343,13.0638931050308,-13.2154294685736));
#9374=CARTESIAN_POINT('Ctrl Pts',(74.3244094169122,13.0638931050308,-12.3703923922159));
#9375=CARTESIAN_POINT('Ctrl Pts',(74.4460456633536,12.31,-15.6188427323156));
#9376=CARTESIAN_POINT('Ctrl Pts',(74.4301990835943,12.31,-14.2584985579436));
#9377=CARTESIAN_POINT('Ctrl Pts',(74.3946529620343,12.31,-13.2154294685736));
#9378=CARTESIAN_POINT('Ctrl Pts',(74.3244094169122,12.31,-12.3703923922159));
#9379=CARTESIAN_POINT('',(74.4460456633502,12.31,-15.6188427323156));
#9380=CARTESIAN_POINT('',(74.4460456633536,13.7858396575463,-15.6188427323156));
#9381=CARTESIAN_POINT('Ctrl Pts',(74.4460456633536,12.31,-15.6188427323156));
#9382=CARTESIAN_POINT('Ctrl Pts',(74.4301990835943,12.31,-14.2584985579436));
#9383=CARTESIAN_POINT('Ctrl Pts',(74.3946529620343,12.31,-13.2154294685736));
#9384=CARTESIAN_POINT('Ctrl Pts',(74.3244094169122,12.31,-12.3703923922159));
#9385=CARTESIAN_POINT('Ctrl Pts',(71.751804134014,15.0399999999999,-15.6344351751389));
#9386=CARTESIAN_POINT('Ctrl Pts',(71.7361310859043,15.0399999999999,-14.304075794173));
#9387=CARTESIAN_POINT('Ctrl Pts',(71.7001792341683,15.0399999999999,-13.3164892768796));
#9388=CARTESIAN_POINT('Ctrl Pts',(71.6380615641527,15.0399999999999,-12.5770702978222));
#9389=CARTESIAN_POINT('Ctrl Pts',(71.751804134014,14.8838931050308,-15.6344351751389));
#9390=CARTESIAN_POINT('Ctrl Pts',(71.7361310859043,14.8838931050308,-14.304075794173));
#9391=CARTESIAN_POINT('Ctrl Pts',(71.7001792341683,14.8838931050308,-13.3164892768796));
#9392=CARTESIAN_POINT('Ctrl Pts',(71.6380615641527,14.8838931050308,-12.5770702978222));
#9393=CARTESIAN_POINT('Ctrl Pts',(71.751804134014,14.7277862100617,-15.6344351751389));
#9394=CARTESIAN_POINT('Ctrl Pts',(71.7361310859043,14.7277862100617,-14.304075794173));
#9395=CARTESIAN_POINT('Ctrl Pts',(71.7001792341683,14.7277862100617,-13.3164892768796));
#9396=CARTESIAN_POINT('Ctrl Pts',(71.6380615641527,14.7277862100617,-12.5770702978222));
#9397=CARTESIAN_POINT('Ctrl Pts',(71.751804134014,14.5716793150925,-15.6344351751389));
#9398=CARTESIAN_POINT('Ctrl Pts',(71.7361310859043,14.5716793150925,-14.304075794173));
#9399=CARTESIAN_POINT('Ctrl Pts',(71.7001792341683,14.5716793150925,-13.3164892768796));
#9400=CARTESIAN_POINT('Ctrl Pts',(71.6380615641527,14.5716793150925,-12.5770702978222));
#9401=CARTESIAN_POINT('',(71.751804134014,14.2858396575463,-15.6344351751389));
#9402=CARTESIAN_POINT('Ctrl Pts',(76.1660183881239,13.31,-15.6088886966151));
#9403=CARTESIAN_POINT('Ctrl Pts',(76.1500610277606,13.31,-14.2294025758903));
#9404=CARTESIAN_POINT('Ctrl Pts',(76.1147739196663,13.31,-13.1509140522815));
#9405=CARTESIAN_POINT('Ctrl Pts',(75.9958591388658,13.31,-11.7124455514212));
#9406=CARTESIAN_POINT('Ctrl Pts',(75.9389925320442,13.31,-11.2415600918311));
#9407=CARTESIAN_POINT('Ctrl Pts',(75.8646216609293,13.31,-10.8004747511407));
#9408=CARTESIAN_POINT('Ctrl Pts',(76.1660183881239,13.3647064076034,-15.6088886966151));
#9409=CARTESIAN_POINT('Ctrl Pts',(76.1500610277606,13.3647064076034,-14.2294025758903));
#9410=CARTESIAN_POINT('Ctrl Pts',(76.1147739196663,13.3647064076034,-13.1509140522815));
#9411=CARTESIAN_POINT('Ctrl Pts',(75.9958591388658,13.3647064076034,-11.7124455514212));
#9412=CARTESIAN_POINT('Ctrl Pts',(75.9389925320442,13.3647064076034,-11.2415600918311));
#9413=CARTESIAN_POINT('Ctrl Pts',(75.8646216609293,13.3647064076034,-10.8004747511407));
#9414=CARTESIAN_POINT('Ctrl Pts',(76.1615863941736,13.6015212881191,-15.6089143459905));
#9415=CARTESIAN_POINT('Ctrl Pts',(76.145581800915,13.6015212881191,-14.2294993861988));
#9416=CARTESIAN_POINT('Ctrl Pts',(76.1102875092939,13.6015212881191,-13.1511506295898));
#9417=CARTESIAN_POINT('Ctrl Pts',(75.9914530065323,13.6015212881191,-11.7129308171367));
#9418=CARTESIAN_POINT('Ctrl Pts',(75.9346040113681,13.6015212881191,-11.2421757871642));
#9419=CARTESIAN_POINT('Ctrl Pts',(75.8602472084338,13.6015212881191,-10.801187066823));
#9420=CARTESIAN_POINT('Ctrl Pts',(76.1560900803495,13.9833406194545,-15.6089461549275));
#9421=CARTESIAN_POINT('Ctrl Pts',(76.14008797013,13.9833406194545,-14.2295913864315));
#9422=CARTESIAN_POINT('Ctrl Pts',(76.1047931427603,13.9833406194545,-13.1513536425663));
#9423=CARTESIAN_POINT('Ctrl Pts',(75.9859820929118,13.9833406194545,-11.7134742733119));
#9424=CARTESIAN_POINT('Ctrl Pts',(75.929149375936,13.9833406194545,-11.2428773416419));
#9425=CARTESIAN_POINT('Ctrl Pts',(75.8548222543403,13.9833406194545,-10.8020704413437));
#9426=CARTESIAN_POINT('Ctrl Pts',(76.1509786261293,14.2127441765941,-15.6089757365581));
#9427=CARTESIAN_POINT('Ctrl Pts',(76.1349669690323,14.2127441765941,-14.2296823929424));
#9428=CARTESIAN_POINT('Ctrl Pts',(76.0996700176291,14.2127441765941,-13.1515599892439));
#9429=CARTESIAN_POINT('Ctrl Pts',(75.9808955558603,14.2127441765941,-11.7139910047639));
#9430=CARTESIAN_POINT('Ctrl Pts',(75.9240790574095,14.2127441765941,-11.2435418105095));
#9431=CARTESIAN_POINT('Ctrl Pts',(75.8497771631421,14.2127441765941,-10.8028919607413));
#9432=CARTESIAN_POINT('Ctrl Pts',(76.1437997800967,14.3588494358454,-15.6090172828505));
#9433=CARTESIAN_POINT('Ctrl Pts',(76.1277891517466,14.3588494358454,-14.22980357389));
#9434=CARTESIAN_POINT('Ctrl Pts',(76.0924911969346,14.3588494358454,-13.1518284262618));
#9435=CARTESIAN_POINT('Ctrl Pts',(75.9737501275143,14.3588494358454,-11.7147029397361));
#9436=CARTESIAN_POINT('Ctrl Pts',(75.9169550920782,14.3588494358454,-11.2444603733478));
#9437=CARTESIAN_POINT('Ctrl Pts',(75.8426915214888,14.3588494358454,-10.80404575397));
#9438=CARTESIAN_POINT('Ctrl Pts',(76.1240013709515,14.5526526018432,-15.609131862616));
#9439=CARTESIAN_POINT('Ctrl Pts',(76.1079836439989,14.5526526018432,-14.2301423424514));
#9440=CARTESIAN_POINT('Ctrl Pts',(76.0726815594305,14.5526526018432,-13.1525834504479));
#9441=CARTESIAN_POINT('Ctrl Pts',(75.9540449660918,14.5526526018432,-11.7166758662166));
#9442=CARTESIAN_POINT('Ctrl Pts',(75.8973100283224,14.5526526018432,-11.247003749551));
#9443=CARTESIAN_POINT('Ctrl Pts',(75.823150159009,14.5526526018432,-10.8072277793689));
#9444=CARTESIAN_POINT('Ctrl Pts',(76.0605689856623,14.8251857211633,-15.6094989662442));
#9445=CARTESIAN_POINT('Ctrl Pts',(76.0445495085749,14.8251857211633,-14.2312180804471));
#9446=CARTESIAN_POINT('Ctrl Pts',(76.0092370713809,14.8251857211633,-13.1549714090038));
#9447=CARTESIAN_POINT('Ctrl Pts',(75.8909090444707,14.8251857211633,-11.7229768918431));
#9448=CARTESIAN_POINT('Ctrl Pts',(75.8343647418065,14.8251857211633,-11.2551311905244));
#9449=CARTESIAN_POINT('Ctrl Pts',(75.760541328936,14.8251857211633,-10.8174227126904));
#9450=CARTESIAN_POINT('Ctrl Pts',(75.8966015518966,15.0760620391929,-15.6104478985534));
#9451=CARTESIAN_POINT('Ctrl Pts',(75.8805832632482,15.0760620391929,-14.2339961485452));
#9452=CARTESIAN_POINT('Ctrl Pts',(75.8452448487093,15.0760620391929,-13.1611356277148));
#9453=CARTESIAN_POINT('Ctrl Pts',(75.7277073204005,15.0760620391929,-11.7392590600064));
#9454=CARTESIAN_POINT('Ctrl Pts',(75.6716552731747,15.0760620391929,-11.2761341484812));
#9455=CARTESIAN_POINT('Ctrl Pts',(75.598702716824,15.0760620391929,-10.8437757663635));
#9456=CARTESIAN_POINT('Ctrl Pts',(75.6722941130422,15.2660097226511,-15.6117460378913));
#9457=CARTESIAN_POINT('Ctrl Pts',(75.6562949552708,15.2660097226511,-14.237788501332));
#9458=CARTESIAN_POINT('Ctrl Pts',(75.6209234041673,15.2660097226511,-13.1695423680266));
#9459=CARTESIAN_POINT('Ctrl Pts',(75.5044454595608,15.2660097226511,-11.7615163383244));
#9460=CARTESIAN_POINT('Ctrl Pts',(75.4490652229228,15.2660097226511,-11.3048484195588));
#9461=CARTESIAN_POINT('Ctrl Pts',(75.377307505855,15.2660097226511,-10.8798267420948));
#9462=CARTESIAN_POINT('Ctrl Pts',(75.5048156001155,15.3838528352368,-15.6127152899455));
#9463=CARTESIAN_POINT('Ctrl Pts',(75.4888437494259,15.3838528352368,-14.240614066235));
#9464=CARTESIAN_POINT('Ctrl Pts',(75.45344924283,15.3838528352368,-13.1757999604982));
#9465=CARTESIAN_POINT('Ctrl Pts',(75.3377462014488,15.3838528352368,-11.7781222280811));
#9466=CARTESIAN_POINT('Ctrl Pts',(75.2828663838,15.3838528352368,-11.3262746254392));
#9467=CARTESIAN_POINT('Ctrl Pts',(75.2120033996179,15.3838528352368,-10.9067441008586));
#9468=CARTESIAN_POINT('Ctrl Pts',(75.2410134758237,15.4900337829025,-15.6142419977388));
#9469=CARTESIAN_POINT('Ctrl Pts',(75.2250765297864,15.4900337829025,-14.2450684526902));
#9470=CARTESIAN_POINT('Ctrl Pts',(75.1896447532618,15.4900337829025,-13.1856685463823));
#9471=CARTESIAN_POINT('Ctrl Pts',(75.075172398627,15.4900337829025,-11.8042865784921));
#9472=CARTESIAN_POINT('Ctrl Pts',(75.0210815496752,15.4900337829025,-11.360032134261));
#9473=CARTESIAN_POINT('Ctrl Pts',(74.9516262705315,15.4900337829025,-10.9491427124663));
#9474=CARTESIAN_POINT('Ctrl Pts',(74.9878816226004,15.5498151391464,-15.6157069532393));
#9475=CARTESIAN_POINT('Ctrl Pts',(74.9719856842739,15.5498151391464,-14.2493392147286));
#9476=CARTESIAN_POINT('Ctrl Pts',(74.9365191758173,15.5498151391464,-13.1951268443089));
#9477=CARTESIAN_POINT('Ctrl Pts',(74.8232183625551,15.5498151391464,-11.8293854522718));
#9478=CARTESIAN_POINT('Ctrl Pts',(74.7698838854348,15.5498151391464,-11.3924165886665));
#9479=CARTESIAN_POINT('Ctrl Pts',(74.7017808782718,15.5498151391464,-10.9898263845906));
#9480=CARTESIAN_POINT('Ctrl Pts',(74.8505992144109,15.5652252241455,-15.6165014507174));
#9481=CARTESIAN_POINT('Ctrl Pts',(74.8347165949844,15.5652252241455,-14.2516595004231));
#9482=CARTESIAN_POINT('Ctrl Pts',(74.7992300268395,15.5652252241455,-13.2002696203609));
#9483=CARTESIAN_POINT('Ctrl Pts',(74.6865757013145,15.5652252241455,-11.843005988661));
#9484=CARTESIAN_POINT('Ctrl Pts',(74.6336522443044,15.5652252241455,-11.4099888883541));
#9485=CARTESIAN_POINT('Ctrl Pts',(74.5662808347661,15.5652252241455,-11.0118905871478));
#9486=CARTESIAN_POINT('Ctrl Pts',(74.7518117000718,15.5716793150925,-15.6170731658558));
#9487=CARTESIAN_POINT('Ctrl Pts',(74.7359454264268,15.5716793150925,-14.2533260555029));
#9488=CARTESIAN_POINT('Ctrl Pts',(74.7004453506672,15.5716793150925,-13.2039603197536));
#9489=CARTESIAN_POINT('Ctrl Pts',(74.588247805809,15.5716793150925,-11.852800775781));
#9490=CARTESIAN_POINT('Ctrl Pts',(74.535619500134,15.5716793150925,-11.4226269336835));
#9491=CARTESIAN_POINT('Ctrl Pts',(74.4687758982828,15.5716793150925,-11.027767841599));
#9492=CARTESIAN_POINT('',(74.7518117000681,15.5716793150925,-15.6170731658558));
#9493=CARTESIAN_POINT('Ctrl Pts',(76.1660183881239,13.31,-15.6088886966151));
#9494=CARTESIAN_POINT('Ctrl Pts',(76.1660183881239,13.4668876004608,-15.6088886966151));
#9495=CARTESIAN_POINT('Ctrl Pts',(76.1717085455346,14.1455167555572,-15.6088557658429));
#9496=CARTESIAN_POINT('Ctrl Pts',(76.1197918405924,14.5768922051606,-15.6091562245229));
#9497=CARTESIAN_POINT('Ctrl Pts',(76.0913929225349,14.7111665401671,-15.6093205782013));
#9498=CARTESIAN_POINT('Ctrl Pts',(75.9800643800271,14.9468987366031,-15.6099648723059));
#9499=CARTESIAN_POINT('Ctrl Pts',(75.9041987800743,15.0632892385692,-15.6104039309489));
#9500=CARTESIAN_POINT('Ctrl Pts',(75.6575427308987,15.2860896468356,-15.6118314088873));
#9501=CARTESIAN_POINT('Ctrl Pts',(75.4973125092122,15.3898104063493,-15.6127587127473));
#9502=CARTESIAN_POINT('Ctrl Pts',(75.1077434662635,15.5351306955022,-15.6150132741746));
#9503=CARTESIAN_POINT('Ctrl Pts',(74.9231489310373,15.5604853289024,-15.6160815821584));
#9504=CARTESIAN_POINT('Ctrl Pts',(74.7518117000718,15.5716793150925,-15.6170731658558));
#9505=CARTESIAN_POINT('Ctrl Pts',(74.7518117000718,15.5716793150925,-15.6170731658558));
#9506=CARTESIAN_POINT('Ctrl Pts',(74.7467339051093,15.5716793150925,-15.1806236023361));
#9507=CARTESIAN_POINT('Ctrl Pts',(74.739688251413,15.5716793150925,-14.7763503079122));
#9508=CARTESIAN_POINT('Ctrl Pts',(74.7300888167459,15.5716793150925,-14.4002752347607));
#9509=CARTESIAN_POINT('Ctrl Pts',(74.721380011236,15.5716793150925,-14.0590921565052));
#9510=CARTESIAN_POINT('Ctrl Pts',(74.7105687719315,15.5716793150925,-13.7411212090993));
#9511=CARTESIAN_POINT('Ctrl Pts',(74.6972544824143,15.5716793150925,-13.4433986859847));
#9512=CARTESIAN_POINT('Ctrl Pts',(74.6869302973954,15.5716793150925,-13.2125382702671));
#9513=CARTESIAN_POINT('Ctrl Pts',(74.6751017924358,15.5716793150925,-12.9938541586426));
#9514=CARTESIAN_POINT('Ctrl Pts',(74.661601857969,15.5716793150925,-12.7859410087709));
#9515=CARTESIAN_POINT('Ctrl Pts',(74.6517392230912,15.5716793150925,-12.6340460874641));
#9516=CARTESIAN_POINT('Ctrl Pts',(74.6409849279962,15.5716793150925,-12.4878997312354));
#9517=CARTESIAN_POINT('Ctrl Pts',(74.6292796103376,15.5716793150925,-12.3469367801684));
#9518=CARTESIAN_POINT('Ctrl Pts',(74.6160654324338,15.5716793150925,-12.187801661797));
#9519=CARTESIAN_POINT('Ctrl Pts',(74.6016434752281,15.5716793150925,-12.0352587312429));
#9520=CARTESIAN_POINT('Ctrl Pts',(74.5859324432699,15.5716793150925,-11.8884109175684));
#9521=CARTESIAN_POINT('Ctrl Pts',(74.5708464378189,15.5716793150925,-11.7474050992725));
#9522=CARTESIAN_POINT('Ctrl Pts',(74.5545724075119,15.5716793150925,-11.6116506648595));
#9523=CARTESIAN_POINT('Ctrl Pts',(74.5370356442957,15.5716793150925,-11.4803058404289));
#9524=CARTESIAN_POINT('Ctrl Pts',(74.5198529476054,15.5716793150925,-11.3516128625847));
#9525=CARTESIAN_POINT('Ctrl Pts',(74.5014585859669,15.5716793150925,-11.2271532403739));
#9526=CARTESIAN_POINT('Ctrl Pts',(74.481771332872,15.5716793150925,-11.1060853713596));
#9527=CARTESIAN_POINT('Ctrl Pts',(74.4775007332679,15.5716793150925,-11.0798230791546));
#9528=CARTESIAN_POINT('Ctrl Pts',(74.4731692355168,15.5716793150925,-11.0537202005888));
#9529=CARTESIAN_POINT('Ctrl Pts',(74.4687758982828,15.5716793150925,-11.027767841599));
#9530=CARTESIAN_POINT('Origin',(76.1655688934655,13.02,-52.3294515120593));
#9531=CARTESIAN_POINT('',(76.1655688934655,13.31,-52.3294515120593));
#9532=CARTESIAN_POINT('',(76.1655688934655,13.02,-52.3294515120593));
#9533=CARTESIAN_POINT('Origin',(75.445597097037,12.31,-52.3251627377634));
#9534=CARTESIAN_POINT('',(75.4455970970369,13.02,-52.3251627377688));
#9535=CARTESIAN_POINT('',(75.4455970970369,12.31,-52.3251627377688));
#9536=CARTESIAN_POINT('Origin',(74.4455964159584,14.5716793150925,-52.3192058693996));
#9537=CARTESIAN_POINT('',(74.4455964159551,12.31,-52.3192058695875));
#9538=CARTESIAN_POINT('Origin',(71.7513552739431,15.5716793150925,-52.3031566405074));
#9539=CARTESIAN_POINT('Ctrl Pts',(76.1655688934655,13.31,-52.3294515120592));
#9540=CARTESIAN_POINT('Ctrl Pts',(76.1669383816311,13.31,59.5481320577239));
#9541=CARTESIAN_POINT('Ctrl Pts',(76.1655688934655,13.3849869245907,-52.3294515120592));
#9542=CARTESIAN_POINT('Ctrl Pts',(76.1669383816311,13.3849869245907,59.5481320577239));
#9543=CARTESIAN_POINT('Ctrl Pts',(76.16487745632,13.4537842687019,-52.329447393262));
#9544=CARTESIAN_POINT('Ctrl Pts',(76.1662469444857,13.4537842687019,59.5481361765212));
#9545=CARTESIAN_POINT('Ctrl Pts',(76.1622085465685,13.6288291094779,-52.3294314949288));
#9546=CARTESIAN_POINT('Ctrl Pts',(76.1635780347341,13.6288291094779,59.5481520748544));
#9547=CARTESIAN_POINT('Ctrl Pts',(76.158535489847,14.0689857676893,-52.3294096150283));
#9548=CARTESIAN_POINT('Ctrl Pts',(76.1599049780127,14.0689857676893,59.5481739547549));
#9549=CARTESIAN_POINT('Ctrl Pts',(76.1416668359927,14.4261900456031,-52.3293091307462));
#9550=CARTESIAN_POINT('Ctrl Pts',(76.1430363241584,14.4261900456031,59.5482744390369));
#9551=CARTESIAN_POINT('Ctrl Pts',(76.1244311077428,14.5763966848784,-52.3292064598518));
#9552=CARTESIAN_POINT('Ctrl Pts',(76.1258005959084,14.5763966848784,59.5483771099313));
#9553=CARTESIAN_POINT('Ctrl Pts',(76.0333756291126,14.854275735338,-52.3286640547213));
#9554=CARTESIAN_POINT('Ctrl Pts',(76.0347451172783,14.854275735338,59.5489195150619));
#9555=CARTESIAN_POINT('Ctrl Pts',(75.9673896294107,14.9715346415919,-52.3282709850749));
#9556=CARTESIAN_POINT('Ctrl Pts',(75.9687591175764,14.9715346415919,59.5493125847083));
#9557=CARTESIAN_POINT('Ctrl Pts',(75.7568352335103,15.2141102712986,-52.3270167411094));
#9558=CARTESIAN_POINT('Ctrl Pts',(75.7582047216759,15.2141102712986,59.5505668286738));
#9559=CARTESIAN_POINT('Ctrl Pts',(75.6044791477665,15.3215910891529,-52.3261091765803));
#9560=CARTESIAN_POINT('Ctrl Pts',(75.6058486359322,15.3215910891529,59.5514743932029));
#9561=CARTESIAN_POINT('Ctrl Pts',(75.1964825482308,15.5244373796634,-52.3236787961993));
#9562=CARTESIAN_POINT('Ctrl Pts',(75.1978520363965,15.5244373796634,59.5539047735838));
#9563=CARTESIAN_POINT('Ctrl Pts',(74.9516087948841,15.5585966033494,-52.3222201164784));
#9564=CARTESIAN_POINT('Ctrl Pts',(74.9529782830498,15.5585966033494,59.5553634533048));
#9565=CARTESIAN_POINT('Ctrl Pts',(74.7513624087197,15.5716793150925,-52.3210272759281));
#9566=CARTESIAN_POINT('Ctrl Pts',(74.7527318968854,15.5716793150925,59.5565562938551));
#9567=CARTESIAN_POINT('',(74.7513624087161,15.5716793150925,-52.3210272761301));
#9568=CARTESIAN_POINT('Ctrl Pts',(70.8506638486861,13.02,-64.7341829069067));
#9569=CARTESIAN_POINT('Ctrl Pts',(72.2555916022568,13.02,-63.8999194975128));
#9570=CARTESIAN_POINT('Ctrl Pts',(73.4012917492813,13.02,-62.7355607980672));
#9571=CARTESIAN_POINT('Ctrl Pts',(74.3101145913353,13.02,-61.251225584332));
#9572=CARTESIAN_POINT('Ctrl Pts',(70.8506638486861,13.1166666666667,-64.7341829069067));
#9573=CARTESIAN_POINT('Ctrl Pts',(72.2555916022568,13.1166666666667,-63.8999194975128));
#9574=CARTESIAN_POINT('Ctrl Pts',(73.4012917492813,13.1166666666667,-62.7355607980672));
#9575=CARTESIAN_POINT('Ctrl Pts',(74.3101145913353,13.1166666666667,-61.251225584332));
#9576=CARTESIAN_POINT('Ctrl Pts',(70.8506638486861,13.2133333333333,-64.7341829069067));
#9577=CARTESIAN_POINT('Ctrl Pts',(72.2555916022568,13.2133333333333,-63.8999194975128));
#9578=CARTESIAN_POINT('Ctrl Pts',(73.4012917492813,13.2133333333333,-62.7355607980672));
#9579=CARTESIAN_POINT('Ctrl Pts',(74.3101145913353,13.2133333333333,-61.251225584332));
#9580=CARTESIAN_POINT('Ctrl Pts',(70.8506638486861,13.31,-64.7341829069067));
#9581=CARTESIAN_POINT('Ctrl Pts',(72.2555916022568,13.31,-63.8999194975128));
#9582=CARTESIAN_POINT('Ctrl Pts',(73.4012917492813,13.31,-62.7355607980672));
#9583=CARTESIAN_POINT('Ctrl Pts',(74.3101145913353,13.31,-61.251225584332));
#9584=CARTESIAN_POINT('Ctrl Pts',(70.8506638486861,13.02,-64.7341829069067));
#9585=CARTESIAN_POINT('Ctrl Pts',(72.2555916022568,13.02,-63.8999194975128));
#9586=CARTESIAN_POINT('Ctrl Pts',(73.4012917492813,13.02,-62.7355607980672));
#9587=CARTESIAN_POINT('Ctrl Pts',(74.3101145913353,13.02,-61.251225584332));
#9588=CARTESIAN_POINT('Ctrl Pts',(70.8506638486861,13.31,-64.7341829069067));
#9589=CARTESIAN_POINT('Ctrl Pts',(72.2555916022568,13.31,-63.8999194975128));
#9590=CARTESIAN_POINT('Ctrl Pts',(73.4012917492813,13.31,-62.7355607980672));
#9591=CARTESIAN_POINT('Ctrl Pts',(74.3101145913353,13.31,-61.251225584332));
#9592=CARTESIAN_POINT('Ctrl Pts',(70.4904296696579,12.31,-64.110747947668));
#9593=CARTESIAN_POINT('Ctrl Pts',(71.7902876090391,12.31,-63.3371961453059));
#9594=CARTESIAN_POINT('Ctrl Pts',(72.8454870408098,12.31,-62.2668452282154));
#9595=CARTESIAN_POINT('Ctrl Pts',(73.7006114864088,12.31,-60.8678905125918));
#9596=CARTESIAN_POINT('Ctrl Pts',(70.4904296696579,12.5466666666667,-64.110747947668));
#9597=CARTESIAN_POINT('Ctrl Pts',(71.7902876090391,12.5466666666667,-63.3371961453059));
#9598=CARTESIAN_POINT('Ctrl Pts',(72.8454870408098,12.5466666666667,-62.2668452282154));
#9599=CARTESIAN_POINT('Ctrl Pts',(73.7006114864088,12.5466666666667,-60.8678905125918));
#9600=CARTESIAN_POINT('Ctrl Pts',(70.4904296696579,12.7833333333333,-64.110747947668));
#9601=CARTESIAN_POINT('Ctrl Pts',(71.7902876090391,12.7833333333333,-63.3371961453059));
#9602=CARTESIAN_POINT('Ctrl Pts',(72.8454870408098,12.7833333333333,-62.2668452282154));
#9603=CARTESIAN_POINT('Ctrl Pts',(73.7006114864088,12.7833333333333,-60.8678905125918));
#9604=CARTESIAN_POINT('Ctrl Pts',(70.4904296696579,13.02,-64.110747947668));
#9605=CARTESIAN_POINT('Ctrl Pts',(71.7902876090391,13.02,-63.3371961453059));
#9606=CARTESIAN_POINT('Ctrl Pts',(72.8454870408098,13.02,-62.2668452282154));
#9607=CARTESIAN_POINT('Ctrl Pts',(73.7006114864088,13.02,-60.8678905125918));
#9608=CARTESIAN_POINT('Ctrl Pts',(70.4904296696579,12.31,-64.110747947668));
#9609=CARTESIAN_POINT('Ctrl Pts',(71.7902876090391,12.31,-63.3371961453059));
#9610=CARTESIAN_POINT('Ctrl Pts',(72.8454870408098,12.31,-62.2668452282154));
#9611=CARTESIAN_POINT('Ctrl Pts',(73.7006114864088,12.31,-60.8678905125918));
#9612=CARTESIAN_POINT('Ctrl Pts',(70.4904296696579,13.02,-64.110747947668));
#9613=CARTESIAN_POINT('Ctrl Pts',(71.7902876090391,13.02,-63.3371961453059));
#9614=CARTESIAN_POINT('Ctrl Pts',(72.8454870408098,13.02,-62.2668452282154));
#9615=CARTESIAN_POINT('Ctrl Pts',(73.7006114864088,13.02,-60.8678905125918));
#9616=CARTESIAN_POINT('Ctrl Pts',(69.990084104927,14.5716793150925,-63.2448309000552));
#9617=CARTESIAN_POINT('Ctrl Pts',(71.1440058212139,14.5716793150925,-62.5556041980709));
#9618=CARTESIAN_POINT('Ctrl Pts',(72.0735047111748,14.5716793150925,-61.6158249471072));
#9619=CARTESIAN_POINT('Ctrl Pts',(72.8540450221649,14.5716793150925,-60.3354590718316));
#9620=CARTESIAN_POINT('Ctrl Pts',(69.990084104927,13.8177862100617,-63.2448309000552));
#9621=CARTESIAN_POINT('Ctrl Pts',(71.1440058212139,13.8177862100617,-62.5556041980709));
#9622=CARTESIAN_POINT('Ctrl Pts',(72.0735047111748,13.8177862100617,-61.6158249471072));
#9623=CARTESIAN_POINT('Ctrl Pts',(72.8540450221649,13.8177862100617,-60.3354590718316));
#9624=CARTESIAN_POINT('Ctrl Pts',(69.990084104927,13.0638931050308,-63.2448309000552));
#9625=CARTESIAN_POINT('Ctrl Pts',(71.1440058212139,13.0638931050308,-62.5556041980709));
#9626=CARTESIAN_POINT('Ctrl Pts',(72.0735047111748,13.0638931050308,-61.6158249471072));
#9627=CARTESIAN_POINT('Ctrl Pts',(72.8540450221649,13.0638931050308,-60.3354590718316));
#9628=CARTESIAN_POINT('Ctrl Pts',(69.990084104927,12.31,-63.2448309000552));
#9629=CARTESIAN_POINT('Ctrl Pts',(71.1440058212139,12.31,-62.5556041980709));
#9630=CARTESIAN_POINT('Ctrl Pts',(72.0735047111748,12.31,-61.6158249471072));
#9631=CARTESIAN_POINT('Ctrl Pts',(72.8540450221649,12.31,-60.3354590718316));
#9632=CARTESIAN_POINT('Ctrl Pts',(69.990084104927,12.31,-63.2448309000552));
#9633=CARTESIAN_POINT('Ctrl Pts',(71.1440058212139,12.31,-62.5556041980709));
#9634=CARTESIAN_POINT('Ctrl Pts',(72.0735047111748,12.31,-61.6158249471072));
#9635=CARTESIAN_POINT('Ctrl Pts',(72.8540450221649,12.31,-60.3354590718316));
#9636=CARTESIAN_POINT('Ctrl Pts',(70.850663848686,13.31,-64.7341829069067));
#9637=CARTESIAN_POINT('Ctrl Pts',(72.2555916022568,13.31,-63.8999194975128));
#9638=CARTESIAN_POINT('Ctrl Pts',(73.4012917492813,13.31,-62.7355607980672));
#9639=CARTESIAN_POINT('Ctrl Pts',(74.3101145913352,13.31,-61.251225584332));
#9640=CARTESIAN_POINT('Ctrl Pts',(70.850663848686,13.3681360701853,-64.7341829069067));
#9641=CARTESIAN_POINT('Ctrl Pts',(72.2555925007033,13.3681360701853,-63.899918978371));
#9642=CARTESIAN_POINT('Ctrl Pts',(73.4012912901091,13.3681360701853,-62.7355615281514));
#9643=CARTESIAN_POINT('Ctrl Pts',(74.3101145913352,13.3681360701853,-61.251225584332));
#9644=CARTESIAN_POINT('Ctrl Pts',(70.8506895320194,13.4513191221235,-64.7342273554626));
#9645=CARTESIAN_POINT('Ctrl Pts',(72.2555258563221,13.4513191221235,-63.9000167758737));
#9646=CARTESIAN_POINT('Ctrl Pts',(73.401381931623,13.4513191221235,-62.7355138323168));
#9647=CARTESIAN_POINT('Ctrl Pts',(74.310158046602,13.4513191221235,-61.2512529146723));
#9648=CARTESIAN_POINT('Ctrl Pts',(70.8500626163304,13.5434991444311,-64.7331423913486));
#9649=CARTESIAN_POINT('Ctrl Pts',(72.2546972076891,13.5434991444311,-63.89904837741));
#9650=CARTESIAN_POINT('Ctrl Pts',(73.40042431348,13.5434991444311,-62.7346827844718));
#9651=CARTESIAN_POINT('Ctrl Pts',(74.3090973280996,13.5434991444311,-61.2505857964904));
#9652=CARTESIAN_POINT('Ctrl Pts',(70.8496043450872,13.5977247359729,-64.7323492897207));
#9653=CARTESIAN_POINT('Ctrl Pts',(72.2541068279377,13.5977247359729,-63.8983316109304));
#9654=CARTESIAN_POINT('Ctrl Pts',(73.399716452391,13.5977247359729,-62.7340877731324));
#9655=CARTESIAN_POINT('Ctrl Pts',(74.3083219498544,13.5977247359729,-61.2500981374894));
#9656=CARTESIAN_POINT('Ctrl Pts',(70.8494255188358,13.6215040855935,-64.7320398062147));
#9657=CARTESIAN_POINT('Ctrl Pts',(72.2538626826068,13.6215040855935,-63.8980598701987));
#9658=CARTESIAN_POINT('Ctrl Pts',(73.3994472677395,13.6215040855935,-62.7338444004519));
#9659=CARTESIAN_POINT('Ctrl Pts',(74.3080193823531,13.6215040855935,-61.2499078435698));
#9660=CARTESIAN_POINT('Ctrl Pts',(70.8479114976835,13.7897705410808,-64.7294195836755));
#9661=CARTESIAN_POINT('Ctrl Pts',(72.2519055489522,13.7897705410808,-63.8956956876298));
#9662=CARTESIAN_POINT('Ctrl Pts',(73.3971120621692,13.7897705410808,-62.7318732125572));
#9663=CARTESIAN_POINT('Ctrl Pts',(74.3054577137305,13.7897705410808,-61.2482967321295));
#9664=CARTESIAN_POINT('Ctrl Pts',(70.8461669617222,14.0554044116688,-64.7264004234482));
#9665=CARTESIAN_POINT('Ctrl Pts',(72.249627317094,14.0554044116688,-63.8929849084139));
#9666=CARTESIAN_POINT('Ctrl Pts',(73.3944331287129,14.0554044116688,-62.729583118803));
#9667=CARTESIAN_POINT('Ctrl Pts',(74.3025060224505,14.0554044116688,-61.2464403235575));
#9668=CARTESIAN_POINT('Ctrl Pts',(70.8455000911984,14.1162967734009,-64.7252463119785));
#9669=CARTESIAN_POINT('Ctrl Pts',(72.2487730433613,14.1162967734009,-63.8919390825641));
#9670=CARTESIAN_POINT('Ctrl Pts',(73.3934005848973,14.1162967734009,-62.7287211983695));
#9671=CARTESIAN_POINT('Ctrl Pts',(74.3013777018233,14.1162967734009,-61.2457306883398));
#9672=CARTESIAN_POINT('Ctrl Pts',(70.8447773719674,14.1712443910103,-64.7239955466138));
#9673=CARTESIAN_POINT('Ctrl Pts',(72.2478329078607,14.1712443910103,-63.890813945014));
#9674=CARTESIAN_POINT('Ctrl Pts',(73.3922888859839,14.1712443910103,-62.7277754589624));
#9675=CARTESIAN_POINT('Ctrl Pts',(74.3001548872185,14.1712443910103,-61.2449616229807));
#9676=CARTESIAN_POINT('Ctrl Pts',(70.844359850514,14.1984471223918,-64.7232729681207));
#9677=CARTESIAN_POINT('Ctrl Pts',(72.2472962588457,14.1984471223918,-63.8901602009978));
#9678=CARTESIAN_POINT('Ctrl Pts',(73.3916433378367,14.1984471223918,-62.7272343590042));
#9679=CARTESIAN_POINT('Ctrl Pts',(74.2994484561328,14.1984471223918,-61.2445173269488));
#9680=CARTESIAN_POINT('Ctrl Pts',(70.8437670331535,14.2317819687284,-64.7222470158694));
#9681=CARTESIAN_POINT('Ctrl Pts',(72.2465283489043,14.2317819687284,-63.8892354210199));
#9682=CARTESIAN_POINT('Ctrl Pts',(73.3907297976395,14.2317819687284,-62.7264612442793));
#9683=CARTESIAN_POINT('Ctrl Pts',(74.2984454307596,14.2317819687284,-61.2438864937335));
#9684=CARTESIAN_POINT('Ctrl Pts',(70.8429226259498,14.2691947521496,-64.7207856526749));
#9685=CARTESIAN_POINT('Ctrl Pts',(72.245437137489,14.2691947521496,-63.8879166666273));
#9686=CARTESIAN_POINT('Ctrl Pts',(73.3894272265082,14.2691947521496,-62.7253621325061));
#9687=CARTESIAN_POINT('Ctrl Pts',(74.2970167245389,14.2691947521496,-61.2429879368646));
#9688=CARTESIAN_POINT('Ctrl Pts',(70.8412163622556,14.3328787312817,-64.717832727887));
#9689=CARTESIAN_POINT('Ctrl Pts',(72.2432331594664,14.3328787312817,-63.8852513319236));
#9690=CARTESIAN_POINT('Ctrl Pts',(73.3867946591072,14.3328787312817,-62.7231420042064));
#9691=CARTESIAN_POINT('Ctrl Pts',(74.29412978854,14.3328787312817,-61.2411722548617));
#9692=CARTESIAN_POINT('Ctrl Pts',(70.8329495504191,14.5469452105533,-64.7035258691809));
#9693=CARTESIAN_POINT('Ctrl Pts',(72.2325360587042,14.5469452105533,-63.8723487466273));
#9694=CARTESIAN_POINT('Ctrl Pts',(73.3740495709394,14.5469452105533,-62.712370192434));
#9695=CARTESIAN_POINT('Ctrl Pts',(74.2801426441332,14.5469452105533,-61.2323753136137));
#9696=CARTESIAN_POINT('Ctrl Pts',(70.8027987020735,14.8023394896812,-64.6513456652914));
#9697=CARTESIAN_POINT('Ctrl Pts',(72.1935276665305,14.8023394896812,-63.8252866227906));
#9698=CARTESIAN_POINT('Ctrl Pts',(73.327562289978,14.8023394896812,-62.6730881428378));
#9699=CARTESIAN_POINT('Ctrl Pts',(74.2291285073497,14.8023394896812,-61.2002909687999));
#9700=CARTESIAN_POINT('Ctrl Pts',(70.7186034450261,15.0599941254431,-64.5056341539981));
#9701=CARTESIAN_POINT('Ctrl Pts',(72.0847325871113,15.0599941254431,-63.6937894199588));
#9702=CARTESIAN_POINT('Ctrl Pts',(73.1976792999393,15.0599941254431,-62.5635036649349));
#9703=CARTESIAN_POINT('Ctrl Pts',(74.0866732002794,15.0599941254431,-61.1106964861565));
#9704=CARTESIAN_POINT('Ctrl Pts',(70.667813603514,15.1595113973728,-64.4177353242467));
#9705=CARTESIAN_POINT('Ctrl Pts',(72.0190939751986,15.1595113973728,-63.6144705303209));
#9706=CARTESIAN_POINT('Ctrl Pts',(73.1193335516351,15.1595113973728,-62.4973905820934));
#9707=CARTESIAN_POINT('Ctrl Pts',(74.0007386390892,15.1595113973728,-61.0566496225516));
#9708=CARTESIAN_POINT('Ctrl Pts',(70.6190161698236,15.2423904022039,-64.3332846311838));
#9709=CARTESIAN_POINT('Ctrl Pts',(71.9560465610056,15.2423904022039,-63.5382537836407));
#9710=CARTESIAN_POINT('Ctrl Pts',(73.044052859125,15.2423904022039,-62.4338842561131));
#9711=CARTESIAN_POINT('Ctrl Pts',(73.9181751593353,15.2423904022039,-61.0047229347649));
#9712=CARTESIAN_POINT('Ctrl Pts',(70.576071557388,15.3061260005741,-64.2589630529938));
#9713=CARTESIAN_POINT('Ctrl Pts',(71.9005972839276,15.3061260005741,-63.4711576706492));
#9714=CARTESIAN_POINT('Ctrl Pts',(72.9777829422521,15.3061260005741,-62.3780243341932));
#9715=CARTESIAN_POINT('Ctrl Pts',(73.8455144398833,15.3061260005741,-60.9590243946284));
#9716=CARTESIAN_POINT('Ctrl Pts',(70.4832156775281,15.4153468687915,-64.0982631387551));
#9717=CARTESIAN_POINT('Ctrl Pts',(71.7805732727242,15.4153468687915,-63.3261560892441));
#9718=CARTESIAN_POINT('Ctrl Pts',(72.8345590886104,15.4153468687915,-62.2571368233587));
#9719=CARTESIAN_POINT('Ctrl Pts',(73.6884056745849,15.4153468687915,-60.8602139056746));
#9720=CARTESIAN_POINT('Ctrl Pts',(70.3401224438246,15.5266203548794,-63.8506205509195));
#9721=CARTESIAN_POINT('Ctrl Pts',(71.5959591262509,15.5266203548794,-63.102505181218));
#9722=CARTESIAN_POINT('Ctrl Pts',(72.6136707888538,15.5266203548794,-62.0711271912283));
#9723=CARTESIAN_POINT('Ctrl Pts',(73.4462971371007,15.5266203548794,-60.7079444703998));
#9724=CARTESIAN_POINT('Ctrl Pts',(70.2077180808661,15.5632381840529,-63.6214765289752));
#9725=CARTESIAN_POINT('Ctrl Pts',(71.424328573633,15.5632381840529,-62.8960268985284));
#9726=CARTESIAN_POINT('Ctrl Pts',(72.409694896778,15.5632381840529,-61.8983565884245));
#9727=CARTESIAN_POINT('Ctrl Pts',(73.2222737794422,15.5632381840529,-60.5670493556986));
#9728=CARTESIAN_POINT('Ctrl Pts',(70.1430727143057,15.5716793150925,-63.5095988010614));
#9729=CARTESIAN_POINT('Ctrl Pts',(71.341616750451,15.5716793150925,-62.7945883592943));
#9730=CARTESIAN_POINT('Ctrl Pts',(72.3095505790727,15.5716793150925,-61.8148847459836));
#9731=CARTESIAN_POINT('Ctrl Pts',(73.1128961747297,15.5716793150925,-60.4982584478093));
#9732=CARTESIAN_POINT('Ctrl Pts',(70.1430727143057,15.5716793150925,-63.5095988010614));
#9733=CARTESIAN_POINT('Ctrl Pts',(71.341616750451,15.5716793150925,-62.7945883592943));
#9734=CARTESIAN_POINT('Ctrl Pts',(72.3095505790727,15.5716793150925,-61.8148847459836));
#9735=CARTESIAN_POINT('Ctrl Pts',(73.1128961747297,15.5716793150925,-60.4982584478093));
#9736=CARTESIAN_POINT('Ctrl Pts',(66.7709409618992,13.02,-66.1523946860122));
#9737=CARTESIAN_POINT('Ctrl Pts',(68.1359879047649,13.02,-65.922209741266));
#9738=CARTESIAN_POINT('Ctrl Pts',(69.454884936603,13.02,-65.5215622359578));
#9739=CARTESIAN_POINT('Ctrl Pts',(70.6504079729893,13.02,-64.8498694740736));
#9740=CARTESIAN_POINT('Ctrl Pts',(66.7709409618992,13.1166666666667,-66.1523946860122));
#9741=CARTESIAN_POINT('Ctrl Pts',(68.1359879047649,13.1166666666667,-65.922209741266));
#9742=CARTESIAN_POINT('Ctrl Pts',(69.454884936603,13.1166666666667,-65.5215622359578));
#9743=CARTESIAN_POINT('Ctrl Pts',(70.6504079729893,13.1166666666667,-64.8498694740736));
#9744=CARTESIAN_POINT('Ctrl Pts',(66.7709409618992,13.2133333333333,-66.1523946860122));
#9745=CARTESIAN_POINT('Ctrl Pts',(68.1359879047649,13.2133333333333,-65.922209741266));
#9746=CARTESIAN_POINT('Ctrl Pts',(69.454884936603,13.2133333333333,-65.5215622359578));
#9747=CARTESIAN_POINT('Ctrl Pts',(70.6504079729893,13.2133333333333,-64.8498694740736));
#9748=CARTESIAN_POINT('Ctrl Pts',(66.7709409618992,13.31,-66.1523946860122));
#9749=CARTESIAN_POINT('Ctrl Pts',(68.1359879047649,13.31,-65.922209741266));
#9750=CARTESIAN_POINT('Ctrl Pts',(69.454884936603,13.31,-65.5215622359578));
#9751=CARTESIAN_POINT('Ctrl Pts',(70.6504079729893,13.31,-64.8498694740736));
#9752=CARTESIAN_POINT('',(66.7709409618992,13.02,-66.1523946860122));
#9753=CARTESIAN_POINT('Ctrl Pts',(66.7709409618992,13.02,-66.1523946860122));
#9754=CARTESIAN_POINT('Ctrl Pts',(68.1359879047649,13.02,-65.922209741266));
#9755=CARTESIAN_POINT('Ctrl Pts',(69.454884936603,13.02,-65.5215622359578));
#9756=CARTESIAN_POINT('Ctrl Pts',(70.6504079729893,13.02,-64.8498694740736));
#9757=CARTESIAN_POINT('',(66.7709409618992,13.31,-66.1523946860122));
#9758=CARTESIAN_POINT('',(66.7709409618992,13.01,-66.1523946860122));
#9759=CARTESIAN_POINT('Ctrl Pts',(66.7709409618992,13.31,-66.1523946860122));
#9760=CARTESIAN_POINT('Ctrl Pts',(68.1359879047649,13.31,-65.922209741266));
#9761=CARTESIAN_POINT('Ctrl Pts',(69.454884936603,13.31,-65.5215622359578));
#9762=CARTESIAN_POINT('Ctrl Pts',(70.6504079729893,13.31,-64.8498694740736));
#9763=CARTESIAN_POINT('Ctrl Pts',(66.6598311080196,12.31,-65.4409915566179));
#9764=CARTESIAN_POINT('Ctrl Pts',(67.9644919866769,12.31,-65.2202379546553));
#9765=CARTESIAN_POINT('Ctrl Pts',(69.2010331984211,12.31,-64.8397755600475));
#9766=CARTESIAN_POINT('Ctrl Pts',(70.30521162564,12.31,-64.2179839671044));
#9767=CARTESIAN_POINT('Ctrl Pts',(66.6598311080196,12.5466666666667,-65.4409915566179));
#9768=CARTESIAN_POINT('Ctrl Pts',(67.9644919866769,12.5466666666667,-65.2202379546553));
#9769=CARTESIAN_POINT('Ctrl Pts',(69.2010331984211,12.5466666666667,-64.8397755600475));
#9770=CARTESIAN_POINT('Ctrl Pts',(70.30521162564,12.5466666666667,-64.2179839671044));
#9771=CARTESIAN_POINT('Ctrl Pts',(66.6598311080196,12.7833333333333,-65.4409915566179));
#9772=CARTESIAN_POINT('Ctrl Pts',(67.9644919866769,12.7833333333333,-65.2202379546553));
#9773=CARTESIAN_POINT('Ctrl Pts',(69.2010331984211,12.7833333333333,-64.8397755600475));
#9774=CARTESIAN_POINT('Ctrl Pts',(70.30521162564,12.7833333333333,-64.2179839671044));
#9775=CARTESIAN_POINT('Ctrl Pts',(66.6598311080196,13.02,-65.4409915566179));
#9776=CARTESIAN_POINT('Ctrl Pts',(67.9644919866769,13.02,-65.2202379546553));
#9777=CARTESIAN_POINT('Ctrl Pts',(69.2010331984211,13.02,-64.8397755600475));
#9778=CARTESIAN_POINT('Ctrl Pts',(70.30521162564,13.02,-64.2179839671044));
#9779=CARTESIAN_POINT('',(66.6598311080195,12.31,-65.4409915566178));
#9780=CARTESIAN_POINT('Ctrl Pts',(66.6598311080196,12.31,-65.4409915566179));
#9781=CARTESIAN_POINT('Ctrl Pts',(67.9644919866769,12.31,-65.2202379546553));
#9782=CARTESIAN_POINT('Ctrl Pts',(69.2010331984211,12.31,-64.8397755600475));
#9783=CARTESIAN_POINT('Ctrl Pts',(70.30521162564,12.31,-64.2179839671044));
#9784=CARTESIAN_POINT('',(66.6598311080195,13.02,-65.4409915566178));
#9785=CARTESIAN_POINT('',(66.6598311080196,12.655,-65.4409915566179));
#9786=CARTESIAN_POINT('Ctrl Pts',(66.6598311080196,13.02,-65.4409915566179));
#9787=CARTESIAN_POINT('Ctrl Pts',(67.9644919866769,13.02,-65.2202379546553));
#9788=CARTESIAN_POINT('Ctrl Pts',(69.2010331984211,13.02,-64.8397755600475));
#9789=CARTESIAN_POINT('Ctrl Pts',(70.30521162564,13.02,-64.2179839671044));
#9790=CARTESIAN_POINT('Ctrl Pts',(66.505505600272,14.5716793150925,-64.4528915337706));
#9791=CARTESIAN_POINT('Ctrl Pts',(67.7262935397213,14.5716793150925,-64.2452375509055));
#9792=CARTESIAN_POINT('Ctrl Pts',(68.8484470233913,14.5716793150925,-63.8928111706478));
#9793=CARTESIAN_POINT('Ctrl Pts',(69.8257527863274,14.5716793150925,-63.3403295710592));
#9794=CARTESIAN_POINT('Ctrl Pts',(66.505505600272,13.8177862100617,-64.4528915337706));
#9795=CARTESIAN_POINT('Ctrl Pts',(67.7262935397213,13.8177862100617,-64.2452375509055));
#9796=CARTESIAN_POINT('Ctrl Pts',(68.8484470233913,13.8177862100617,-63.8928111706478));
#9797=CARTESIAN_POINT('Ctrl Pts',(69.8257527863274,13.8177862100617,-63.3403295710592));
#9798=CARTESIAN_POINT('Ctrl Pts',(66.505505600272,13.0638931050308,-64.4528915337706));
#9799=CARTESIAN_POINT('Ctrl Pts',(67.7262935397213,13.0638931050308,-64.2452375509055));
#9800=CARTESIAN_POINT('Ctrl Pts',(68.8484470233913,13.0638931050308,-63.8928111706478));
#9801=CARTESIAN_POINT('Ctrl Pts',(69.8257527863274,13.0638931050308,-63.3403295710592));
#9802=CARTESIAN_POINT('Ctrl Pts',(66.505505600272,12.31,-64.4528915337706));
#9803=CARTESIAN_POINT('Ctrl Pts',(67.7262935397213,12.31,-64.2452375509055));
#9804=CARTESIAN_POINT('Ctrl Pts',(68.8484470233913,12.31,-63.8928111706478));
#9805=CARTESIAN_POINT('Ctrl Pts',(69.8257527863274,12.31,-63.3403295710592));
#9806=CARTESIAN_POINT('',(66.5055056002703,12.31,-64.4528915337597));
#9807=CARTESIAN_POINT('',(66.505505600272,13.7858396575463,-64.4528915337706));
#9808=CARTESIAN_POINT('Ctrl Pts',(66.505505600272,12.31,-64.4528915337706));
#9809=CARTESIAN_POINT('Ctrl Pts',(67.7262935397213,12.31,-64.2452375509055));
#9810=CARTESIAN_POINT('Ctrl Pts',(68.8484470233913,12.31,-63.8928111706478));
#9811=CARTESIAN_POINT('Ctrl Pts',(69.8257527863274,12.31,-63.3403295710592));
#9812=CARTESIAN_POINT('Ctrl Pts',(66.7709409618992,13.31,-66.1523946860121));
#9813=CARTESIAN_POINT('Ctrl Pts',(68.1359879047649,13.31,-65.922209741266));
#9814=CARTESIAN_POINT('Ctrl Pts',(69.454884936603,13.31,-65.5215622359577));
#9815=CARTESIAN_POINT('Ctrl Pts',(70.6504079729893,13.31,-64.8498694740736));
#9816=CARTESIAN_POINT('Ctrl Pts',(66.7709409618992,13.3681360701853,-66.1523946860121));
#9817=CARTESIAN_POINT('Ctrl Pts',(68.135988421123,13.3681360701853,-65.9222096606191));
#9818=CARTESIAN_POINT('Ctrl Pts',(69.4548841555201,13.3681360701853,-65.52156266266));
#9819=CARTESIAN_POINT('Ctrl Pts',(70.6504079729893,13.3681360701853,-64.8498694740736));
#9820=CARTESIAN_POINT('Ctrl Pts',(66.7709487024821,13.4513194462798,-66.152444246639));
#9821=CARTESIAN_POINT('Ctrl Pts',(68.1359430988226,13.4513194462798,-65.9222675088243));
#9822=CARTESIAN_POINT('Ctrl Pts',(69.4549884709798,13.4513194462798,-65.5215628340908));
#9823=CARTESIAN_POINT('Ctrl Pts',(70.6504320214468,13.4513194462798,-64.8499134950241));
#9824=CARTESIAN_POINT('Ctrl Pts',(66.7707553231652,13.5434996551852,-66.1512060967674));
#9825=CARTESIAN_POINT('Ctrl Pts',(68.1356337788942,13.5434996551852,-65.9210474670322));
#9826=CARTESIAN_POINT('Ctrl Pts',(69.4545630603707,13.5434996551852,-65.5203672696346));
#9827=CARTESIAN_POINT('Ctrl Pts',(70.6498312301438,13.5434996551852,-64.8488137402902));
#9828=CARTESIAN_POINT('Ctrl Pts',(66.770613971545,13.5977252537195,-66.1503010646623));
#9829=CARTESIAN_POINT('Ctrl Pts',(68.1354165014439,13.5977252537195,-65.9201542933342));
#9830=CARTESIAN_POINT('Ctrl Pts',(69.4542387600902,13.5977252537195,-65.5195006554279));
#9831=CARTESIAN_POINT('Ctrl Pts',(70.649392078608,13.5977252537195,-64.8480098688326));
#9832=CARTESIAN_POINT('Ctrl Pts',(66.770558810074,13.6215046913112,-66.1499478822775));
#9833=CARTESIAN_POINT('Ctrl Pts',(68.1353237995797,13.6215046913112,-65.9198069741616));
#9834=CARTESIAN_POINT('Ctrl Pts',(69.4541241707944,13.6215046913112,-65.5191559280555));
#9835=CARTESIAN_POINT('Ctrl Pts',(70.6492207028238,13.6215046913112,-64.8476961636757));
#9836=CARTESIAN_POINT('Ctrl Pts',(66.7700918226797,13.7897712433652,-66.1469579018019));
#9837=CARTESIAN_POINT('Ctrl Pts',(68.1346021451317,13.7897712433652,-65.9168567686294));
#9838=CARTESIAN_POINT('Ctrl Pts',(69.4530585622824,13.7897712433652,-65.5162897059596));
#9839=CARTESIAN_POINT('Ctrl Pts',(70.6477698653223,13.7897712433652,-64.8450403905275));
#9840=CARTESIAN_POINT('Ctrl Pts',(66.7695537320314,14.0554052893401,-66.1435126684784));
#9841=CARTESIAN_POINT('Ctrl Pts',(68.1337573270475,14.0554052893401,-65.9134594412529));
#9842=CARTESIAN_POINT('Ctrl Pts',(69.4518508005603,14.0554052893401,-65.512976096163));
#9843=CARTESIAN_POINT('Ctrl Pts',(70.6460981240692,14.0554052893401,-64.8419802507624));
#9844=CARTESIAN_POINT('Ctrl Pts',(66.7693480426924,14.1162976736573,-66.1421957012217));
#9845=CARTESIAN_POINT('Ctrl Pts',(68.1334439327289,14.1162976736573,-65.9121592958009));
#9846=CARTESIAN_POINT('Ctrl Pts',(69.4513746872962,14.1162976736573,-65.5117173298649));
#9847=CARTESIAN_POINT('Ctrl Pts',(70.6454590879619,14.1162976736573,-64.8408104885161));
#9848=CARTESIAN_POINT('Ctrl Pts',(66.7691251279277,14.1712453061801,-66.1407684447214));
#9849=CARTESIAN_POINT('Ctrl Pts',(68.1330960637809,14.1712453061801,-65.9107515551566));
#9850=CARTESIAN_POINT('Ctrl Pts',(69.4508711505134,14.1712453061801,-65.5103463477804));
#9851=CARTESIAN_POINT('Ctrl Pts',(70.6447665358627,14.1712453061801,-64.8395427646898));
#9852=CARTESIAN_POINT('Ctrl Pts',(66.7689963484596,14.1984480384079,-66.1399439083418));
#9853=CARTESIAN_POINT('Ctrl Pts',(68.1328988189343,14.1984480384079,-65.9099377119802));
#9854=CARTESIAN_POINT('Ctrl Pts',(69.4505746241698,14.1984480384079,-65.5095573969144));
#9855=CARTESIAN_POINT('Ctrl Pts',(70.6443664435174,14.1984480384079,-64.8388103914872));
#9856=CARTESIAN_POINT('Ctrl Pts',(66.7688135008232,14.2317828903548,-66.1387731896692));
#9857=CARTESIAN_POINT('Ctrl Pts',(68.1326153415223,14.2317828903548,-65.908782710078));
#9858=CARTESIAN_POINT('Ctrl Pts',(69.4501587730616,14.2317828903548,-65.5084343788833));
#9859=CARTESIAN_POINT('Ctrl Pts',(70.6437983720641,14.2317828903548,-64.837770530779));
#9860=CARTESIAN_POINT('Ctrl Pts',(66.7685530535058,14.2691956766194,-66.1371056234706));
#9861=CARTESIAN_POINT('Ctrl Pts',(68.1322130500883,14.2691956766194,-65.9071372976744));
#9862=CARTESIAN_POINT('Ctrl Pts',(69.4495641790717,14.2691956766194,-65.506835990582));
#9863=CARTESIAN_POINT('Ctrl Pts',(70.6429892137445,14.2691956766194,-64.8362893580524));
#9864=CARTESIAN_POINT('Ctrl Pts',(66.7680267769244,14.3328796603335,-66.1337360320809));
#9865=CARTESIAN_POINT('Ctrl Pts',(68.1314007255148,14.3328796603335,-65.9038123824315));
#9866=CARTESIAN_POINT('Ctrl Pts',(69.4483618400013,14.3328796603335,-65.5036066566354));
#9867=CARTESIAN_POINT('Ctrl Pts',(70.6413541764616,14.3328796603335,-64.8332964052869));
#9868=CARTESIAN_POINT('Ctrl Pts',(66.7654769776771,14.5469461582598,-66.1174104308817));
#9869=CARTESIAN_POINT('Ctrl Pts',(68.127454182738,14.5469461582598,-65.8877049303563));
#9870=CARTESIAN_POINT('Ctrl Pts',(69.4425529396694,14.5469461582598,-65.4879516363534));
#9871=CARTESIAN_POINT('Ctrl Pts',(70.6334324543473,14.5469461582598,-64.8187956104997));
#9872=CARTESIAN_POINT('Ctrl Pts',(66.7561773136673,14.8023404358446,-66.0578674664409));
#9873=CARTESIAN_POINT('Ctrl Pts',(68.1130638824264,14.8023404358446,-65.8289570423387));
#9874=CARTESIAN_POINT('Ctrl Pts',(69.4213612106638,14.8023404358446,-65.4308573879472));
#9875=CARTESIAN_POINT('Ctrl Pts',(70.6045402370006,14.8023404358446,-64.7659081059083));
#9876=CARTESIAN_POINT('Ctrl Pts',(66.7302083235044,15.0599949703932,-65.8915957972424));
#9877=CARTESIAN_POINT('Ctrl Pts',(68.0729568026064,15.0599949703932,-65.664893517877));
#9878=CARTESIAN_POINT('Ctrl Pts',(69.3620670555683,15.0599949703932,-65.2714875818177));
#9879=CARTESIAN_POINT('Ctrl Pts',(70.523859719157,15.0599949703932,-64.6182215781928));
#9880=CARTESIAN_POINT('Ctrl Pts',(66.7145428282435,15.1595121604426,-65.7912943211551));
#9881=CARTESIAN_POINT('Ctrl Pts',(68.0487573738866,15.1595121604426,-65.565924906463));
#9882=CARTESIAN_POINT('Ctrl Pts',(69.3263065438587,15.1595121604426,-65.1753452013243));
#9883=CARTESIAN_POINT('Ctrl Pts',(70.4751901227656,15.1595121604426,-64.5291313753972));
#9884=CARTESIAN_POINT('Ctrl Pts',(66.6994918683194,15.2423910842617,-65.6949275308445));
#9885=CARTESIAN_POINT('Ctrl Pts',(68.025516618975,15.2423910842617,-65.47083723187));
#9886=CARTESIAN_POINT('Ctrl Pts',(69.2919347015914,15.2423910842617,-65.0829820894811));
#9887=CARTESIAN_POINT('Ctrl Pts',(70.4284297661597,15.2423910842617,-64.4435360559019));
#9888=CARTESIAN_POINT('Ctrl Pts',(66.6862461261318,15.3061266648915,-65.6101190092387));
#9889=CARTESIAN_POINT('Ctrl Pts',(68.0050841553886,15.3061266648915,-65.3871511618413));
#9890=CARTESIAN_POINT('Ctrl Pts',(69.2616539875774,15.3061266648915,-65.0017142209994));
#9891=CARTESIAN_POINT('Ctrl Pts',(70.3872778641328,15.3061266648915,-64.3682070708919));
#9892=CARTESIAN_POINT('Ctrl Pts',(66.6576058891234,15.4153474141723,-65.4267441462279));
#9893=CARTESIAN_POINT('Ctrl Pts',(67.9608297618655,15.4153474141723,-65.2062149817335));
#9894=CARTESIAN_POINT('Ctrl Pts',(69.1962936090467,15.4153474141723,-64.8259331676409));
#9895=CARTESIAN_POINT('Ctrl Pts',(70.2982983104992,15.4153474141723,-64.2053290717782));
#9896=CARTESIAN_POINT('Ctrl Pts',(66.6134705416943,15.526620801181,-65.1441587302491));
#9897=CARTESIAN_POINT('Ctrl Pts',(67.8928313808538,15.526620801181,-64.9273565920565));
#9898=CARTESIAN_POINT('Ctrl Pts',(69.0952708725754,15.526620801181,-64.5552142799049));
#9899=CARTESIAN_POINT('Ctrl Pts',(70.1611785124837,15.526620801181,-63.9543298542319));
#9900=CARTESIAN_POINT('Ctrl Pts',(66.5726321548123,15.563238184053,-64.8826827655834));
#9901=CARTESIAN_POINT('Ctrl Pts',(67.829448791094,15.563238184053,-64.6694016733128));
#9902=CARTESIAN_POINT('Ctrl Pts',(69.0024961758033,15.563238184053,-64.3043351593631));
#9903=CARTESIAN_POINT('Ctrl Pts',(70.0343017190133,15.563238184053,-63.722080563125));
#9904=CARTESIAN_POINT('Ctrl Pts',(66.5526930772603,15.5716793150925,-64.7550188215457));
#9905=CARTESIAN_POINT('Ctrl Pts',(67.7991265010277,15.5716793150925,-64.5433594219239));
#9906=CARTESIAN_POINT('Ctrl Pts',(68.9562558507424,15.5716793150925,-64.1823605846479));
#9907=CARTESIAN_POINT('Ctrl Pts',(69.9723549474162,15.5716793150925,-63.6086863529131));
#9908=CARTESIAN_POINT('',(66.5526930772596,15.5716793150925,-64.7550188215409));
#9909=CARTESIAN_POINT('Ctrl Pts',(66.7709409618992,13.31,-66.1523946860121));
#9910=CARTESIAN_POINT('Ctrl Pts',(66.7709409618992,13.3681360701853,-66.1523946860121));
#9911=CARTESIAN_POINT('Ctrl Pts',(66.7709461222878,13.4235916542483,-66.15242772643));
#9912=CARTESIAN_POINT('Ctrl Pts',(66.7708741741062,13.4771931189952,-66.1519670637611));
#9913=CARTESIAN_POINT('Ctrl Pts',(66.7708382000153,13.5039938513686,-66.1517367324267));
#9914=CARTESIAN_POINT('Ctrl Pts',(66.7707829487819,13.530331053913,-66.1513829753205));
#9915=CARTESIAN_POINT('Ctrl Pts',(66.7707106834679,13.559767492298,-66.1509202821499));
#9916=CARTESIAN_POINT('Ctrl Pts',(66.7706745508108,13.5744857114905,-66.1506889355645));
#9917=CARTESIAN_POINT('Ctrl Pts',(66.7706341646336,13.5899787396431,-66.150430354963));
#9918=CARTESIAN_POINT('Ctrl Pts',(66.7706023154175,13.6030695615579,-66.1502264339676));
#9919=CARTESIAN_POINT('Ctrl Pts',(66.7705863908095,13.6096149725153,-66.1501244734699));
#9920=CARTESIAN_POINT('Ctrl Pts',(66.7705726004417,13.6155598319133,-66.1500361778737));
#9921=CARTESIAN_POINT('Ctrl Pts',(66.7705073318335,13.639565580619,-66.1496182825161));
#9922=CARTESIAN_POINT('Ctrl Pts',(66.7704420632254,13.6635713293247,-66.1492003871586));
#9923=CARTESIAN_POINT('Ctrl Pts',(66.7703253163768,13.7056379673382,-66.1484528920397));
#9924=CARTESIAN_POINT('Ctrl Pts',(66.7702097243972,13.752323378363,-66.1477127912009));
#9925=CARTESIAN_POINT('Ctrl Pts',(66.7699785404379,13.8456942004125,-66.1462325895233));
#9926=CARTESIAN_POINT('Ctrl Pts',(66.7697519759544,13.9575401145072,-66.144781964966));
#9927=CARTESIAN_POINT('Ctrl Pts',(66.7695913953717,14.0259728435693,-66.1437538155708));
#9928=CARTESIAN_POINT('Ctrl Pts',(66.7694508873619,14.0858514814987,-66.1428541848501));
#9929=CARTESIAN_POINT('Ctrl Pts',(66.7693608982761,14.1124918996374,-66.1422780116752));
#9930=CARTESIAN_POINT('Ctrl Pts',(66.7691979437588,14.1532168684828,-66.1412346626879));
#9931=CARTESIAN_POINT('Ctrl Pts',(66.7691746645421,14.159034721175,-66.1410856128326));
#9932=CARTESIAN_POINT('Ctrl Pts',(66.7691498962349,14.1651400136776,-66.140927028777));
#9933=CARTESIAN_POINT('Ctrl Pts',(66.7691246341345,14.1709129331516,-66.1407652831112));
#9934=CARTESIAN_POINT('Ctrl Pts',(66.7690993720341,14.1766858526256,-66.1406035374455));
#9935=CARTESIAN_POINT('Ctrl Pts',(66.7690736161404,14.1821263990712,-66.1404386301696));
#9936=CARTESIAN_POINT('Ctrl Pts',(66.7690466805687,14.1875957610698,-66.1402661697679));
#9937=CARTESIAN_POINT('Ctrl Pts',(66.7689658738535,14.2040038470657,-66.1397487885631));
#9938=CARTESIAN_POINT('Ctrl Pts',(66.7688744500354,14.2206712730391,-66.1391634292268));
#9939=CARTESIAN_POINT('Ctrl Pts',(66.7687709083407,14.2369586741823,-66.1385004827554));
#9940=CARTESIAN_POINT('Ctrl Pts',(66.7687018805443,14.247816941611,-66.1380585184412));
#9941=CARTESIAN_POINT('Ctrl Pts',(66.7686274670251,14.2585063091152,-66.1375820709559));
#9942=CARTESIAN_POINT('Ctrl Pts',(66.7685464038836,14.2691579915102,-66.1370630479308));
#9943=CARTESIAN_POINT('Ctrl Pts',(66.7684653407422,14.2798096739051,-66.1365440249056));
#9944=CARTESIAN_POINT('Ctrl Pts',(66.7683776279787,14.2904236711908,-66.1359824263407));
#9945=CARTESIAN_POINT('Ctrl Pts',(66.7682831739654,14.300953597571,-66.1353776655726));
#9946=CARTESIAN_POINT('Ctrl Pts',(66.7679053579126,14.3430733030919,-66.1329586225));
#9947=CARTESIAN_POINT('Ctrl Pts',(66.7674196818655,14.3838478741255,-66.1298489841764));
#9948=CARTESIAN_POINT('Ctrl Pts',(66.7667654363418,14.4237645103119,-66.125660045962));
#9949=CARTESIAN_POINT('Ctrl Pts',(66.7641484542471,14.5834310550576,-66.1089042931045));
#9950=CARTESIAN_POINT('Ctrl Pts',(66.7588343605272,14.7293706422489,-66.0748797419954));
#9951=CARTESIAN_POINT('Ctrl Pts',(66.7484066658996,14.8639020161622,-66.0081143352263));
#9952=CARTESIAN_POINT('Ctrl Pts',(66.7431928185858,14.9311677031189,-65.9747316318416));
#9953=CARTESIAN_POINT('Ctrl Pts',(66.7367005710451,14.9955813367561,-65.933163714542));
#9954=CARTESIAN_POINT('Ctrl Pts',(66.7295380734595,15.052667451087,-65.8873043868704));
#9955=CARTESIAN_POINT('Ctrl Pts',(66.7223755758739,15.1097535654179,-65.8414450591987));
#9956=CARTESIAN_POINT('Ctrl Pts',(66.7145428282435,15.1595121604426,-65.7912943211551));
#9957=CARTESIAN_POINT('Ctrl Pts',(66.7063978026782,15.2043631836818,-65.7391441609873));
#9958=CARTESIAN_POINT('Ctrl Pts',(66.6994918683194,15.2423910842617,-65.6949275308445));
#9959=CARTESIAN_POINT('Ctrl Pts',(66.6928689972256,15.2742588745766,-65.6525232700416));
#9960=CARTESIAN_POINT('Ctrl Pts',(66.685466099249,15.305795733917,-65.6051247306386));
#9961=CARTESIAN_POINT('Ctrl Pts',(66.6780632012723,15.3373325932575,-65.5577261912356));
#9962=CARTESIAN_POINT('Ctrl Pts',(66.6698802764127,15.3685385216234,-65.5053333732325));
#9963=CARTESIAN_POINT('Ctrl Pts',(66.6605569867541,15.3983894173438,-65.4456391408328));
#9964=CARTESIAN_POINT('Ctrl Pts',(66.6465720522661,15.4431657609245,-65.3560977922332));
#9965=CARTESIAN_POINT('Ctrl Pts',(66.6300212969802,15.4848932810527,-65.2501282612411));
#9966=CARTESIAN_POINT('Ctrl Pts',(66.6115363226167,15.5149113868349,-65.1317745045787));
#9967=CARTESIAN_POINT('Ctrl Pts',(66.5930513482533,15.544929492617,-65.0134207479162));
#9968=CARTESIAN_POINT('Ctrl Pts',(66.5726321548123,15.563238184053,-64.8826827655834));
#9969=CARTESIAN_POINT('Ctrl Pts',(66.5526930772603,15.5716793150925,-64.7550188215457));
#9970=CARTESIAN_POINT('Ctrl Pts',(66.5526930772603,15.5716793150925,-64.7550188215457));
#9971=CARTESIAN_POINT('Ctrl Pts',(67.7991265010277,15.5716793150925,-64.5433594219239));
#9972=CARTESIAN_POINT('Ctrl Pts',(68.9562558507424,15.5716793150925,-64.1823605846479));
#9973=CARTESIAN_POINT('Ctrl Pts',(69.9723549474162,15.5716793150925,-63.6086863529131));
#9974=CARTESIAN_POINT('Ctrl Pts',(62.6594573030329,13.02,-66.4859943385025));
#9975=CARTESIAN_POINT('Ctrl Pts',(64.2091789982408,13.02,-66.4475407644492));
#9976=CARTESIAN_POINT('Ctrl Pts',(65.5446058525789,13.02,-66.3592077463372));
#9977=CARTESIAN_POINT('Ctrl Pts',(66.7709409618991,13.02,-66.1523946860122));
#9978=CARTESIAN_POINT('Ctrl Pts',(62.6594573030329,13.1166666666667,-66.4859943385025));
#9979=CARTESIAN_POINT('Ctrl Pts',(64.2091789982408,13.1166666666667,-66.4475407644492));
#9980=CARTESIAN_POINT('Ctrl Pts',(65.5446058525789,13.1166666666667,-66.3592077463372));
#9981=CARTESIAN_POINT('Ctrl Pts',(66.7709409618991,13.1166666666667,-66.1523946860122));
#9982=CARTESIAN_POINT('Ctrl Pts',(62.6594573030329,13.2133333333333,-66.4859943385025));
#9983=CARTESIAN_POINT('Ctrl Pts',(64.2091789982408,13.2133333333333,-66.4475407644492));
#9984=CARTESIAN_POINT('Ctrl Pts',(65.5446058525789,13.2133333333333,-66.3592077463372));
#9985=CARTESIAN_POINT('Ctrl Pts',(66.7709409618991,13.2133333333333,-66.1523946860122));
#9986=CARTESIAN_POINT('Ctrl Pts',(62.6594573030329,13.31,-66.4859943385025));
#9987=CARTESIAN_POINT('Ctrl Pts',(64.2091789982408,13.31,-66.4475407644492));
#9988=CARTESIAN_POINT('Ctrl Pts',(65.5446058525789,13.31,-66.3592077463372));
#9989=CARTESIAN_POINT('Ctrl Pts',(66.7709409618991,13.31,-66.1523946860122));
#9990=CARTESIAN_POINT('',(62.6594573030329,13.02,-66.4859943385025));
#9991=CARTESIAN_POINT('',(62.6594573030329,13.31,-66.4859943385025));
#9992=CARTESIAN_POINT('',(62.6594573030329,13.01,-66.4859943385025));
#9993=CARTESIAN_POINT('Ctrl Pts',(62.6594573030329,13.31,-66.4859943385025));
#9994=CARTESIAN_POINT('Ctrl Pts',(64.2091789982408,13.31,-66.4475407644492));
#9995=CARTESIAN_POINT('Ctrl Pts',(65.5446058525789,13.31,-66.3592077463372));
#9996=CARTESIAN_POINT('Ctrl Pts',(66.7709409618991,13.31,-66.1523946860122));
#9997=CARTESIAN_POINT('Ctrl Pts',(62.6594573030329,13.02,-66.4859943385025));
#9998=CARTESIAN_POINT('Ctrl Pts',(64.2091789982408,13.02,-66.4475407644492));
#9999=CARTESIAN_POINT('Ctrl Pts',(65.5446058525789,13.02,-66.3592077463372));
#10000=CARTESIAN_POINT('Ctrl Pts',(66.7709409618991,13.02,-66.1523946860122));
#10001=CARTESIAN_POINT('Ctrl Pts',(62.6504971473835,12.31,-65.766022444779));
#10002=CARTESIAN_POINT('Ctrl Pts',(64.1829555636781,12.31,-65.7277837147599));
#10003=CARTESIAN_POINT('Ctrl Pts',(65.4852246664712,12.31,-65.6397254217862));
#10004=CARTESIAN_POINT('Ctrl Pts',(66.6598311080196,12.31,-65.4409915566179));
#10005=CARTESIAN_POINT('Ctrl Pts',(62.6504971473835,12.5466666666667,-65.766022444779));
#10006=CARTESIAN_POINT('Ctrl Pts',(64.1829555636781,12.5466666666667,-65.7277837147599));
#10007=CARTESIAN_POINT('Ctrl Pts',(65.4852246664712,12.5466666666667,-65.6397254217862));
#10008=CARTESIAN_POINT('Ctrl Pts',(66.6598311080196,12.5466666666667,-65.4409915566179));
#10009=CARTESIAN_POINT('Ctrl Pts',(62.6504971473835,12.7833333333333,-65.766022444779));
#10010=CARTESIAN_POINT('Ctrl Pts',(64.1829555636781,12.7833333333333,-65.7277837147599));
#10011=CARTESIAN_POINT('Ctrl Pts',(65.4852246664712,12.7833333333333,-65.6397254217862));
#10012=CARTESIAN_POINT('Ctrl Pts',(66.6598311080196,12.7833333333333,-65.4409915566179));
#10013=CARTESIAN_POINT('Ctrl Pts',(62.6504971473835,13.02,-65.766022444779));
#10014=CARTESIAN_POINT('Ctrl Pts',(64.1829555636781,13.02,-65.7277837147599));
#10015=CARTESIAN_POINT('Ctrl Pts',(65.4852246664712,13.02,-65.6397254217862));
#10016=CARTESIAN_POINT('Ctrl Pts',(66.6598311080196,13.02,-65.4409915566179));
#10017=CARTESIAN_POINT('',(62.6504971473835,12.31,-65.7660224447789));
#10018=CARTESIAN_POINT('',(62.6504971473835,13.02,-65.7660224447789));
#10019=CARTESIAN_POINT('',(62.6504971473835,12.655,-65.766022444779));
#10020=CARTESIAN_POINT('Ctrl Pts',(62.6504971473835,13.02,-65.766022444779));
#10021=CARTESIAN_POINT('Ctrl Pts',(64.1829555636781,13.02,-65.7277837147599));
#10022=CARTESIAN_POINT('Ctrl Pts',(65.4852246664712,13.02,-65.6397254217862));
#10023=CARTESIAN_POINT('Ctrl Pts',(66.6598311080196,13.02,-65.4409915566179));
#10024=CARTESIAN_POINT('Ctrl Pts',(62.6504971473835,12.31,-65.766022444779));
#10025=CARTESIAN_POINT('Ctrl Pts',(64.1829555636781,12.31,-65.7277837147599));
#10026=CARTESIAN_POINT('Ctrl Pts',(65.4852246664712,12.31,-65.6397254217862));
#10027=CARTESIAN_POINT('Ctrl Pts',(66.6598311080196,12.31,-65.4409915566179));
#10028=CARTESIAN_POINT('Ctrl Pts',(62.6380519814347,14.5716793150925,-64.7660208771118));
#10029=CARTESIAN_POINT('Ctrl Pts',(64.1465326478656,14.5716793150925,-64.728080553701));
#10030=CARTESIAN_POINT('Ctrl Pts',(65.4027474479639,14.5716793150925,-64.6404038389132));
#10031=CARTESIAN_POINT('Ctrl Pts',(66.505505600272,14.5716793150925,-64.4528915337706));
#10032=CARTESIAN_POINT('Ctrl Pts',(62.6380519814347,13.8177862100617,-64.7660208771118));
#10033=CARTESIAN_POINT('Ctrl Pts',(64.1465326478656,13.8177862100617,-64.728080553701));
#10034=CARTESIAN_POINT('Ctrl Pts',(65.4027474479639,13.8177862100617,-64.6404038389132));
#10035=CARTESIAN_POINT('Ctrl Pts',(66.505505600272,13.8177862100617,-64.4528915337706));
#10036=CARTESIAN_POINT('Ctrl Pts',(62.6380519814347,13.0638931050308,-64.7660208771118));
#10037=CARTESIAN_POINT('Ctrl Pts',(64.1465326478656,13.0638931050308,-64.728080553701));
#10038=CARTESIAN_POINT('Ctrl Pts',(65.4027474479639,13.0638931050308,-64.6404038389132));
#10039=CARTESIAN_POINT('Ctrl Pts',(66.505505600272,13.0638931050308,-64.4528915337706));
#10040=CARTESIAN_POINT('Ctrl Pts',(62.6380519814347,12.31,-64.7660208771118));
#10041=CARTESIAN_POINT('Ctrl Pts',(64.1465326478656,12.31,-64.728080553701));
#10042=CARTESIAN_POINT('Ctrl Pts',(65.4027474479639,12.31,-64.6404038389132));
#10043=CARTESIAN_POINT('Ctrl Pts',(66.505505600272,12.31,-64.4528915337706));
#10044=CARTESIAN_POINT('',(62.6380519814346,12.31,-64.7660208771007));
#10045=CARTESIAN_POINT('',(62.6380519814347,13.7858396575463,-64.7660208771118));
#10046=CARTESIAN_POINT('Ctrl Pts',(62.6380519814347,12.31,-64.7660208771118));
#10047=CARTESIAN_POINT('Ctrl Pts',(64.1465326478656,12.31,-64.728080553701));
#10048=CARTESIAN_POINT('Ctrl Pts',(65.4027474479639,12.31,-64.6404038389132));
#10049=CARTESIAN_POINT('Ctrl Pts',(66.505505600272,12.31,-64.4528915337706));
#10050=CARTESIAN_POINT('Ctrl Pts',(62.6594573030329,13.31,-66.4859943385025));
#10051=CARTESIAN_POINT('Ctrl Pts',(64.2091789982408,13.31,-66.4475407644492));
#10052=CARTESIAN_POINT('Ctrl Pts',(65.5446058525789,13.31,-66.3592077463372));
#10053=CARTESIAN_POINT('Ctrl Pts',(66.7709409618991,13.31,-66.1523946860121));
#10054=CARTESIAN_POINT('Ctrl Pts',(62.6594573030329,13.3681360701853,-66.4859943385025));
#10055=CARTESIAN_POINT('Ctrl Pts',(64.2091791458583,13.3681360701853,-66.4475407626121));
#10056=CARTESIAN_POINT('Ctrl Pts',(65.5446054102498,13.3681360701853,-66.359207815422));
#10057=CARTESIAN_POINT('Ctrl Pts',(66.7709409618991,13.3681360701853,-66.1523946860121));
#10058=CARTESIAN_POINT('Ctrl Pts',(62.6594578433622,13.4513212931389,-66.4860377552222));
#10059=CARTESIAN_POINT('Ctrl Pts',(64.209164516473,13.4513212931389,-66.4475843681212));
#10060=CARTESIAN_POINT('Ctrl Pts',(65.5446575659411,13.4513212931389,-66.3592436160071));
#10061=CARTESIAN_POINT('Ctrl Pts',(66.7709476621977,13.4513212931389,-66.1524375860067));
#10062=CARTESIAN_POINT('Ctrl Pts',(62.6594422419465,13.5435025796309,-66.4847841407348));
#10063=CARTESIAN_POINT('Ctrl Pts',(64.2091157697424,13.5435025796309,-66.4463311661321));
#10064=CARTESIAN_POINT('Ctrl Pts',(65.5445634200532,13.5435025796309,-66.3579894094752));
#10065=CARTESIAN_POINT('Ctrl Pts',(66.7707541978088,13.5435025796309,-66.1511988914449));
#10066=CARTESIAN_POINT('Ctrl Pts',(62.6594308414382,13.5977282180861,-66.4838680801302));
#10067=CARTESIAN_POINT('Ctrl Pts',(64.2090826634183,13.5977282180861,-66.4454153756595));
#10068=CARTESIAN_POINT('Ctrl Pts',(65.5444870892939,13.5977282180861,-66.3570740930924));
#10069=CARTESIAN_POINT('Ctrl Pts',(66.7706128265125,13.5977282180861,-66.1502937333595));
#10070=CARTESIAN_POINT('Ctrl Pts',(62.6594263909135,13.6215081641154,-66.4835104688475));
#10071=CARTESIAN_POINT('Ctrl Pts',(64.2090674807772,13.6215081641154,-66.4450578979396));
#10072=CARTESIAN_POINT('Ctrl Pts',(65.5444640591601,13.6215081641154,-66.3567157153113));
#10073=CARTESIAN_POINT('Ctrl Pts',(66.7705576380564,13.6215081641154,-66.1499403781969));
#10074=CARTESIAN_POINT('Ctrl Pts',(62.6593887291973,13.7897752741654,-66.4804842516455));
#10075=CARTESIAN_POINT('Ctrl Pts',(64.2089570143761,13.7897752741654,-66.4420325868026));
#10076=CARTESIAN_POINT('Ctrl Pts',(65.5442151934721,13.7897752741654,-66.3536914422017));
#10077=CARTESIAN_POINT('Ctrl Pts',(66.7700906162824,13.7897752741654,-66.1469501775981));
#10078=CARTESIAN_POINT('Ctrl Pts',(62.6593453318022,14.0554103337742,-66.4769971576603));
#10079=CARTESIAN_POINT('Ctrl Pts',(64.2088259291784,14.0554103337742,-66.4385465841049));
#10080=CARTESIAN_POINT('Ctrl Pts',(65.5439397994695,14.0554103337742,-66.3502048121635));
#10081=CARTESIAN_POINT('Ctrl Pts',(66.7695524695763,14.0554103337742,-66.1435045853532));
#10082=CARTESIAN_POINT('Ctrl Pts',(62.659328743965,14.1163028486688,-66.4756642816442));
#10083=CARTESIAN_POINT('Ctrl Pts',(64.2087785504439,14.1163028486688,-66.437214091286));
#10084=CARTESIAN_POINT('Ctrl Pts',(65.5438263666148,14.1163028486688,-66.3488733893008));
#10085=CARTESIAN_POINT('Ctrl Pts',(66.7693467731308,14.1163028486688,-66.1421875725958));
#10086=CARTESIAN_POINT('Ctrl Pts',(62.6593107672297,14.171250567404,-66.4742198040352));
#10087=CARTESIAN_POINT('Ctrl Pts',(64.2087248515772,14.171250567404,-66.4357700582441));
#10088=CARTESIAN_POINT('Ctrl Pts',(65.5437104870436,14.171250567404,-66.3474293852624));
#10089=CARTESIAN_POINT('Ctrl Pts',(66.7691238537399,14.171250567404,-66.1407602864749));
#10090=CARTESIAN_POINT('Ctrl Pts',(62.6593003821318,14.1984533045259,-66.4733853343119));
#10091=CARTESIAN_POINT('Ctrl Pts',(64.2086948934712,14.1984533045259,-66.4349358321099));
#10092=CARTESIAN_POINT('Ctrl Pts',(65.543640356953,14.1984533045259,-66.3465956868566));
#10093=CARTESIAN_POINT('Ctrl Pts',(66.768995073978,14.1984533045259,-66.1399357482149));
#10094=CARTESIAN_POINT('Ctrl Pts',(62.6592856367229,14.2317881889196,-66.4722005022239));
#10095=CARTESIAN_POINT('Ctrl Pts',(64.2086513798373,14.2317881889196,-66.4337513580466));
#10096=CARTESIAN_POINT('Ctrl Pts',(65.5435437101668,14.2317881889196,-66.3454114925817));
#10097=CARTESIAN_POINT('Ctrl Pts',(66.7688122244511,14.2317881889196,-66.138765017437));
#10098=CARTESIAN_POINT('Ctrl Pts',(62.6592646335647,14.2692009916507,-66.4705128436397));
#10099=CARTESIAN_POINT('Ctrl Pts',(64.2085898260226,14.2692009916507,-66.4320642041212));
#10100=CARTESIAN_POINT('Ctrl Pts',(65.5434047700935,14.2692009916507,-66.3437249420485));
#10101=CARTESIAN_POINT('Ctrl Pts',(66.7685517760914,14.2692009916507,-66.1370974445655));
#10102=CARTESIAN_POINT('Ctrl Pts',(62.6592221932709,14.3328850018709,-66.4671026552613));
#10103=CARTESIAN_POINT('Ctrl Pts',(64.2084656098036,14.3328850018709,-66.4286550334563));
#10104=CARTESIAN_POINT('Ctrl Pts',(65.5431235298846,14.3328850018709,-66.3403170690752));
#10105=CARTESIAN_POINT('Ctrl Pts',(66.7680254978635,14.3328850018709,-66.1337278426334));
#10106=CARTESIAN_POINT('Ctrl Pts',(62.6590165707823,14.5469516087146,-66.4505803516137));
#10107=CARTESIAN_POINT('Ctrl Pts',(64.2078606837101,14.5469516087146,-66.4121376992004));
#10108=CARTESIAN_POINT('Ctrl Pts',(65.5417702169443,14.5469516087146,-66.3238045324177));
#10109=CARTESIAN_POINT('Ctrl Pts',(66.7654756889609,14.5469516087146,-66.1174021796148));
#10110=CARTESIAN_POINT('Ctrl Pts',(62.658266623676,14.8023458804723,-66.390320144192));
#10111=CARTESIAN_POINT('Ctrl Pts',(64.2056554161507,14.8023458804723,-66.3518956034549));
#10112=CARTESIAN_POINT('Ctrl Pts',(65.5368313491382,14.8023458804723,-66.2635804250925));
#10113=CARTESIAN_POINT('Ctrl Pts',(66.7561760164319,14.8023458804723,-66.0578591606284));
#10114=CARTESIAN_POINT('Ctrl Pts',(62.6561724304242,15.0599998341694,-66.2220462502977));
#10115=CARTESIAN_POINT('Ctrl Pts',(64.1995193998682,15.0599998341694,-66.1836720106402));
#10116=CARTESIAN_POINT('Ctrl Pts',(65.522973583435,15.0599998341694,-66.0954176787066));
#10117=CARTESIAN_POINT('Ctrl Pts',(66.7302071030263,15.0599998341694,-65.8915879828847));
#10118=CARTESIAN_POINT('Ctrl Pts',(62.6549091351036,15.1595165540996,-66.1205371739309));
#10119=CARTESIAN_POINT('Ctrl Pts',(64.1958164079809,15.1595165540996,-66.0821932966543));
#10120=CARTESIAN_POINT('Ctrl Pts',(65.5146186133661,15.1595165540996,-65.9939749400127));
#10121=CARTESIAN_POINT('Ctrl Pts',(66.7145416878329,15.1595165540996,-65.7912870194459));
#10122=CARTESIAN_POINT('Ctrl Pts',(62.6536953979814,15.2423950122972,-66.0230102281463));
#10123=CARTESIAN_POINT('Ctrl Pts',(64.1922613572299,15.2423950122972,-65.9846954888607));
#10124=CARTESIAN_POINT('Ctrl Pts',(65.5065833864439,15.2423950122972,-65.8965129815744));
#10125=CARTESIAN_POINT('Ctrl Pts',(66.6994908160002,15.2423950122972,-65.6949207931581));
#10126=CARTESIAN_POINT('Ctrl Pts',(62.6526272313834,15.3061304911689,-65.9371802539376));
#10127=CARTESIAN_POINT('Ctrl Pts',(64.1891386375226,15.3061304911689,-65.8988910838664));
#10128=CARTESIAN_POINT('Ctrl Pts',(65.4994940322899,15.3061304911689,-65.8107429864999));
#10129=CARTESIAN_POINT('Ctrl Pts',(66.6862450824153,15.3061304911689,-65.610112326633));
#10130=CARTESIAN_POINT('Ctrl Pts',(62.6503176305639,15.415350555648,-65.7515977997117));
#10131=CARTESIAN_POINT('Ctrl Pts',(64.1823652329689,15.415350555648,-65.7133641823316));
#10132=CARTESIAN_POINT('Ctrl Pts',(65.4842295653195,15.415350555648,-65.6252801915704));
#10133=CARTESIAN_POINT('Ctrl Pts',(66.6576050208358,15.415350555648,-65.4267385868414));
#10134=CARTESIAN_POINT('Ctrl Pts',(62.6467584638745,15.5266233726645,-65.4656094662981));
#10135=CARTESIAN_POINT('Ctrl Pts',(64.1719840584229,15.5266233726645,-65.4274607498048));
#10136=CARTESIAN_POINT('Ctrl Pts',(65.4605361908969,15.5266233726645,-65.3395028637685));
#10137=CARTESIAN_POINT('Ctrl Pts',(66.613469795261,15.5266233726645,-65.1441539510599));
#10138=CARTESIAN_POINT('Ctrl Pts',(62.6434652220779,15.5632381840529,-65.2009888921351));
#10139=CARTESIAN_POINT('Ctrl Pts',(64.1622458385132,15.5632381840529,-65.1629203843382));
#10140=CARTESIAN_POINT('Ctrl Pts',(65.4390106482995,15.5632381840529,-65.0750154357683));
#10141=CARTESIAN_POINT('Ctrl Pts',(66.5726321548123,15.5632381840529,-64.8826827655834));
#10142=CARTESIAN_POINT('Ctrl Pts',(62.6418572887387,15.5716793150926,-65.0717872513899));
#10143=CARTESIAN_POINT('Ctrl Pts',(64.1576695333153,15.5716793150926,-65.0337556854154));
#10144=CARTESIAN_POINT('Ctrl Pts',(65.4279661684928,15.5716793150926,-64.9459622970322));
#10145=CARTESIAN_POINT('Ctrl Pts',(66.5526930772603,15.5716793150926,-64.7550188215457));
#10146=CARTESIAN_POINT('',(62.6418572887386,15.5716793150925,-65.071787251385));
#10147=CARTESIAN_POINT('Ctrl Pts',(62.6594573030329,13.31,-66.4859943385025));
#10148=CARTESIAN_POINT('Ctrl Pts',(62.6594573030329,13.3681360701853,-66.4859943385025));
#10149=CARTESIAN_POINT('Ctrl Pts',(62.6594576632524,13.4235928854877,-66.4860232829823));
#10150=CARTESIAN_POINT('Ctrl Pts',(62.6594518399292,13.4771951711569,-66.4855553637185));
#10151=CARTESIAN_POINT('Ctrl Pts',(62.6594489282675,13.5039963139915,-66.4853214040866));
#10152=CARTESIAN_POINT('Ctrl Pts',(62.6594444707202,13.5303338244178,-66.4849632285187));
#10153=CARTESIAN_POINT('Ctrl Pts',(62.6594386418203,13.559770380638,-66.4844948611944));
#10154=CARTESIAN_POINT('Ctrl Pts',(62.6594357273703,13.5744886587482,-66.4842606775322));
#10155=CARTESIAN_POINT('Ctrl Pts',(62.6594324700822,13.5899816983068,-66.4839989459308));
#10156=CARTESIAN_POINT('Ctrl Pts',(62.6594299008113,13.6030726935027,-66.4837924983028));
#10157=CARTESIAN_POINT('Ctrl Pts',(62.6594286161758,13.6096181911007,-66.4836892744888));
#10158=CARTESIAN_POINT('Ctrl Pts',(62.6594275035446,13.615563177608,-66.4835998716682));
#10159=CARTESIAN_POINT('Ctrl Pts',(62.6594222395145,13.639569059618,-66.4831768931076));
#10160=CARTESIAN_POINT('Ctrl Pts',(62.6594169754844,13.6635749416279,-66.482753914547));
#10161=CARTESIAN_POINT('Ctrl Pts',(62.6594075600554,13.7056417191404,-66.4819973602465));
#10162=CARTESIAN_POINT('Ctrl Pts',(62.6593982376715,13.7523272942967,-66.481248282363));
#10163=CARTESIAN_POINT('Ctrl Pts',(62.6593795929036,13.8456984446094,-66.479750126596));
#10164=CARTESIAN_POINT('Ctrl Pts',(62.6593613203162,13.9575447854973,-66.478281876497));
#10165=CARTESIAN_POINT('Ctrl Pts',(62.6593483696855,14.0259777485502,-66.4772412595131));
#10166=CARTESIAN_POINT('Ctrl Pts',(62.6593370378836,14.0858565912215,-66.4763307196522));
#10167=CARTESIAN_POINT('Ctrl Pts',(62.6593297807049,14.1124970664879,-66.4757475863952));
#10168=CARTESIAN_POINT('Ctrl Pts',(62.6593166393904,14.1532221011465,-66.4746916474763));
#10169=CARTESIAN_POINT('Ctrl Pts',(62.6593147620598,14.1590399632406,-66.4745407990594));
#10170=CARTESIAN_POINT('Ctrl Pts',(62.6593127646447,14.1651452653223,-66.4743803015473));
#10171=CARTESIAN_POINT('Ctrl Pts',(62.6593107274274,14.1709181900753,-66.4742166058189));
#10172=CARTESIAN_POINT('Ctrl Pts',(62.6593086902101,14.1766911148283,-66.4740529100905));
#10173=CARTESIAN_POINT('Ctrl Pts',(62.6593066131905,14.1821316622527,-66.4738860161459));
#10174=CARTESIAN_POINT('Ctrl Pts',(62.6593044410338,14.1876010263374,-66.4737114776837));
#10175=CARTESIAN_POINT('Ctrl Pts',(62.6592979245636,14.2040091185915,-66.4731878622973));
#10176=CARTESIAN_POINT('Ctrl Pts',(62.6592905518592,14.2206765607883,-66.4725954462533));
#10177=CARTESIAN_POINT('Ctrl Pts',(62.6592822019653,14.2369639726551,-66.4719245104854));
#10178=CARTESIAN_POINT('Ctrl Pts',(62.6592766353694,14.2478222472329,-66.4714772199735));
#10179=CARTESIAN_POINT('Ctrl Pts',(62.659270634467,14.2585116194418,-66.4709950318066));
#10180=CARTESIAN_POINT('Ctrl Pts',(62.6592640973247,14.2691633063979,-66.4704697553583));
#10181=CARTESIAN_POINT('Ctrl Pts',(62.6592575601824,14.279814993354,-66.4699444789099));
#10182=CARTESIAN_POINT('Ctrl Pts',(62.6592504868001,14.2904289950574,-66.4693761141802));
#10183=CARTESIAN_POINT('Ctrl Pts',(62.6592428697849,14.3009589260091,-66.4687640671236));
#10184=CARTESIAN_POINT('Ctrl Pts',(62.6592124017239,14.3430786498159,-66.4663158788972));
#10185=CARTESIAN_POINT('Ctrl Pts',(62.6591732355356,14.3838532415956,-66.4631687734405));
#10186=CARTESIAN_POINT('Ctrl Pts',(62.6591204755247,14.4237698942125,-66.4589293688631));
#10187=CARTESIAN_POINT('Ctrl Pts',(62.6589094354814,14.58343650468,-66.4419717505534));
#10188=CARTESIAN_POINT('Ctrl Pts',(62.6584808942778,14.7293760885415,-66.4075373463125));
#10189=CARTESIAN_POINT('Ctrl Pts',(62.6576399827927,14.8639072677278,-66.3399679136008));
#10190=CARTESIAN_POINT('Ctrl Pts',(62.6572195270501,14.9311728573209,-66.3061831972449));
#10191=CARTESIAN_POINT('Ctrl Pts',(62.6566959787371,14.9955863457452,-66.2641147237713));
#10192=CARTESIAN_POINT('Ctrl Pts',(62.6561183807505,15.0526722699398,-66.2177032179428));
#10193=CARTESIAN_POINT('Ctrl Pts',(62.6555407827639,15.1097581941345,-66.1712917121143));
#10194=CARTESIAN_POINT('Ctrl Pts',(62.6549091351036,15.1595165540996,-66.1205371739309));
#10195=CARTESIAN_POINT('Ctrl Pts',(62.6542523052443,15.2043673253615,-66.0677591803197));
#10196=CARTESIAN_POINT('Ctrl Pts',(62.6536953979814,15.2423950122972,-66.0230102281463));
#10197=CARTESIAN_POINT('Ctrl Pts',(62.6531613146824,15.274262751733,-65.980095241042));
#10198=CARTESIAN_POINT('Ctrl Pts',(62.6525643300587,15.3057994878051,-65.9321259683147));
#10199=CARTESIAN_POINT('Ctrl Pts',(62.651967345435,15.3373362238772,-65.8841566955874));
#10200=CARTESIAN_POINT('Ctrl Pts',(62.6513074594866,15.3685419565855,-65.8311331372371));
#10201=CARTESIAN_POINT('Ctrl Pts',(62.6505556112486,15.3983926779122,-65.7707201688856));
#10202=CARTESIAN_POINT('Ctrl Pts',(62.6494278388916,15.4431687599021,-65.6801007163583));
#10203=CARTESIAN_POINT('Ctrl Pts',(62.6480931513831,15.4848960662833,-65.5728550913282));
#10204=CARTESIAN_POINT('Ctrl Pts',(62.6466024971797,15.514913422321,-65.4530771352724));
#10205=CARTESIAN_POINT('Ctrl Pts',(62.6451118429763,15.5449307783587,-65.3332991792166));
#10206=CARTESIAN_POINT('Ctrl Pts',(62.6434652220779,15.5632381840529,-65.2009888921351));
#10207=CARTESIAN_POINT('Ctrl Pts',(62.6418572887387,15.5716793150926,-65.0717872513899));
#10208=CARTESIAN_POINT('Ctrl Pts',(62.6418572887387,15.5716793150926,-65.0717872513899));
#10209=CARTESIAN_POINT('Ctrl Pts',(64.1576695333153,15.5716793150926,-65.0337556854154));
#10210=CARTESIAN_POINT('Ctrl Pts',(65.4279661684928,15.5716793150926,-64.9459622970322));
#10211=CARTESIAN_POINT('Ctrl Pts',(66.5526930772603,15.5716793150926,-64.7550188215457));
#10212=CARTESIAN_POINT('Origin',(14.9205426969707,13.02,-66.4859943385017));
#10213=CARTESIAN_POINT('',(14.9205426969707,13.31,-66.4859943385017));
#10214=CARTESIAN_POINT('',(14.9205426969707,13.02,-66.4859943385017));
#10215=CARTESIAN_POINT('Origin',(14.9295028526199,12.31,-65.7660224447782));
#10216=CARTESIAN_POINT('',(14.9295028526164,13.02,-65.7660224447781));
#10217=CARTESIAN_POINT('',(14.9295028526164,12.31,-65.7660224447781));
#10218=CARTESIAN_POINT('Origin',(14.9419480185684,14.5716793150925,-64.766020877111));
#10219=CARTESIAN_POINT('',(14.941948018277,12.31,-64.7660208770999));
#10220=CARTESIAN_POINT('Ctrl Pts',(14.9205426969707,13.31,-66.4859943385017));
#10221=CARTESIAN_POINT('Ctrl Pts',(161.222277707287,13.31,-66.485994338504));
#10222=CARTESIAN_POINT('Ctrl Pts',(14.9205426969707,13.462587742597,-66.4859943385017));
#10223=CARTESIAN_POINT('Ctrl Pts',(161.222277707287,13.462587742597,-66.485994338504));
#10224=CARTESIAN_POINT('Ctrl Pts',(14.9205117026004,14.1101547971506,-66.4884848170557));
#10225=CARTESIAN_POINT('Ctrl Pts',(161.222246712916,14.1101547971506,-66.488484817058));
#10226=CARTESIAN_POINT('Ctrl Pts',(14.9210220327961,14.5329620745154,-66.4474784538007));
#10227=CARTESIAN_POINT('Ctrl Pts',(161.222757043112,14.5329620745154,-66.447478453803));
#10228=CARTESIAN_POINT('Ctrl Pts',(14.9213195482481,14.6646125297571,-66.4235723106729));
#10229=CARTESIAN_POINT('Ctrl Pts',(161.223054558564,14.6646125297571,-66.4235723106752));
#10230=CARTESIAN_POINT('Ctrl Pts',(14.9225601922977,14.908274615377,-66.3238833230227));
#10231=CARTESIAN_POINT('Ctrl Pts',(161.224295202614,14.908274615377,-66.323883323025));
#10232=CARTESIAN_POINT('Ctrl Pts',(14.9234293612513,15.0220887553027,-66.2540433289446));
#10233=CARTESIAN_POINT('Ctrl Pts',(161.225164371567,15.0220887553027,-66.2540433289469));
#10234=CARTESIAN_POINT('Ctrl Pts',(14.9262967015948,15.2549512472253,-66.0236450481669));
#10235=CARTESIAN_POINT('Ctrl Pts',(161.228031711911,15.2549512472253,-66.0236450481692));
#10236=CARTESIAN_POINT('Ctrl Pts',(14.92829013898,15.3626963266253,-65.8634671508734));
#10237=CARTESIAN_POINT('Ctrl Pts',(161.230025149296,15.3626963266253,-65.8634671508757));
#10238=CARTESIAN_POINT('Ctrl Pts',(14.933274765035,15.5308183849613,-65.4629394367493));
#10239=CARTESIAN_POINT('Ctrl Pts',(161.235009775351,15.5308183849613,-65.4629394367517));
#10240=CARTESIAN_POINT('Ctrl Pts',(14.93585403035,15.5596644790068,-65.2556887366595));
#10241=CARTESIAN_POINT('Ctrl Pts',(161.237589040666,15.5596644790068,-65.2556887366619));
#10242=CARTESIAN_POINT('Ctrl Pts',(14.9381427112645,15.5716793150926,-65.0717872513891));
#10243=CARTESIAN_POINT('Ctrl Pts',(161.23987772158,15.5716793150926,-65.0717872513915));
#10244=CARTESIAN_POINT('',(14.9381427111356,15.5716793150925,-65.0717872513843));
#10245=CARTESIAN_POINT('Ctrl Pts',(1.4139816118761,13.02,-52.2911113033856));
#10246=CARTESIAN_POINT('Ctrl Pts',(1.43399565431779,13.02,-54.0212969978428));
#10247=CARTESIAN_POINT('Ctrl Pts',(1.48430732802079,13.02,-55.2780125567242));
#10248=CARTESIAN_POINT('Ctrl Pts',(1.60634640696504,13.02,-56.327401437981));
#10249=CARTESIAN_POINT('Ctrl Pts',(1.4139816118761,13.1166666666667,-52.2911113033856));
#10250=CARTESIAN_POINT('Ctrl Pts',(1.43399565431779,13.1166666666667,-54.0212969978428));
#10251=CARTESIAN_POINT('Ctrl Pts',(1.48430732802079,13.1166666666667,-55.2780125567242));
#10252=CARTESIAN_POINT('Ctrl Pts',(1.60634640696504,13.1166666666667,-56.327401437981));
#10253=CARTESIAN_POINT('Ctrl Pts',(1.4139816118761,13.2133333333333,-52.2911113033856));
#10254=CARTESIAN_POINT('Ctrl Pts',(1.43399565431779,13.2133333333333,-54.0212969978428));
#10255=CARTESIAN_POINT('Ctrl Pts',(1.48430732802079,13.2133333333333,-55.2780125567242));
#10256=CARTESIAN_POINT('Ctrl Pts',(1.60634640696504,13.2133333333333,-56.327401437981));
#10257=CARTESIAN_POINT('Ctrl Pts',(1.4139816118761,13.31,-52.2911113033856));
#10258=CARTESIAN_POINT('Ctrl Pts',(1.43399565431779,13.31,-54.0212969978428));
#10259=CARTESIAN_POINT('Ctrl Pts',(1.48430732802079,13.31,-55.2780125567242));
#10260=CARTESIAN_POINT('Ctrl Pts',(1.60634640696504,13.31,-56.327401437981));
#10261=CARTESIAN_POINT('',(1.4139816118761,13.02,-52.2911113033856));
#10262=CARTESIAN_POINT('Ctrl Pts',(1.4139816118761,13.02,-52.2911113033856));
#10263=CARTESIAN_POINT('Ctrl Pts',(1.43399565431779,13.02,-54.0212969978428));
#10264=CARTESIAN_POINT('Ctrl Pts',(1.48430732802079,13.02,-55.2780125567242));
#10265=CARTESIAN_POINT('Ctrl Pts',(1.60634640696504,13.02,-56.327401437981));
#10266=CARTESIAN_POINT('',(1.4139816118761,13.31,-52.2911113033856));
#10267=CARTESIAN_POINT('',(1.4139816118761,13.01,-52.2911113033856));
#10268=CARTESIAN_POINT('Ctrl Pts',(1.4139816118761,13.31,-52.2911113033856));
#10269=CARTESIAN_POINT('Ctrl Pts',(1.43399565431779,13.31,-54.0212969978428));
#10270=CARTESIAN_POINT('Ctrl Pts',(1.48430732802079,13.31,-55.2780125567242));
#10271=CARTESIAN_POINT('Ctrl Pts',(1.60634640696504,13.31,-56.327401437981));
#10272=CARTESIAN_POINT('Origin',(2.13395347008688,13.02,-52.2869445945322));
#10273=CARTESIAN_POINT('',(1.41420612454541,13.02,-33.95));
#10274=CARTESIAN_POINT('',(2.13395347008688,13.02,-52.2869445945322));
#10275=CARTESIAN_POINT('',(2.1341779317517,13.02,-33.95));
#10276=CARTESIAN_POINT('Ctrl Pts',(2.13395347008688,13.02,-52.2869445945322));
#10277=CARTESIAN_POINT('Ctrl Pts',(2.15390922389341,13.02,-54.0070585084921));
#10278=CARTESIAN_POINT('Ctrl Pts',(2.20472060055736,13.02,-55.2422151566268));
#10279=CARTESIAN_POINT('Ctrl Pts',(2.3219696792217,13.02,-56.2482802001063));
#10280=CARTESIAN_POINT('Ctrl Pts',(2.13395347008688,12.31,-52.2869445945322));
#10281=CARTESIAN_POINT('Ctrl Pts',(2.15390922389341,12.31,-54.0070585084921));
#10282=CARTESIAN_POINT('Ctrl Pts',(2.20472060055736,12.31,-55.2422151566268));
#10283=CARTESIAN_POINT('Ctrl Pts',(2.3219696792217,12.31,-56.2482802001063));
#10284=CARTESIAN_POINT('Ctrl Pts',(2.13395347008688,12.5466666666667,-52.2869445945322));
#10285=CARTESIAN_POINT('Ctrl Pts',(2.15390922389341,12.5466666666667,-54.0070585084921));
#10286=CARTESIAN_POINT('Ctrl Pts',(2.20472060055736,12.5466666666667,-55.2422151566268));
#10287=CARTESIAN_POINT('Ctrl Pts',(2.3219696792217,12.5466666666667,-56.2482802001063));
#10288=CARTESIAN_POINT('Ctrl Pts',(2.13395347008688,12.7833333333333,-52.2869445945322));
#10289=CARTESIAN_POINT('Ctrl Pts',(2.15390922389341,12.7833333333333,-54.0070585084921));
#10290=CARTESIAN_POINT('Ctrl Pts',(2.20472060055736,12.7833333333333,-55.2422151566268));
#10291=CARTESIAN_POINT('Ctrl Pts',(2.3219696792217,12.7833333333333,-56.2482802001063));
#10292=CARTESIAN_POINT('Ctrl Pts',(2.13395347008688,13.02,-52.2869445945322));
#10293=CARTESIAN_POINT('Ctrl Pts',(2.15390922389341,13.02,-54.0070585084921));
#10294=CARTESIAN_POINT('Ctrl Pts',(2.20472060055736,13.02,-55.2422151566268));
#10295=CARTESIAN_POINT('Ctrl Pts',(2.3219696792217,13.02,-56.2482802001063));
#10296=CARTESIAN_POINT('',(2.13395347008688,12.31,-52.2869445945322));
#10297=CARTESIAN_POINT('Ctrl Pts',(2.13395347008688,12.31,-52.2869445945322));
#10298=CARTESIAN_POINT('Ctrl Pts',(2.15390922389341,12.31,-54.0070585084921));
#10299=CARTESIAN_POINT('Ctrl Pts',(2.20472060055736,12.31,-55.2422151566268));
#10300=CARTESIAN_POINT('Ctrl Pts',(2.3219696792217,12.31,-56.2482802001063));
#10301=CARTESIAN_POINT('',(2.13395347008688,12.655,-52.2869445945322));
#10302=CARTESIAN_POINT('Origin',(3.13395354092922,12.31,-52.2811572722903));
#10303=CARTESIAN_POINT('',(2.1341779317517,12.31,-33.95));
#10304=CARTESIAN_POINT('',(3.13395354092922,12.31,-52.2811572722903));
#10305=CARTESIAN_POINT('',(3.1341779317517,12.31,-33.95));
#10306=CARTESIAN_POINT('Ctrl Pts',(3.13395354092922,12.31,-52.2811572722903));
#10307=CARTESIAN_POINT('Ctrl Pts',(3.15382833512791,12.31,-53.9872820544584));
#10308=CARTESIAN_POINT('Ctrl Pts',(3.20533377085911,12.31,-55.1924945984895));
#10309=CARTESIAN_POINT('Ctrl Pts',(3.31592981084614,12.31,-56.1383852888295));
#10310=CARTESIAN_POINT('Ctrl Pts',(3.13395354092922,14.5716793150925,-52.2811572722903));
#10311=CARTESIAN_POINT('Ctrl Pts',(3.15382833512791,14.5716793150925,-53.9872820544584));
#10312=CARTESIAN_POINT('Ctrl Pts',(3.20533377085911,14.5716793150925,-55.1924945984895));
#10313=CARTESIAN_POINT('Ctrl Pts',(3.31592981084614,14.5716793150925,-56.1383852888295));
#10314=CARTESIAN_POINT('Ctrl Pts',(3.13395354092922,13.8177862100617,-52.2811572722903));
#10315=CARTESIAN_POINT('Ctrl Pts',(3.15382833512791,13.8177862100617,-53.9872820544584));
#10316=CARTESIAN_POINT('Ctrl Pts',(3.20533377085911,13.8177862100617,-55.1924945984895));
#10317=CARTESIAN_POINT('Ctrl Pts',(3.31592981084614,13.8177862100617,-56.1383852888295));
#10318=CARTESIAN_POINT('Ctrl Pts',(3.13395354092922,13.0638931050308,-52.2811572722903));
#10319=CARTESIAN_POINT('Ctrl Pts',(3.15382833512791,13.0638931050308,-53.9872820544584));
#10320=CARTESIAN_POINT('Ctrl Pts',(3.20533377085911,13.0638931050308,-55.1924945984895));
#10321=CARTESIAN_POINT('Ctrl Pts',(3.31592981084614,13.0638931050308,-56.1383852888295));
#10322=CARTESIAN_POINT('Ctrl Pts',(3.13395354092922,12.31,-52.2811572722903));
#10323=CARTESIAN_POINT('Ctrl Pts',(3.15382833512791,12.31,-53.9872820544584));
#10324=CARTESIAN_POINT('Ctrl Pts',(3.20533377085911,12.31,-55.1924945984895));
#10325=CARTESIAN_POINT('Ctrl Pts',(3.31592981084614,12.31,-56.1383852888295));
#10326=CARTESIAN_POINT('',(3.13395354092922,13.7858396575463,-52.2811572722903));
#10327=CARTESIAN_POINT('Origin',(5.82818804913422,14.5716793150925,-52.2655648701005));
#10328=CARTESIAN_POINT('Origin',(2.82818783660721,15.5716793150925,-52.2829268368263));
#10329=CARTESIAN_POINT('',(2.82818783660721,15.5716793150925,-52.2829268368264));
#10330=CARTESIAN_POINT('',(2.82841224909085,15.5716793150925,-33.95));
#10331=CARTESIAN_POINT('Ctrl Pts',(2.82818783660721,15.5716793150925,-52.2829268368264));
#10332=CARTESIAN_POINT('Ctrl Pts',(2.84808738547566,15.5716793150925,-53.9933290154266));
#10333=CARTESIAN_POINT('Ctrl Pts',(2.89938060176235,15.5716793150925,-55.2076974388906));
#10334=CARTESIAN_POINT('Ctrl Pts',(3.01201091266232,15.5716793150925,-56.171987381397));
#10335=CARTESIAN_POINT('Ctrl Pts',(1.41398161187611,13.31,-52.2911113033856));
#10336=CARTESIAN_POINT('Ctrl Pts',(1.4339956543178,13.31,-54.0212969978428));
#10337=CARTESIAN_POINT('Ctrl Pts',(1.4843073280208,13.31,-55.2780125567242));
#10338=CARTESIAN_POINT('Ctrl Pts',(1.60634640696505,13.31,-56.327401437981));
#10339=CARTESIAN_POINT('Ctrl Pts',(1.41398161187611,13.4425940665714,-52.2911113033856));
#10340=CARTESIAN_POINT('Ctrl Pts',(1.43399569276687,13.4425940665714,-54.0213036415162));
#10341=CARTESIAN_POINT('Ctrl Pts',(1.48430416838111,13.4425940665714,-55.2779839789143));
#10342=CARTESIAN_POINT('Ctrl Pts',(1.60634640696505,13.4425940665714,-56.327401437981));
#10343=CARTESIAN_POINT('Ctrl Pts',(1.41958716702787,13.7084702907994,-52.2910788622339));
#10344=CARTESIAN_POINT('Ctrl Pts',(1.43960071807952,13.7084702907994,-54.0211796486711));
#10345=CARTESIAN_POINT('Ctrl Pts',(1.48991940704906,13.7084702907994,-55.2777617672533));
#10346=CARTESIAN_POINT('Ctrl Pts',(1.6119181049068,13.7084702907994,-56.3267854160385));
#10347=CARTESIAN_POINT('Ctrl Pts',(1.42292967422059,14.1056589652516,-52.2910595180691));
#10348=CARTESIAN_POINT('Ctrl Pts',(1.4429429419703,14.1056589652516,-54.0211113523408));
#10349=CARTESIAN_POINT('Ctrl Pts',(1.49326500667956,14.1056589652516,-55.2776050108472));
#10350=CARTESIAN_POINT('Ctrl Pts',(1.61524042356067,14.1056589652516,-56.3264180915332));
#10351=CARTESIAN_POINT('Ctrl Pts',(1.43609283616649,14.5043056596501,-52.2909833386145));
#10352=CARTESIAN_POINT('Ctrl Pts',(1.4561050153105,14.5043056596501,-54.0208470710779));
#10353=CARTESIAN_POINT('Ctrl Pts',(1.50643812256598,14.5043056596501,-55.2769675677457));
#10354=CARTESIAN_POINT('Ctrl Pts',(1.62832408081414,14.5043056596501,-56.3249715271215));
#10355=CARTESIAN_POINT('Ctrl Pts',(1.52201564293934,14.8271207107661,-52.2904860756791));
#10356=CARTESIAN_POINT('Ctrl Pts',(1.54202082426184,14.8271207107661,-54.0191406440927));
#10357=CARTESIAN_POINT('Ctrl Pts',(1.59241702263678,14.8271207107661,-55.2727263172278));
#10358=CARTESIAN_POINT('Ctrl Pts',(1.71372791909341,14.8271207107661,-56.3155290485635));
#10359=CARTESIAN_POINT('Ctrl Pts',(1.68865187763502,15.0743365734114,-52.28952169816));
#10360=CARTESIAN_POINT('Ctrl Pts',(1.70864356763815,15.0743365734114,-54.0158450813092));
#10361=CARTESIAN_POINT('Ctrl Pts',(1.75915546432395,15.0743365734114,-55.264441454833));
#10362=CARTESIAN_POINT('Ctrl Pts',(1.87935768113134,15.0743365734114,-56.2972165756334));
#10363=CARTESIAN_POINT('Ctrl Pts',(1.9339475944517,15.3097290021936,-52.2881020929028));
#10364=CARTESIAN_POINT('Ctrl Pts',(1.95391937483186,15.3097290021936,-54.0109852625045));
#10365=CARTESIAN_POINT('Ctrl Pts',(2.004605728273,15.3097290021936,-55.2522828095463));
#10366=CARTESIAN_POINT('Ctrl Pts',(2.12317182683299,15.3097290021936,-56.2702598265069));
#10367=CARTESIAN_POINT('Ctrl Pts',(2.37157857100802,15.526517190772,-52.2855693815978));
#10368=CARTESIAN_POINT('Ctrl Pts',(2.39151526620434,15.526517190772,-54.0023901297792));
#10369=CARTESIAN_POINT('Ctrl Pts',(2.44247664476486,15.526517190772,-55.2302669458751));
#10370=CARTESIAN_POINT('Ctrl Pts',(2.55815953907831,15.526517190772,-56.2221664125734));
#10371=CARTESIAN_POINT('Ctrl Pts',(2.68629257015294,15.5624088539351,-52.2837480303998));
#10372=CARTESIAN_POINT('Ctrl Pts',(2.70620348792315,15.5624088539351,-53.9961146585485));
#10373=CARTESIAN_POINT('Ctrl Pts',(2.75740810884531,15.5624088539351,-55.2148409113435));
#10374=CARTESIAN_POINT('Ctrl Pts',(2.87097268493203,15.5624088539351,-56.1875809480099));
#10375=CARTESIAN_POINT('Ctrl Pts',(2.82818783660721,15.5716793150925,-52.2829268368264));
#10376=CARTESIAN_POINT('Ctrl Pts',(2.84808738547566,15.5716793150925,-53.9933290154266));
#10377=CARTESIAN_POINT('Ctrl Pts',(2.89938060176235,15.5716793150925,-55.2076974388906));
#10378=CARTESIAN_POINT('Ctrl Pts',(3.01201091266232,15.5716793150925,-56.171987381397));
#10379=CARTESIAN_POINT('Ctrl Pts',(1.41398161187611,13.31,-52.2911113033856));
#10380=CARTESIAN_POINT('Ctrl Pts',(1.41398161187611,13.4425940665714,-52.2911113033856));
#10381=CARTESIAN_POINT('Ctrl Pts',(1.41678438945199,13.5755321786854,-52.2910950828098));
#10382=CARTESIAN_POINT('Ctrl Pts',(1.41874286277205,13.7081993471511,-52.2910837484944));
#10383=CARTESIAN_POINT('Ctrl Pts',(1.42070133609211,13.8408665156168,-52.291072414179));
#10384=CARTESIAN_POINT('Ctrl Pts',(1.42181550515635,13.9732627404342,-52.291065966124));
#10385=CARTESIAN_POINT('Ctrl Pts',(1.42456645001278,14.105901968576,-52.2910500455208));
#10386=CARTESIAN_POINT('Ctrl Pts',(1.42731739486922,14.2385411967178,-52.2910341249176));
#10387=CARTESIAN_POINT('Ctrl Pts',(1.43170511551786,14.3714234281839,-52.2910087317661));
#10388=CARTESIAN_POINT('Ctrl Pts',(1.45108353719674,14.5024275541402,-52.2908965826032));
#10389=CARTESIAN_POINT('Ctrl Pts',(1.47046195887563,14.6334316800965,-52.2907844334404));
#10390=CARTESIAN_POINT('Ctrl Pts',(1.50483108158477,14.7625577005429,-52.2905855282662));
#10391=CARTESIAN_POINT('Ctrl Pts',(1.57183286738637,14.8880049949068,-52.2901977673684));
#10392=CARTESIAN_POINT('Ctrl Pts',(1.60533376028718,14.9507286420888,-52.2900038869195));
#10393=CARTESIAN_POINT('Ctrl Pts',(1.6469928189611,15.0125326077501,-52.2897627925398));
#10394=CARTESIAN_POINT('Ctrl Pts',(1.69848431290014,15.0728586441785,-52.2894647946927));
#10395=CARTESIAN_POINT('Ctrl Pts',(1.74997580683919,15.133184680607,-52.2891667968457));
#10396=CARTESIAN_POINT('Ctrl Pts',(1.81129973604336,15.1920327878025,-52.2888118955314));
#10397=CARTESIAN_POINT('Ctrl Pts',(1.88135775394989,15.2457174051715,-52.2884064472349));
#10398=CARTESIAN_POINT('Ctrl Pts',(2.02147378976296,15.3530866399093,-52.2875955506418));
#10399=CARTESIAN_POINT('Ctrl Pts',(2.19652618038549,15.4398019153407,-52.2865824661198));
#10400=CARTESIAN_POINT('Ctrl Pts',(2.36273087548299,15.4921324688471,-52.2856205860593));
#10401=CARTESIAN_POINT('Ctrl Pts',(2.52893557058048,15.5444630223536,-52.2846587059988));
#10402=CARTESIAN_POINT('Ctrl Pts',(2.68629257015293,15.5624088539351,-52.2837480303998));
#10403=CARTESIAN_POINT('Ctrl Pts',(2.82818783660721,15.5716793150925,-52.2829268368264));
#10404=CARTESIAN_POINT('Origin',(1.41420612454541,13.02,-33.95));
#10405=CARTESIAN_POINT('',(1.41420612454541,13.31,-33.95));
#10406=CARTESIAN_POINT('Origin',(2.1341779317517,12.31,-33.95));
#10407=CARTESIAN_POINT('Origin',(3.1341779317517,14.5716793150925,-33.95));
#10408=CARTESIAN_POINT('Ctrl Pts',(1.41420612454541,13.31,-33.95));
#10409=CARTESIAN_POINT('Ctrl Pts',(1.41351042635458,13.31,-90.7836655178337));
#10410=CARTESIAN_POINT('Ctrl Pts',(1.41420612454541,13.3482517626229,-33.95));
#10411=CARTESIAN_POINT('Ctrl Pts',(1.41351042635458,13.3482517626229,-90.7836655178337));
#10412=CARTESIAN_POINT('Ctrl Pts',(1.41451142450773,13.4243191177101,-33.95));
#10413=CARTESIAN_POINT('Ctrl Pts',(1.4138157263169,13.4243191177101,-90.7836655178337));
#10414=CARTESIAN_POINT('Ctrl Pts',(1.4158794472258,13.5371197442242,-33.95));
#10415=CARTESIAN_POINT('Ctrl Pts',(1.41518374903497,13.5371197442242,-90.7836655178337));
#10416=CARTESIAN_POINT('Ctrl Pts',(1.4188985272011,13.6866789241864,-33.95));
#10417=CARTESIAN_POINT('Ctrl Pts',(1.41820282901027,13.6866789241864,-90.7836655178337));
#10418=CARTESIAN_POINT('Ctrl Pts',(1.42205357900345,13.8809447765891,-33.95));
#10419=CARTESIAN_POINT('Ctrl Pts',(1.42135788081261,13.8809447765891,-90.7836655178337));
#10420=CARTESIAN_POINT('Ctrl Pts',(1.42444208734709,14.0891314394407,-33.95));
#10421=CARTESIAN_POINT('Ctrl Pts',(1.42374638915626,14.0891314394407,-90.7836655178337));
#10422=CARTESIAN_POINT('Ctrl Pts',(1.42919713120453,14.3130275536678,-33.95));
#10423=CARTESIAN_POINT('Ctrl Pts',(1.4285014330137,14.3130275536678,-90.7836655178337));
#10424=CARTESIAN_POINT('Ctrl Pts',(1.44963990234204,14.5384662316558,-33.95));
#10425=CARTESIAN_POINT('Ctrl Pts',(1.4489442041512,14.5384662316558,-90.7836655178337));
#10426=CARTESIAN_POINT('Ctrl Pts',(1.50075014777869,14.7455432155242,-33.95));
#10427=CARTESIAN_POINT('Ctrl Pts',(1.50005444958786,14.7455432155242,-90.7836655178337));
#10428=CARTESIAN_POINT('Ctrl Pts',(1.58508585399583,14.9288283731061,-33.95));
#10429=CARTESIAN_POINT('Ctrl Pts',(1.584390155805,14.9288283731061,-90.7836655178337));
#10430=CARTESIAN_POINT('Ctrl Pts',(1.70093999408269,15.0867140086844,-33.95));
#10431=CARTESIAN_POINT('Ctrl Pts',(1.70024429589185,15.0867140086844,-90.7836655178337));
#10432=CARTESIAN_POINT('Ctrl Pts',(1.84262356279349,15.2216603500619,-33.95));
#10433=CARTESIAN_POINT('Ctrl Pts',(1.84192786460265,15.2216603500619,-90.7836655178337));
#10434=CARTESIAN_POINT('Ctrl Pts',(2.00392672914578,15.3360062819194,-33.95));
#10435=CARTESIAN_POINT('Ctrl Pts',(2.00323103095495,15.3360062819194,-90.7836655178337));
#10436=CARTESIAN_POINT('Ctrl Pts',(2.18039473916948,15.4294378300014,-33.95));
#10437=CARTESIAN_POINT('Ctrl Pts',(2.17969904097865,15.4294378300014,-90.7836655178337));
#10438=CARTESIAN_POINT('Ctrl Pts',(2.369055862928,15.5001049056031,-33.95));
#10439=CARTESIAN_POINT('Ctrl Pts',(2.36836016473717,15.5001049056031,-90.7836655178337));
#10440=CARTESIAN_POINT('Ctrl Pts',(2.53822228803676,15.5401931058205,-33.95));
#10441=CARTESIAN_POINT('Ctrl Pts',(2.53752658984592,15.5401931058205,-90.7836655178337));
#10442=CARTESIAN_POINT('Ctrl Pts',(2.6715052219848,15.5588447331348,-33.95));
#10443=CARTESIAN_POINT('Ctrl Pts',(2.67080952379397,15.5588447331348,-90.7836655178337));
#10444=CARTESIAN_POINT('Ctrl Pts',(2.76501324756205,15.567319645385,-33.95));
#10445=CARTESIAN_POINT('Ctrl Pts',(2.76431754937122,15.567319645385,-90.7836655178337));
#10446=CARTESIAN_POINT('Ctrl Pts',(2.81741896391007,15.5709610893686,-33.95));
#10447=CARTESIAN_POINT('Ctrl Pts',(2.81672326571923,15.5709610893686,-90.7836655178337));
#10448=CARTESIAN_POINT('Ctrl Pts',(2.82841224909085,15.5716793150925,-33.95));
#10449=CARTESIAN_POINT('Ctrl Pts',(2.82771655090001,15.5716793150925,-90.7836655178337));
#10450=UNCERTAINTY_MEASURE_WITH_UNIT(LENGTH_MEASURE(0.01),#10454,
'DISTANCE_ACCURACY_VALUE',
'Maximum model space distance between geometric entities at asserted c
onnectivities');
#10451=UNCERTAINTY_MEASURE_WITH_UNIT(LENGTH_MEASURE(0.01),#10454,
'DISTANCE_ACCURACY_VALUE',
'Maximum model space distance between geometric entities at asserted c
onnectivities');
#10452=(
GEOMETRIC_REPRESENTATION_CONTEXT(3)
GLOBAL_UNCERTAINTY_ASSIGNED_CONTEXT((#10450))
GLOBAL_UNIT_ASSIGNED_CONTEXT((#10454,#10455,#10456))
REPRESENTATION_CONTEXT('','3D')
);
#10453=(
GEOMETRIC_REPRESENTATION_CONTEXT(3)
GLOBAL_UNCERTAINTY_ASSIGNED_CONTEXT((#10451))
GLOBAL_UNIT_ASSIGNED_CONTEXT((#10454,#10455,#10456))
REPRESENTATION_CONTEXT('','3D')
);
#10454=(
LENGTH_UNIT()
NAMED_UNIT(*)
SI_UNIT(.MILLI.,.METRE.)
);
#10455=(
NAMED_UNIT(*)
PLANE_ANGLE_UNIT()
SI_UNIT($,.RADIAN.)
);
#10456=(
NAMED_UNIT(*)
SI_UNIT($,.STERADIAN.)
SOLID_ANGLE_UNIT()
);
#10457=SHAPE_DEFINITION_REPRESENTATION(#10458,#10459);
#10458=PRODUCT_DEFINITION_SHAPE('',$,#10461);
#10459=SHAPE_REPRESENTATION('',(#3316),#10452);
#10460=PRODUCT_DEFINITION_CONTEXT('part definition',#10465,'design');
#10461=PRODUCT_DEFINITION('2026-03-03-17-07-34-035','main',#10462,#10460);
#10462=PRODUCT_DEFINITION_FORMATION('',$,#10467);
#10463=PRODUCT_RELATED_PRODUCT_CATEGORY('main','main',(#10467));
#10464=APPLICATION_PROTOCOL_DEFINITION('international standard',
'automotive_design',2009,#10465);
#10465=APPLICATION_CONTEXT(
'Core Data for Automotive Mechanical Design Process');
#10466=PRODUCT_CONTEXT('part definition',#10465,'mechanical');
#10467=PRODUCT('2026-03-03-17-07-34-035','main',$,(#10466));
#10468=PRESENTATION_STYLE_ASSIGNMENT((#10472));
#10469=PRESENTATION_STYLE_ASSIGNMENT((#10473));
#10470=PRESENTATION_STYLE_ASSIGNMENT((#10474));
#10471=PRESENTATION_STYLE_ASSIGNMENT((#10475));
#10472=SURFACE_STYLE_USAGE(.BOTH.,#10476);
#10473=SURFACE_STYLE_USAGE(.BOTH.,#10477);
#10474=SURFACE_STYLE_USAGE(.BOTH.,#10478);
#10475=SURFACE_STYLE_USAGE(.BOTH.,#10479);
#10476=SURFACE_SIDE_STYLE('',(#10480));
#10477=SURFACE_SIDE_STYLE('',(#10481));
#10478=SURFACE_SIDE_STYLE('',(#10482));
#10479=SURFACE_SIDE_STYLE('',(#10483));
#10480=SURFACE_STYLE_FILL_AREA(#10484);
#10481=SURFACE_STYLE_FILL_AREA(#10485);
#10482=SURFACE_STYLE_FILL_AREA(#10486);
#10483=SURFACE_STYLE_FILL_AREA(#10487);
#10484=FILL_AREA_STYLE('Opaque(255,191,0)',(#10488));
#10485=FILL_AREA_STYLE('Steel - Satin',(#10489));
#10486=FILL_AREA_STYLE('Opaque(120,110,70)',(#10490));
#10487=FILL_AREA_STYLE('SemiTransparent(0,128,0)',(#10491));
#10488=FILL_AREA_STYLE_COLOUR('Opaque(255,191,0)',#10492);
#10489=FILL_AREA_STYLE_COLOUR('Steel - Satin',#10493);
#10490=FILL_AREA_STYLE_COLOUR('Opaque(120,110,70)',#10494);
#10491=FILL_AREA_STYLE_COLOUR('SemiTransparent(0,128,0)',#10495);
#10492=COLOUR_RGB('Opaque(255,191,0)',1.,0.749019607843137,0.);
#10493=COLOUR_RGB('Steel - Satin',0.627450980392157,0.627450980392157,0.627450980392157);
#10494=COLOUR_RGB('Opaque(120,110,70)',0.470588235294118,0.431372549019608,
0.274509803921569);
#10495=COLOUR_RGB('SemiTransparent(0,128,0)',0.,0.501960784313725,0.);
ENDSEC;
END-ISO-10303-21;
