ISO-10303-21;
HEADER;
/* Generated by software containing ST-Developer
 * from STEP Tools, Inc. (www.steptools.com) 
 */

FILE_DESCRIPTION(
/* description */ (''),
/* implementation_level */ '2;1');

FILE_NAME(
/* name */ 'enclosure-body.step',
/* time_stamp */ '2026-09-03T14:32:04+02:00',
/* author */ (''),
/* organization */ (''),
/* preprocessor_version */ 'ST-DEVELOPER v20.1',
/* originating_system */ 'Autodesk Translation Framework v15.8.0.0',
/* authorisation */ '');

FILE_SCHEMA (('AUTOMOTIVE_DESIGN { 1 0 10303 214 3 1 1 }'));
ENDSEC;

DATA;
#10=MECHANICAL_DESIGN_GEOMETRIC_PRESENTATION_REPRESENTATION('',(#13),#8858);
#11=SHAPE_REPRESENTATION_RELATIONSHIP('SRR','None',#8864,#12);
#12=ADVANCED_BREP_SHAPE_REPRESENTATION('',(#14),#8857);
#13=STYLED_ITEM('',(#8874),#14);
#14=MANIFOLD_SOLID_BREP('Iphone',#2997);
#15=(
BOUNDED_SURFACE()
B_SPLINE_SURFACE(5,1,((#4649,#4650),(#4651,#4652),(#4653,#4654),(#4655,
#4656),(#4657,#4658),(#4659,#4660),(#4661,#4662),(#4663,#4664),(#4665,#4666),
(#4667,#4668),(#4669,#4670),(#4671,#4672),(#4673,#4674),(#4675,#4676),(#4677,
#4678),(#4679,#4680),(#4681,#4682),(#4683,#4684),(#4685,#4686),(#4687,#4688),
(#4689,#4690),(#4691,#4692),(#4693,#4694),(#4695,#4696),(#4697,#4698),(#4699,
#4700),(#4701,#4702),(#4703,#4704),(#4705,#4706),(#4707,#4708)),
 .UNSPECIFIED.,.F.,.F.,.F.)
B_SPLINE_SURFACE_WITH_KNOTS((6,1,1,1,1,1,1,1,1,1,1,1,1,1,1,1,1,1,1,1,1,
1,1,1,1,6),(2,2),(0.,0.04,0.08,0.12,0.16,0.2,0.24,0.28,0.32,0.36,0.4,0.44,
0.48,0.52,0.56,0.6,0.64,0.68,0.72,0.76,0.8,0.84,0.88,0.92,0.96,1.),(0.,
4.77818504468267),.UNSPECIFIED.)
GEOMETRIC_REPRESENTATION_ITEM()
RATIONAL_B_SPLINE_SURFACE(((1.,1.),(1.,1.),(1.,1.),(1.,1.),(1.,1.),(1.,
1.),(1.,1.),(1.,1.),(1.,1.),(1.,1.),(1.,1.),(1.,1.),(1.,1.),(1.,1.),(1.,
1.),(1.,1.),(1.,1.),(1.,1.),(1.,1.),(1.,1.),(1.,1.),(1.,1.),(1.,1.),(1.,
1.),(1.,1.),(1.,1.),(1.,1.),(1.,1.),(1.,1.),(1.,1.)))
REPRESENTATION_ITEM('')
SURFACE()
);
#16=(
BOUNDED_SURFACE()
B_SPLINE_SURFACE(5,1,((#5671,#5672),(#5673,#5674),(#5675,#5676),(#5677,
#5678),(#5679,#5680),(#5681,#5682),(#5683,#5684),(#5685,#5686),(#5687,#5688),
(#5689,#5690),(#5691,#5692),(#5693,#5694),(#5695,#5696),(#5697,#5698),(#5699,
#5700),(#5701,#5702),(#5703,#5704),(#5705,#5706),(#5707,#5708),(#5709,#5710),
(#5711,#5712),(#5713,#5714),(#5715,#5716),(#5717,#5718),(#5719,#5720),(#5721,
#5722),(#5723,#5724),(#5725,#5726),(#5727,#5728),(#5729,#5730)),
 .UNSPECIFIED.,.F.,.F.,.F.)
B_SPLINE_SURFACE_WITH_KNOTS((6,1,1,1,1,1,1,1,1,1,1,1,1,1,1,1,1,1,1,1,1,
1,1,1,1,6),(2,2),(0.,0.04,0.08,0.12,0.16,0.2,0.24,0.28,0.32,0.36,0.4,0.44,
0.48,0.52,0.56,0.6,0.64,0.68,0.72,0.76,0.8,0.84,0.88,0.92,0.96,1.),(0.,
3.67198652284382),.UNSPECIFIED.)
GEOMETRIC_REPRESENTATION_ITEM()
RATIONAL_B_SPLINE_SURFACE(((1.,1.),(1.,1.),(1.,1.),(1.,1.),(1.,1.),(1.,
1.),(1.,1.),(1.,1.),(1.,1.),(1.,1.),(1.,1.),(1.,1.),(1.,1.),(1.,1.),(1.,
1.),(1.,1.),(1.,1.),(1.,1.),(1.,1.),(1.,1.),(1.,1.),(1.,1.),(1.,1.),(1.,
1.),(1.,1.),(1.,1.),(1.,1.),(1.,1.),(1.,1.),(1.,1.)))
REPRESENTATION_ITEM('')
SURFACE()
);
#17=(
BOUNDED_SURFACE()
B_SPLINE_SURFACE(5,1,((#6022,#6023),(#6024,#6025),(#6026,#6027),(#6028,
#6029),(#6030,#6031),(#6032,#6033),(#6034,#6035),(#6036,#6037),(#6038,#6039),
(#6040,#6041),(#6042,#6043),(#6044,#6045),(#6046,#6047),(#6048,#6049),(#6050,
#6051),(#6052,#6053),(#6054,#6055),(#6056,#6057),(#6058,#6059),(#6060,#6061),
(#6062,#6063),(#6064,#6065),(#6066,#6067),(#6068,#6069),(#6070,#6071),(#6072,
#6073),(#6074,#6075),(#6076,#6077),(#6078,#6079),(#6080,#6081),(#6082,#6083),
(#6084,#6085),(#6086,#6087),(#6088,#6089),(#6090,#6091),(#6092,#6093),(#6094,
#6095),(#6096,#6097),(#6098,#6099),(#6100,#6101),(#6102,#6103),(#6104,#6105),
(#6106,#6107),(#6108,#6109),(#6110,#6111),(#6112,#6113),(#6114,#6115),(#6116,
#6117),(#6118,#6119),(#6120,#6121),(#6122,#6123),(#6124,#6125),(#6126,#6127),
(#6128,#6129),(#6130,#6131),(#6132,#6133),(#6134,#6135),(#6136,#6137)),
 .UNSPECIFIED.,.F.,.F.,.F.)
B_SPLINE_SURFACE_WITH_KNOTS((6,1,1,1,1,1,1,1,1,1,1,1,1,1,1,1,1,1,1,1,1,
1,1,1,1,1,1,1,1,1,1,1,1,1,1,1,1,1,1,1,1,1,1,1,1,1,1,1,1,1,1,1,1,6),(2,2),
(0.419039393768183,0.422222222222222,0.433333333333333,0.444444444444445,
0.455555555555556,0.466666666666667,0.477777777777778,0.488888888888889,
0.5,0.511111111111111,0.522222222222222,0.533333333333333,0.544444444444445,
0.555555555555556,0.566666666666667,0.577777777777778,0.588888888888889,
0.6,0.611111111111111,0.622222222222222,0.633333333333333,0.644444444444444,
0.655555555555555,0.666666666666666,0.677777777777777,0.688888888888888,
0.7,0.711111111111111,0.722222222222222,0.733333333333333,0.744444444444444,
0.755555555555555,0.766666666666666,0.777777777777777,0.788888888888888,
0.799999999999999,0.81111111111111,0.822222222222221,0.833333333333332,
0.844444444444443,0.855555555555555,0.866666666666666,0.877777777777777,
0.888888888888888,0.899999999999999,0.91111111111111,0.922222222222221,
0.933333333333332,0.944444444444443,0.955555555555554,0.966666666666665,
0.977777777777776,0.988888888888887,1.),(0.,0.5),.UNSPECIFIED.)
GEOMETRIC_REPRESENTATION_ITEM()
RATIONAL_B_SPLINE_SURFACE(((1.,1.),(1.,1.),(1.,1.),(1.,1.),(1.,1.),(1.,
1.),(1.,1.),(1.,1.),(1.,1.),(1.,1.),(1.,1.),(1.,1.),(1.,1.),(1.,1.),(1.,
1.),(1.,1.),(1.,1.),(1.,1.),(1.,1.),(1.,1.),(1.,1.),(1.,1.),(1.,1.),(1.,
1.),(1.,1.),(1.,1.),(1.,1.),(1.,1.),(1.,1.),(1.,1.),(1.,1.),(1.,1.),(1.,
1.),(1.,1.),(1.,1.),(1.,1.),(1.,1.),(1.,1.),(1.,1.),(1.,1.),(1.,1.),(1.,
1.),(1.,1.),(1.,1.),(1.,1.),(1.,1.),(1.,1.),(1.,1.),(1.,1.),(1.,1.),(1.,
1.),(1.,1.),(1.,1.),(1.,1.),(1.,1.),(1.,1.),(1.,1.),(1.,1.)))
REPRESENTATION_ITEM('')
SURFACE()
);
#18=(
BOUNDED_SURFACE()
B_SPLINE_SURFACE(5,1,((#6210,#6211),(#6212,#6213),(#6214,#6215),(#6216,
#6217),(#6218,#6219),(#6220,#6221),(#6222,#6223),(#6224,#6225),(#6226,#6227),
(#6228,#6229),(#6230,#6231),(#6232,#6233),(#6234,#6235),(#6236,#6237),(#6238,
#6239),(#6240,#6241),(#6242,#6243),(#6244,#6245),(#6246,#6247),(#6248,#6249),
(#6250,#6251),(#6252,#6253),(#6254,#6255),(#6256,#6257),(#6258,#6259),(#6260,
#6261),(#6262,#6263),(#6264,#6265),(#6266,#6267),(#6268,#6269),(#6270,#6271),
(#6272,#6273),(#6274,#6275),(#6276,#6277),(#6278,#6279),(#6280,#6281),(#6282,
#6283),(#6284,#6285),(#6286,#6287),(#6288,#6289),(#6290,#6291),(#6292,#6293),
(#6294,#6295),(#6296,#6297),(#6298,#6299),(#6300,#6301),(#6302,#6303),(#6304,
#6305),(#6306,#6307)),.UNSPECIFIED.,.F.,.F.,.F.)
B_SPLINE_SURFACE_WITH_KNOTS((6,1,1,1,1,1,1,1,1,1,1,1,1,1,1,1,1,1,1,1,1,
1,1,1,1,1,1,1,1,1,1,1,1,1,1,1,1,1,1,1,1,1,1,1,6),(2,2),(0.,0.0125,0.025,
0.0375,0.05,0.0625,0.075,0.0875,0.1,0.1125,0.125,0.1375,0.15,0.1625,0.175,
0.1875,0.2,0.2125,0.225,0.2375,0.25,0.2625,0.275,0.2875,0.3,0.3125,0.325,
0.3375,0.35,0.3625,0.375,0.3875,0.4,0.4125,0.425,0.4375,0.45,0.4625,0.475,
0.4875,0.5,0.5125,0.525,0.5375,0.54976280270886),(0.,0.5),.UNSPECIFIED.)
GEOMETRIC_REPRESENTATION_ITEM()
RATIONAL_B_SPLINE_SURFACE(((1.,1.),(1.,1.),(1.,1.),(1.,1.),(1.,1.),(1.,
1.),(1.,1.),(1.,1.),(1.,1.),(1.,1.),(1.,1.),(1.,1.),(1.,1.),(1.,1.),(1.,
1.),(1.,1.),(1.,1.),(1.,1.),(1.,1.),(1.,1.),(1.,1.),(1.,1.),(1.,1.),(1.,
1.),(1.,1.),(1.,1.),(1.,1.),(1.,1.),(1.,1.),(1.,1.),(1.,1.),(1.,1.),(1.,
1.),(1.,1.),(1.,1.),(1.,1.),(1.,1.),(1.,1.),(1.,1.),(1.,1.),(1.,1.),(1.,
1.),(1.,1.),(1.,1.),(1.,1.),(1.,1.),(1.,1.),(1.,1.),(1.,1.)))
REPRESENTATION_ITEM('')
SURFACE()
);
#19=(
BOUNDED_SURFACE()
B_SPLINE_SURFACE(5,1,((#6825,#6826),(#6827,#6828),(#6829,#6830),(#6831,
#6832),(#6833,#6834),(#6835,#6836),(#6837,#6838),(#6839,#6840),(#6841,#6842),
(#6843,#6844),(#6845,#6846),(#6847,#6848),(#6849,#6850),(#6851,#6852),(#6853,
#6854),(#6855,#6856),(#6857,#6858),(#6859,#6860),(#6861,#6862),(#6863,#6864),
(#6865,#6866),(#6867,#6868),(#6869,#6870),(#6871,#6872),(#6873,#6874),(#6875,
#6876),(#6877,#6878),(#6879,#6880),(#6881,#6882),(#6883,#6884),(#6885,#6886),
(#6887,#6888),(#6889,#6890),(#6891,#6892),(#6893,#6894)),.UNSPECIFIED.,
 .F.,.F.,.F.)
B_SPLINE_SURFACE_WITH_KNOTS((6,1,1,1,1,1,1,1,1,1,1,1,1,1,1,1,1,1,1,1,1,
1,1,1,1,1,1,1,1,1,6),(2,2),(-1.,-0.966666666666667,-0.933333333333333,-0.9,
-0.866666666666667,-0.833333333333333,-0.8,-0.766666666666667,-0.733333333333333,
-0.7,-0.666666666666667,-0.633333333333333,-0.6,-0.566666666666667,-0.533333333333333,
-0.5,-0.466666666666667,-0.433333333333333,-0.4,-0.366666666666667,-0.333333333333333,
-0.3,-0.266666666666667,-0.233333333333333,-0.2,-0.166666666666667,-0.133333333333333,
-0.1,-0.0666666666666667,-0.0333333333333333,0.),(-0.5,0.0800000000000001),
 .UNSPECIFIED.)
GEOMETRIC_REPRESENTATION_ITEM()
RATIONAL_B_SPLINE_SURFACE(((1.,1.),(1.,1.),(1.,1.),(1.,1.),(1.,1.),(1.,
1.),(1.,1.),(1.,1.),(1.,1.),(1.,1.),(1.,1.),(1.,1.),(1.,1.),(1.,1.),(1.,
1.),(1.,1.),(1.,1.),(1.,1.),(1.,1.),(1.,1.),(1.,1.),(1.,1.),(1.,1.),(1.,
1.),(1.,1.),(1.,1.),(1.,1.),(1.,1.),(1.,1.),(1.,1.),(1.,1.),(1.,1.),(1.,
1.),(1.,1.),(1.,1.)))
REPRESENTATION_ITEM('')
SURFACE()
);
#20=(
BOUNDED_SURFACE()
B_SPLINE_SURFACE(5,1,((#6898,#6899),(#6900,#6901),(#6902,#6903),(#6904,
#6905),(#6906,#6907),(#6908,#6909),(#6910,#6911),(#6912,#6913),(#6914,#6915),
(#6916,#6917),(#6918,#6919),(#6920,#6921),(#6922,#6923),(#6924,#6925),(#6926,
#6927),(#6928,#6929),(#6930,#6931),(#6932,#6933),(#6934,#6935),(#6936,#6937),
(#6938,#6939),(#6940,#6941),(#6942,#6943),(#6944,#6945),(#6946,#6947),(#6948,
#6949),(#6950,#6951),(#6952,#6953),(#6954,#6955),(#6956,#6957),(#6958,#6959),
(#6960,#6961),(#6962,#6963),(#6964,#6965),(#6966,#6967),(#6968,#6969),(#6970,
#6971),(#6972,#6973),(#6974,#6975),(#6976,#6977),(#6978,#6979),(#6980,#6981),
(#6982,#6983),(#6984,#6985),(#6986,#6987),(#6988,#6989),(#6990,#6991),(#6992,
#6993),(#6994,#6995),(#6996,#6997),(#6998,#6999),(#7000,#7001),(#7002,#7003),
(#7004,#7005),(#7006,#7007),(#7008,#7009),(#7010,#7011),(#7012,#7013),(#7014,
#7015),(#7016,#7017),(#7018,#7019),(#7020,#7021),(#7022,#7023),(#7024,#7025),
(#7026,#7027),(#7028,#7029),(#7030,#7031),(#7032,#7033),(#7034,#7035),(#7036,
#7037),(#7038,#7039),(#7040,#7041),(#7042,#7043),(#7044,#7045),(#7046,#7047),
(#7048,#7049),(#7050,#7051),(#7052,#7053),(#7054,#7055),(#7056,#7057),(#7058,
#7059),(#7060,#7061),(#7062,#7063),(#7064,#7065),(#7066,#7067)),
 .UNSPECIFIED.,.F.,.F.,.F.)
B_SPLINE_SURFACE_WITH_KNOTS((6,1,1,1,1,1,1,1,1,1,1,1,1,1,1,1,1,1,1,1,1,
1,1,1,1,1,1,1,1,1,1,1,1,1,1,1,1,1,1,1,1,1,1,1,1,1,1,1,1,1,1,1,1,1,1,1,1,
1,1,1,1,1,1,1,1,1,1,1,1,1,1,1,1,1,1,1,1,1,1,1,6),(2,2),(-1.,-0.987499999999998,
-0.974999999999999,-0.962499999999999,-0.949999999999999,-0.937499999999999,
-0.924999999999999,-0.912499999999999,-0.899999999999999,-0.887499999999999,
-0.874999999999999,-0.862499999999999,-0.849999999999999,-0.837499999999999,
-0.824999999999999,-0.812499999999999,-0.799999999999999,-0.787499999999999,
-0.774999999999999,-0.762499999999999,-0.749999999999999,-0.737499999999999,
-0.724999999999999,-0.712499999999999,-0.7,-0.6875,-0.675,-0.6625,-0.65,
-0.6375,-0.625,-0.6125,-0.6,-0.5875,-0.575,-0.5625,-0.55,-0.5375,-0.525,
-0.5125,-0.5,-0.4875,-0.475,-0.4625,-0.45,-0.4375,-0.425,-0.4125,-0.4,-0.3875,
-0.375,-0.3625,-0.35,-0.3375,-0.325,-0.3125,-0.3,-0.2875,-0.275,-0.2625,
-0.25,-0.2375,-0.225,-0.2125,-0.2,-0.1875,-0.175,-0.1625,-0.15,-0.1375,
-0.125,-0.1125,-0.1,-0.0875,-0.075,-0.0625,-0.05,-0.0375,-0.025,-0.0125,
0.),(0.,0.0800000000000001),.UNSPECIFIED.)
GEOMETRIC_REPRESENTATION_ITEM()
RATIONAL_B_SPLINE_SURFACE(((1.,1.),(1.,1.),(1.,1.),(1.,1.),(1.,1.),(1.,
1.),(1.,1.),(1.,1.),(1.,1.),(1.,1.),(1.,1.),(1.,1.),(1.,1.),(1.,1.),(1.,
1.),(1.,1.),(1.,1.),(1.,1.),(1.,1.),(1.,1.),(1.,1.),(1.,1.),(1.,1.),(1.,
1.),(1.,1.),(1.,1.),(1.,1.),(1.,1.),(1.,1.),(1.,1.),(1.,1.),(1.,1.),(1.,
1.),(1.,1.),(1.,1.),(1.,1.),(1.,1.),(1.,1.),(1.,1.),(1.,1.),(1.,1.),(1.,
1.),(1.,1.),(1.,1.),(1.,1.),(1.,1.),(1.,1.),(1.,1.),(1.,1.),(1.,1.),(1.,
1.),(1.,1.),(1.,1.),(1.,1.),(1.,1.),(1.,1.),(1.,1.),(1.,1.),(1.,1.),(1.,
1.),(1.,1.),(1.,1.),(1.,1.),(1.,1.),(1.,1.),(1.,1.),(1.,1.),(1.,1.),(1.,
1.),(1.,1.),(1.,1.),(1.,1.),(1.,1.),(1.,1.),(1.,1.),(1.,1.),(1.,1.),(1.,
1.),(1.,1.),(1.,1.),(1.,1.),(1.,1.),(1.,1.),(1.,1.),(1.,1.)))
REPRESENTATION_ITEM('')
SURFACE()
);
#21=(
BOUNDED_SURFACE()
B_SPLINE_SURFACE(5,1,((#7071,#7072),(#7073,#7074),(#7075,#7076),(#7077,
#7078),(#7079,#7080),(#7081,#7082),(#7083,#7084),(#7085,#7086),(#7087,#7088),
(#7089,#7090),(#7091,#7092),(#7093,#7094),(#7095,#7096),(#7097,#7098),(#7099,
#7100),(#7101,#7102),(#7103,#7104),(#7105,#7106),(#7107,#7108),(#7109,#7110),
(#7111,#7112),(#7113,#7114),(#7115,#7116),(#7117,#7118),(#7119,#7120),(#7121,
#7122),(#7123,#7124),(#7125,#7126),(#7127,#7128),(#7129,#7130),(#7131,#7132),
(#7133,#7134),(#7135,#7136),(#7137,#7138),(#7139,#7140),(#7141,#7142),(#7143,
#7144),(#7145,#7146),(#7147,#7148),(#7149,#7150),(#7151,#7152),(#7153,#7154),
(#7155,#7156),(#7157,#7158),(#7159,#7160),(#7161,#7162),(#7163,#7164),(#7165,
#7166),(#7167,#7168),(#7169,#7170),(#7171,#7172),(#7173,#7174),(#7175,#7176),
(#7177,#7178),(#7179,#7180),(#7181,#7182),(#7183,#7184),(#7185,#7186),(#7187,
#7188),(#7189,#7190),(#7191,#7192),(#7193,#7194),(#7195,#7196),(#7197,#7198),
(#7199,#7200),(#7201,#7202),(#7203,#7204),(#7205,#7206),(#7207,#7208),(#7209,
#7210),(#7211,#7212),(#7213,#7214),(#7215,#7216),(#7217,#7218),(#7219,#7220),
(#7221,#7222),(#7223,#7224),(#7225,#7226),(#7227,#7228),(#7229,#7230),(#7231,
#7232),(#7233,#7234),(#7235,#7236),(#7237,#7238),(#7239,#7240),(#7241,#7242),
(#7243,#7244),(#7245,#7246),(#7247,#7248),(#7249,#7250),(#7251,#7252),(#7253,
#7254),(#7255,#7256),(#7257,#7258),(#7259,#7260)),.UNSPECIFIED.,.F.,.F.,
 .F.)
B_SPLINE_SURFACE_WITH_KNOTS((6,1,1,1,1,1,1,1,1,1,1,1,1,1,1,1,1,1,1,1,1,
1,1,1,1,1,1,1,1,1,1,1,1,1,1,1,1,1,1,1,1,1,1,1,1,1,1,1,1,1,1,1,1,1,1,1,1,
1,1,1,1,1,1,1,1,1,1,1,1,1,1,1,1,1,1,1,1,1,1,1,1,1,1,1,1,1,1,1,1,1,6),(2,
2),(-1.,-0.988888888888887,-0.977777777777776,-0.966666666666665,-0.955555555555554,
-0.944444444444443,-0.933333333333332,-0.922222222222221,-0.91111111111111,
-0.899999999999999,-0.888888888888888,-0.877777777777777,-0.866666666666666,
-0.855555555555555,-0.844444444444443,-0.833333333333332,-0.822222222222221,
-0.81111111111111,-0.799999999999999,-0.788888888888888,-0.777777777777777,
-0.766666666666666,-0.755555555555555,-0.744444444444444,-0.733333333333333,
-0.722222222222222,-0.711111111111111,-0.7,-0.688888888888888,-0.677777777777777,
-0.666666666666666,-0.655555555555555,-0.644444444444444,-0.633333333333333,
-0.622222222222222,-0.611111111111111,-0.6,-0.588888888888889,-0.577777777777778,
-0.566666666666667,-0.555555555555556,-0.544444444444445,-0.533333333333333,
-0.522222222222222,-0.511111111111111,-0.5,-0.488888888888889,-0.477777777777778,
-0.466666666666667,-0.455555555555556,-0.444444444444445,-0.433333333333333,
-0.422222222222222,-0.411111111111111,-0.4,-0.388888888888889,-0.377777777777778,
-0.366666666666667,-0.355555555555556,-0.344444444444444,-0.333333333333333,
-0.322222222222222,-0.311111111111111,-0.3,-0.288888888888889,-0.277777777777778,
-0.266666666666667,-0.255555555555555,-0.244444444444444,-0.233333333333333,
-0.222222222222222,-0.211111111111111,-0.2,-0.188888888888889,-0.177777777777778,
-0.166666666666667,-0.155555555555556,-0.144444444444444,-0.133333333333333,
-0.122222222222222,-0.111111111111111,-0.1,-0.0888888888888889,-0.0777777777777778,
-0.0666666666666667,-0.0555555555555556,-0.0444444444444444,-0.0333333333333333,
-0.0222222222222222,-0.0111111111111111,0.),(0.,0.0800000000000001),
 .UNSPECIFIED.)
GEOMETRIC_REPRESENTATION_ITEM()
RATIONAL_B_SPLINE_SURFACE(((1.,1.),(1.,1.),(1.,1.),(1.,1.),(1.,1.),(1.,
1.),(1.,1.),(1.,1.),(1.,1.),(1.,1.),(1.,1.),(1.,1.),(1.,1.),(1.,1.),(1.,
1.),(1.,1.),(1.,1.),(1.,1.),(1.,1.),(1.,1.),(1.,1.),(1.,1.),(1.,1.),(1.,
1.),(1.,1.),(1.,1.),(1.,1.),(1.,1.),(1.,1.),(1.,1.),(1.,1.),(1.,1.),(1.,
1.),(1.,1.),(1.,1.),(1.,1.),(1.,1.),(1.,1.),(1.,1.),(1.,1.),(1.,1.),(1.,
1.),(1.,1.),(1.,1.),(1.,1.),(1.,1.),(1.,1.),(1.,1.),(1.,1.),(1.,1.),(1.,
1.),(1.,1.),(1.,1.),(1.,1.),(1.,1.),(1.,1.),(1.,1.),(1.,1.),(1.,1.),(1.,
1.),(1.,1.),(1.,1.),(1.,1.),(1.,1.),(1.,1.),(1.,1.),(1.,1.),(1.,1.),(1.,
1.),(1.,1.),(1.,1.),(1.,1.),(1.,1.),(1.,1.),(1.,1.),(1.,1.),(1.,1.),(1.,
1.),(1.,1.),(1.,1.),(1.,1.),(1.,1.),(1.,1.),(1.,1.),(1.,1.),(1.,1.),(1.,
1.),(1.,1.),(1.,1.),(1.,1.),(1.,1.),(1.,1.),(1.,1.),(1.,1.),(1.,1.)))
REPRESENTATION_ITEM('')
SURFACE()
);
#22=(
BOUNDED_SURFACE()
B_SPLINE_SURFACE(5,1,((#7600,#7601),(#7602,#7603),(#7604,#7605),(#7606,
#7607),(#7608,#7609),(#7610,#7611),(#7612,#7613),(#7614,#7615),(#7616,#7617),
(#7618,#7619),(#7620,#7621),(#7622,#7623),(#7624,#7625),(#7626,#7627),(#7628,
#7629),(#7630,#7631),(#7632,#7633),(#7634,#7635),(#7636,#7637),(#7638,#7639),
(#7640,#7641),(#7642,#7643),(#7644,#7645),(#7646,#7647),(#7648,#7649),(#7650,
#7651),(#7652,#7653),(#7654,#7655),(#7656,#7657),(#7658,#7659)),
 .UNSPECIFIED.,.F.,.F.,.F.)
B_SPLINE_SURFACE_WITH_KNOTS((6,1,1,1,1,1,1,1,1,1,1,1,1,1,1,1,1,1,1,1,1,
1,1,1,1,6),(2,2),(-1.,-0.96,-0.92,-0.88,-0.84,-0.8,-0.76,-0.72,-0.68,-0.64,
-0.6,-0.56,-0.52,-0.48,-0.44,-0.4,-0.36,-0.32,-0.28,-0.24,-0.2,-0.16,-0.12,
-0.08,-0.04,0.),(-2.38909252234213,2.3890925223424),.UNSPECIFIED.)
GEOMETRIC_REPRESENTATION_ITEM()
RATIONAL_B_SPLINE_SURFACE(((1.,1.),(1.,1.),(1.,1.),(1.,1.),(1.,1.),(1.,
1.),(1.,1.),(1.,1.),(1.,1.),(1.,1.),(1.,1.),(1.,1.),(1.,1.),(1.,1.),(1.,
1.),(1.,1.),(1.,1.),(1.,1.),(1.,1.),(1.,1.),(1.,1.),(1.,1.),(1.,1.),(1.,
1.),(1.,1.),(1.,1.),(1.,1.),(1.,1.),(1.,1.),(1.,1.)))
REPRESENTATION_ITEM('')
SURFACE()
);
#23=(
BOUNDED_SURFACE()
B_SPLINE_SURFACE(5,1,((#7807,#7808),(#7809,#7810),(#7811,#7812),(#7813,
#7814),(#7815,#7816),(#7817,#7818),(#7819,#7820),(#7821,#7822),(#7823,#7824),
(#7825,#7826),(#7827,#7828),(#7829,#7830),(#7831,#7832),(#7833,#7834),(#7835,
#7836),(#7837,#7838),(#7839,#7840),(#7841,#7842),(#7843,#7844),(#7845,#7846),
(#7847,#7848),(#7849,#7850),(#7851,#7852),(#7853,#7854),(#7855,#7856),(#7857,
#7858),(#7859,#7860),(#7861,#7862),(#7863,#7864),(#7865,#7866)),
 .UNSPECIFIED.,.F.,.F.,.F.)
B_SPLINE_SURFACE_WITH_KNOTS((6,1,1,1,1,1,1,1,1,1,1,1,1,1,1,1,1,1,1,1,1,
1,1,1,1,6),(2,2),(-1.,-0.96,-0.92,-0.88,-0.84,-0.8,-0.76,-0.72,-0.68,-0.64,
-0.6,-0.56,-0.52,-0.48,-0.44,-0.4,-0.36,-0.32,-0.28,-0.24,-0.2,-0.16,-0.12,
-0.08,-0.04,0.),(0.,3.67198652283948),.UNSPECIFIED.)
GEOMETRIC_REPRESENTATION_ITEM()
RATIONAL_B_SPLINE_SURFACE(((1.,1.),(1.,1.),(1.,1.),(1.,1.),(1.,1.),(1.,
1.),(1.,1.),(1.,1.),(1.,1.),(1.,1.),(1.,1.),(1.,1.),(1.,1.),(1.,1.),(1.,
1.),(1.,1.),(1.,1.),(1.,1.),(1.,1.),(1.,1.),(1.,1.),(1.,1.),(1.,1.),(1.,
1.),(1.,1.),(1.,1.),(1.,1.),(1.,1.),(1.,1.),(1.,1.)))
REPRESENTATION_ITEM('')
SURFACE()
);
#24=(
BOUNDED_SURFACE()
B_SPLINE_SURFACE(5,1,((#7890,#7891),(#7892,#7893),(#7894,#7895),(#7896,
#7897),(#7898,#7899),(#7900,#7901),(#7902,#7903),(#7904,#7905),(#7906,#7907),
(#7908,#7909),(#7910,#7911),(#7912,#7913),(#7914,#7915),(#7916,#7917),(#7918,
#7919),(#7920,#7921),(#7922,#7923),(#7924,#7925),(#7926,#7927),(#7928,#7929),
(#7930,#7931),(#7932,#7933),(#7934,#7935),(#7936,#7937),(#7938,#7939),(#7940,
#7941),(#7942,#7943),(#7944,#7945),(#7946,#7947),(#7948,#7949)),
 .UNSPECIFIED.,.F.,.F.,.F.)
B_SPLINE_SURFACE_WITH_KNOTS((6,1,1,1,1,1,1,1,1,1,1,1,1,1,1,1,1,1,1,1,1,
1,1,1,1,6),(2,2),(-1.,-0.96,-0.92,-0.88,-0.84,-0.8,-0.76,-0.72,-0.68,-0.64,
-0.6,-0.56,-0.52,-0.48,-0.44,-0.4,-0.36,-0.32,-0.28,-0.24,-0.2,-0.16,-0.12,
-0.08,-0.04,0.),(0.,3.67198652284382),.UNSPECIFIED.)
GEOMETRIC_REPRESENTATION_ITEM()
RATIONAL_B_SPLINE_SURFACE(((1.,1.),(1.,1.),(1.,1.),(1.,1.),(1.,1.),(1.,
1.),(1.,1.),(1.,1.),(1.,1.),(1.,1.),(1.,1.),(1.,1.),(1.,1.),(1.,1.),(1.,
1.),(1.,1.),(1.,1.),(1.,1.),(1.,1.),(1.,1.),(1.,1.),(1.,1.),(1.,1.),(1.,
1.),(1.,1.),(1.,1.),(1.,1.),(1.,1.),(1.,1.),(1.,1.)))
REPRESENTATION_ITEM('')
SURFACE()
);
#25=(
BOUNDED_SURFACE()
B_SPLINE_SURFACE(5,1,((#8085,#8086),(#8087,#8088),(#8089,#8090),(#8091,
#8092),(#8093,#8094),(#8095,#8096),(#8097,#8098),(#8099,#8100),(#8101,#8102),
(#8103,#8104),(#8105,#8106),(#8107,#8108),(#8109,#8110),(#8111,#8112),(#8113,
#8114),(#8115,#8116),(#8117,#8118),(#8119,#8120),(#8121,#8122),(#8123,#8124),
(#8125,#8126),(#8127,#8128),(#8129,#8130),(#8131,#8132),(#8133,#8134),(#8135,
#8136),(#8137,#8138),(#8139,#8140),(#8141,#8142),(#8143,#8144)),
 .UNSPECIFIED.,.F.,.F.,.F.)
B_SPLINE_SURFACE_WITH_KNOTS((6,1,1,1,1,1,1,1,1,1,1,1,1,1,1,1,1,1,1,1,1,
1,1,1,1,6),(2,2),(-1.,-0.96,-0.92,-0.88,-0.84,-0.8,-0.76,-0.72,-0.68,-0.64,
-0.6,-0.56,-0.52,-0.48,-0.44,-0.4,-0.36,-0.32,-0.28,-0.24,-0.2,-0.16,-0.12,
-0.08,-0.04,0.),(0.,4.77818504468267),.UNSPECIFIED.)
GEOMETRIC_REPRESENTATION_ITEM()
RATIONAL_B_SPLINE_SURFACE(((1.,1.),(1.,1.),(1.,1.),(1.,1.),(1.,1.),(1.,
1.),(1.,1.),(1.,1.),(1.,1.),(1.,1.),(1.,1.),(1.,1.),(1.,1.),(1.,1.),(1.,
1.),(1.,1.),(1.,1.),(1.,1.),(1.,1.),(1.,1.),(1.,1.),(1.,1.),(1.,1.),(1.,
1.),(1.,1.),(1.,1.),(1.,1.),(1.,1.),(1.,1.),(1.,1.)))
REPRESENTATION_ITEM('')
SURFACE()
);
#26=(
BOUNDED_SURFACE()
B_SPLINE_SURFACE(5,1,((#8248,#8249),(#8250,#8251),(#8252,#8253),(#8254,
#8255),(#8256,#8257),(#8258,#8259),(#8260,#8261),(#8262,#8263),(#8264,#8265),
(#8266,#8267),(#8268,#8269),(#8270,#8271),(#8272,#8273),(#8274,#8275),(#8276,
#8277),(#8278,#8279),(#8280,#8281),(#8282,#8283),(#8284,#8285),(#8286,#8287),
(#8288,#8289),(#8290,#8291),(#8292,#8293),(#8294,#8295),(#8296,#8297),(#8298,
#8299),(#8300,#8301),(#8302,#8303),(#8304,#8305),(#8306,#8307)),
 .UNSPECIFIED.,.F.,.F.,.F.)
B_SPLINE_SURFACE_WITH_KNOTS((6,1,1,1,1,1,1,1,1,1,1,1,1,1,1,1,1,1,1,1,1,
1,1,1,1,6),(2,2),(0.,0.04,0.08,0.12,0.16,0.2,0.24,0.28,0.32,0.36,0.4,0.44,
0.48,0.52,0.56,0.6,0.64,0.68,0.72,0.76,0.8,0.84,0.88,0.92,0.96,1.),(0.,
4.77818504468453),.UNSPECIFIED.)
GEOMETRIC_REPRESENTATION_ITEM()
RATIONAL_B_SPLINE_SURFACE(((1.,1.),(1.,1.),(1.,1.),(1.,1.),(1.,1.),(1.,
1.),(1.,1.),(1.,1.),(1.,1.),(1.,1.),(1.,1.),(1.,1.),(1.,1.),(1.,1.),(1.,
1.),(1.,1.),(1.,1.),(1.,1.),(1.,1.),(1.,1.),(1.,1.),(1.,1.),(1.,1.),(1.,
1.),(1.,1.),(1.,1.),(1.,1.),(1.,1.),(1.,1.),(1.,1.)))
REPRESENTATION_ITEM('')
SURFACE()
);
#27=(
BOUNDED_SURFACE()
B_SPLINE_SURFACE(5,1,((#8445,#8446),(#8447,#8448),(#8449,#8450),(#8451,
#8452),(#8453,#8454),(#8455,#8456),(#8457,#8458),(#8459,#8460),(#8461,#8462),
(#8463,#8464),(#8465,#8466),(#8467,#8468),(#8469,#8470),(#8471,#8472),(#8473,
#8474),(#8475,#8476),(#8477,#8478),(#8479,#8480),(#8481,#8482),(#8483,#8484),
(#8485,#8486),(#8487,#8488),(#8489,#8490),(#8491,#8492),(#8493,#8494),(#8495,
#8496),(#8497,#8498),(#8499,#8500),(#8501,#8502),(#8503,#8504)),
 .UNSPECIFIED.,.F.,.F.,.F.)
B_SPLINE_SURFACE_WITH_KNOTS((6,1,1,1,1,1,1,1,1,1,1,1,1,1,1,1,1,1,1,1,1,
1,1,1,1,6),(2,2),(0.,0.04,0.08,0.12,0.16,0.2,0.24,0.28,0.32,0.36,0.4,0.44,
0.48,0.52,0.56,0.6,0.64,0.68,0.72,0.76,0.8,0.84,0.88,0.92,0.96,1.),(0.,
3.67198652283948),.UNSPECIFIED.)
GEOMETRIC_REPRESENTATION_ITEM()
RATIONAL_B_SPLINE_SURFACE(((1.,1.),(1.,1.),(1.,1.),(1.,1.),(1.,1.),(1.,
1.),(1.,1.),(1.,1.),(1.,1.),(1.,1.),(1.,1.),(1.,1.),(1.,1.),(1.,1.),(1.,
1.),(1.,1.),(1.,1.),(1.,1.),(1.,1.),(1.,1.),(1.,1.),(1.,1.),(1.,1.),(1.,
1.),(1.,1.),(1.,1.),(1.,1.),(1.,1.),(1.,1.),(1.,1.)))
REPRESENTATION_ITEM('')
SURFACE()
);
#28=(
BOUNDED_SURFACE()
B_SPLINE_SURFACE(5,1,((#8638,#8639),(#8640,#8641),(#8642,#8643),(#8644,
#8645),(#8646,#8647),(#8648,#8649),(#8650,#8651),(#8652,#8653),(#8654,#8655),
(#8656,#8657),(#8658,#8659),(#8660,#8661),(#8662,#8663),(#8664,#8665),(#8666,
#8667),(#8668,#8669),(#8670,#8671),(#8672,#8673),(#8674,#8675),(#8676,#8677),
(#8678,#8679),(#8680,#8681),(#8682,#8683),(#8684,#8685),(#8686,#8687),(#8688,
#8689)),.UNSPECIFIED.,.F.,.F.,.F.)
B_SPLINE_SURFACE_WITH_KNOTS((6,1,1,1,1,1,1,1,1,1,1,1,1,1,1,1,1,1,1,1,1,
6),(2,2),(-0.820689298757373,-0.8,-0.766666666666667,-0.733333333333333,
-0.7,-0.666666666666667,-0.633333333333333,-0.6,-0.566666666666667,-0.533333333333333,
-0.5,-0.466666666666667,-0.433333333333333,-0.4,-0.366666666666667,-0.333333333333333,
-0.3,-0.266666666666667,-0.233333333333333,-0.2,-0.166666666666667,-0.139398716236943),
(0.,0.825),.UNSPECIFIED.)
GEOMETRIC_REPRESENTATION_ITEM()
RATIONAL_B_SPLINE_SURFACE(((1.,1.),(1.,1.),(1.,1.),(1.,1.),(1.,1.),(1.,
1.),(1.,1.),(1.,1.),(1.,1.),(1.,1.),(1.,1.),(1.,1.),(1.,1.),(1.,1.),(1.,
1.),(1.,1.),(1.,1.),(1.,1.),(1.,1.),(1.,1.),(1.,1.),(1.,1.),(1.,1.),(1.,
1.),(1.,1.),(1.,1.)))
REPRESENTATION_ITEM('')
SURFACE()
);
#29=(
BOUNDED_SURFACE()
B_SPLINE_SURFACE(5,1,((#8691,#8692),(#8693,#8694),(#8695,#8696),(#8697,
#8698),(#8699,#8700),(#8701,#8702),(#8703,#8704),(#8705,#8706),(#8707,#8708),
(#8709,#8710),(#8711,#8712),(#8713,#8714),(#8715,#8716),(#8717,#8718),(#8719,
#8720),(#8721,#8722),(#8723,#8724),(#8725,#8726),(#8727,#8728),(#8729,#8730),
(#8731,#8732),(#8733,#8734),(#8735,#8736),(#8737,#8738),(#8739,#8740),(#8741,
#8742)),.UNSPECIFIED.,.F.,.F.,.F.)
B_SPLINE_SURFACE_WITH_KNOTS((6,1,1,1,1,1,1,1,1,1,1,1,1,1,1,1,1,1,1,1,1,
6),(2,2),(0.139398716236552,0.166666666666667,0.2,0.233333333333333,0.266666666666667,
0.3,0.333333333333333,0.366666666666667,0.4,0.433333333333333,0.466666666666667,
0.5,0.533333333333333,0.566666666666667,0.6,0.633333333333333,0.666666666666667,
0.7,0.733333333333333,0.766666666666667,0.8,0.820689298757172),(0.,0.825),
 .UNSPECIFIED.)
GEOMETRIC_REPRESENTATION_ITEM()
RATIONAL_B_SPLINE_SURFACE(((1.,1.),(1.,1.),(1.,1.),(1.,1.),(1.,1.),(1.,
1.),(1.,1.),(1.,1.),(1.,1.),(1.,1.),(1.,1.),(1.,1.),(1.,1.),(1.,1.),(1.,
1.),(1.,1.),(1.,1.),(1.,1.),(1.,1.),(1.,1.),(1.,1.),(1.,1.),(1.,1.),(1.,
1.),(1.,1.),(1.,1.)))
REPRESENTATION_ITEM('')
SURFACE()
);
#30=(
BOUNDED_SURFACE()
B_SPLINE_SURFACE(5,1,((#8748,#8749),(#8750,#8751),(#8752,#8753),(#8754,
#8755),(#8756,#8757),(#8758,#8759),(#8760,#8761),(#8762,#8763),(#8764,#8765),
(#8766,#8767),(#8768,#8769),(#8770,#8771),(#8772,#8773),(#8774,#8775),(#8776,
#8777),(#8778,#8779),(#8780,#8781),(#8782,#8783),(#8784,#8785),(#8786,#8787),
(#8788,#8789),(#8790,#8791),(#8792,#8793),(#8794,#8795),(#8796,#8797),(#8798,
#8799)),.UNSPECIFIED.,.F.,.F.,.F.)
B_SPLINE_SURFACE_WITH_KNOTS((6,1,1,1,1,1,1,1,1,1,1,1,1,1,1,1,1,1,1,1,1,
6),(2,2),(0.139398716237042,0.166666666666667,0.2,0.233333333333333,0.266666666666667,
0.3,0.333333333333333,0.366666666666667,0.4,0.433333333333333,0.466666666666667,
0.5,0.533333333333333,0.566666666666667,0.6,0.633333333333333,0.666666666666667,
0.7,0.733333333333333,0.766666666666667,0.8,0.820689298757194),(0.,0.825),
 .UNSPECIFIED.)
GEOMETRIC_REPRESENTATION_ITEM()
RATIONAL_B_SPLINE_SURFACE(((1.,1.),(1.,1.),(1.,1.),(1.,1.),(1.,1.),(1.,
1.),(1.,1.),(1.,1.),(1.,1.),(1.,1.),(1.,1.),(1.,1.),(1.,1.),(1.,1.),(1.,
1.),(1.,1.),(1.,1.),(1.,1.),(1.,1.),(1.,1.),(1.,1.),(1.,1.),(1.,1.),(1.,
1.),(1.,1.),(1.,1.)))
REPRESENTATION_ITEM('')
SURFACE()
);
#31=(
BOUNDED_SURFACE()
B_SPLINE_SURFACE(5,1,((#8803,#8804),(#8805,#8806),(#8807,#8808),(#8809,
#8810),(#8811,#8812),(#8813,#8814),(#8815,#8816),(#8817,#8818),(#8819,#8820),
(#8821,#8822),(#8823,#8824),(#8825,#8826),(#8827,#8828),(#8829,#8830),(#8831,
#8832),(#8833,#8834),(#8835,#8836),(#8837,#8838),(#8839,#8840),(#8841,#8842),
(#8843,#8844),(#8845,#8846),(#8847,#8848),(#8849,#8850),(#8851,#8852),(#8853,
#8854)),.UNSPECIFIED.,.F.,.F.,.F.)
B_SPLINE_SURFACE_WITH_KNOTS((6,1,1,1,1,1,1,1,1,1,1,1,1,1,1,1,1,1,1,1,1,
6),(2,2),(-0.820689298756502,-0.8,-0.766666666666667,-0.733333333333333,
-0.7,-0.666666666666667,-0.633333333333333,-0.6,-0.566666666666667,-0.533333333333333,
-0.5,-0.466666666666667,-0.433333333333333,-0.4,-0.366666666666667,-0.333333333333333,
-0.3,-0.266666666666667,-0.233333333333333,-0.2,-0.166666666666667,-0.139398716236956),
(0.,0.825),.UNSPECIFIED.)
GEOMETRIC_REPRESENTATION_ITEM()
RATIONAL_B_SPLINE_SURFACE(((1.,1.),(1.,1.),(1.,1.),(1.,1.),(1.,1.),(1.,
1.),(1.,1.),(1.,1.),(1.,1.),(1.,1.),(1.,1.),(1.,1.),(1.,1.),(1.,1.),(1.,
1.),(1.,1.),(1.,1.),(1.,1.),(1.,1.),(1.,1.),(1.,1.),(1.,1.),(1.,1.),(1.,
1.),(1.,1.),(1.,1.)))
REPRESENTATION_ITEM('')
SURFACE()
);
#32=CYLINDRICAL_SURFACE('',#3032,1.88);
#33=CYLINDRICAL_SURFACE('',#3036,1.88);
#34=CIRCLE('',#3028,1.88);
#35=CIRCLE('',#3029,1.88);
#36=CIRCLE('',#3033,1.88);
#37=CIRCLE('',#3034,1.88);
#38=CIRCLE('',#3037,1.88);
#39=CIRCLE('',#3038,1.88);
#40=B_SPLINE_SURFACE_WITH_KNOTS('',3,1,((#4079,#4080),(#4081,#4082),(#4083,
#4084),(#4085,#4086),(#4087,#4088),(#4089,#4090),(#4091,#4092),(#4093,#4094),
(#4095,#4096),(#4097,#4098),(#4099,#4100),(#4101,#4102),(#4103,#4104),(#4105,
#4106),(#4107,#4108),(#4109,#4110),(#4111,#4112),(#4113,#4114),(#4115,#4116),
(#4117,#4118),(#4119,#4120),(#4121,#4122),(#4123,#4124),(#4125,#4126),(#4127,
#4128)),.UNSPECIFIED.,.F.,.F.,.F.,(4,3,3,3,3,3,3,3,4),(2,2),(-4.10054287888345,
-2.77087874381478,-2.46054403505007,-2.11326146494754,-1.45083432696891,
-1.10508068219216,-0.677686083000532,0.,0.00216426547665114),(0.,0.826),
 .UNSPECIFIED.);
#41=B_SPLINE_SURFACE_WITH_KNOTS('',3,1,((#4138,#4139),(#4140,#4141),(#4142,
#4143),(#4144,#4145),(#4146,#4147),(#4148,#4149),(#4150,#4151),(#4152,#4153),
(#4154,#4155),(#4156,#4157),(#4158,#4159),(#4160,#4161),(#4162,#4163),(#4164,
#4165),(#4166,#4167),(#4168,#4169),(#4170,#4171),(#4172,#4173),(#4174,#4175),
(#4176,#4177),(#4178,#4179),(#4180,#4181),(#4182,#4183),(#4184,#4185),(#4186,
#4187)),.UNSPECIFIED.,.F.,.F.,.F.,(4,3,3,3,3,3,3,3,4),(2,2),(-4.10054287888345,
-2.77087874381478,-2.46054403505007,-2.11326146494754,-1.45083432696891,
-1.10508068219216,-0.677686083000532,0.,0.00216426547665114),(0.,0.826),
 .UNSPECIFIED.);
#42=B_SPLINE_SURFACE_WITH_KNOTS('',3,1,((#4189,#4190),(#4191,#4192),(#4193,
#4194),(#4195,#4196),(#4197,#4198),(#4199,#4200),(#4201,#4202),(#4203,#4204),
(#4205,#4206),(#4207,#4208),(#4209,#4210),(#4211,#4212)),.UNSPECIFIED.,
 .F.,.F.,.F.,(4,2,2,2,2,4),(2,2),(-3.89828720227381,-3.20508734438969,-2.5049295119168,
-1.76385763568615,-0.938536013939898,-0.674280012674508),(0.,0.1),
 .UNSPECIFIED.);
#43=B_SPLINE_SURFACE_WITH_KNOTS('',3,1,((#4241,#4242),(#4243,#4244),(#4245,
#4246),(#4247,#4248)),.UNSPECIFIED.,.F.,.F.,.F.,(4,4),(2,2),(-0.46378136330632,
0.),(0.,0.1),.UNSPECIFIED.);
#44=B_SPLINE_SURFACE_WITH_KNOTS('',3,1,((#4255,#4256),(#4257,#4258),(#4259,
#4260),(#4261,#4262),(#4263,#4264),(#4265,#4266),(#4267,#4268),(#4269,#4270),
(#4271,#4272),(#4273,#4274),(#4275,#4276),(#4277,#4278)),.UNSPECIFIED.,
 .F.,.F.,.F.,(4,2,2,2,2,4),(2,2),(-2.11868790003457,-2.10584151773029,-1.70534060603039,
-1.21293819006588,-0.672049556167459,-0.464893395803437),(0.,0.1),
 .UNSPECIFIED.);
#45=B_SPLINE_SURFACE_WITH_KNOTS('',3,1,((#4445,#4446),(#4447,#4448),(#4449,
#4450),(#4451,#4452),(#4453,#4454),(#4455,#4456),(#4457,#4458),(#4459,#4460),
(#4461,#4462),(#4463,#4464),(#4465,#4466),(#4467,#4468),(#4469,#4470),(#4471,
#4472),(#4473,#4474),(#4475,#4476),(#4477,#4478),(#4479,#4480),(#4481,#4482),
(#4483,#4484),(#4485,#4486),(#4487,#4488)),.UNSPECIFIED.,.F.,.F.,.F.,(4,
3,3,3,3,3,3,4),(2,2),(-3.91420291996051,-3.91019275510274,-3.68356175028888,
-2.95981273609765,-2.29551652065468,-1.34748606295475,-0.680458805132088,
0.),(0.,0.826),.UNSPECIFIED.);
#46=B_SPLINE_SURFACE_WITH_KNOTS('',3,1,((#4495,#4496),(#4497,#4498),(#4499,
#4500),(#4501,#4502),(#4503,#4504),(#4505,#4506),(#4507,#4508),(#4509,#4510),
(#4511,#4512),(#4513,#4514),(#4515,#4516),(#4517,#4518),(#4519,#4520),(#4521,
#4522),(#4523,#4524),(#4525,#4526),(#4527,#4528),(#4529,#4530),(#4531,#4532),
(#4533,#4534),(#4535,#4536),(#4537,#4538)),.UNSPECIFIED.,.F.,.F.,.F.,(4,
3,3,3,3,3,3,4),(2,2),(-3.91420291996051,-3.91019275510274,-3.68356175028888,
-2.95981273609765,-2.29551652065468,-1.34748606295475,-0.680458805132088,
0.),(0.,0.826),.UNSPECIFIED.);
#47=B_SPLINE_SURFACE_WITH_KNOTS('',3,1,((#4741,#4742),(#4743,#4744),(#4745,
#4746),(#4747,#4748),(#4749,#4750),(#4751,#4752),(#4753,#4754),(#4755,#4756),
(#4757,#4758),(#4759,#4760),(#4761,#4762),(#4763,#4764),(#4765,#4766),(#4767,
#4768),(#4769,#4770),(#4771,#4772)),.UNSPECIFIED.,.F.,.F.,.F.,(4,3,3,3,
3,4),(2,2),(0.,0.718388214548109,1.28215745671603,2.03137363809993,2.77552699623738,
3.49254080283172),(0.,0.7),.UNSPECIFIED.);
#48=B_SPLINE_SURFACE_WITH_KNOTS('',3,1,((#4811,#4812),(#4813,#4814),(#4815,
#4816),(#4817,#4818)),.UNSPECIFIED.,.F.,.F.,.F.,(4,4),(2,2),(3.49254080283172,
3.98120862766845),(0.,0.7),.UNSPECIFIED.);
#49=B_SPLINE_SURFACE_WITH_KNOTS('',3,1,((#4851,#4852),(#4853,#4854),(#4855,
#4856),(#4857,#4858)),.UNSPECIFIED.,.F.,.F.,.F.,(4,4),(2,2),(0.,0.473043449717745),
(0.,0.7),.UNSPECIFIED.);
#50=B_SPLINE_SURFACE_WITH_KNOTS('',3,1,((#4870,#4871),(#4872,#4873),(#4874,
#4875),(#4876,#4877)),.UNSPECIFIED.,.F.,.F.,.F.,(4,4),(2,2),(0.473043449717745,
0.740607335148128),(0.,0.7),.UNSPECIFIED.);
#51=B_SPLINE_SURFACE_WITH_KNOTS('',3,1,((#4889,#4890),(#4891,#4892),(#4893,
#4894),(#4895,#4896),(#4897,#4898),(#4899,#4900),(#4901,#4902),(#4903,#4904),
(#4905,#4906),(#4907,#4908),(#4909,#4910),(#4911,#4912),(#4913,#4914),(#4915,
#4916),(#4917,#4918),(#4919,#4920),(#4921,#4922),(#4923,#4924),(#4925,#4926),
(#4927,#4928),(#4929,#4930),(#4931,#4932)),.UNSPECIFIED.,.F.,.F.,.F.,(4,
3,3,3,3,3,3,4),(2,2),(0.740607335148128,0.984830878429534,1.33234784301055,
1.83135236780451,2.5066198284382,2.87534125443256,3.3509094136406,4.2585621769308),
(0.,0.7),.UNSPECIFIED.);
#52=B_SPLINE_SURFACE_WITH_KNOTS('',3,1,((#5009,#5010),(#5011,#5012),(#5013,
#5014),(#5015,#5016)),.UNSPECIFIED.,.F.,.F.,.F.,(4,4),(2,2),(-3.98120862766845,
-3.49254080283172),(0.,0.7),.UNSPECIFIED.);
#53=B_SPLINE_SURFACE_WITH_KNOTS('',3,1,((#5028,#5029),(#5030,#5031),(#5032,
#5033),(#5034,#5035),(#5036,#5037),(#5038,#5039),(#5040,#5041),(#5042,#5043),
(#5044,#5045),(#5046,#5047),(#5048,#5049),(#5050,#5051),(#5052,#5053),(#5054,
#5055),(#5056,#5057),(#5058,#5059)),.UNSPECIFIED.,.F.,.F.,.F.,(4,3,3,3,
3,4),(2,2),(-3.49254080283172,-2.71102592986633,-1.96512338732637,-1.19718203081172,
-0.686492850422845,0.),(0.,0.7),.UNSPECIFIED.);
#54=B_SPLINE_SURFACE_WITH_KNOTS('',3,1,((#5112,#5113),(#5114,#5115),(#5116,
#5117),(#5118,#5119),(#5120,#5121),(#5122,#5123),(#5124,#5125),(#5126,#5127),
(#5128,#5129),(#5130,#5131),(#5132,#5133),(#5134,#5135),(#5136,#5137),(#5138,
#5139),(#5140,#5141),(#5142,#5143),(#5144,#5145),(#5146,#5147),(#5148,#5149),
(#5150,#5151),(#5152,#5153),(#5154,#5155)),.UNSPECIFIED.,.F.,.F.,.F.,(4,
3,3,3,3,3,3,4),(2,2),(-4.2585621765676,-3.11203427071738,-2.46946851273243,
-1.85210138454932,-1.38968998649389,-1.01600882735794,-0.282838136951137,
0.),(0.,0.7),.UNSPECIFIED.);
#55=B_SPLINE_SURFACE_WITH_KNOTS('',3,1,((#5180,#5181),(#5182,#5183),(#5184,
#5185),(#5186,#5187)),.UNSPECIFIED.,.F.,.F.,.F.,(4,4),(2,2),(-0.473043449717745,
0.),(0.,0.7),.UNSPECIFIED.);
#56=B_SPLINE_SURFACE_WITH_KNOTS('',3,1,((#5199,#5200),(#5201,#5202),(#5203,
#5204),(#5205,#5206)),.UNSPECIFIED.,.F.,.F.,.F.,(4,4),(2,2),(-0.740607335148128,
-0.473043449717745),(0.,0.7),.UNSPECIFIED.);
#57=B_SPLINE_SURFACE_WITH_KNOTS('',3,1,((#5228,#5229),(#5230,#5231),(#5232,
#5233),(#5234,#5235),(#5236,#5237),(#5238,#5239),(#5240,#5241),(#5242,#5243),
(#5244,#5245),(#5246,#5247),(#5248,#5249),(#5250,#5251),(#5252,#5253),(#5254,
#5255),(#5256,#5257),(#5258,#5259),(#5260,#5261),(#5262,#5263),(#5264,#5265),
(#5266,#5267),(#5268,#5269),(#5270,#5271)),.UNSPECIFIED.,.F.,.F.,.F.,(4,
3,3,3,3,3,3,4),(2,2),(-4.2585621769308,-3.34442265459867,-2.81742292182277,
-2.4031377826773,-1.77717582609472,-1.32677274374672,-0.968887789306071,
-0.740607335148128),(0.,0.7),.UNSPECIFIED.);
#58=B_SPLINE_SURFACE_WITH_KNOTS('',3,1,((#5335,#5336),(#5337,#5338),(#5339,
#5340),(#5341,#5342),(#5343,#5344),(#5345,#5346),(#5347,#5348),(#5349,#5350),
(#5351,#5352),(#5353,#5354)),.UNSPECIFIED.,.F.,.F.,.F.,(4,3,3,4),(2,2),
(-2.39482099690631,-1.42298717907759,-0.802627841679801,0.),(0.,0.7),
 .UNSPECIFIED.);
#59=B_SPLINE_SURFACE_WITH_KNOTS('',3,1,((#5387,#5388),(#5389,#5390),(#5391,
#5392),(#5393,#5394),(#5395,#5396),(#5397,#5398),(#5399,#5400)),
 .UNSPECIFIED.,.F.,.F.,.F.,(4,3,4),(2,2),(-3.25164680611438,-2.44056258000212,
-2.39482099690631),(0.,0.7),.UNSPECIFIED.);
#60=B_SPLINE_SURFACE_WITH_KNOTS('',3,1,((#5422,#5423),(#5424,#5425),(#5426,
#5427),(#5428,#5429)),.UNSPECIFIED.,.F.,.F.,.F.,(4,4),(2,2),(-3.98120862842807,
-3.25164680611438),(0.,0.7),.UNSPECIFIED.);
#61=B_SPLINE_SURFACE_WITH_KNOTS('',3,1,((#5460,#5461),(#5462,#5463),(#5464,
#5465),(#5466,#5467),(#5468,#5469),(#5470,#5471),(#5472,#5473),(#5474,#5475),
(#5476,#5477),(#5478,#5479),(#5480,#5481),(#5482,#5483),(#5484,#5485),(#5486,
#5487),(#5488,#5489),(#5490,#5491),(#5492,#5493),(#5494,#5495),(#5496,#5497),
(#5498,#5499),(#5500,#5501),(#5502,#5503)),.UNSPECIFIED.,.F.,.F.,.F.,(4,
3,3,3,3,3,3,4),(2,2),(0.,0.320089448454487,1.01825287278489,1.42521106274791,
1.86045547213746,2.75140300107897,3.11733138729891,4.2585621765676),(0.,
0.7),.UNSPECIFIED.);
#62=B_SPLINE_SURFACE_WITH_KNOTS('',3,1,((#5564,#5565),(#5566,#5567),(#5568,
#5569),(#5570,#5571)),.UNSPECIFIED.,.F.,.F.,.F.,(4,4),(2,2),(3.25164680611438,
3.98120862842807),(0.,0.7),.UNSPECIFIED.);
#63=B_SPLINE_SURFACE_WITH_KNOTS('',3,1,((#5583,#5584),(#5585,#5586),(#5587,
#5588),(#5589,#5590),(#5591,#5592),(#5593,#5594),(#5595,#5596)),
 .UNSPECIFIED.,.F.,.F.,.F.,(4,3,4),(2,2),(2.39482099690631,2.45651498372104,
3.25164680611438),(0.,0.7),.UNSPECIFIED.);
#64=B_SPLINE_SURFACE_WITH_KNOTS('',3,1,((#5614,#5615),(#5616,#5617),(#5618,
#5619),(#5620,#5621),(#5622,#5623),(#5624,#5625),(#5626,#5627),(#5628,#5629),
(#5630,#5631),(#5632,#5633)),.UNSPECIFIED.,.F.,.F.,.F.,(4,3,3,4),(2,2),
(0.,0.766699291136168,1.38621686186786,2.39482099690631),(0.,0.7),
 .UNSPECIFIED.);
#65=B_SPLINE_SURFACE_WITH_KNOTS('',3,3,((#5776,#5777,#5778,#5779,#5780,
#5781,#5782,#5783,#5784),(#5785,#5786,#5787,#5788,#5789,#5790,#5791,#5792,
#5793),(#5794,#5795,#5796,#5797,#5798,#5799,#5800,#5801,#5802),(#5803,#5804,
#5805,#5806,#5807,#5808,#5809,#5810,#5811),(#5812,#5813,#5814,#5815,#5816,
#5817,#5818,#5819,#5820),(#5821,#5822,#5823,#5824,#5825,#5826,#5827,#5828,
#5829),(#5830,#5831,#5832,#5833,#5834,#5835,#5836,#5837,#5838),(#5839,#5840,
#5841,#5842,#5843,#5844,#5845,#5846,#5847),(#5848,#5849,#5850,#5851,#5852,
#5853,#5854,#5855,#5856)),.UNSPECIFIED.,.F.,.F.,.F.,(4,1,1,1,1,1,4),(4,
1,1,1,1,1,4),(0.,0.0872309272467405,0.174461854493481,0.261692781740222,
0.436154636233703,0.523385563480443,0.610616490727184),(0.139398716236552,
0.3340531683853,0.431380394459675,0.528707620534049,0.626034846608424,0.723362072682798,
0.820689298757172),.UNSPECIFIED.);
#66=B_SPLINE_SURFACE_WITH_KNOTS('',3,3,((#5866,#5867,#5868,#5869,#5870,
#5871,#5872,#5873,#5874),(#5875,#5876,#5877,#5878,#5879,#5880,#5881,#5882,
#5883),(#5884,#5885,#5886,#5887,#5888,#5889,#5890,#5891,#5892),(#5893,#5894,
#5895,#5896,#5897,#5898,#5899,#5900,#5901),(#5902,#5903,#5904,#5905,#5906,
#5907,#5908,#5909,#5910),(#5911,#5912,#5913,#5914,#5915,#5916,#5917,#5918,
#5919),(#5920,#5921,#5922,#5923,#5924,#5925,#5926,#5927,#5928),(#5929,#5930,
#5931,#5932,#5933,#5934,#5935,#5936,#5937),(#5938,#5939,#5940,#5941,#5942,
#5943,#5944,#5945,#5946),(#5947,#5948,#5949,#5950,#5951,#5952,#5953,#5954,
#5955)),.UNSPECIFIED.,.F.,.F.,.F.,(4,1,1,1,1,1,1,4),(4,1,1,1,1,1,4),(0.,
0.0872372462743232,0.130855869411485,0.261711738822969,0.348948985097293,
0.436186231371616,0.523423477645939,0.610660723920262),(0.139398716236943,
0.23672594231129,0.334053168385637,0.431380394459985,0.528707620534332,
0.626034846608679,0.820689298757373),.UNSPECIFIED.);
#67=B_SPLINE_SURFACE_WITH_KNOTS('',3,1,((#7277,#7278),(#7279,#7280),(#7281,
#7282),(#7283,#7284),(#7285,#7286),(#7287,#7288),(#7289,#7290),(#7291,#7292),
(#7293,#7294),(#7295,#7296),(#7297,#7298),(#7299,#7300),(#7301,#7302),(#7303,
#7304),(#7305,#7306),(#7307,#7308),(#7309,#7310),(#7311,#7312),(#7313,#7314),
(#7315,#7316),(#7317,#7318),(#7319,#7320)),.UNSPECIFIED.,.F.,.F.,.F.,(4,
3,3,3,3,3,3,4),(2,2),(-3.9142029199698,-3.91019275511221,-3.68356175019656,
-2.95981273610775,-2.29551652064966,-1.34748606292879,-0.680458805128845,
0.),(0.,0.826),.UNSPECIFIED.);
#68=B_SPLINE_SURFACE_WITH_KNOTS('',3,1,((#7354,#7355),(#7356,#7357),(#7358,
#7359),(#7360,#7361),(#7362,#7363),(#7364,#7365),(#7366,#7367),(#7368,#7369),
(#7370,#7371),(#7372,#7373),(#7374,#7375),(#7376,#7377),(#7378,#7379),(#7380,
#7381),(#7382,#7383),(#7384,#7385),(#7386,#7387),(#7388,#7389),(#7390,#7391),
(#7392,#7393),(#7394,#7395),(#7396,#7397),(#7398,#7399),(#7400,#7401),(#7402,
#7403)),.UNSPECIFIED.,.F.,.F.,.F.,(4,3,3,3,3,3,3,3,4),(2,2),(-4.10054287861451,
-2.77087874366614,-2.46054403491528,-2.11326146483296,-1.45083432690578,
-1.10508068217893,-0.677686083009214,0.,0.00216426547787722),(0.,0.826),
 .UNSPECIFIED.);
#69=B_SPLINE_SURFACE_WITH_KNOTS('',3,3,((#7443,#7444,#7445,#7446,#7447,
#7448,#7449,#7450,#7451,#7452,#7453),(#7454,#7455,#7456,#7457,#7458,#7459,
#7460,#7461,#7462,#7463,#7464),(#7465,#7466,#7467,#7468,#7469,#7470,#7471,
#7472,#7473,#7474,#7475),(#7476,#7477,#7478,#7479,#7480,#7481,#7482,#7483,
#7484,#7485,#7486),(#7487,#7488,#7489,#7490,#7491,#7492,#7493,#7494,#7495,
#7496,#7497),(#7498,#7499,#7500,#7501,#7502,#7503,#7504,#7505,#7506,#7507,
#7508),(#7509,#7510,#7511,#7512,#7513,#7514,#7515,#7516,#7517,#7518,#7519),
(#7520,#7521,#7522,#7523,#7524,#7525,#7526,#7527,#7528,#7529,#7530),(#7531,
#7532,#7533,#7534,#7535,#7536,#7537,#7538,#7539,#7540,#7541),(#7542,#7543,
#7544,#7545,#7546,#7547,#7548,#7549,#7550,#7551,#7552)),.UNSPECIFIED.,.F.,
 .F.,.F.,(4,1,1,1,1,1,1,4),(4,1,1,1,1,1,1,1,4),(-0.629934967800416,-0.539944258114642,
-0.449953548428868,-0.269972129057321,-0.179981419371547,-0.0899907096857737,
-0.0674930322643303,0.),(0.139398716236956,0.188062329274066,0.236725942311177,
0.334053168385398,0.431380394459619,0.528707620533839,0.62603484660806,
0.723362072682281,0.820689298756502),.UNSPECIFIED.);
#70=B_SPLINE_SURFACE_WITH_KNOTS('',3,3,((#7675,#7676,#7677,#7678,#7679,
#7680,#7681,#7682,#7683,#7684),(#7685,#7686,#7687,#7688,#7689,#7690,#7691,
#7692,#7693,#7694),(#7695,#7696,#7697,#7698,#7699,#7700,#7701,#7702,#7703,
#7704),(#7705,#7706,#7707,#7708,#7709,#7710,#7711,#7712,#7713,#7714),(#7715,
#7716,#7717,#7718,#7719,#7720,#7721,#7722,#7723,#7724),(#7725,#7726,#7727,
#7728,#7729,#7730,#7731,#7732,#7733,#7734),(#7735,#7736,#7737,#7738,#7739,
#7740,#7741,#7742,#7743,#7744),(#7745,#7746,#7747,#7748,#7749,#7750,#7751,
#7752,#7753,#7754),(#7755,#7756,#7757,#7758,#7759,#7760,#7761,#7762,#7763,
#7764),(#7765,#7766,#7767,#7768,#7769,#7770,#7771,#7772,#7773,#7774)),
 .UNSPECIFIED.,.F.,.F.,.F.,(4,1,1,1,1,1,1,4),(4,1,1,1,1,1,1,4),(-0.629887579741636,
-0.539903639778545,-0.449919699815454,-0.359935759852363,-0.269951819889273,
-0.179967879926182,-0.0899839399630908,0.),(0.139398716237042,0.23672594231135,
0.334053168385657,0.431380394459964,0.528707620534272,0.626034846608579,
0.723362072682886,0.820689298757194),.UNSPECIFIED.);
#71=B_SPLINE_SURFACE_WITH_KNOTS('',3,3,((#7973,#7974,#7975,#7976,#7977,
#7978,#7979,#7980,#7981),(#7982,#7983,#7984,#7985,#7986,#7987,#7988,#7989,
#7990),(#7991,#7992,#7993,#7994,#7995,#7996,#7997,#7998,#7999),(#8000,#8001,
#8002,#8003,#8004,#8005,#8006,#8007,#8008),(#8009,#8010,#8011,#8012,#8013,
#8014,#8015,#8016,#8017),(#8018,#8019,#8020,#8021,#8022,#8023,#8024,#8025,
#8026),(#8027,#8028,#8029,#8030,#8031,#8032,#8033,#8034,#8035),(#8036,#8037,
#8038,#8039,#8040,#8041,#8042,#8043,#8044),(#8045,#8046,#8047,#8048,#8049,
#8050,#8051,#8052,#8053),(#8054,#8055,#8056,#8057,#8058,#8059,#8060,#8061,
#8062)),.UNSPECIFIED.,.F.,.F.,.F.,(4,1,1,1,1,1,1,4),(4,1,1,1,1,1,4),(-0.629887579741135,
-0.539903639778116,-0.449919699815096,-0.359935759852077,-0.269951819889058,
-0.179967879926039,-0.0899839399630192,0.),(0.139398716236552,0.3340531683853,
0.431380394459675,0.528707620534049,0.626034846608424,0.723362072682798,
0.820689298757172),.UNSPECIFIED.);
#72=B_SPLINE_SURFACE_WITH_KNOTS('',3,3,((#8158,#8159,#8160,#8161,#8162,
#8163,#8164,#8165,#8166),(#8167,#8168,#8169,#8170,#8171,#8172,#8173,#8174,
#8175),(#8176,#8177,#8178,#8179,#8180,#8181,#8182,#8183,#8184),(#8185,#8186,
#8187,#8188,#8189,#8190,#8191,#8192,#8193),(#8194,#8195,#8196,#8197,#8198,
#8199,#8200,#8201,#8202),(#8203,#8204,#8205,#8206,#8207,#8208,#8209,#8210,
#8211),(#8212,#8213,#8214,#8215,#8216,#8217,#8218,#8219,#8220),(#8221,#8222,
#8223,#8224,#8225,#8226,#8227,#8228,#8229),(#8230,#8231,#8232,#8233,#8234,
#8235,#8236,#8237,#8238)),.UNSPECIFIED.,.F.,.F.,.F.,(4,1,1,1,1,1,4),(4,
1,1,1,1,1,4),(-0.629934967800408,-0.539944258114635,-0.449953548428863,
-0.269972129057318,-0.134986064528659,-0.0899907096857726,0.),(0.139398716236943,
0.23672594231129,0.334053168385637,0.431380394459985,0.528707620534332,
0.626034846608679,0.820689298757373),.UNSPECIFIED.);
#73=B_SPLINE_SURFACE_WITH_KNOTS('',3,3,((#8335,#8336,#8337,#8338,#8339,
#8340,#8341,#8342,#8343,#8344,#8345),(#8346,#8347,#8348,#8349,#8350,#8351,
#8352,#8353,#8354,#8355,#8356),(#8357,#8358,#8359,#8360,#8361,#8362,#8363,
#8364,#8365,#8366,#8367),(#8368,#8369,#8370,#8371,#8372,#8373,#8374,#8375,
#8376,#8377,#8378),(#8379,#8380,#8381,#8382,#8383,#8384,#8385,#8386,#8387,
#8388,#8389),(#8390,#8391,#8392,#8393,#8394,#8395,#8396,#8397,#8398,#8399,
#8400),(#8401,#8402,#8403,#8404,#8405,#8406,#8407,#8408,#8409,#8410,#8411),
(#8412,#8413,#8414,#8415,#8416,#8417,#8418,#8419,#8420,#8421,#8422),(#8423,
#8424,#8425,#8426,#8427,#8428,#8429,#8430,#8431,#8432,#8433)),
 .UNSPECIFIED.,.F.,.F.,.F.,(4,1,1,1,1,1,4),(4,1,1,1,1,1,1,1,4),(0.,0.0872372351258848,
0.17447447025177,0.261711705377655,0.436186175629424,0.523423410755309,
0.610660645881194),(0.139398716236956,0.188062329274066,0.236725942311177,
0.334053168385398,0.431380394459619,0.528707620533839,0.62603484660806,
0.723362072682281,0.820689298756502),.UNSPECIFIED.);
#74=B_SPLINE_SURFACE_WITH_KNOTS('',3,3,((#8528,#8529,#8530,#8531,#8532,
#8533,#8534,#8535,#8536,#8537),(#8538,#8539,#8540,#8541,#8542,#8543,#8544,
#8545,#8546,#8547),(#8548,#8549,#8550,#8551,#8552,#8553,#8554,#8555,#8556,
#8557),(#8558,#8559,#8560,#8561,#8562,#8563,#8564,#8565,#8566,#8567),(#8568,
#8569,#8570,#8571,#8572,#8573,#8574,#8575,#8576,#8577),(#8578,#8579,#8580,
#8581,#8582,#8583,#8584,#8585,#8586,#8587),(#8588,#8589,#8590,#8591,#8592,
#8593,#8594,#8595,#8596,#8597),(#8598,#8599,#8600,#8601,#8602,#8603,#8604,
#8605,#8606,#8607),(#8608,#8609,#8610,#8611,#8612,#8613,#8614,#8615,#8616,
#8617),(#8618,#8619,#8620,#8621,#8622,#8623,#8624,#8625,#8626,#8627)),
 .UNSPECIFIED.,.F.,.F.,.F.,(4,1,1,1,1,1,1,4),(4,1,1,1,1,1,1,4),(0.,0.0872309272467362,
0.130846390870104,0.261692781740209,0.348923708986945,0.436154636233681,
0.523385563480417,0.610616490727153),(0.139398716237042,0.23672594231135,
0.334053168385657,0.431380394459964,0.528707620534272,0.626034846608579,
0.723362072682886,0.820689298757194),.UNSPECIFIED.);
#75=FACE_BOUND('',#394,.T.);
#76=FACE_BOUND('',#395,.T.);
#77=FACE_BOUND('',#442,.T.);
#78=FACE_BOUND('',#469,.T.);
#79=FACE_BOUND('',#470,.T.);
#80=(
BOUNDED_CURVE()
B_SPLINE_CURVE(5,(#3909,#3910,#3911,#3912,#3913,#3914,#3915,#3916,#3917,
#3918,#3919,#3920,#3921,#3922,#3923,#3924,#3925,#3926,#3927,#3928,#3929,
#3930,#3931,#3932,#3933,#3934,#3935,#3936,#3937,#3938,#3939,#3940,#3941,
#3942,#3943,#3944,#3945,#3946,#3947,#3948,#3949,#3950),.UNSPECIFIED.,.F.,
 .F.)
B_SPLINE_CURVE_WITH_KNOTS((6,1,1,1,1,1,1,1,1,1,1,1,1,1,1,1,1,1,1,1,1,1,
1,1,1,1,1,1,1,1,1,1,1,1,1,1,1,6),(0.549762802709193,0.55,0.5625,0.575,0.5875,
0.6,0.6125,0.625,0.6375,0.65,0.6625,0.675,0.6875,0.7,0.712499999999999,
0.724999999999999,0.737499999999999,0.749999999999999,0.762499999999999,
0.774999999999999,0.787499999999999,0.799999999999999,0.812499999999999,
0.824999999999999,0.837499999999999,0.849999999999999,0.862499999999999,
0.874999999999999,0.887499999999999,0.899999999999999,0.912499999999999,
0.924999999999999,0.937499999999999,0.949999999999999,0.962499999999999,
0.974999999999999,0.987499999999998,1.),.UNSPECIFIED.)
CURVE()
GEOMETRIC_REPRESENTATION_ITEM()
RATIONAL_B_SPLINE_CURVE((1.,1.,1.,1.,1.,1.,1.,1.,1.,1.,1.,1.,1.,1.,1.,1.,
1.,1.,1.,1.,1.,1.,1.,1.,1.,1.,1.,1.,1.,1.,1.,1.,1.,1.,1.,1.,1.,1.,1.,1.,
1.,1.))
REPRESENTATION_ITEM('')
);
#81=(
BOUNDED_CURVE()
B_SPLINE_CURVE(5,(#3954,#3955,#3956,#3957,#3958,#3959,#3960,#3961,#3962,
#3963,#3964,#3965,#3966,#3967,#3968,#3969,#3970,#3971,#3972,#3973,#3974,
#3975,#3976,#3977,#3978,#3979,#3980,#3981,#3982,#3983,#3984,#3985,#3986,
#3987,#3988,#3989,#3990,#3991,#3992,#3993,#3994,#3995,#3996),
 .UNSPECIFIED.,.F.,.F.)
B_SPLINE_CURVE_WITH_KNOTS((6,1,1,1,1,1,1,1,1,1,1,1,1,1,1,1,1,1,1,1,1,1,
1,1,1,1,1,1,1,1,1,1,1,1,1,1,1,1,6),(0.,0.0111111111111111,0.0222222222222222,
0.0333333333333333,0.0444444444444444,0.0555555555555556,0.0666666666666667,
0.0777777777777778,0.0888888888888889,0.1,0.111111111111111,0.122222222222222,
0.133333333333333,0.144444444444444,0.155555555555556,0.166666666666667,
0.177777777777778,0.188888888888889,0.2,0.211111111111111,0.222222222222222,
0.233333333333333,0.244444444444444,0.255555555555555,0.266666666666667,
0.277777777777778,0.288888888888889,0.3,0.311111111111111,0.322222222222222,
0.333333333333333,0.344444444444444,0.355555555555556,0.366666666666667,
0.377777777777778,0.388888888888889,0.4,0.411111111111111,0.419039393767867),
 .UNSPECIFIED.)
CURVE()
GEOMETRIC_REPRESENTATION_ITEM()
RATIONAL_B_SPLINE_CURVE((1.,1.,1.,1.,1.,1.,1.,1.,1.,1.,1.,1.,1.,1.,1.,1.,
1.,1.,1.,1.,1.,1.,1.,1.,1.,1.,1.,1.,1.,1.,1.,1.,1.,1.,1.,1.,1.,1.,1.,1.,
1.,1.,1.))
REPRESENTATION_ITEM('')
);
#82=(
BOUNDED_CURVE()
B_SPLINE_CURVE(5,(#4384,#4385,#4386,#4387,#4388,#4389,#4390,#4391,#4392,
#4393,#4394,#4395,#4396,#4397,#4398,#4399,#4400,#4401,#4402,#4403,#4404,
#4405,#4406,#4407,#4408,#4409,#4410,#4411,#4412,#4413,#4414,#4415,#4416,
#4417,#4418,#4419,#4420,#4421,#4422,#4423,#4424,#4425,#4426,#4427,#4428,
#4429,#4430,#4431,#4432,#4433,#4434,#4435,#4436,#4437,#4438,#4439,#4440,
#4441),.UNSPECIFIED.,.F.,.F.)
B_SPLINE_CURVE_WITH_KNOTS((6,1,1,1,1,1,1,1,1,1,1,1,1,1,1,1,1,1,1,1,1,1,
1,1,1,1,1,1,1,1,1,1,1,1,1,1,1,1,1,1,1,1,1,1,1,1,1,1,1,1,1,1,1,6),(0.419039393768183,
0.422222222222222,0.433333333333333,0.444444444444445,0.455555555555556,
0.466666666666667,0.477777777777778,0.488888888888889,0.5,0.511111111111111,
0.522222222222222,0.533333333333333,0.544444444444445,0.555555555555556,
0.566666666666667,0.577777777777778,0.588888888888889,0.6,0.611111111111111,
0.622222222222222,0.633333333333333,0.644444444444444,0.655555555555555,
0.666666666666666,0.677777777777777,0.688888888888888,0.7,0.711111111111111,
0.722222222222222,0.733333333333333,0.744444444444444,0.755555555555555,
0.766666666666666,0.777777777777777,0.788888888888888,0.799999999999999,
0.81111111111111,0.822222222222221,0.833333333333332,0.844444444444443,
0.855555555555555,0.866666666666666,0.877777777777777,0.888888888888888,
0.899999999999999,0.91111111111111,0.922222222222221,0.933333333333332,
0.944444444444443,0.955555555555554,0.966666666666665,0.977777777777776,
0.988888888888887,1.),.UNSPECIFIED.)
CURVE()
GEOMETRIC_REPRESENTATION_ITEM()
RATIONAL_B_SPLINE_CURVE((1.,1.,1.,1.,1.,1.,1.,1.,1.,1.,1.,1.,1.,1.,1.,1.,
1.,1.,1.,1.,1.,1.,1.,1.,1.,1.,1.,1.,1.,1.,1.,1.,1.,1.,1.,1.,1.,1.,1.,1.,
1.,1.,1.,1.,1.,1.,1.,1.,1.,1.,1.,1.,1.,1.,1.,1.,1.,1.))
REPRESENTATION_ITEM('')
);
#83=(
BOUNDED_CURVE()
B_SPLINE_CURVE(5,(#5732,#5733,#5734,#5735,#5736,#5737,#5738,#5739,#5740,
#5741,#5742,#5743,#5744,#5745,#5746,#5747,#5748,#5749,#5750,#5751,#5752),
 .UNSPECIFIED.,.F.,.F.)
B_SPLINE_CURVE_WITH_KNOTS((6,1,1,1,1,1,1,1,1,1,1,1,1,1,1,1,6),(0.,0.04,
0.08,0.12,0.16,0.2,0.24,0.28,0.32,0.36,0.4,0.44,0.48,0.52,0.56,0.6,0.610610512243548),
 .UNSPECIFIED.)
CURVE()
GEOMETRIC_REPRESENTATION_ITEM()
RATIONAL_B_SPLINE_CURVE((1.,1.,1.,1.,1.,1.,1.,1.,1.,1.,1.,1.,1.,1.,1.,1.,
1.,1.,1.,1.,1.))
REPRESENTATION_ITEM('')
);
#84=(
BOUNDED_CURVE()
B_SPLINE_CURVE(5,(#5755,#5756,#5757,#5758,#5759,#5760,#5761,#5762,#5763,
#5764,#5765,#5766,#5767,#5768,#5769,#5770,#5771,#5772,#5773,#5774,#5775),
 .UNSPECIFIED.,.F.,.F.)
B_SPLINE_CURVE_WITH_KNOTS((6,1,1,1,1,1,1,1,1,1,1,1,1,1,1,1,6),(0.,0.04,
0.08,0.12,0.16,0.2,0.24,0.28,0.32,0.36,0.4,0.44,0.48,0.52,0.56,0.6,0.610679107439234),
 .UNSPECIFIED.)
CURVE()
GEOMETRIC_REPRESENTATION_ITEM()
RATIONAL_B_SPLINE_CURVE((1.,1.,1.,1.,1.,1.,1.,1.,1.,1.,1.,1.,1.,1.,1.,1.,
1.,1.,1.,1.,1.))
REPRESENTATION_ITEM('')
);
#85=(
BOUNDED_CURVE()
B_SPLINE_CURVE(5,(#5957,#5958,#5959,#5960,#5961,#5962,#5963,#5964,#5965,
#5966,#5967,#5968,#5969,#5970,#5971,#5972,#5973,#5974,#5975,#5976,#5977),
 .UNSPECIFIED.,.F.,.F.)
B_SPLINE_CURVE_WITH_KNOTS((6,1,1,1,1,1,1,1,1,1,1,1,1,1,1,1,6),(0.,0.04,
0.08,0.12,0.16,0.2,0.24,0.28,0.32,0.36,0.4,0.44,0.48,0.52,0.56,0.6,0.610679185483611),
 .UNSPECIFIED.)
CURVE()
GEOMETRIC_REPRESENTATION_ITEM()
RATIONAL_B_SPLINE_CURVE((1.,1.,1.,1.,1.,1.,1.,1.,1.,1.,1.,1.,1.,1.,1.,1.,
1.,1.,1.,1.,1.))
REPRESENTATION_ITEM('')
);
#86=(
BOUNDED_CURVE()
B_SPLINE_CURVE(5,(#6139,#6140,#6141,#6142,#6143,#6144,#6145,#6146,#6147,
#6148,#6149,#6150,#6151,#6152,#6153,#6154,#6155,#6156,#6157,#6158,#6159,
#6160,#6161,#6162,#6163,#6164,#6165,#6166,#6167,#6168,#6169,#6170,#6171,
#6172,#6173,#6174,#6175,#6176,#6177,#6178,#6179,#6180,#6181,#6182,#6183,
#6184,#6185,#6186,#6187,#6188,#6189,#6190,#6191,#6192,#6193,#6194,#6195,
#6196),.UNSPECIFIED.,.F.,.F.)
B_SPLINE_CURVE_WITH_KNOTS((6,1,1,1,1,1,1,1,1,1,1,1,1,1,1,1,1,1,1,1,1,1,
1,1,1,1,1,1,1,1,1,1,1,1,1,1,1,1,1,1,1,1,1,1,1,1,1,1,1,1,1,1,1,6),(0.419039393767867,
0.422222222222222,0.433333333333333,0.444444444444445,0.455555555555556,
0.466666666666667,0.477777777777778,0.488888888888889,0.5,0.511111111111111,
0.522222222222222,0.533333333333333,0.544444444444445,0.555555555555556,
0.566666666666667,0.577777777777778,0.588888888888889,0.6,0.611111111111111,
0.622222222222222,0.633333333333333,0.644444444444444,0.655555555555555,
0.666666666666666,0.677777777777777,0.688888888888888,0.7,0.711111111111111,
0.722222222222222,0.733333333333333,0.744444444444444,0.755555555555555,
0.766666666666666,0.777777777777777,0.788888888888888,0.799999999999999,
0.81111111111111,0.822222222222221,0.833333333333332,0.844444444444443,
0.855555555555555,0.866666666666666,0.877777777777777,0.888888888888888,
0.899999999999999,0.91111111111111,0.922222222222221,0.933333333333332,
0.944444444444443,0.955555555555554,0.966666666666665,0.977777777777776,
0.988888888888887,1.),.UNSPECIFIED.)
CURVE()
GEOMETRIC_REPRESENTATION_ITEM()
RATIONAL_B_SPLINE_CURVE((1.,1.,1.,1.,1.,1.,1.,1.,1.,1.,1.,1.,1.,1.,1.,1.,
1.,1.,1.,1.,1.,1.,1.,1.,1.,1.,1.,1.,1.,1.,1.,1.,1.,1.,1.,1.,1.,1.,1.,1.,
1.,1.,1.,1.,1.,1.,1.,1.,1.,1.,1.,1.,1.,1.,1.,1.,1.,1.))
REPRESENTATION_ITEM('')
);
#87=(
BOUNDED_CURVE()
B_SPLINE_CURVE(5,(#6309,#6310,#6311,#6312,#6313,#6314,#6315,#6316,#6317,
#6318,#6319,#6320,#6321,#6322,#6323,#6324,#6325,#6326,#6327,#6328,#6329,
#6330,#6331,#6332,#6333,#6334,#6335,#6336,#6337,#6338,#6339,#6340,#6341,
#6342,#6343,#6344,#6345,#6346,#6347,#6348,#6349,#6350,#6351,#6352,#6353,
#6354,#6355,#6356,#6357),.UNSPECIFIED.,.F.,.F.)
B_SPLINE_CURVE_WITH_KNOTS((6,1,1,1,1,1,1,1,1,1,1,1,1,1,1,1,1,1,1,1,1,1,
1,1,1,1,1,1,1,1,1,1,1,1,1,1,1,1,1,1,1,1,1,1,6),(0.,0.0125,0.025,0.0375,
0.05,0.0625,0.075,0.0875,0.1,0.1125,0.125,0.1375,0.15,0.1625,0.175,0.1875,
0.2,0.2125,0.225,0.2375,0.25,0.2625,0.275,0.2875,0.3,0.3125,0.325,0.3375,
0.35,0.3625,0.375,0.3875,0.4,0.4125,0.425,0.4375,0.45,0.4625,0.475,0.4875,
0.5,0.5125,0.525,0.5375,0.549762802709193),.UNSPECIFIED.)
CURVE()
GEOMETRIC_REPRESENTATION_ITEM()
RATIONAL_B_SPLINE_CURVE((1.,1.,1.,1.,1.,1.,1.,1.,1.,1.,1.,1.,1.,1.,1.,1.,
1.,1.,1.,1.,1.,1.,1.,1.,1.,1.,1.,1.,1.,1.,1.,1.,1.,1.,1.,1.,1.,1.,1.,1.,
1.,1.,1.,1.,1.,1.,1.,1.,1.))
REPRESENTATION_ITEM('')
);
#88=(
BOUNDED_CURVE()
B_SPLINE_CURVE(5,(#6361,#6362,#6363,#6364,#6365,#6366,#6367,#6368,#6369,
#6370,#6371,#6372,#6373,#6374,#6375,#6376,#6377,#6378,#6379,#6380,#6381,
#6382,#6383,#6384,#6385,#6386,#6387,#6388,#6389,#6390,#6391,#6392,#6393,
#6394,#6395,#6396,#6397,#6398,#6399,#6400,#6401,#6402,#6403,#6404,#6405,
#6406,#6407,#6408,#6409),.UNSPECIFIED.,.F.,.F.)
B_SPLINE_CURVE_WITH_KNOTS((6,1,1,1,1,1,1,1,1,1,1,1,1,1,1,1,1,1,1,1,1,1,
1,1,1,1,1,1,1,1,1,1,1,1,1,1,1,1,1,1,1,1,1,1,6),(0.,0.0125,0.025,0.0375,
0.05,0.0625,0.075,0.0875,0.1,0.1125,0.125,0.1375,0.15,0.1625,0.175,0.1875,
0.2,0.2125,0.225,0.2375,0.25,0.2625,0.275,0.2875,0.3,0.3125,0.325,0.3375,
0.35,0.3625,0.375,0.3875,0.4,0.4125,0.425,0.4375,0.45,0.4625,0.475,0.4875,
0.5,0.5125,0.525,0.5375,0.54976280270886),.UNSPECIFIED.)
CURVE()
GEOMETRIC_REPRESENTATION_ITEM()
RATIONAL_B_SPLINE_CURVE((1.,1.,1.,1.,1.,1.,1.,1.,1.,1.,1.,1.,1.,1.,1.,1.,
1.,1.,1.,1.,1.,1.,1.,1.,1.,1.,1.,1.,1.,1.,1.,1.,1.,1.,1.,1.,1.,1.,1.,1.,
1.,1.,1.,1.,1.,1.,1.,1.,1.))
REPRESENTATION_ITEM('')
);
#89=(
BOUNDED_CURVE()
B_SPLINE_CURVE(5,(#6419,#6420,#6421,#6422,#6423,#6424,#6425,#6426,#6427,
#6428,#6429,#6430,#6431,#6432,#6433,#6434,#6435,#6436,#6437,#6438,#6439,
#6440,#6441,#6442,#6443,#6444,#6445,#6446,#6447,#6448,#6449,#6450,#6451,
#6452,#6453),.UNSPECIFIED.,.F.,.F.)
B_SPLINE_CURVE_WITH_KNOTS((6,1,1,1,1,1,1,1,1,1,1,1,1,1,1,1,1,1,1,1,1,1,
1,1,1,1,1,1,1,1,6),(0.,0.0333333333333333,0.0666666666666667,0.1,0.133333333333333,
0.166666666666667,0.2,0.233333333333333,0.266666666666667,0.3,0.333333333333333,
0.366666666666667,0.4,0.433333333333333,0.466666666666667,0.5,0.533333333333333,
0.566666666666667,0.6,0.633333333333333,0.666666666666667,0.7,0.733333333333333,
0.766666666666667,0.8,0.833333333333333,0.866666666666667,0.9,0.933333333333333,
0.966666666666667,1.),.UNSPECIFIED.)
CURVE()
GEOMETRIC_REPRESENTATION_ITEM()
RATIONAL_B_SPLINE_CURVE((1.,1.,1.,1.,1.,1.,1.,1.,1.,1.,1.,1.,1.,1.,1.,1.,
1.,1.,1.,1.,1.,1.,1.,1.,1.,1.,1.,1.,1.,1.,1.,1.,1.,1.,1.))
REPRESENTATION_ITEM('')
);
#90=(
BOUNDED_CURVE()
B_SPLINE_CURVE(5,(#6499,#6500,#6501,#6502,#6503,#6504,#6505,#6506,#6507,
#6508,#6509,#6510,#6511,#6512,#6513,#6514,#6515,#6516,#6517,#6518,#6519,
#6520,#6521,#6522,#6523,#6524,#6525,#6526,#6527,#6528,#6529,#6530,#6531,
#6532,#6533,#6534,#6535,#6536,#6537,#6538,#6539,#6540,#6541,#6542,#6543,
#6544,#6545,#6546,#6547,#6548,#6549,#6550,#6551,#6552,#6553,#6554,#6555,
#6556,#6557,#6558,#6559,#6560,#6561,#6562,#6563,#6564,#6565,#6566,#6567,
#6568,#6569,#6570,#6571,#6572,#6573,#6574,#6575,#6576,#6577,#6578,#6579,
#6580,#6581,#6582,#6583,#6584,#6585,#6586,#6587,#6588,#6589,#6590,#6591,
#6592,#6593),.UNSPECIFIED.,.F.,.F.)
B_SPLINE_CURVE_WITH_KNOTS((6,1,1,1,1,1,1,1,1,1,1,1,1,1,1,1,1,1,1,1,1,1,
1,1,1,1,1,1,1,1,1,1,1,1,1,1,1,1,1,1,1,1,1,1,1,1,1,1,1,1,1,1,1,1,1,1,1,1,
1,1,1,1,1,1,1,1,1,1,1,1,1,1,1,1,1,1,1,1,1,1,1,1,1,1,1,1,1,1,1,1,6),(-1.,
-0.988888888888887,-0.977777777777776,-0.966666666666665,-0.955555555555554,
-0.944444444444443,-0.933333333333332,-0.922222222222221,-0.91111111111111,
-0.899999999999999,-0.888888888888888,-0.877777777777777,-0.866666666666666,
-0.855555555555555,-0.844444444444443,-0.833333333333332,-0.822222222222221,
-0.81111111111111,-0.799999999999999,-0.788888888888888,-0.777777777777777,
-0.766666666666666,-0.755555555555555,-0.744444444444444,-0.733333333333333,
-0.722222222222222,-0.711111111111111,-0.7,-0.688888888888888,-0.677777777777777,
-0.666666666666666,-0.655555555555555,-0.644444444444444,-0.633333333333333,
-0.622222222222222,-0.611111111111111,-0.6,-0.588888888888889,-0.577777777777778,
-0.566666666666667,-0.555555555555556,-0.544444444444445,-0.533333333333333,
-0.522222222222222,-0.511111111111111,-0.5,-0.488888888888889,-0.477777777777778,
-0.466666666666667,-0.455555555555556,-0.444444444444445,-0.433333333333333,
-0.422222222222222,-0.411111111111111,-0.4,-0.388888888888889,-0.377777777777778,
-0.366666666666667,-0.355555555555556,-0.344444444444444,-0.333333333333333,
-0.322222222222222,-0.311111111111111,-0.3,-0.288888888888889,-0.277777777777778,
-0.266666666666667,-0.255555555555555,-0.244444444444444,-0.233333333333333,
-0.222222222222222,-0.211111111111111,-0.2,-0.188888888888889,-0.177777777777778,
-0.166666666666667,-0.155555555555556,-0.144444444444444,-0.133333333333333,
-0.122222222222222,-0.111111111111111,-0.1,-0.0888888888888889,-0.0777777777777778,
-0.0666666666666667,-0.0555555555555556,-0.0444444444444444,-0.0333333333333333,
-0.0222222222222222,-0.0111111111111111,0.),.UNSPECIFIED.)
CURVE()
GEOMETRIC_REPRESENTATION_ITEM()
RATIONAL_B_SPLINE_CURVE((1.,1.,1.,1.,1.,1.,1.,1.,1.,1.,1.,1.,1.,1.,1.,1.,
1.,1.,1.,1.,1.,1.,1.,1.,1.,1.,1.,1.,1.,1.,1.,1.,1.,1.,1.,1.,1.,1.,1.,1.,
1.,1.,1.,1.,1.,1.,1.,1.,1.,1.,1.,1.,1.,1.,1.,1.,1.,1.,1.,1.,1.,1.,1.,1.,
1.,1.,1.,1.,1.,1.,1.,1.,1.,1.,1.,1.,1.,1.,1.,1.,1.,1.,1.,1.,1.,1.,1.,1.,
1.,1.,1.,1.,1.,1.,1.))
REPRESENTATION_ITEM('')
);
#91=(
BOUNDED_CURVE()
B_SPLINE_CURVE(5,(#6597,#6598,#6599,#6600,#6601,#6602,#6603,#6604,#6605,
#6606,#6607,#6608,#6609,#6610,#6611,#6612,#6613,#6614,#6615,#6616,#6617,
#6618,#6619,#6620,#6621,#6622,#6623,#6624,#6625,#6626,#6627,#6628,#6629,
#6630,#6631,#6632,#6633,#6634,#6635,#6636,#6637,#6638,#6639,#6640,#6641,
#6642,#6643,#6644,#6645,#6646,#6647,#6648,#6649,#6650,#6651,#6652,#6653,
#6654,#6655,#6656,#6657,#6658,#6659,#6660,#6661,#6662,#6663,#6664,#6665,
#6666,#6667,#6668,#6669,#6670,#6671,#6672,#6673,#6674,#6675,#6676,#6677,
#6678,#6679,#6680,#6681),.UNSPECIFIED.,.F.,.F.)
B_SPLINE_CURVE_WITH_KNOTS((6,1,1,1,1,1,1,1,1,1,1,1,1,1,1,1,1,1,1,1,1,1,
1,1,1,1,1,1,1,1,1,1,1,1,1,1,1,1,1,1,1,1,1,1,1,1,1,1,1,1,1,1,1,1,1,1,1,1,
1,1,1,1,1,1,1,1,1,1,1,1,1,1,1,1,1,1,1,1,1,1,6),(-1.,-0.987499999999998,
-0.974999999999999,-0.962499999999999,-0.949999999999999,-0.937499999999999,
-0.924999999999999,-0.912499999999999,-0.899999999999999,-0.887499999999999,
-0.874999999999999,-0.862499999999999,-0.849999999999999,-0.837499999999999,
-0.824999999999999,-0.812499999999999,-0.799999999999999,-0.787499999999999,
-0.774999999999999,-0.762499999999999,-0.749999999999999,-0.737499999999999,
-0.724999999999999,-0.712499999999999,-0.7,-0.6875,-0.675,-0.6625,-0.65,
-0.6375,-0.625,-0.6125,-0.6,-0.5875,-0.575,-0.5625,-0.55,-0.5375,-0.525,
-0.5125,-0.5,-0.4875,-0.475,-0.4625,-0.45,-0.4375,-0.425,-0.4125,-0.4,-0.3875,
-0.375,-0.3625,-0.35,-0.3375,-0.325,-0.3125,-0.3,-0.2875,-0.275,-0.2625,
-0.25,-0.2375,-0.225,-0.2125,-0.2,-0.1875,-0.175,-0.1625,-0.15,-0.1375,
-0.125,-0.1125,-0.1,-0.0875,-0.075,-0.0625,-0.05,-0.0375,-0.025,-0.0125,
0.),.UNSPECIFIED.)
CURVE()
GEOMETRIC_REPRESENTATION_ITEM()
RATIONAL_B_SPLINE_CURVE((1.,1.,1.,1.,1.,1.,1.,1.,1.,1.,1.,1.,1.,1.,1.,1.,
1.,1.,1.,1.,1.,1.,1.,1.,1.,1.,1.,1.,1.,1.,1.,1.,1.,1.,1.,1.,1.,1.,1.,1.,
1.,1.,1.,1.,1.,1.,1.,1.,1.,1.,1.,1.,1.,1.,1.,1.,1.,1.,1.,1.,1.,1.,1.,1.,
1.,1.,1.,1.,1.,1.,1.,1.,1.,1.,1.,1.,1.,1.,1.,1.,1.,1.,1.,1.,1.))
REPRESENTATION_ITEM('')
);
#92=(
BOUNDED_CURVE()
B_SPLINE_CURVE(5,(#6685,#6686,#6687,#6688,#6689,#6690,#6691,#6692,#6693,
#6694,#6695,#6696,#6697,#6698,#6699,#6700,#6701,#6702,#6703,#6704,#6705,
#6706,#6707,#6708,#6709,#6710,#6711,#6712,#6713,#6714,#6715,#6716,#6717,
#6718,#6719),.UNSPECIFIED.,.F.,.F.)
B_SPLINE_CURVE_WITH_KNOTS((6,1,1,1,1,1,1,1,1,1,1,1,1,1,1,1,1,1,1,1,1,1,
1,1,1,1,1,1,1,1,6),(-1.,-0.966666666666667,-0.933333333333333,-0.9,-0.866666666666667,
-0.833333333333333,-0.8,-0.766666666666667,-0.733333333333333,-0.7,-0.666666666666667,
-0.633333333333333,-0.6,-0.566666666666667,-0.533333333333333,-0.5,-0.466666666666667,
-0.433333333333333,-0.4,-0.366666666666667,-0.333333333333333,-0.3,-0.266666666666667,
-0.233333333333333,-0.2,-0.166666666666667,-0.133333333333333,-0.1,-0.0666666666666667,
-0.0333333333333333,0.),.UNSPECIFIED.)
CURVE()
GEOMETRIC_REPRESENTATION_ITEM()
RATIONAL_B_SPLINE_CURVE((1.,1.,1.,1.,1.,1.,1.,1.,1.,1.,1.,1.,1.,1.,1.,1.,
1.,1.,1.,1.,1.,1.,1.,1.,1.,1.,1.,1.,1.,1.,1.,1.,1.,1.,1.))
REPRESENTATION_ITEM('')
);
#93=(
BOUNDED_CURVE()
B_SPLINE_CURVE(5,(#7579,#7580,#7581,#7582,#7583,#7584,#7585,#7586,#7587,
#7588,#7589,#7590,#7591,#7592,#7593,#7594,#7595,#7596,#7597,#7598,#7599),
 .UNSPECIFIED.,.F.,.F.)
B_SPLINE_CURVE_WITH_KNOTS((6,1,1,1,1,1,1,1,1,1,1,1,1,1,1,1,6),(-0.629954766394153,
-0.6,-0.56,-0.52,-0.48,-0.44,-0.4,-0.36,-0.32,-0.28,-0.24,-0.2,-0.16,-0.12,
-0.08,-0.04,0.),.UNSPECIFIED.)
CURVE()
GEOMETRIC_REPRESENTATION_ITEM()
RATIONAL_B_SPLINE_CURVE((1.,1.,1.,1.,1.,1.,1.,1.,1.,1.,1.,1.,1.,1.,1.,1.,
1.,1.,1.,1.,1.))
REPRESENTATION_ITEM('')
);
#94=(
BOUNDED_CURVE()
B_SPLINE_CURVE(5,(#7776,#7777,#7778,#7779,#7780,#7781,#7782,#7783,#7784,
#7785,#7786,#7787,#7788,#7789,#7790,#7791,#7792,#7793,#7794,#7795,#7796),
 .UNSPECIFIED.,.F.,.F.)
B_SPLINE_CURVE_WITH_KNOTS((6,1,1,1,1,1,1,1,1,1,1,1,1,1,1,1,6),(-0.629887579740788,
-0.6,-0.56,-0.52,-0.48,-0.44,-0.4,-0.36,-0.32,-0.28,-0.24,-0.2,-0.16,-0.12,
-0.08,-0.04,0.),.UNSPECIFIED.)
CURVE()
GEOMETRIC_REPRESENTATION_ITEM()
RATIONAL_B_SPLINE_CURVE((1.,1.,1.,1.,1.,1.,1.,1.,1.,1.,1.,1.,1.,1.,1.,1.,
1.,1.,1.,1.,1.))
REPRESENTATION_ITEM('')
);
#95=(
BOUNDED_CURVE()
B_SPLINE_CURVE(5,(#7868,#7869,#7870,#7871,#7872,#7873,#7874,#7875,#7876,
#7877,#7878,#7879,#7880,#7881,#7882,#7883,#7884,#7885,#7886,#7887,#7888),
 .UNSPECIFIED.,.F.,.F.)
B_SPLINE_CURVE_WITH_KNOTS((6,1,1,1,1,1,1,1,1,1,1,1,1,1,1,1,6),(-0.62995476639414,
-0.6,-0.56,-0.52,-0.48,-0.44,-0.4,-0.36,-0.32,-0.28,-0.24,-0.2,-0.16,-0.12,
-0.08,-0.04,0.),.UNSPECIFIED.)
CURVE()
GEOMETRIC_REPRESENTATION_ITEM()
RATIONAL_B_SPLINE_CURVE((1.,1.,1.,1.,1.,1.,1.,1.,1.,1.,1.,1.,1.,1.,1.,1.,
1.,1.,1.,1.,1.))
REPRESENTATION_ITEM('')
);
#96=(
BOUNDED_CURVE()
B_SPLINE_CURVE(5,(#7952,#7953,#7954,#7955,#7956,#7957,#7958,#7959,#7960,
#7961,#7962,#7963,#7964,#7965,#7966,#7967,#7968,#7969,#7970,#7971,#7972),
 .UNSPECIFIED.,.F.,.F.)
B_SPLINE_CURVE_WITH_KNOTS((6,1,1,1,1,1,1,1,1,1,1,1,1,1,1,1,6),(-0.629887579740788,
-0.6,-0.56,-0.52,-0.48,-0.44,-0.4,-0.36,-0.32,-0.28,-0.24,-0.2,-0.16,-0.12,
-0.08,-0.04,0.),.UNSPECIFIED.)
CURVE()
GEOMETRIC_REPRESENTATION_ITEM()
RATIONAL_B_SPLINE_CURVE((1.,1.,1.,1.,1.,1.,1.,1.,1.,1.,1.,1.,1.,1.,1.,1.,
1.,1.,1.,1.,1.))
REPRESENTATION_ITEM('')
);
#97=(
BOUNDED_CURVE()
B_SPLINE_CURVE(5,(#8506,#8507,#8508,#8509,#8510,#8511,#8512,#8513,#8514,
#8515,#8516,#8517,#8518,#8519,#8520,#8521,#8522,#8523,#8524,#8525,#8526),
 .UNSPECIFIED.,.F.,.F.)
B_SPLINE_CURVE_WITH_KNOTS((6,1,1,1,1,1,1,1,1,1,1,1,1,1,1,1,6),(0.,0.04,
0.08,0.12,0.16,0.2,0.24,0.28,0.32,0.36,0.4,0.44,0.48,0.52,0.56,0.6,0.610610512243548),
 .UNSPECIFIED.)
CURVE()
GEOMETRIC_REPRESENTATION_ITEM()
RATIONAL_B_SPLINE_CURVE((1.,1.,1.,1.,1.,1.,1.,1.,1.,1.,1.,1.,1.,1.,1.,1.,
1.,1.,1.,1.,1.))
REPRESENTATION_ITEM('')
);
#98=B_SPLINE_CURVE_WITH_KNOTS('',3,(#3670,#3671,#3672,#3673,#3674,#3675,
#3676,#3677,#3678,#3679),.UNSPECIFIED.,.F.,.F.,(4,3,3,4),(-0.704987425884749,
-0.704398510757252,-0.671116480758891,-0.589282414319391),.UNSPECIFIED.);
#99=B_SPLINE_CURVE_WITH_KNOTS('',3,(#3683,#3684,#3685,#3686,#3687,#3688,
#3689,#3690,#3691,#3692,#3693,#3694,#3695,#3696,#3697,#3698),
 .UNSPECIFIED.,.F.,.F.,(4,3,3,3,3,4),(-1.67404298848937,-1.56935691213259,
-1.19591479378054,-0.734293790197455,-0.00233758312164344,-2.22044604925031E-16),
 .UNSPECIFIED.);
#100=B_SPLINE_CURVE_WITH_KNOTS('',3,(#3729,#3730,#3731,#3732),
 .UNSPECIFIED.,.F.,.F.,(4,4),(-0.52,0.),.UNSPECIFIED.);
#101=B_SPLINE_CURVE_WITH_KNOTS('',3,(#3759,#3760,#3761,#3762,#3763,#3764,
#3765,#3766,#3767,#3768,#3769,#3770),.UNSPECIFIED.,.F.,.F.,(4,2,2,2,2,4),
(-3.89828720227381,-3.20508734438969,-2.5049295119168,-1.76385763568615,
-0.938536013939898,-0.674280012674508),.UNSPECIFIED.);
#102=B_SPLINE_CURVE_WITH_KNOTS('',3,(#3774,#3775,#3776,#3777),
 .UNSPECIFIED.,.F.,.F.,(4,4),(-0.46378136330632,0.),.UNSPECIFIED.);
#103=B_SPLINE_CURVE_WITH_KNOTS('',3,(#3779,#3780,#3781,#3782,#3783,#3784,
#3785,#3786,#3787,#3788,#3789,#3790),.UNSPECIFIED.,.F.,.F.,(4,2,2,2,2,4),
(-2.11868790003457,-2.10584151773029,-1.70534060603039,-1.21293819006588,
-0.672049556167459,-0.464893395803437),.UNSPECIFIED.);
#104=B_SPLINE_CURVE_WITH_KNOTS('',3,(#3798,#3799,#3800,#3801),
 .UNSPECIFIED.,.F.,.F.,(4,4),(-0.65,-0.0500000000000002),.UNSPECIFIED.);
#105=B_SPLINE_CURVE_WITH_KNOTS('',3,(#3805,#3806,#3807,#3808,#3809,#3810),
 .UNSPECIFIED.,.F.,.F.,(4,2,4),(-0.5,-0.299093967625646,0.),
 .UNSPECIFIED.);
#106=B_SPLINE_CURVE_WITH_KNOTS('',3,(#3812,#3813,#3814,#3815),
 .UNSPECIFIED.,.F.,.F.,(4,4),(-0.148187935251291,-0.05),.UNSPECIFIED.);
#107=B_SPLINE_CURVE_WITH_KNOTS('',3,(#3824,#3825,#3826,#3827),
 .UNSPECIFIED.,.F.,.F.,(4,4),(0.0500000000000003,0.65),.UNSPECIFIED.);
#108=B_SPLINE_CURVE_WITH_KNOTS('',3,(#3830,#3831,#3832,#3833),
 .UNSPECIFIED.,.F.,.F.,(4,4),(-0.55,-0.0499999999999997),.UNSPECIFIED.);
#109=B_SPLINE_CURVE_WITH_KNOTS('',3,(#3842,#3843,#3844,#3845,#3846,#3847,
#3848,#3849,#3850,#3851),.UNSPECIFIED.,.F.,.F.,(4,3,3,4),(-0.521372701407492,
-0.425344611647455,-0.156586485819019,-0.0619564561697739),
 .UNSPECIFIED.);
#110=B_SPLINE_CURVE_WITH_KNOTS('',3,(#3872,#3873,#3874,#3875),
 .UNSPECIFIED.,.F.,.F.,(4,4),(-0.6,0.),.UNSPECIFIED.);
#111=B_SPLINE_CURVE_WITH_KNOTS('',3,(#3877,#3878,#3879,#3880,#3881,#3882),
 .UNSPECIFIED.,.F.,.F.,(4,2,4),(-0.598187935251291,-0.299093967625646,-0.0981879352512911),
 .UNSPECIFIED.);
#112=B_SPLINE_CURVE_WITH_KNOTS('',3,(#3889,#3890,#3891,#3892,#3893,#3894,
#3895),.UNSPECIFIED.,.F.,.F.,(4,3,4),(-4.2585621765676,-3.11203427071738,
-2.6900556515113),.UNSPECIFIED.);
#113=B_SPLINE_CURVE_WITH_KNOTS('',3,(#4006,#4007,#4008,#4009,#4010,#4011,
#4012,#4013,#4014,#4015,#4016,#4017,#4018),.UNSPECIFIED.,.F.,.F.,(4,3,3,
3,4),(-2.42664652031639,-2.00280026723154,-1.58732029725682,-0.996808198233835,
-0.712796452901307),.UNSPECIFIED.);
#114=B_SPLINE_CURVE_WITH_KNOTS('',3,(#4021,#4022,#4023,#4024,#4025,#4026,
#4027),.UNSPECIFIED.,.F.,.F.,(4,3,4),(-0.668935256106612,-0.55617970454858,
0.),.UNSPECIFIED.);
#115=B_SPLINE_CURVE_WITH_KNOTS('',3,(#4044,#4045,#4046,#4047,#4048,#4049,
#4050,#4051,#4052,#4053,#4054,#4055,#4056,#4057,#4058,#4059),
 .UNSPECIFIED.,.F.,.F.,(4,3,3,3,3,4),(-3.70913622608938,-3.70601074513313,
-2.72734386272581,-2.11013045014306,-1.61081719862044,-1.47084598860931),
 .UNSPECIFIED.);
#116=B_SPLINE_CURVE_WITH_KNOTS('',3,(#4066,#4067,#4068,#4069,#4070,#4071,
#4072,#4073,#4074,#4075,#4076,#4077,#4078),.UNSPECIFIED.,.F.,.F.,(4,3,3,
3,4),(-1.63472574381762,-1.38968998649389,-1.01600882735794,-0.282838136951137,
0.),.UNSPECIFIED.);
#117=B_SPLINE_CURVE_WITH_KNOTS('',3,(#4131,#4132,#4133,#4134,#4135,#4136,
#4137),.UNSPECIFIED.,.F.,.F.,(4,3,4),(-0.674280012674506,-0.560623549807828,
0.),.UNSPECIFIED.);
#118=B_SPLINE_CURVE_WITH_KNOTS('',3,(#4215,#4216,#4217,#4218,#4219,#4220,
#4221,#4222,#4223,#4224),.UNSPECIFIED.,.F.,.F.,(4,2,2,2,4),(-3.89828720227381,
-3.20508734438969,-2.5049295119168,-1.76385763568615,-1.49872632257706),
 .UNSPECIFIED.);
#119=B_SPLINE_CURVE_WITH_KNOTS('',3,(#4226,#4227,#4228,#4229,#4230,#4231),
 .UNSPECIFIED.,.F.,.F.,(4,2,4),(-1.49872632257706,-0.938536013939898,-0.674280012674508),
 .UNSPECIFIED.);
#120=B_SPLINE_CURVE_WITH_KNOTS('',3,(#4234,#4235,#4236,#4237,#4238,#4239),
 .UNSPECIFIED.,.F.,.F.,(4,2,4),(-4.77631167823726,-2.38909252234134,-0.00187336644441327),
 .UNSPECIFIED.);
#121=B_SPLINE_CURVE_WITH_KNOTS('',3,(#4250,#4251,#4252,#4253),
 .UNSPECIFIED.,.F.,.F.,(4,4),(-0.46378136330632,0.),.UNSPECIFIED.);
#122=B_SPLINE_CURVE_WITH_KNOTS('',3,(#4281,#4282,#4283,#4284,#4285,#4286,
#4287),.UNSPECIFIED.,.F.,.F.,(4,3,4),(-2.73126977421017,-2.3102578167647,
-1.69321643741248),.UNSPECIFIED.);
#123=B_SPLINE_CURVE_WITH_KNOTS('',3,(#4289,#4290,#4291,#4292,#4293,#4294,
#4295,#4296,#4297,#4298),.UNSPECIFIED.,.F.,.F.,(4,3,3,4),(-1.69321643741248,
-1.23830540713178,-0.678270426339895,-0.463781363306314),.UNSPECIFIED.);
#124=B_SPLINE_CURVE_WITH_KNOTS('',3,(#4301,#4302,#4303,#4304),
 .UNSPECIFIED.,.F.,.F.,(4,4),(-0.0981879352512866,-5.93774099883741E-9),
 .UNSPECIFIED.);
#125=B_SPLINE_CURVE_WITH_KNOTS('',3,(#4322,#4323,#4324,#4325),
 .UNSPECIFIED.,.F.,.F.,(4,4),(-2.23596878195016,-2.11868792261105),
 .UNSPECIFIED.);
#126=B_SPLINE_CURVE_WITH_KNOTS('',3,(#4327,#4328,#4329,#4330),
 .UNSPECIFIED.,.F.,.F.,(4,4),(-2.42664651989154,-2.23596878195016),
 .UNSPECIFIED.);
#127=B_SPLINE_CURVE_WITH_KNOTS('',3,(#4334,#4335,#4336,#4337,#4338,#4339,
#4340,#4341,#4342,#4343,#4344,#4345,#4346,#4347,#4348,#4349,#4350,#4351,
#4352,#4353,#4354,#4355,#4356,#4357,#4358),.UNSPECIFIED.,.F.,.F.,(4,3,3,
3,3,3,3,3,4),(-3.70913622600682,-3.70717957757817,-3.09450362678076,-2.70810880626262,
-2.3955231588135,-1.79664236911013,-1.4826744654522,-1.20211003080262,0.),
 .UNSPECIFIED.);
#128=B_SPLINE_CURVE_WITH_KNOTS('',3,(#4362,#4363,#4364,#4365,#4366,#4367,
#4368,#4369,#4370,#4371,#4372,#4373,#4374),.UNSPECIFIED.,.F.,.F.,(4,3,3,
3,4),(-0.696042506511859,-0.571327840379803,-0.138069024239107,-0.00240061021833235,
0.),.UNSPECIFIED.);
#129=B_SPLINE_CURVE_WITH_KNOTS('',3,(#4490,#4491,#4492,#4493),
 .UNSPECIFIED.,.F.,.F.,(4,4),(-4.36161326879954,-2.73126977421017),
 .UNSPECIFIED.);
#130=B_SPLINE_CURVE_WITH_KNOTS('',3,(#4539,#4540,#4541,#4542,#4543,#4544,
#4545,#4546,#4547,#4548),.UNSPECIFIED.,.F.,.F.,(4,3,3,4),(-0.464893395803437,
-0.136090723172671,-0.00236621344017964,0.),.UNSPECIFIED.);
#131=B_SPLINE_CURVE_WITH_KNOTS('',3,(#4553,#4554,#4555,#4556),
 .UNSPECIFIED.,.F.,.F.,(4,4),(-0.628000000000001,-0.0499999999999999),
 .UNSPECIFIED.);
#132=B_SPLINE_CURVE_WITH_KNOTS('',3,(#4560,#4561,#4562,#4563,#4564,#4565,
#4566,#4567,#4568,#4569,#4570,#4571,#4572),.UNSPECIFIED.,.F.,.F.,(4,3,3,
3,4),(-0.0318304346552521,-0.0204661580170968,-0.012151341853648,-0.00499344061092214,
0.),.UNSPECIFIED.);
#133=B_SPLINE_CURVE_WITH_KNOTS('',3,(#4576,#4577,#4578,#4579,#4580,#4581,
#4582,#4583,#4584,#4585,#4586,#4587,#4588,#4589,#4590,#4591),
 .UNSPECIFIED.,.F.,.F.,(4,3,3,3,3,4),(-0.0448121784087958,-0.0414737805102829,
-0.0376331747361053,-0.0290977670610951,-0.00646762837789097,0.),
 .UNSPECIFIED.);
#134=B_SPLINE_CURVE_WITH_KNOTS('',3,(#4599,#4600,#4601,#4602),
 .UNSPECIFIED.,.F.,.F.,(4,4),(-0.628000000000001,-0.0500000000000028),
 .UNSPECIFIED.);
#135=B_SPLINE_CURVE_WITH_KNOTS('',3,(#4609,#4610,#4611,#4612,#4613,#4614,
#4615,#4616,#4617,#4618,#4619,#4620,#4621),.UNSPECIFIED.,.F.,.F.,(4,3,3,
3,4),(-0.044803148576529,-0.0292072199013638,-0.0117446359683711,-0.00482615181913642,
0.),.UNSPECIFIED.);
#136=B_SPLINE_CURVE_WITH_KNOTS('',3,(#4624,#4625,#4626,#4627,#4628,#4629,
#4630,#4631,#4632,#4633,#4634,#4635,#4636),.UNSPECIFIED.,.F.,.F.,(4,3,3,
3,4),(-0.0318331276871057,-0.0292150724316081,-0.02637107250142,-0.018859658980472,
0.),.UNSPECIFIED.);
#137=B_SPLINE_CURVE_WITH_KNOTS('',3,(#4710,#4711,#4712,#4713,#4714,#4715,
#4716,#4717,#4718,#4719,#4720,#4721),.UNSPECIFIED.,.F.,.F.,(4,2,2,2,2,4),
(0.132451314790707,0.174497665720614,0.23144744464426,0.283712700217214,
0.34316485078092,0.488096420784541),.UNSPECIFIED.);
#138=B_SPLINE_CURVE_WITH_KNOTS('',3,(#4723,#4724,#4725,#4726,#4727,#4728),
 .UNSPECIFIED.,.F.,.F.,(4,2,4),(-4.77643604167848,-2.38909252234134,-0.0017490030036349),
 .UNSPECIFIED.);
#139=B_SPLINE_CURVE_WITH_KNOTS('',3,(#4729,#4730,#4731,#4732,#4733,#4734,
#4735,#4736,#4737,#4738,#4739,#4740),.UNSPECIFIED.,.F.,.F.,(4,2,2,2,2,4),
(-0.124935787862265,-0.109651731559339,-0.0897388914387781,-0.071464023692101,
-0.0506762139545111,0.),.UNSPECIFIED.);
#140=B_SPLINE_CURVE_WITH_KNOTS('',3,(#4775,#4776,#4777,#4778,#4779,#4780,
#4781,#4782,#4783,#4784,#4785,#4786,#4787,#4788,#4789,#4790),
 .UNSPECIFIED.,.F.,.F.,(4,3,3,3,3,4),(-3.2455940735896,-2.57927808968537,
-1.88774150776356,-1.19150007912643,-0.667593211733854,0.),
 .UNSPECIFIED.);
#141=B_SPLINE_CURVE_WITH_KNOTS('',3,(#4794,#4795,#4796,#4797,#4798,#4799,
#4800,#4801,#4802,#4803,#4804,#4805,#4806,#4807,#4808,#4809),
 .UNSPECIFIED.,.F.,.F.,(4,3,3,3,3,4),(0.,0.718388214548109,1.28215745671603,
2.03137363809993,2.77552699623738,3.49254080283172),.UNSPECIFIED.);
#142=B_SPLINE_CURVE_WITH_KNOTS('',3,(#4820,#4821,#4822,#4823),
 .UNSPECIFIED.,.F.,.F.,(4,4),(-0.283299436400384,0.),.UNSPECIFIED.);
#143=B_SPLINE_CURVE_WITH_KNOTS('',3,(#4826,#4827,#4828,#4829),
 .UNSPECIFIED.,.F.,.F.,(4,4),(3.49254080283172,3.98120862766845),
 .UNSPECIFIED.);
#144=B_SPLINE_CURVE_WITH_KNOTS('',3,(#4832,#4833,#4834,#4835),
 .UNSPECIFIED.,.F.,.F.,(4,4),(-0.0499827932769659,-0.0498582937212157),
 .UNSPECIFIED.);
#145=B_SPLINE_CURVE_WITH_KNOTS('',3,(#4837,#4838,#4839,#4840,#4841,#4842),
 .UNSPECIFIED.,.F.,.F.,(4,2,4),(-4.77643604168033,-2.38909252234227,-0.00174900300383252),
 .UNSPECIFIED.);
#146=B_SPLINE_CURVE_WITH_KNOTS('',3,(#4844,#4845,#4846,#4847),
 .UNSPECIFIED.,.F.,.F.,(4,4),(-0.00185416580951421,-0.00172974342593143),
 .UNSPECIFIED.);
#147=B_SPLINE_CURVE_WITH_KNOTS('',3,(#4860,#4861,#4862,#4863),
 .UNSPECIFIED.,.F.,.F.,(4,4),(-0.469088366342908,0.),.UNSPECIFIED.);
#148=B_SPLINE_CURVE_WITH_KNOTS('',3,(#4866,#4867,#4868,#4869),
 .UNSPECIFIED.,.F.,.F.,(4,4),(0.,0.473043449717745),.UNSPECIFIED.);
#149=B_SPLINE_CURVE_WITH_KNOTS('',3,(#4879,#4880,#4881,#4882),
 .UNSPECIFIED.,.F.,.F.,(4,4),(-0.208409302697261,0.),.UNSPECIFIED.);
#150=B_SPLINE_CURVE_WITH_KNOTS('',3,(#4885,#4886,#4887,#4888),
 .UNSPECIFIED.,.F.,.F.,(4,4),(0.473043449717745,0.740607335148128),
 .UNSPECIFIED.);
#151=B_SPLINE_CURVE_WITH_KNOTS('',3,(#4934,#4935,#4936,#4937,#4938,#4939,
#4940,#4941,#4942,#4943,#4944,#4945,#4946,#4947,#4948,#4949,#4950,#4951,
#4952,#4953,#4954,#4955),.UNSPECIFIED.,.F.,.F.,(4,3,3,3,3,3,3,4),(-2.62802502127625,
-1.94997931579231,-1.59471465836206,-1.31926793520207,-0.81482149901651,
-0.442049125331331,-0.182442814474288,0.),.UNSPECIFIED.);
#152=B_SPLINE_CURVE_WITH_KNOTS('',3,(#4958,#4959,#4960,#4961,#4962,#4963,
#4964,#4965,#4966,#4967,#4968,#4969,#4970,#4971,#4972,#4973,#4974,#4975,
#4976,#4977,#4978,#4979),.UNSPECIFIED.,.F.,.F.,(4,3,3,3,3,3,3,4),(0.740607335148128,
0.984830878429534,1.33234784301055,1.83135236780451,2.5066198284382,2.87534125443256,
3.3509094136406,4.2585621769308),.UNSPECIFIED.);
#153=B_SPLINE_CURVE_WITH_KNOTS('',3,(#5018,#5019,#5020,#5021),
 .UNSPECIFIED.,.F.,.F.,(4,4),(0.,0.282337723086083),.UNSPECIFIED.);
#154=B_SPLINE_CURVE_WITH_KNOTS('',3,(#5024,#5025,#5026,#5027),
 .UNSPECIFIED.,.F.,.F.,(4,4),(-3.98120862766845,-3.49254080283172),
 .UNSPECIFIED.);
#155=B_SPLINE_CURVE_WITH_KNOTS('',3,(#5061,#5062,#5063,#5064),
 .UNSPECIFIED.,.F.,.F.,(4,4),(0.0504976997505404,0.0538234270856987),
 .UNSPECIFIED.);
#156=B_SPLINE_CURVE_WITH_KNOTS('',3,(#5066,#5067,#5068,#5069),
 .UNSPECIFIED.,.F.,.F.,(4,4),(0.0500000000000001,0.57),.UNSPECIFIED.);
#157=B_SPLINE_CURVE_WITH_KNOTS('',3,(#5071,#5072,#5073,#5074,#5075,#5076,
#5077,#5078,#5079,#5080,#5081,#5082,#5083,#5084,#5085,#5086),
 .UNSPECIFIED.,.F.,.F.,(4,3,3,3,3,4),(0.,0.622791977358116,1.08609341490969,
1.78277614893124,2.45946508909831,3.16278395785582),.UNSPECIFIED.);
#158=B_SPLINE_CURVE_WITH_KNOTS('',3,(#5089,#5090,#5091,#5092,#5093,#5094,
#5095,#5096,#5097,#5098,#5099,#5100,#5101,#5102,#5103,#5104),
 .UNSPECIFIED.,.F.,.F.,(4,3,3,3,3,4),(-3.49254080283172,-2.71102592986633,
-1.96512338732637,-1.19718203081172,-0.686492850422845,0.),
 .UNSPECIFIED.);
#159=B_SPLINE_CURVE_WITH_KNOTS('',3,(#5158,#5159,#5160,#5161,#5162,#5163,
#5164,#5165,#5166,#5167,#5168,#5169,#5170,#5171,#5172,#5173,#5174,#5175,
#5176,#5177,#5178,#5179),.UNSPECIFIED.,.F.,.F.,(4,3,3,3,3,3,3,4),(-4.2585621765676,
-3.11203427071738,-2.46946851273243,-1.85210138454932,-1.38968998649389,
-1.01600882735794,-0.282838136951137,0.),.UNSPECIFIED.);
#160=B_SPLINE_CURVE_WITH_KNOTS('',3,(#5189,#5190,#5191,#5192),
 .UNSPECIFIED.,.F.,.F.,(4,4),(0.,0.408732739989266),.UNSPECIFIED.);
#161=B_SPLINE_CURVE_WITH_KNOTS('',3,(#5194,#5195,#5196,#5197),
 .UNSPECIFIED.,.F.,.F.,(4,4),(-0.473043449717745,0.),.UNSPECIFIED.);
#162=B_SPLINE_CURVE_WITH_KNOTS('',3,(#5208,#5209,#5210,#5211),
 .UNSPECIFIED.,.F.,.F.,(4,4),(0.,0.00559701948369663),.UNSPECIFIED.);
#163=B_SPLINE_CURVE_WITH_KNOTS('',3,(#5213,#5214,#5215,#5216),
 .UNSPECIFIED.,.F.,.F.,(4,4),(-0.740607335148128,-0.473043449717745),
 .UNSPECIFIED.);
#164=B_SPLINE_CURVE_WITH_KNOTS('',3,(#5220,#5221,#5222,#5223),
 .UNSPECIFIED.,.F.,.F.,(4,4),(0.00559701948369919,0.201538368647693),
 .UNSPECIFIED.);
#165=B_SPLINE_CURVE_WITH_KNOTS('',3,(#5224,#5225,#5226,#5227),
 .UNSPECIFIED.,.F.,.F.,(4,4),(0.0500000000000001,0.57),.UNSPECIFIED.);
#166=B_SPLINE_CURVE_WITH_KNOTS('',3,(#5273,#5274,#5275,#5276),
 .UNSPECIFIED.,.F.,.F.,(4,4),(0.,0.0108628601476607),.UNSPECIFIED.);
#167=B_SPLINE_CURVE_WITH_KNOTS('',3,(#5278,#5279,#5280,#5281,#5282,#5283,
#5284,#5285,#5286,#5287,#5288,#5289,#5290,#5291,#5292,#5293,#5294,#5295,
#5296,#5297,#5298,#5299),.UNSPECIFIED.,.F.,.F.,(4,3,3,3,3,3,3,4),(-4.2585621769308,
-3.34442265459867,-2.81742292182277,-2.4031377826773,-1.77717582609472,
-1.32677274374672,-0.968887789306071,-0.740607335148128),.UNSPECIFIED.);
#168=B_SPLINE_CURVE_WITH_KNOTS('',3,(#5303,#5304,#5305,#5306,#5307,#5308,
#5309,#5310,#5311,#5312,#5313,#5314,#5315,#5316,#5317,#5318,#5319,#5320,
#5321,#5322,#5323,#5324),.UNSPECIFIED.,.F.,.F.,(4,3,3,3,3,3,3,4),(0.0108760752795598,
0.177950189558165,0.458183144873631,0.810860130266459,1.30100414674894,
1.62539987069735,2.0380539673108,2.75384829377021),.UNSPECIFIED.);
#169=B_SPLINE_CURVE_WITH_KNOTS('',3,(#5325,#5326,#5327,#5328),
 .UNSPECIFIED.,.F.,.F.,(4,4),(0.0500000000000003,0.57),.UNSPECIFIED.);
#170=B_SPLINE_CURVE_WITH_KNOTS('',3,(#5355,#5356,#5357,#5358),
 .UNSPECIFIED.,.F.,.F.,(4,4),(0.,0.652390392861227),.UNSPECIFIED.);
#171=B_SPLINE_CURVE_WITH_KNOTS('',3,(#5360,#5361,#5362,#5363,#5364,#5365,
#5366,#5367,#5368,#5369),.UNSPECIFIED.,.F.,.F.,(4,3,3,4),(-2.39482099690631,
-1.42298717907759,-0.802627841679801,0.),.UNSPECIFIED.);
#172=B_SPLINE_CURVE_WITH_KNOTS('',3,(#5373,#5374,#5375,#5376),
 .UNSPECIFIED.,.F.,.F.,(4,4),(0.0604603529795475,0.0796148523364982),
 .UNSPECIFIED.);
#173=B_SPLINE_CURVE_WITH_KNOTS('',3,(#5377,#5378,#5379,#5380,#5381,#5382,
#5383,#5384,#5385,#5386),.UNSPECIFIED.,.F.,.F.,(4,3,3,4),(-0.42453603924072,
-0.212735408082268,-0.071769670932735,-0.0447989533581896),
 .UNSPECIFIED.);
#174=B_SPLINE_CURVE_WITH_KNOTS('',3,(#5401,#5402,#5403,#5404,#5405,#5406,
#5407),.UNSPECIFIED.,.F.,.F.,(4,3,4),(0.,0.022425333043398,0.414750817741356),
 .UNSPECIFIED.);
#175=B_SPLINE_CURVE_WITH_KNOTS('',3,(#5409,#5410,#5411,#5412,#5413,#5414,
#5415),.UNSPECIFIED.,.F.,.F.,(4,3,4),(-3.25164680611438,-2.44056258000212,
-2.39482099690631),.UNSPECIFIED.);
#176=B_SPLINE_CURVE_WITH_KNOTS('',3,(#5418,#5419,#5420,#5421),
 .UNSPECIFIED.,.F.,.F.,(4,4),(-3.25164680611438,-3.24079991534902),
 .UNSPECIFIED.);
#177=B_SPLINE_CURVE_WITH_KNOTS('',3,(#5431,#5432,#5433,#5434),
 .UNSPECIFIED.,.F.,.F.,(4,4),(-3.98120862842807,-3.25164680611438),
 .UNSPECIFIED.);
#178=B_SPLINE_CURVE_WITH_KNOTS('',3,(#5436,#5437,#5438,#5439),
 .UNSPECIFIED.,.F.,.F.,(4,4),(-3.98120862842807,-3.25164680611438),
 .UNSPECIFIED.);
#179=B_SPLINE_CURVE_WITH_KNOTS('',3,(#5446,#5447,#5448,#5449),
 .UNSPECIFIED.,.F.,.F.,(4,4),(-0.00383819730196907,-0.00163874528608282),
 .UNSPECIFIED.);
#180=B_SPLINE_CURVE_WITH_KNOTS('',3,(#5454,#5455,#5456,#5457,#5458,#5459),
 .UNSPECIFIED.,.F.,.F.,(4,2,4),(-3.67198652312186,-1.8359932265127,-0.00163867937813222),
 .UNSPECIFIED.);
#181=B_SPLINE_CURVE_WITH_KNOTS('',3,(#5505,#5506,#5507,#5508,#5509,#5510,
#5511,#5512,#5513,#5514,#5515,#5516,#5517,#5518,#5519,#5520,#5521,#5522,
#5523,#5524,#5525,#5526),.UNSPECIFIED.,.F.,.F.,(4,3,3,3,3,3,3,4),(-4.27537605412106,
-3.12963939785891,-2.76226623407693,-1.86780101957934,-1.43083815548563,
-1.022273191947,-0.32135324232888,0.),.UNSPECIFIED.);
#182=B_SPLINE_CURVE_WITH_KNOTS('',3,(#5528,#5529,#5530,#5531,#5532,#5533,
#5534,#5535,#5536,#5537,#5538,#5539,#5540,#5541,#5542,#5543,#5544,#5545,
#5546,#5547,#5548,#5549),.UNSPECIFIED.,.F.,.F.,(4,3,3,3,3,3,3,4),(0.,0.320089448454487,
1.01825287278489,1.42521106274791,1.86045547213746,2.75140300107897,3.11733138729891,
4.2585621765676),.UNSPECIFIED.);
#183=B_SPLINE_CURVE_WITH_KNOTS('',3,(#5552,#5553,#5554,#5555),
 .UNSPECIFIED.,.F.,.F.,(4,4),(-0.00185416581009125,-0.00172974342583718),
 .UNSPECIFIED.);
#184=B_SPLINE_CURVE_WITH_KNOTS('',3,(#5560,#5561,#5562,#5563),
 .UNSPECIFIED.,.F.,.F.,(4,4),(-0.0499827932763839,-0.0498582937216049),
 .UNSPECIFIED.);
#185=B_SPLINE_CURVE_WITH_KNOTS('',3,(#5573,#5574,#5575,#5576),
 .UNSPECIFIED.,.F.,.F.,(4,4),(-0.372354009731945,0.),.UNSPECIFIED.);
#186=B_SPLINE_CURVE_WITH_KNOTS('',3,(#5578,#5579,#5580,#5581),
 .UNSPECIFIED.,.F.,.F.,(4,4),(3.25164680611438,3.98120862842807),
 .UNSPECIFIED.);
#187=B_SPLINE_CURVE_WITH_KNOTS('',3,(#5598,#5599,#5600,#5601,#5602,#5603,
#5604),.UNSPECIFIED.,.F.,.F.,(4,3,4),(-0.46146082304558,-0.0332265410618313,
0.),.UNSPECIFIED.);
#188=B_SPLINE_CURVE_WITH_KNOTS('',3,(#5606,#5607,#5608,#5609,#5610,#5611,
#5612),.UNSPECIFIED.,.F.,.F.,(4,3,4),(2.39482099690631,2.45651498372104,
3.25164680611438),.UNSPECIFIED.);
#189=B_SPLINE_CURVE_WITH_KNOTS('',3,(#5635,#5636,#5637,#5638,#5639,#5640,
#5641,#5642,#5643,#5644),.UNSPECIFIED.,.F.,.F.,(4,3,3,4),(-2.12418765784866,
-1.22956360950789,-0.680056327223055,0.),.UNSPECIFIED.);
#190=B_SPLINE_CURVE_WITH_KNOTS('',3,(#5646,#5647,#5648,#5649,#5650,#5651,
#5652,#5653,#5654,#5655),.UNSPECIFIED.,.F.,.F.,(4,3,3,4),(0.,0.766699291136168,
1.38621686186786,2.39482099690631),.UNSPECIFIED.);
#191=B_SPLINE_CURVE_WITH_KNOTS('',3,(#5659,#5660,#5661,#5662),
 .UNSPECIFIED.,.F.,.F.,(4,4),(-0.00383819730166606,-0.00163874528448576),
 .UNSPECIFIED.);
#192=B_SPLINE_CURVE_WITH_KNOTS('',3,(#5664,#5665,#5666,#5667,#5668,#5669),
 .UNSPECIFIED.,.F.,.F.,(4,2,4),(-3.67198652311752,-1.83599322651053,-0.00163867937812867),
 .UNSPECIFIED.);
#193=B_SPLINE_CURVE_WITH_KNOTS('',3,(#5857,#5858,#5859,#5860,#5861,#5862,
#5863,#5864,#5865),.UNSPECIFIED.,.F.,.F.,(4,1,1,1,1,1,4),(0.139398716236552,
0.3340531683853,0.431380394459675,0.528707620534049,0.626034846608424,0.723362072682798,
0.820689298757172),.UNSPECIFIED.);
#194=B_SPLINE_CURVE_WITH_KNOTS('',3,(#5978,#5979,#5980,#5981,#5982,#5983,
#5984,#5985,#5986),.UNSPECIFIED.,.F.,.F.,(4,1,1,1,1,1,4),(0.139398716236943,
0.23672594231129,0.334053168385637,0.431380394459985,0.528707620534332,
0.626034846608679,0.820689298757373),.UNSPECIFIED.);
#195=B_SPLINE_CURVE_WITH_KNOTS('',3,(#6206,#6207,#6208,#6209),
 .UNSPECIFIED.,.F.,.F.,(4,4),(-0.55,-0.05),.UNSPECIFIED.);
#196=B_SPLINE_CURVE_WITH_KNOTS('',3,(#7267,#7268,#7269,#7270),
 .UNSPECIFIED.,.F.,.F.,(4,4),(-0.0519299138423897,-0.0498482140752546),
 .UNSPECIFIED.);
#197=B_SPLINE_CURVE_WITH_KNOTS('',3,(#7271,#7272,#7273,#7274,#7275,#7276),
 .UNSPECIFIED.,.F.,.F.,(4,2,4),(-3.67023197878151,-1.83599324772344,0.),
 .UNSPECIFIED.);
#198=B_SPLINE_CURVE_WITH_KNOTS('',3,(#7323,#7324,#7325,#7326,#7327,#7328,
#7329,#7330,#7331,#7332,#7333,#7334,#7335,#7336,#7337,#7338,#7339,#7340,
#7341,#7342,#7343,#7344),.UNSPECIFIED.,.F.,.F.,(4,3,3,3,3,3,3,4),(-4.36161326559732,
-3.60337507206867,-2.8601037098988,-1.80370926507079,-1.06348111521022,
-0.257004454353532,-0.0044685440682888,0.),.UNSPECIFIED.);
#199=B_SPLINE_CURVE_WITH_KNOTS('',3,(#7348,#7349,#7350,#7351,#7352,#7353),
 .UNSPECIFIED.,.F.,.F.,(4,2,4),(-4.7763116782398,-2.38909252234227,-0.00187336644506964),
 .UNSPECIFIED.);
#200=B_SPLINE_CURVE_WITH_KNOTS('',3,(#7406,#7407,#7408,#7409,#7410,#7411,
#7412,#7413,#7414,#7415,#7416,#7417,#7418,#7419,#7420,#7421,#7422,#7423,
#7424,#7425,#7426,#7427,#7428,#7429,#7430),.UNSPECIFIED.,.F.,.F.,(4,3,3,
3,3,3,3,3,4),(-3.89828720259559,-3.89623077299457,-3.2523108216093,-2.84621142482422,
-2.51768517102366,-1.88826387826774,-1.55828487877084,-1.26341279037752,
0.),.UNSPECIFIED.);
#201=B_SPLINE_CURVE_WITH_KNOTS('',3,(#7433,#7434,#7435,#7436),
 .UNSPECIFIED.,.F.,.F.,(4,4),(-0.0519299138412003,-0.0498482140743819),
 .UNSPECIFIED.);
#202=B_SPLINE_CURVE_WITH_KNOTS('',3,(#7437,#7438,#7439,#7440,#7441,#7442),
 .UNSPECIFIED.,.F.,.F.,(4,2,4),(-3.67023197877716,-1.83599324772127,0.),
 .UNSPECIFIED.);
#203=B_SPLINE_CURVE_WITH_KNOTS('',3,(#7554,#7555,#7556,#7557,#7558,#7559,
#7560,#7561,#7562,#7563,#7564,#7565,#7566),.UNSPECIFIED.,.F.,.F.,(4,3,3,
3,4),(-0.349475403475231,-0.289034882760866,-0.243799920224024,-0.158995799550622,
-0.118491719682037),.UNSPECIFIED.);
#204=B_SPLINE_CURVE_WITH_KNOTS('',3,(#7568,#7569,#7570,#7571,#7572,#7573,
#7574,#7575,#7576,#7577,#7578),.UNSPECIFIED.,.F.,.F.,(4,1,1,1,1,1,1,1,4),
(0.139398716236956,0.188062329274066,0.236725942311177,0.334053168385398,
0.431380394459619,0.528707620533839,0.62603484660806,0.723362072682281,
0.820689298756502),.UNSPECIFIED.);
#205=B_SPLINE_CURVE_WITH_KNOTS('',3,(#7661,#7662,#7663,#7664,#7665,#7666,
#7667,#7668,#7669,#7670,#7671,#7672,#7673),.UNSPECIFIED.,.F.,.F.,(4,3,3,
3,4),(0.,0.0925476631881875,0.161811552169666,0.291616615748242,0.353672990629354),
 .UNSPECIFIED.);
#206=B_SPLINE_CURVE_WITH_KNOTS('',3,(#7797,#7798,#7799,#7800,#7801,#7802,
#7803,#7804,#7805,#7806),.UNSPECIFIED.,.F.,.F.,(4,1,1,1,1,1,1,4),(0.139398716237042,
0.23672594231135,0.334053168385657,0.431380394459964,0.528707620534272,
0.626034846608579,0.723362072682886,0.820689298757194),.UNSPECIFIED.);
#207=B_SPLINE_CURVE_WITH_KNOTS('',3,(#8063,#8064,#8065,#8066,#8067,#8068,
#8069,#8070,#8071),.UNSPECIFIED.,.F.,.F.,(4,1,1,1,1,1,4),(0.139398716236552,
0.3340531683853,0.431380394459675,0.528707620534049,0.626034846608424,0.723362072682798,
0.820689298757172),.UNSPECIFIED.);
#208=B_SPLINE_CURVE_WITH_KNOTS('',3,(#8072,#8073,#8074,#8075,#8076,#8077,
#8078,#8079,#8080,#8081,#8082,#8083,#8084),.UNSPECIFIED.,.F.,.F.,(4,3,3,
3,4),(0.,0.0925476631882203,0.161811552168849,0.291616615745322,0.353672990631155),
 .UNSPECIFIED.);
#209=B_SPLINE_CURVE_WITH_KNOTS('',3,(#8145,#8146,#8147,#8148,#8149,#8150,
#8151,#8152,#8153,#8154,#8155,#8156,#8157),.UNSPECIFIED.,.F.,.F.,(4,3,3,
3,4),(-0.349475401815152,-0.28903488143173,-0.24379991914053,-0.158995798938427,
-0.118491719299345),.UNSPECIFIED.);
#210=B_SPLINE_CURVE_WITH_KNOTS('',3,(#8239,#8240,#8241,#8242,#8243,#8244,
#8245,#8246,#8247),.UNSPECIFIED.,.F.,.F.,(4,1,1,1,1,1,4),(0.139398716236943,
0.23672594231129,0.334053168385637,0.431380394459985,0.528707620534332,
0.626034846608679,0.820689298757373),.UNSPECIFIED.);
#211=B_SPLINE_CURVE_WITH_KNOTS('',3,(#8309,#8310,#8311,#8312,#8313,#8314,
#8315,#8316,#8317,#8318,#8319,#8320),.UNSPECIFIED.,.F.,.F.,(4,2,2,2,2,4),
(-0.12493578785466,-0.109651731553781,-0.0897388914356666,-0.0714640236909854,
-0.0506762139545687,0.),.UNSPECIFIED.);
#212=B_SPLINE_CURVE_WITH_KNOTS('',3,(#8323,#8324,#8325,#8326,#8327,#8328,
#8329,#8330,#8331,#8332,#8333,#8334),.UNSPECIFIED.,.F.,.F.,(4,2,2,2,2,4),
(0.13245131547367,0.174497666511186,0.231447445580772,0.283712701286722,
0.34316485200089,0.488096422370104),.UNSPECIFIED.);
#213=B_SPLINE_CURVE_WITH_KNOTS('',3,(#8434,#8435,#8436,#8437,#8438,#8439,
#8440,#8441,#8442,#8443,#8444),.UNSPECIFIED.,.F.,.F.,(4,1,1,1,1,1,1,1,4),
(0.139398716236956,0.188062329274066,0.236725942311177,0.334053168385398,
0.431380394459619,0.528707620533839,0.62603484660806,0.723362072682281,
0.820689298756502),.UNSPECIFIED.);
#214=B_SPLINE_CURVE_WITH_KNOTS('',3,(#8628,#8629,#8630,#8631,#8632,#8633,
#8634,#8635,#8636,#8637),.UNSPECIFIED.,.F.,.F.,(4,1,1,1,1,1,1,4),(0.139398716237042,
0.23672594231135,0.334053168385657,0.431380394459964,0.528707620534272,
0.626034846608579,0.723362072682886,0.820689298757194),.UNSPECIFIED.);
#215=FACE_OUTER_BOUND('',#369,.T.);
#216=FACE_OUTER_BOUND('',#370,.T.);
#217=FACE_OUTER_BOUND('',#371,.T.);
#218=FACE_OUTER_BOUND('',#372,.T.);
#219=FACE_OUTER_BOUND('',#373,.T.);
#220=FACE_OUTER_BOUND('',#374,.T.);
#221=FACE_OUTER_BOUND('',#375,.T.);
#222=FACE_OUTER_BOUND('',#376,.T.);
#223=FACE_OUTER_BOUND('',#377,.T.);
#224=FACE_OUTER_BOUND('',#378,.T.);
#225=FACE_OUTER_BOUND('',#379,.T.);
#226=FACE_OUTER_BOUND('',#380,.T.);
#227=FACE_OUTER_BOUND('',#381,.T.);
#228=FACE_OUTER_BOUND('',#382,.T.);
#229=FACE_OUTER_BOUND('',#383,.T.);
#230=FACE_OUTER_BOUND('',#384,.T.);
#231=FACE_OUTER_BOUND('',#385,.T.);
#232=FACE_OUTER_BOUND('',#386,.T.);
#233=FACE_OUTER_BOUND('',#387,.T.);
#234=FACE_OUTER_BOUND('',#388,.T.);
#235=FACE_OUTER_BOUND('',#389,.T.);
#236=FACE_OUTER_BOUND('',#390,.T.);
#237=FACE_OUTER_BOUND('',#391,.T.);
#238=FACE_OUTER_BOUND('',#392,.T.);
#239=FACE_OUTER_BOUND('',#393,.T.);
#240=FACE_OUTER_BOUND('',#396,.T.);
#241=FACE_OUTER_BOUND('',#397,.T.);
#242=FACE_OUTER_BOUND('',#398,.T.);
#243=FACE_OUTER_BOUND('',#399,.T.);
#244=FACE_OUTER_BOUND('',#400,.T.);
#245=FACE_OUTER_BOUND('',#401,.T.);
#246=FACE_OUTER_BOUND('',#402,.T.);
#247=FACE_OUTER_BOUND('',#403,.T.);
#248=FACE_OUTER_BOUND('',#404,.T.);
#249=FACE_OUTER_BOUND('',#405,.T.);
#250=FACE_OUTER_BOUND('',#406,.T.);
#251=FACE_OUTER_BOUND('',#407,.T.);
#252=FACE_OUTER_BOUND('',#408,.T.);
#253=FACE_OUTER_BOUND('',#409,.T.);
#254=FACE_OUTER_BOUND('',#410,.T.);
#255=FACE_OUTER_BOUND('',#411,.T.);
#256=FACE_OUTER_BOUND('',#412,.T.);
#257=FACE_OUTER_BOUND('',#413,.T.);
#258=FACE_OUTER_BOUND('',#414,.T.);
#259=FACE_OUTER_BOUND('',#415,.T.);
#260=FACE_OUTER_BOUND('',#416,.T.);
#261=FACE_OUTER_BOUND('',#417,.T.);
#262=FACE_OUTER_BOUND('',#418,.T.);
#263=FACE_OUTER_BOUND('',#419,.T.);
#264=FACE_OUTER_BOUND('',#420,.T.);
#265=FACE_OUTER_BOUND('',#421,.T.);
#266=FACE_OUTER_BOUND('',#422,.T.);
#267=FACE_OUTER_BOUND('',#423,.T.);
#268=FACE_OUTER_BOUND('',#424,.T.);
#269=FACE_OUTER_BOUND('',#425,.T.);
#270=FACE_OUTER_BOUND('',#426,.T.);
#271=FACE_OUTER_BOUND('',#427,.T.);
#272=FACE_OUTER_BOUND('',#428,.T.);
#273=FACE_OUTER_BOUND('',#429,.T.);
#274=FACE_OUTER_BOUND('',#430,.T.);
#275=FACE_OUTER_BOUND('',#431,.T.);
#276=FACE_OUTER_BOUND('',#432,.T.);
#277=FACE_OUTER_BOUND('',#433,.T.);
#278=FACE_OUTER_BOUND('',#434,.T.);
#279=FACE_OUTER_BOUND('',#435,.T.);
#280=FACE_OUTER_BOUND('',#436,.T.);
#281=FACE_OUTER_BOUND('',#437,.T.);
#282=FACE_OUTER_BOUND('',#438,.T.);
#283=FACE_OUTER_BOUND('',#439,.T.);
#284=FACE_OUTER_BOUND('',#440,.T.);
#285=FACE_OUTER_BOUND('',#441,.T.);
#286=FACE_OUTER_BOUND('',#443,.T.);
#287=FACE_OUTER_BOUND('',#444,.T.);
#288=FACE_OUTER_BOUND('',#445,.T.);
#289=FACE_OUTER_BOUND('',#446,.T.);
#290=FACE_OUTER_BOUND('',#447,.T.);
#291=FACE_OUTER_BOUND('',#448,.T.);
#292=FACE_OUTER_BOUND('',#449,.T.);
#293=FACE_OUTER_BOUND('',#450,.T.);
#294=FACE_OUTER_BOUND('',#451,.T.);
#295=FACE_OUTER_BOUND('',#452,.T.);
#296=FACE_OUTER_BOUND('',#453,.T.);
#297=FACE_OUTER_BOUND('',#454,.T.);
#298=FACE_OUTER_BOUND('',#455,.T.);
#299=FACE_OUTER_BOUND('',#456,.T.);
#300=FACE_OUTER_BOUND('',#457,.T.);
#301=FACE_OUTER_BOUND('',#458,.T.);
#302=FACE_OUTER_BOUND('',#459,.T.);
#303=FACE_OUTER_BOUND('',#460,.T.);
#304=FACE_OUTER_BOUND('',#461,.T.);
#305=FACE_OUTER_BOUND('',#462,.T.);
#306=FACE_OUTER_BOUND('',#463,.T.);
#307=FACE_OUTER_BOUND('',#464,.T.);
#308=FACE_OUTER_BOUND('',#465,.T.);
#309=FACE_OUTER_BOUND('',#466,.T.);
#310=FACE_OUTER_BOUND('',#467,.T.);
#311=FACE_OUTER_BOUND('',#468,.T.);
#312=FACE_OUTER_BOUND('',#471,.T.);
#313=FACE_OUTER_BOUND('',#472,.T.);
#314=FACE_OUTER_BOUND('',#473,.T.);
#315=FACE_OUTER_BOUND('',#474,.T.);
#316=FACE_OUTER_BOUND('',#475,.T.);
#317=FACE_OUTER_BOUND('',#476,.T.);
#318=FACE_OUTER_BOUND('',#477,.T.);
#319=FACE_OUTER_BOUND('',#478,.T.);
#320=FACE_OUTER_BOUND('',#479,.T.);
#321=FACE_OUTER_BOUND('',#480,.T.);
#322=FACE_OUTER_BOUND('',#481,.T.);
#323=FACE_OUTER_BOUND('',#482,.T.);
#324=FACE_OUTER_BOUND('',#483,.T.);
#325=FACE_OUTER_BOUND('',#484,.T.);
#326=FACE_OUTER_BOUND('',#485,.T.);
#327=FACE_OUTER_BOUND('',#486,.T.);
#328=FACE_OUTER_BOUND('',#487,.T.);
#329=FACE_OUTER_BOUND('',#488,.T.);
#330=FACE_OUTER_BOUND('',#489,.T.);
#331=FACE_OUTER_BOUND('',#490,.T.);
#332=FACE_OUTER_BOUND('',#491,.T.);
#333=FACE_OUTER_BOUND('',#492,.T.);
#334=FACE_OUTER_BOUND('',#493,.T.);
#335=FACE_OUTER_BOUND('',#494,.T.);
#336=FACE_OUTER_BOUND('',#495,.T.);
#337=FACE_OUTER_BOUND('',#496,.T.);
#338=FACE_OUTER_BOUND('',#497,.T.);
#339=FACE_OUTER_BOUND('',#498,.T.);
#340=FACE_OUTER_BOUND('',#499,.T.);
#341=FACE_OUTER_BOUND('',#500,.T.);
#342=FACE_OUTER_BOUND('',#501,.T.);
#343=FACE_OUTER_BOUND('',#502,.T.);
#344=FACE_OUTER_BOUND('',#503,.T.);
#345=FACE_OUTER_BOUND('',#504,.T.);
#346=FACE_OUTER_BOUND('',#505,.T.);
#347=FACE_OUTER_BOUND('',#506,.T.);
#348=FACE_OUTER_BOUND('',#507,.T.);
#349=FACE_OUTER_BOUND('',#508,.T.);
#350=FACE_OUTER_BOUND('',#509,.T.);
#351=FACE_OUTER_BOUND('',#510,.T.);
#352=FACE_OUTER_BOUND('',#511,.T.);
#353=FACE_OUTER_BOUND('',#512,.T.);
#354=FACE_OUTER_BOUND('',#513,.T.);
#355=FACE_OUTER_BOUND('',#514,.T.);
#356=FACE_OUTER_BOUND('',#515,.T.);
#357=FACE_OUTER_BOUND('',#516,.T.);
#358=FACE_OUTER_BOUND('',#517,.T.);
#359=FACE_OUTER_BOUND('',#518,.T.);
#360=FACE_OUTER_BOUND('',#519,.T.);
#361=FACE_OUTER_BOUND('',#520,.T.);
#362=FACE_OUTER_BOUND('',#521,.T.);
#363=FACE_OUTER_BOUND('',#522,.T.);
#364=FACE_OUTER_BOUND('',#523,.T.);
#365=FACE_OUTER_BOUND('',#524,.T.);
#366=FACE_OUTER_BOUND('',#525,.T.);
#367=FACE_OUTER_BOUND('',#526,.T.);
#368=FACE_OUTER_BOUND('',#527,.T.);
#369=EDGE_LOOP('',(#1859,#1860,#1861,#1862));
#370=EDGE_LOOP('',(#1863,#1864,#1865,#1866));
#371=EDGE_LOOP('',(#1867,#1868,#1869,#1870));
#372=EDGE_LOOP('',(#1871,#1872,#1873,#1874));
#373=EDGE_LOOP('',(#1875,#1876,#1877,#1878,#1879,#1880,#1881,#1882,#1883,
#1884,#1885,#1886,#1887,#1888,#1889,#1890,#1891,#1892,#1893,#1894,#1895,
#1896));
#374=EDGE_LOOP('',(#1897,#1898,#1899,#1900));
#375=EDGE_LOOP('',(#1901,#1902,#1903,#1904));
#376=EDGE_LOOP('',(#1905,#1906,#1907,#1908));
#377=EDGE_LOOP('',(#1909,#1910,#1911,#1912));
#378=EDGE_LOOP('',(#1913,#1914,#1915,#1916));
#379=EDGE_LOOP('',(#1917,#1918,#1919,#1920));
#380=EDGE_LOOP('',(#1921,#1922,#1923,#1924));
#381=EDGE_LOOP('',(#1925,#1926,#1927,#1928));
#382=EDGE_LOOP('',(#1929,#1930,#1931,#1932,#1933,#1934));
#383=EDGE_LOOP('',(#1935,#1936,#1937,#1938,#1939,#1940,#1941,#1942,#1943,
#1944,#1945,#1946,#1947,#1948,#1949,#1950));
#384=EDGE_LOOP('',(#1951,#1952,#1953,#1954,#1955,#1956));
#385=EDGE_LOOP('',(#1957,#1958,#1959,#1960));
#386=EDGE_LOOP('',(#1961,#1962,#1963,#1964,#1965,#1966,#1967,#1968));
#387=EDGE_LOOP('',(#1969,#1970,#1971,#1972));
#388=EDGE_LOOP('',(#1973,#1974,#1975,#1976));
#389=EDGE_LOOP('',(#1977,#1978,#1979,#1980));
#390=EDGE_LOOP('',(#1981,#1982,#1983,#1984,#1985,#1986));
#391=EDGE_LOOP('',(#1987,#1988,#1989,#1990));
#392=EDGE_LOOP('',(#1991,#1992,#1993,#1994));
#393=EDGE_LOOP('',(#1995,#1996,#1997,#1998,#1999,#2000,#2001,#2002,#2003,
#2004,#2005,#2006,#2007,#2008,#2009,#2010,#2011,#2012));
#394=EDGE_LOOP('',(#2013,#2014,#2015,#2016));
#395=EDGE_LOOP('',(#2017,#2018,#2019));
#396=EDGE_LOOP('',(#2020,#2021,#2022,#2023,#2024,#2025));
#397=EDGE_LOOP('',(#2026,#2027,#2028,#2029,#2030));
#398=EDGE_LOOP('',(#2031,#2032,#2033,#2034));
#399=EDGE_LOOP('',(#2035,#2036,#2037,#2038,#2039));
#400=EDGE_LOOP('',(#2040,#2041,#2042,#2043));
#401=EDGE_LOOP('',(#2044,#2045,#2046,#2047));
#402=EDGE_LOOP('',(#2048,#2049,#2050,#2051,#2052));
#403=EDGE_LOOP('',(#2053,#2054,#2055,#2056,#2057,#2058,#2059));
#404=EDGE_LOOP('',(#2060,#2061,#2062,#2063,#2064,#2065,#2066,#2067));
#405=EDGE_LOOP('',(#2068,#2069,#2070,#2071,#2072,#2073,#2074,#2075,#2076,
#2077,#2078,#2079,#2080,#2081));
#406=EDGE_LOOP('',(#2082,#2083,#2084,#2085,#2086));
#407=EDGE_LOOP('',(#2087,#2088,#2089,#2090));
#408=EDGE_LOOP('',(#2091,#2092,#2093,#2094));
#409=EDGE_LOOP('',(#2095,#2096,#2097,#2098,#2099,#2100,#2101,#2102));
#410=EDGE_LOOP('',(#2103,#2104,#2105,#2106));
#411=EDGE_LOOP('',(#2107,#2108,#2109,#2110,#2111,#2112,#2113,#2114));
#412=EDGE_LOOP('',(#2115,#2116,#2117,#2118));
#413=EDGE_LOOP('',(#2119,#2120,#2121,#2122));
#414=EDGE_LOOP('',(#2123,#2124,#2125,#2126,#2127,#2128,#2129,#2130));
#415=EDGE_LOOP('',(#2131,#2132,#2133,#2134));
#416=EDGE_LOOP('',(#2135,#2136,#2137,#2138));
#417=EDGE_LOOP('',(#2139,#2140,#2141,#2142,#2143,#2144));
#418=EDGE_LOOP('',(#2145,#2146,#2147,#2148));
#419=EDGE_LOOP('',(#2149,#2150,#2151,#2152));
#420=EDGE_LOOP('',(#2153,#2154,#2155,#2156));
#421=EDGE_LOOP('',(#2157,#2158,#2159,#2160,#2161,#2162,#2163,#2164,#2165,
#2166,#2167,#2168,#2169,#2170));
#422=EDGE_LOOP('',(#2171,#2172,#2173,#2174));
#423=EDGE_LOOP('',(#2175,#2176,#2177,#2178,#2179,#2180));
#424=EDGE_LOOP('',(#2181,#2182,#2183,#2184,#2185,#2186));
#425=EDGE_LOOP('',(#2187,#2188,#2189,#2190,#2191,#2192,#2193,#2194));
#426=EDGE_LOOP('',(#2195,#2196,#2197,#2198));
#427=EDGE_LOOP('',(#2199,#2200,#2201,#2202,#2203,#2204));
#428=EDGE_LOOP('',(#2205,#2206,#2207,#2208,#2209,#2210));
#429=EDGE_LOOP('',(#2211,#2212,#2213,#2214));
#430=EDGE_LOOP('',(#2215,#2216,#2217,#2218,#2219,#2220,#2221));
#431=EDGE_LOOP('',(#2222,#2223,#2224,#2225,#2226,#2227));
#432=EDGE_LOOP('',(#2228,#2229,#2230,#2231));
#433=EDGE_LOOP('',(#2232,#2233,#2234,#2235,#2236,#2237,#2238,#2239));
#434=EDGE_LOOP('',(#2240,#2241,#2242,#2243,#2244));
#435=EDGE_LOOP('',(#2245,#2246,#2247,#2248));
#436=EDGE_LOOP('',(#2249,#2250,#2251,#2252,#2253,#2254));
#437=EDGE_LOOP('',(#2255,#2256,#2257,#2258));
#438=EDGE_LOOP('',(#2259,#2260,#2261,#2262));
#439=EDGE_LOOP('',(#2263,#2264,#2265,#2266));
#440=EDGE_LOOP('',(#2267,#2268,#2269,#2270,#2271));
#441=EDGE_LOOP('',(#2272,#2273,#2274,#2275,#2276,#2277,#2278,#2279,#2280,
#2281,#2282,#2283,#2284));
#442=EDGE_LOOP('',(#2285,#2286,#2287,#2288,#2289,#2290,#2291,#2292,#2293,
#2294,#2295,#2296,#2297));
#443=EDGE_LOOP('',(#2298,#2299,#2300,#2301));
#444=EDGE_LOOP('',(#2302,#2303,#2304,#2305,#2306));
#445=EDGE_LOOP('',(#2307,#2308,#2309,#2310,#2311,#2312,#2313,#2314));
#446=EDGE_LOOP('',(#2315,#2316,#2317,#2318));
#447=EDGE_LOOP('',(#2319,#2320,#2321,#2322));
#448=EDGE_LOOP('',(#2323,#2324,#2325,#2326));
#449=EDGE_LOOP('',(#2327,#2328,#2329,#2330,#2331));
#450=EDGE_LOOP('',(#2332,#2333,#2334,#2335));
#451=EDGE_LOOP('',(#2336,#2337,#2338,#2339,#2340,#2341,#2342));
#452=EDGE_LOOP('',(#2343,#2344,#2345,#2346,#2347,#2348,#2349,#2350,#2351,
#2352,#2353,#2354,#2355,#2356,#2357,#2358,#2359));
#453=EDGE_LOOP('',(#2360,#2361,#2362,#2363,#2364,#2365));
#454=EDGE_LOOP('',(#2366,#2367,#2368,#2369));
#455=EDGE_LOOP('',(#2370,#2371,#2372,#2373));
#456=EDGE_LOOP('',(#2374,#2375,#2376,#2377));
#457=EDGE_LOOP('',(#2378,#2379,#2380,#2381));
#458=EDGE_LOOP('',(#2382,#2383,#2384,#2385));
#459=EDGE_LOOP('',(#2386,#2387,#2388,#2389));
#460=EDGE_LOOP('',(#2390,#2391,#2392,#2393));
#461=EDGE_LOOP('',(#2394,#2395,#2396,#2397,#2398));
#462=EDGE_LOOP('',(#2399,#2400,#2401,#2402));
#463=EDGE_LOOP('',(#2403,#2404,#2405,#2406));
#464=EDGE_LOOP('',(#2407,#2408,#2409,#2410));
#465=EDGE_LOOP('',(#2411,#2412,#2413,#2414));
#466=EDGE_LOOP('',(#2415,#2416,#2417,#2418));
#467=EDGE_LOOP('',(#2419,#2420,#2421,#2422,#2423,#2424,#2425,#2426));
#468=EDGE_LOOP('',(#2427,#2428,#2429,#2430,#2431,#2432,#2433,#2434,#2435,
#2436,#2437,#2438,#2439,#2440,#2441,#2442,#2443,#2444,#2445,#2446,#2447,
#2448,#2449,#2450,#2451,#2452,#2453,#2454,#2455,#2456,#2457,#2458,#2459,
#2460,#2461,#2462,#2463,#2464,#2465,#2466));
#469=EDGE_LOOP('',(#2467,#2468,#2469,#2470,#2471,#2472,#2473));
#470=EDGE_LOOP('',(#2474,#2475,#2476,#2477));
#471=EDGE_LOOP('',(#2478,#2479,#2480,#2481,#2482,#2483));
#472=EDGE_LOOP('',(#2484,#2485,#2486,#2487));
#473=EDGE_LOOP('',(#2488,#2489,#2490,#2491));
#474=EDGE_LOOP('',(#2492,#2493,#2494,#2495));
#475=EDGE_LOOP('',(#2496,#2497,#2498,#2499,#2500,#2501));
#476=EDGE_LOOP('',(#2502,#2503,#2504,#2505));
#477=EDGE_LOOP('',(#2506,#2507,#2508,#2509));
#478=EDGE_LOOP('',(#2510,#2511,#2512,#2513));
#479=EDGE_LOOP('',(#2514,#2515,#2516,#2517));
#480=EDGE_LOOP('',(#2518,#2519,#2520,#2521));
#481=EDGE_LOOP('',(#2522,#2523,#2524,#2525));
#482=EDGE_LOOP('',(#2526,#2527,#2528,#2529));
#483=EDGE_LOOP('',(#2530,#2531,#2532,#2533));
#484=EDGE_LOOP('',(#2534,#2535,#2536,#2537));
#485=EDGE_LOOP('',(#2538,#2539,#2540,#2541));
#486=EDGE_LOOP('',(#2542,#2543,#2544,#2545));
#487=EDGE_LOOP('',(#2546,#2547,#2548,#2549));
#488=EDGE_LOOP('',(#2550,#2551,#2552,#2553));
#489=EDGE_LOOP('',(#2554,#2555,#2556,#2557));
#490=EDGE_LOOP('',(#2558,#2559,#2560,#2561));
#491=EDGE_LOOP('',(#2562,#2563,#2564,#2565));
#492=EDGE_LOOP('',(#2566,#2567,#2568,#2569));
#493=EDGE_LOOP('',(#2570,#2571,#2572,#2573,#2574,#2575,#2576,#2577));
#494=EDGE_LOOP('',(#2578,#2579,#2580,#2581));
#495=EDGE_LOOP('',(#2582,#2583,#2584,#2585));
#496=EDGE_LOOP('',(#2586,#2587,#2588,#2589,#2590,#2591));
#497=EDGE_LOOP('',(#2592,#2593,#2594,#2595,#2596,#2597));
#498=EDGE_LOOP('',(#2598,#2599,#2600,#2601));
#499=EDGE_LOOP('',(#2602,#2603,#2604,#2605,#2606));
#500=EDGE_LOOP('',(#2607,#2608,#2609,#2610,#2611));
#501=EDGE_LOOP('',(#2612,#2613,#2614,#2615));
#502=EDGE_LOOP('',(#2616,#2617,#2618,#2619,#2620));
#503=EDGE_LOOP('',(#2621,#2622,#2623,#2624,#2625));
#504=EDGE_LOOP('',(#2626,#2627,#2628,#2629,#2630));
#505=EDGE_LOOP('',(#2631,#2632,#2633,#2634,#2635,#2636));
#506=EDGE_LOOP('',(#2637,#2638,#2639,#2640));
#507=EDGE_LOOP('',(#2641,#2642,#2643,#2644));
#508=EDGE_LOOP('',(#2645,#2646,#2647,#2648,#2649));
#509=EDGE_LOOP('',(#2650,#2651,#2652,#2653,#2654));
#510=EDGE_LOOP('',(#2655,#2656,#2657,#2658));
#511=EDGE_LOOP('',(#2659,#2660,#2661,#2662));
#512=EDGE_LOOP('',(#2663,#2664,#2665,#2666));
#513=EDGE_LOOP('',(#2667,#2668,#2669,#2670));
#514=EDGE_LOOP('',(#2671,#2672,#2673,#2674,#2675,#2676));
#515=EDGE_LOOP('',(#2677,#2678,#2679,#2680,#2681,#2682,#2683,#2684));
#516=EDGE_LOOP('',(#2685,#2686,#2687,#2688,#2689,#2690,#2691,#2692));
#517=EDGE_LOOP('',(#2693,#2694,#2695,#2696));
#518=EDGE_LOOP('',(#2697,#2698,#2699,#2700,#2701,#2702,#2703));
#519=EDGE_LOOP('',(#2704,#2705,#2706,#2707));
#520=EDGE_LOOP('',(#2708,#2709,#2710,#2711,#2712,#2713,#2714));
#521=EDGE_LOOP('',(#2715,#2716,#2717,#2718));
#522=EDGE_LOOP('',(#2719,#2720,#2721,#2722));
#523=EDGE_LOOP('',(#2723,#2724,#2725,#2726));
#524=EDGE_LOOP('',(#2727,#2728,#2729,#2730));
#525=EDGE_LOOP('',(#2731,#2732,#2733,#2734));
#526=EDGE_LOOP('',(#2735,#2736,#2737,#2738));
#527=EDGE_LOOP('',(#2739,#2740,#2741,#2742));
#528=LINE('',#3630,#829);
#529=LINE('',#3632,#830);
#530=LINE('',#3634,#831);
#531=LINE('',#3635,#832);
#532=LINE('',#3639,#833);
#533=LINE('',#3641,#834);
#534=LINE('',#3643,#835);
#535=LINE('',#3644,#836);
#536=LINE('',#3646,#837);
#537=LINE('',#3647,#838);
#538=LINE('',#3649,#839);
#539=LINE('',#3652,#840);
#540=LINE('',#3654,#841);
#541=LINE('',#3656,#842);
#542=LINE('',#3658,#843);
#543=LINE('',#3660,#844);
#544=LINE('',#3662,#845);
#545=LINE('',#3664,#846);
#546=LINE('',#3666,#847);
#547=LINE('',#3668,#848);
#548=LINE('',#3681,#849);
#549=LINE('',#3700,#850);
#550=LINE('',#3702,#851);
#551=LINE('',#3704,#852);
#552=LINE('',#3706,#853);
#553=LINE('',#3708,#854);
#554=LINE('',#3710,#855);
#555=LINE('',#3711,#856);
#556=LINE('',#3714,#857);
#557=LINE('',#3716,#858);
#558=LINE('',#3717,#859);
#559=LINE('',#3720,#860);
#560=LINE('',#3721,#861);
#561=LINE('',#3725,#862);
#562=LINE('',#3727,#863);
#563=LINE('',#3733,#864);
#564=LINE('',#3736,#865);
#565=LINE('',#3737,#866);
#566=LINE('',#3740,#867);
#567=LINE('',#3741,#868);
#568=LINE('',#3744,#869);
#569=LINE('',#3745,#870);
#570=LINE('',#3748,#871);
#571=LINE('',#3749,#872);
#572=LINE('',#3752,#873);
#573=LINE('',#3753,#874);
#574=LINE('',#3757,#875);
#575=LINE('',#3772,#876);
#576=LINE('',#3791,#877);
#577=LINE('',#3794,#878);
#578=LINE('',#3796,#879);
#579=LINE('',#3803,#880);
#580=LINE('',#3816,#881);
#581=LINE('',#3818,#882);
#582=LINE('',#3819,#883);
#583=LINE('',#3822,#884);
#584=LINE('',#3829,#885);
#585=LINE('',#3836,#886);
#586=LINE('',#3838,#887);
#587=LINE('',#3839,#888);
#588=LINE('',#3853,#889);
#589=LINE('',#3855,#890);
#590=LINE('',#3857,#891);
#591=LINE('',#3859,#892);
#592=LINE('',#3861,#893);
#593=LINE('',#3862,#894);
#594=LINE('',#3864,#895);
#595=LINE('',#3865,#896);
#596=LINE('',#3867,#897);
#597=LINE('',#3868,#898);
#598=LINE('',#3883,#899);
#599=LINE('',#3885,#900);
#600=LINE('',#3897,#901);
#601=LINE('',#3899,#902);
#602=LINE('',#3901,#903);
#603=LINE('',#3903,#904);
#604=LINE('',#3905,#905);
#605=LINE('',#3907,#906);
#606=LINE('',#3952,#907);
#607=LINE('',#3998,#908);
#608=LINE('',#4000,#909);
#609=LINE('',#4002,#910);
#610=LINE('',#4004,#911);
#611=LINE('',#4020,#912);
#612=LINE('',#4030,#913);
#613=LINE('',#4032,#914);
#614=LINE('',#4034,#915);
#615=LINE('',#4035,#916);
#616=LINE('',#4038,#917);
#617=LINE('',#4040,#918);
#618=LINE('',#4041,#919);
#619=LINE('',#4061,#920);
#620=LINE('',#4063,#921);
#621=LINE('',#4065,#922);
#622=LINE('',#4130,#923);
#623=LINE('',#4188,#924);
#624=LINE('',#4225,#925);
#625=LINE('',#4240,#926);
#626=LINE('',#4254,#927);
#627=LINE('',#4288,#928);
#628=LINE('',#4306,#929);
#629=LINE('',#4308,#930);
#630=LINE('',#4309,#931);
#631=LINE('',#4312,#932);
#632=LINE('',#4314,#933);
#633=LINE('',#4318,#934);
#634=LINE('',#4332,#935);
#635=LINE('',#4360,#936);
#636=LINE('',#4376,#937);
#637=LINE('',#4378,#938);
#638=LINE('',#4380,#939);
#639=LINE('',#4382,#940);
#640=LINE('',#4443,#941);
#641=LINE('',#4444,#942);
#642=LINE('',#4494,#943);
#643=LINE('',#4551,#944);
#644=LINE('',#4557,#945);
#645=LINE('',#4593,#946);
#646=LINE('',#4597,#947);
#647=LINE('',#4603,#948);
#648=LINE('',#4606,#949);
#649=LINE('',#4639,#950);
#650=LINE('',#4641,#951);
#651=LINE('',#4642,#952);
#652=LINE('',#4645,#953);
#653=LINE('',#4647,#954);
#654=LINE('',#4648,#955);
#655=LINE('',#4792,#956);
#656=LINE('',#4810,#957);
#657=LINE('',#4825,#958);
#658=LINE('',#4849,#959);
#659=LINE('',#4850,#960);
#660=LINE('',#4865,#961);
#661=LINE('',#4884,#962);
#662=LINE('',#4957,#963);
#663=LINE('',#4983,#964);
#664=LINE('',#4985,#965);
#665=LINE('',#4987,#966);
#666=LINE('',#4989,#967);
#667=LINE('',#4991,#968);
#668=LINE('',#4993,#969);
#669=LINE('',#4995,#970);
#670=LINE('',#4997,#971);
#671=LINE('',#4999,#972);
#672=LINE('',#5001,#973);
#673=LINE('',#5003,#974);
#674=LINE('',#5005,#975);
#675=LINE('',#5007,#976);
#676=LINE('',#5008,#977);
#677=LINE('',#5023,#978);
#678=LINE('',#5088,#979);
#679=LINE('',#5107,#980);
#680=LINE('',#5108,#981);
#681=LINE('',#5110,#982);
#682=LINE('',#5111,#983);
#683=LINE('',#5157,#984);
#684=LINE('',#5198,#985);
#685=LINE('',#5218,#986);
#686=LINE('',#5301,#987);
#687=LINE('',#5331,#988);
#688=LINE('',#5333,#989);
#689=LINE('',#5334,#990);
#690=LINE('',#5371,#991);
#691=LINE('',#5417,#992);
#692=LINE('',#5440,#993);
#693=LINE('',#5442,#994);
#694=LINE('',#5443,#995);
#695=LINE('',#5451,#996);
#696=LINE('',#5453,#997);
#697=LINE('',#5550,#998);
#698=LINE('',#5557,#999);
#699=LINE('',#5559,#1000);
#700=LINE('',#5582,#1001);
#701=LINE('',#5613,#1002);
#702=LINE('',#5656,#1003);
#703=LINE('',#5663,#1004);
#704=LINE('',#5754,#1005);
#705=LINE('',#5989,#1006);
#706=LINE('',#5991,#1007);
#707=LINE('',#5992,#1008);
#708=LINE('',#5995,#1009);
#709=LINE('',#5996,#1010);
#710=LINE('',#5999,#1011);
#711=LINE('',#6001,#1012);
#712=LINE('',#6002,#1013);
#713=LINE('',#6005,#1014);
#714=LINE('',#6006,#1015);
#715=LINE('',#6009,#1016);
#716=LINE('',#6010,#1017);
#717=LINE('',#6014,#1018);
#718=LINE('',#6015,#1019);
#719=LINE('',#6018,#1020);
#720=LINE('',#6020,#1021);
#721=LINE('',#6021,#1022);
#722=LINE('',#6197,#1023);
#723=LINE('',#6198,#1024);
#724=LINE('',#6200,#1025);
#725=LINE('',#6202,#1026);
#726=LINE('',#6204,#1027);
#727=LINE('',#6359,#1028);
#728=LINE('',#6410,#1029);
#729=LINE('',#6413,#1030);
#730=LINE('',#6414,#1031);
#731=LINE('',#6417,#1032);
#732=LINE('',#6454,#1033);
#733=LINE('',#6458,#1034);
#734=LINE('',#6460,#1035);
#735=LINE('',#6462,#1036);
#736=LINE('',#6463,#1037);
#737=LINE('',#6467,#1038);
#738=LINE('',#6469,#1039);
#739=LINE('',#6471,#1040);
#740=LINE('',#6472,#1041);
#741=LINE('',#6475,#1042);
#742=LINE('',#6477,#1043);
#743=LINE('',#6478,#1044);
#744=LINE('',#6481,#1045);
#745=LINE('',#6483,#1046);
#746=LINE('',#6484,#1047);
#747=LINE('',#6486,#1048);
#748=LINE('',#6487,#1049);
#749=LINE('',#6490,#1050);
#750=LINE('',#6492,#1051);
#751=LINE('',#6493,#1052);
#752=LINE('',#6495,#1053);
#753=LINE('',#6497,#1054);
#754=LINE('',#6595,#1055);
#755=LINE('',#6683,#1056);
#756=LINE('',#6721,#1057);
#757=LINE('',#6722,#1058);
#758=LINE('',#6723,#1059);
#759=LINE('',#6725,#1060);
#760=LINE('',#6727,#1061);
#761=LINE('',#6728,#1062);
#762=LINE('',#6730,#1063);
#763=LINE('',#6732,#1064);
#764=LINE('',#6733,#1065);
#765=LINE('',#6735,#1066);
#766=LINE('',#6736,#1067);
#767=LINE('',#6737,#1068);
#768=LINE('',#6740,#1069);
#769=LINE('',#6742,#1070);
#770=LINE('',#6744,#1071);
#771=LINE('',#6746,#1072);
#772=LINE('',#6748,#1073);
#773=LINE('',#6750,#1074);
#774=LINE('',#6751,#1075);
#775=LINE('',#6754,#1076);
#776=LINE('',#6756,#1077);
#777=LINE('',#6758,#1078);
#778=LINE('',#6759,#1079);
#779=LINE('',#6761,#1080);
#780=LINE('',#6764,#1081);
#781=LINE('',#6766,#1082);
#782=LINE('',#6767,#1083);
#783=LINE('',#6769,#1084);
#784=LINE('',#6771,#1085);
#785=LINE('',#6775,#1086);
#786=LINE('',#6776,#1087);
#787=LINE('',#6779,#1088);
#788=LINE('',#6780,#1089);
#789=LINE('',#6782,#1090);
#790=LINE('',#6786,#1091);
#791=LINE('',#6791,#1092);
#792=LINE('',#6793,#1093);
#793=LINE('',#6794,#1094);
#794=LINE('',#6797,#1095);
#795=LINE('',#6799,#1096);
#796=LINE('',#6800,#1097);
#797=LINE('',#6802,#1098);
#798=LINE('',#6804,#1099);
#799=LINE('',#6806,#1100);
#800=LINE('',#6807,#1101);
#801=LINE('',#6809,#1102);
#802=LINE('',#6811,#1103);
#803=LINE('',#6814,#1104);
#804=LINE('',#6815,#1105);
#805=LINE('',#6817,#1106);
#806=LINE('',#6820,#1107);
#807=LINE('',#6822,#1108);
#808=LINE('',#6824,#1109);
#809=LINE('',#6895,#1110);
#810=LINE('',#6897,#1111);
#811=LINE('',#7068,#1112);
#812=LINE('',#7070,#1113);
#813=LINE('',#7261,#1114);
#814=LINE('',#7265,#1115);
#815=LINE('',#7322,#1116);
#816=LINE('',#7347,#1117);
#817=LINE('',#7405,#1118);
#818=LINE('',#7674,#1119);
#819=LINE('',#7889,#1120);
#820=LINE('',#7951,#1121);
#821=LINE('',#8322,#1122);
#822=LINE('',#8527,#1123);
#823=LINE('',#8690,#1124);
#824=LINE('',#8743,#1125);
#825=LINE('',#8745,#1126);
#826=LINE('',#8747,#1127);
#827=LINE('',#8800,#1128);
#828=LINE('',#8802,#1129);
#829=VECTOR('',#3111,10.);
#830=VECTOR('',#3112,10.);
#831=VECTOR('',#3113,10.);
#832=VECTOR('',#3114,10.);
#833=VECTOR('',#3117,10.);
#834=VECTOR('',#3118,10.);
#835=VECTOR('',#3119,10.);
#836=VECTOR('',#3120,10.);
#837=VECTOR('',#3123,10.);
#838=VECTOR('',#3124,10.);
#839=VECTOR('',#3127,10.);
#840=VECTOR('',#3130,10.);
#841=VECTOR('',#3131,10.);
#842=VECTOR('',#3132,10.);
#843=VECTOR('',#3133,10.);
#844=VECTOR('',#3134,10.);
#845=VECTOR('',#3135,10.);
#846=VECTOR('',#3136,10.);
#847=VECTOR('',#3137,10.);
#848=VECTOR('',#3138,10.);
#849=VECTOR('',#3139,10.);
#850=VECTOR('',#3140,10.);
#851=VECTOR('',#3141,10.);
#852=VECTOR('',#3142,10.);
#853=VECTOR('',#3143,10.);
#854=VECTOR('',#3144,10.);
#855=VECTOR('',#3145,10.);
#856=VECTOR('',#3146,10.);
#857=VECTOR('',#3149,10.);
#858=VECTOR('',#3150,10.);
#859=VECTOR('',#3151,10.);
#860=VECTOR('',#3154,10.);
#861=VECTOR('',#3155,10.);
#862=VECTOR('',#3158,10.);
#863=VECTOR('',#3159,10.);
#864=VECTOR('',#3160,10.);
#865=VECTOR('',#3163,10.);
#866=VECTOR('',#3164,10.);
#867=VECTOR('',#3167,10.);
#868=VECTOR('',#3168,10.);
#869=VECTOR('',#3171,10.);
#870=VECTOR('',#3172,10.);
#871=VECTOR('',#3175,10.);
#872=VECTOR('',#3176,10.);
#873=VECTOR('',#3179,10.);
#874=VECTOR('',#3180,10.);
#875=VECTOR('',#3183,10.);
#876=VECTOR('',#3184,10.);
#877=VECTOR('',#3185,10.);
#878=VECTOR('',#3188,10.);
#879=VECTOR('',#3189,10.);
#880=VECTOR('',#3190,10.);
#881=VECTOR('',#3191,10.);
#882=VECTOR('',#3192,10.);
#883=VECTOR('',#3193,10.);
#884=VECTOR('',#3196,10.);
#885=VECTOR('',#3197,10.);
#886=VECTOR('',#3200,10.);
#887=VECTOR('',#3201,10.);
#888=VECTOR('',#3202,10.);
#889=VECTOR('',#3205,10.);
#890=VECTOR('',#3206,10.);
#891=VECTOR('',#3207,10.);
#892=VECTOR('',#3208,10.);
#893=VECTOR('',#3209,10.);
#894=VECTOR('',#3210,10.);
#895=VECTOR('',#3213,10.);
#896=VECTOR('',#3214,10.);
#897=VECTOR('',#3217,10.);
#898=VECTOR('',#3218,10.);
#899=VECTOR('',#3223,10.);
#900=VECTOR('',#3226,10.);
#901=VECTOR('',#3231,10.);
#902=VECTOR('',#3232,10.);
#903=VECTOR('',#3233,10.);
#904=VECTOR('',#3234,10.);
#905=VECTOR('',#3235,10.);
#906=VECTOR('',#3236,10.);
#907=VECTOR('',#3237,10.);
#908=VECTOR('',#3238,10.);
#909=VECTOR('',#3239,10.);
#910=VECTOR('',#3240,10.);
#911=VECTOR('',#3241,10.);
#912=VECTOR('',#3242,10.);
#913=VECTOR('',#3243,10.);
#914=VECTOR('',#3244,10.);
#915=VECTOR('',#3245,10.);
#916=VECTOR('',#3246,10.);
#917=VECTOR('',#3247,10.);
#918=VECTOR('',#3248,10.);
#919=VECTOR('',#3249,10.);
#920=VECTOR('',#3252,10.);
#921=VECTOR('',#3253,10.);
#922=VECTOR('',#3254,10.);
#923=VECTOR('',#3255,10.);
#924=VECTOR('',#3256,10.);
#925=VECTOR('',#3257,10.);
#926=VECTOR('',#3260,10.);
#927=VECTOR('',#3261,10.);
#928=VECTOR('',#3262,10.);
#929=VECTOR('',#3265,10.);
#930=VECTOR('',#3266,10.);
#931=VECTOR('',#3267,10.);
#932=VECTOR('',#3270,10.);
#933=VECTOR('',#3271,10.);
#934=VECTOR('',#3274,10.);
#935=VECTOR('',#3279,10.);
#936=VECTOR('',#3280,10.);
#937=VECTOR('',#3281,10.);
#938=VECTOR('',#3282,10.);
#939=VECTOR('',#3283,10.);
#940=VECTOR('',#3284,10.);
#941=VECTOR('',#3285,10.);
#942=VECTOR('',#3286,10.);
#943=VECTOR('',#3287,10.);
#944=VECTOR('',#3290,10.);
#945=VECTOR('',#3291,10.);
#946=VECTOR('',#3296,10.);
#947=VECTOR('',#3301,10.);
#948=VECTOR('',#3302,10.);
#949=VECTOR('',#3305,10.);
#950=VECTOR('',#3312,10.);
#951=VECTOR('',#3313,10.);
#952=VECTOR('',#3314,10.);
#953=VECTOR('',#3317,10.);
#954=VECTOR('',#3318,10.);
#955=VECTOR('',#3319,10.);
#956=VECTOR('',#3320,10.);
#957=VECTOR('',#3321,10.);
#958=VECTOR('',#3322,10.);
#959=VECTOR('',#3325,10.);
#960=VECTOR('',#3326,10.);
#961=VECTOR('',#3327,10.);
#962=VECTOR('',#3328,10.);
#963=VECTOR('',#3329,10.);
#964=VECTOR('',#3332,10.);
#965=VECTOR('',#3333,10.);
#966=VECTOR('',#3334,10.);
#967=VECTOR('',#3335,10.);
#968=VECTOR('',#3336,10.);
#969=VECTOR('',#3337,10.);
#970=VECTOR('',#3338,10.);
#971=VECTOR('',#3339,10.);
#972=VECTOR('',#3340,10.);
#973=VECTOR('',#3341,10.);
#974=VECTOR('',#3342,10.);
#975=VECTOR('',#3343,10.);
#976=VECTOR('',#3344,10.);
#977=VECTOR('',#3345,10.);
#978=VECTOR('',#3346,10.);
#979=VECTOR('',#3347,10.);
#980=VECTOR('',#3350,10.);
#981=VECTOR('',#3351,10.);
#982=VECTOR('',#3352,10.);
#983=VECTOR('',#3353,10.);
#984=VECTOR('',#3354,10.);
#985=VECTOR('',#3355,10.);
#986=VECTOR('',#3356,10.);
#987=VECTOR('',#3357,10.);
#988=VECTOR('',#3360,10.);
#989=VECTOR('',#3361,10.);
#990=VECTOR('',#3362,10.);
#991=VECTOR('',#3363,10.);
#992=VECTOR('',#3364,10.);
#993=VECTOR('',#3365,10.);
#994=VECTOR('',#3368,10.);
#995=VECTOR('',#3369,10.);
#996=VECTOR('',#3372,10.);
#997=VECTOR('',#3373,10.);
#998=VECTOR('',#3374,10.);
#999=VECTOR('',#3377,10.);
#1000=VECTOR('',#3378,10.);
#1001=VECTOR('',#3379,10.);
#1002=VECTOR('',#3380,10.);
#1003=VECTOR('',#3381,10.);
#1004=VECTOR('',#3384,10.);
#1005=VECTOR('',#3387,10.);
#1006=VECTOR('',#3390,10.);
#1007=VECTOR('',#3391,10.);
#1008=VECTOR('',#3392,10.);
#1009=VECTOR('',#3395,10.);
#1010=VECTOR('',#3396,10.);
#1011=VECTOR('',#3399,10.);
#1012=VECTOR('',#3400,10.);
#1013=VECTOR('',#3401,10.);
#1014=VECTOR('',#3404,10.);
#1015=VECTOR('',#3405,10.);
#1016=VECTOR('',#3408,10.);
#1017=VECTOR('',#3409,10.);
#1018=VECTOR('',#3414,10.);
#1019=VECTOR('',#3415,10.);
#1020=VECTOR('',#3418,10.);
#1021=VECTOR('',#3419,10.);
#1022=VECTOR('',#3420,10.);
#1023=VECTOR('',#3421,10.);
#1024=VECTOR('',#3422,10.);
#1025=VECTOR('',#3425,10.);
#1026=VECTOR('',#3428,10.);
#1027=VECTOR('',#3431,10.);
#1028=VECTOR('',#3434,10.);
#1029=VECTOR('',#3435,10.);
#1030=VECTOR('',#3438,10.);
#1031=VECTOR('',#3439,10.);
#1032=VECTOR('',#3442,10.);
#1033=VECTOR('',#3443,10.);
#1034=VECTOR('',#3446,10.);
#1035=VECTOR('',#3447,10.);
#1036=VECTOR('',#3448,10.);
#1037=VECTOR('',#3449,10.);
#1038=VECTOR('',#3452,10.);
#1039=VECTOR('',#3453,10.);
#1040=VECTOR('',#3454,10.);
#1041=VECTOR('',#3455,10.);
#1042=VECTOR('',#3458,10.);
#1043=VECTOR('',#3459,10.);
#1044=VECTOR('',#3460,10.);
#1045=VECTOR('',#3463,10.);
#1046=VECTOR('',#3464,10.);
#1047=VECTOR('',#3465,10.);
#1048=VECTOR('',#3468,10.);
#1049=VECTOR('',#3469,10.);
#1050=VECTOR('',#3472,10.);
#1051=VECTOR('',#3473,10.);
#1052=VECTOR('',#3474,10.);
#1053=VECTOR('',#3477,10.);
#1054=VECTOR('',#3478,10.);
#1055=VECTOR('',#3479,10.);
#1056=VECTOR('',#3480,10.);
#1057=VECTOR('',#3481,10.);
#1058=VECTOR('',#3482,10.);
#1059=VECTOR('',#3483,10.);
#1060=VECTOR('',#3484,10.);
#1061=VECTOR('',#3485,10.);
#1062=VECTOR('',#3486,10.);
#1063=VECTOR('',#3487,10.);
#1064=VECTOR('',#3488,10.);
#1065=VECTOR('',#3489,10.);
#1066=VECTOR('',#3490,10.);
#1067=VECTOR('',#3491,10.);
#1068=VECTOR('',#3492,10.);
#1069=VECTOR('',#3493,10.);
#1070=VECTOR('',#3494,10.);
#1071=VECTOR('',#3495,10.);
#1072=VECTOR('',#3496,10.);
#1073=VECTOR('',#3497,10.);
#1074=VECTOR('',#3498,10.);
#1075=VECTOR('',#3499,10.);
#1076=VECTOR('',#3500,10.);
#1077=VECTOR('',#3501,10.);
#1078=VECTOR('',#3502,10.);
#1079=VECTOR('',#3503,10.);
#1080=VECTOR('',#3506,10.);
#1081=VECTOR('',#3509,10.);
#1082=VECTOR('',#3510,10.);
#1083=VECTOR('',#3511,10.);
#1084=VECTOR('',#3514,10.);
#1085=VECTOR('',#3517,10.);
#1086=VECTOR('',#3522,10.);
#1087=VECTOR('',#3523,10.);
#1088=VECTOR('',#3526,10.);
#1089=VECTOR('',#3527,10.);
#1090=VECTOR('',#3530,10.);
#1091=VECTOR('',#3537,10.);
#1092=VECTOR('',#3544,10.);
#1093=VECTOR('',#3545,10.);
#1094=VECTOR('',#3546,10.);
#1095=VECTOR('',#3549,10.);
#1096=VECTOR('',#3550,10.);
#1097=VECTOR('',#3551,10.);
#1098=VECTOR('',#3554,10.);
#1099=VECTOR('',#3557,10.);
#1100=VECTOR('',#3560,10.);
#1101=VECTOR('',#3561,10.);
#1102=VECTOR('',#3564,10.);
#1103=VECTOR('',#3567,10.);
#1104=VECTOR('',#3572,10.);
#1105=VECTOR('',#3573,10.);
#1106=VECTOR('',#3576,10.);
#1107=VECTOR('',#3581,10.);
#1108=VECTOR('',#3584,10.);
#1109=VECTOR('',#3587,10.);
#1110=VECTOR('',#3588,10.);
#1111=VECTOR('',#3591,10.);
#1112=VECTOR('',#3592,10.);
#1113=VECTOR('',#3595,10.);
#1114=VECTOR('',#3596,10.);
#1115=VECTOR('',#3601,10.);
#1116=VECTOR('',#3602,10.);
#1117=VECTOR('',#3605,10.);
#1118=VECTOR('',#3606,10.);
#1119=VECTOR('',#3609,10.);
#1120=VECTOR('',#3610,10.);
#1121=VECTOR('',#3611,10.);
#1122=VECTOR('',#3612,10.);
#1123=VECTOR('',#3613,10.);
#1124=VECTOR('',#3614,10.);
#1125=VECTOR('',#3615,10.);
#1126=VECTOR('',#3618,10.);
#1127=VECTOR('',#3621,10.);
#1128=VECTOR('',#3622,10.);
#1129=VECTOR('',#3625,10.);
#1130=VERTEX_POINT('',#3628);
#1131=VERTEX_POINT('',#3629);
#1132=VERTEX_POINT('',#3631);
#1133=VERTEX_POINT('',#3633);
#1134=VERTEX_POINT('',#3637);
#1135=VERTEX_POINT('',#3638);
#1136=VERTEX_POINT('',#3640);
#1137=VERTEX_POINT('',#3642);
#1138=VERTEX_POINT('',#3651);
#1139=VERTEX_POINT('',#3653);
#1140=VERTEX_POINT('',#3655);
#1141=VERTEX_POINT('',#3657);
#1142=VERTEX_POINT('',#3659);
#1143=VERTEX_POINT('',#3661);
#1144=VERTEX_POINT('',#3663);
#1145=VERTEX_POINT('',#3665);
#1146=VERTEX_POINT('',#3667);
#1147=VERTEX_POINT('',#3669);
#1148=VERTEX_POINT('',#3680);
#1149=VERTEX_POINT('',#3682);
#1150=VERTEX_POINT('',#3699);
#1151=VERTEX_POINT('',#3701);
#1152=VERTEX_POINT('',#3703);
#1153=VERTEX_POINT('',#3705);
#1154=VERTEX_POINT('',#3707);
#1155=VERTEX_POINT('',#3709);
#1156=VERTEX_POINT('',#3713);
#1157=VERTEX_POINT('',#3715);
#1158=VERTEX_POINT('',#3719);
#1159=VERTEX_POINT('',#3723);
#1160=VERTEX_POINT('',#3724);
#1161=VERTEX_POINT('',#3726);
#1162=VERTEX_POINT('',#3728);
#1163=VERTEX_POINT('',#3735);
#1164=VERTEX_POINT('',#3739);
#1165=VERTEX_POINT('',#3743);
#1166=VERTEX_POINT('',#3747);
#1167=VERTEX_POINT('',#3751);
#1168=VERTEX_POINT('',#3755);
#1169=VERTEX_POINT('',#3756);
#1170=VERTEX_POINT('',#3758);
#1171=VERTEX_POINT('',#3771);
#1172=VERTEX_POINT('',#3773);
#1173=VERTEX_POINT('',#3778);
#1174=VERTEX_POINT('',#3793);
#1175=VERTEX_POINT('',#3795);
#1176=VERTEX_POINT('',#3797);
#1177=VERTEX_POINT('',#3802);
#1178=VERTEX_POINT('',#3804);
#1179=VERTEX_POINT('',#3811);
#1180=VERTEX_POINT('',#3817);
#1181=VERTEX_POINT('',#3821);
#1182=VERTEX_POINT('',#3823);
#1183=VERTEX_POINT('',#3828);
#1184=VERTEX_POINT('',#3835);
#1185=VERTEX_POINT('',#3837);
#1186=VERTEX_POINT('',#3841);
#1187=VERTEX_POINT('',#3852);
#1188=VERTEX_POINT('',#3854);
#1189=VERTEX_POINT('',#3856);
#1190=VERTEX_POINT('',#3858);
#1191=VERTEX_POINT('',#3860);
#1192=VERTEX_POINT('',#3871);
#1193=VERTEX_POINT('',#3876);
#1194=VERTEX_POINT('',#3888);
#1195=VERTEX_POINT('',#3896);
#1196=VERTEX_POINT('',#3898);
#1197=VERTEX_POINT('',#3900);
#1198=VERTEX_POINT('',#3902);
#1199=VERTEX_POINT('',#3904);
#1200=VERTEX_POINT('',#3906);
#1201=VERTEX_POINT('',#3908);
#1202=VERTEX_POINT('',#3951);
#1203=VERTEX_POINT('',#3953);
#1204=VERTEX_POINT('',#3997);
#1205=VERTEX_POINT('',#3999);
#1206=VERTEX_POINT('',#4001);
#1207=VERTEX_POINT('',#4003);
#1208=VERTEX_POINT('',#4005);
#1209=VERTEX_POINT('',#4019);
#1210=VERTEX_POINT('',#4028);
#1211=VERTEX_POINT('',#4029);
#1212=VERTEX_POINT('',#4031);
#1213=VERTEX_POINT('',#4033);
#1214=VERTEX_POINT('',#4036);
#1215=VERTEX_POINT('',#4037);
#1216=VERTEX_POINT('',#4039);
#1217=VERTEX_POINT('',#4043);
#1218=VERTEX_POINT('',#4060);
#1219=VERTEX_POINT('',#4062);
#1220=VERTEX_POINT('',#4064);
#1221=VERTEX_POINT('',#4129);
#1222=VERTEX_POINT('',#4213);
#1223=VERTEX_POINT('',#4214);
#1224=VERTEX_POINT('',#4233);
#1225=VERTEX_POINT('',#4249);
#1226=VERTEX_POINT('',#4279);
#1227=VERTEX_POINT('',#4280);
#1228=VERTEX_POINT('',#4300);
#1229=VERTEX_POINT('',#4305);
#1230=VERTEX_POINT('',#4307);
#1231=VERTEX_POINT('',#4311);
#1232=VERTEX_POINT('',#4313);
#1233=VERTEX_POINT('',#4315);
#1234=VERTEX_POINT('',#4317);
#1235=VERTEX_POINT('',#4321);
#1236=VERTEX_POINT('',#4326);
#1237=VERTEX_POINT('',#4331);
#1238=VERTEX_POINT('',#4333);
#1239=VERTEX_POINT('',#4359);
#1240=VERTEX_POINT('',#4361);
#1241=VERTEX_POINT('',#4375);
#1242=VERTEX_POINT('',#4377);
#1243=VERTEX_POINT('',#4379);
#1244=VERTEX_POINT('',#4381);
#1245=VERTEX_POINT('',#4383);
#1246=VERTEX_POINT('',#4442);
#1247=VERTEX_POINT('',#4489);
#1248=VERTEX_POINT('',#4550);
#1249=VERTEX_POINT('',#4552);
#1250=VERTEX_POINT('',#4559);
#1251=VERTEX_POINT('',#4573);
#1252=VERTEX_POINT('',#4575);
#1253=VERTEX_POINT('',#4592);
#1254=VERTEX_POINT('',#4596);
#1255=VERTEX_POINT('',#4598);
#1256=VERTEX_POINT('',#4605);
#1257=VERTEX_POINT('',#4608);
#1258=VERTEX_POINT('',#4622);
#1259=VERTEX_POINT('',#4638);
#1260=VERTEX_POINT('',#4640);
#1261=VERTEX_POINT('',#4644);
#1262=VERTEX_POINT('',#4646);
#1263=VERTEX_POINT('',#4709);
#1264=VERTEX_POINT('',#4722);
#1265=VERTEX_POINT('',#4773);
#1266=VERTEX_POINT('',#4774);
#1267=VERTEX_POINT('',#4791);
#1268=VERTEX_POINT('',#4793);
#1269=VERTEX_POINT('',#4819);
#1270=VERTEX_POINT('',#4824);
#1271=VERTEX_POINT('',#4831);
#1272=VERTEX_POINT('',#4836);
#1273=VERTEX_POINT('',#4843);
#1274=VERTEX_POINT('',#4848);
#1275=VERTEX_POINT('',#4859);
#1276=VERTEX_POINT('',#4864);
#1277=VERTEX_POINT('',#4878);
#1278=VERTEX_POINT('',#4883);
#1279=VERTEX_POINT('',#4933);
#1280=VERTEX_POINT('',#4956);
#1281=VERTEX_POINT('',#4981);
#1282=VERTEX_POINT('',#4982);
#1283=VERTEX_POINT('',#4984);
#1284=VERTEX_POINT('',#4986);
#1285=VERTEX_POINT('',#4988);
#1286=VERTEX_POINT('',#4990);
#1287=VERTEX_POINT('',#4992);
#1288=VERTEX_POINT('',#4994);
#1289=VERTEX_POINT('',#4996);
#1290=VERTEX_POINT('',#4998);
#1291=VERTEX_POINT('',#5000);
#1292=VERTEX_POINT('',#5002);
#1293=VERTEX_POINT('',#5004);
#1294=VERTEX_POINT('',#5006);
#1295=VERTEX_POINT('',#5017);
#1296=VERTEX_POINT('',#5022);
#1297=VERTEX_POINT('',#5060);
#1298=VERTEX_POINT('',#5065);
#1299=VERTEX_POINT('',#5070);
#1300=VERTEX_POINT('',#5087);
#1301=VERTEX_POINT('',#5106);
#1302=VERTEX_POINT('',#5109);
#1303=VERTEX_POINT('',#5156);
#1304=VERTEX_POINT('',#5188);
#1305=VERTEX_POINT('',#5193);
#1306=VERTEX_POINT('',#5207);
#1307=VERTEX_POINT('',#5212);
#1308=VERTEX_POINT('',#5217);
#1309=VERTEX_POINT('',#5219);
#1310=VERTEX_POINT('',#5272);
#1311=VERTEX_POINT('',#5277);
#1312=VERTEX_POINT('',#5300);
#1313=VERTEX_POINT('',#5302);
#1314=VERTEX_POINT('',#5330);
#1315=VERTEX_POINT('',#5332);
#1316=VERTEX_POINT('',#5359);
#1317=VERTEX_POINT('',#5370);
#1318=VERTEX_POINT('',#5372);
#1319=VERTEX_POINT('',#5408);
#1320=VERTEX_POINT('',#5416);
#1321=VERTEX_POINT('',#5430);
#1322=VERTEX_POINT('',#5435);
#1323=VERTEX_POINT('',#5445);
#1324=VERTEX_POINT('',#5450);
#1325=VERTEX_POINT('',#5452);
#1326=VERTEX_POINT('',#5504);
#1327=VERTEX_POINT('',#5527);
#1328=VERTEX_POINT('',#5556);
#1329=VERTEX_POINT('',#5558);
#1330=VERTEX_POINT('',#5572);
#1331=VERTEX_POINT('',#5577);
#1332=VERTEX_POINT('',#5597);
#1333=VERTEX_POINT('',#5605);
#1334=VERTEX_POINT('',#5634);
#1335=VERTEX_POINT('',#5645);
#1336=VERTEX_POINT('',#5658);
#1337=VERTEX_POINT('',#5731);
#1338=VERTEX_POINT('',#5753);
#1339=VERTEX_POINT('',#5956);
#1340=VERTEX_POINT('',#5988);
#1341=VERTEX_POINT('',#5990);
#1342=VERTEX_POINT('',#5994);
#1343=VERTEX_POINT('',#5998);
#1344=VERTEX_POINT('',#6000);
#1345=VERTEX_POINT('',#6004);
#1346=VERTEX_POINT('',#6008);
#1347=VERTEX_POINT('',#6013);
#1348=VERTEX_POINT('',#6017);
#1349=VERTEX_POINT('',#6019);
#1350=VERTEX_POINT('',#6138);
#1351=VERTEX_POINT('',#6308);
#1352=VERTEX_POINT('',#6358);
#1353=VERTEX_POINT('',#6360);
#1354=VERTEX_POINT('',#6412);
#1355=VERTEX_POINT('',#6416);
#1356=VERTEX_POINT('',#6418);
#1357=VERTEX_POINT('',#6456);
#1358=VERTEX_POINT('',#6457);
#1359=VERTEX_POINT('',#6459);
#1360=VERTEX_POINT('',#6461);
#1361=VERTEX_POINT('',#6465);
#1362=VERTEX_POINT('',#6466);
#1363=VERTEX_POINT('',#6468);
#1364=VERTEX_POINT('',#6470);
#1365=VERTEX_POINT('',#6474);
#1366=VERTEX_POINT('',#6476);
#1367=VERTEX_POINT('',#6480);
#1368=VERTEX_POINT('',#6482);
#1369=VERTEX_POINT('',#6489);
#1370=VERTEX_POINT('',#6491);
#1371=VERTEX_POINT('',#6496);
#1372=VERTEX_POINT('',#6498);
#1373=VERTEX_POINT('',#6594);
#1374=VERTEX_POINT('',#6596);
#1375=VERTEX_POINT('',#6682);
#1376=VERTEX_POINT('',#6684);
#1377=VERTEX_POINT('',#6720);
#1378=VERTEX_POINT('',#6724);
#1379=VERTEX_POINT('',#6726);
#1380=VERTEX_POINT('',#6729);
#1381=VERTEX_POINT('',#6731);
#1382=VERTEX_POINT('',#6734);
#1383=VERTEX_POINT('',#6738);
#1384=VERTEX_POINT('',#6739);
#1385=VERTEX_POINT('',#6741);
#1386=VERTEX_POINT('',#6743);
#1387=VERTEX_POINT('',#6745);
#1388=VERTEX_POINT('',#6747);
#1389=VERTEX_POINT('',#6749);
#1390=VERTEX_POINT('',#6752);
#1391=VERTEX_POINT('',#6753);
#1392=VERTEX_POINT('',#6755);
#1393=VERTEX_POINT('',#6757);
#1394=VERTEX_POINT('',#6763);
#1395=VERTEX_POINT('',#6765);
#1396=VERTEX_POINT('',#6774);
#1397=VERTEX_POINT('',#6778);
#1398=VERTEX_POINT('',#6790);
#1399=VERTEX_POINT('',#6792);
#1400=VERTEX_POINT('',#6796);
#1401=VERTEX_POINT('',#6798);
#1402=VERTEX_POINT('',#7264);
#1403=VERTEX_POINT('',#7266);
#1404=VERTEX_POINT('',#7321);
#1405=VERTEX_POINT('',#7346);
#1406=VERTEX_POINT('',#7404);
#1407=VERTEX_POINT('',#7432);
#1408=VERTEX_POINT('',#7553);
#1409=VERTEX_POINT('',#7567);
#1410=VERTEX_POINT('',#7660);
#1411=VERTEX_POINT('',#7775);
#1412=VERTEX_POINT('',#7867);
#1413=VERTEX_POINT('',#7950);
#1414=VERTEX_POINT('',#8308);
#1415=VERTEX_POINT('',#8321);
#1416=VERTEX_POINT('',#8505);
#1417=EDGE_CURVE('',#1130,#1131,#528,.T.);
#1418=EDGE_CURVE('',#1130,#1132,#529,.T.);
#1419=EDGE_CURVE('',#1133,#1132,#530,.T.);
#1420=EDGE_CURVE('',#1131,#1133,#531,.T.);
#1421=EDGE_CURVE('',#1134,#1135,#532,.T.);
#1422=EDGE_CURVE('',#1134,#1136,#533,.T.);
#1423=EDGE_CURVE('',#1137,#1136,#534,.T.);
#1424=EDGE_CURVE('',#1135,#1137,#535,.T.);
#1425=EDGE_CURVE('',#1131,#1134,#536,.T.);
#1426=EDGE_CURVE('',#1136,#1133,#537,.T.);
#1427=EDGE_CURVE('',#1132,#1137,#538,.T.);
#1428=EDGE_CURVE('',#1135,#1138,#539,.T.);
#1429=EDGE_CURVE('',#1138,#1139,#540,.T.);
#1430=EDGE_CURVE('',#1139,#1140,#541,.T.);
#1431=EDGE_CURVE('',#1140,#1141,#542,.T.);
#1432=EDGE_CURVE('',#1141,#1142,#543,.T.);
#1433=EDGE_CURVE('',#1142,#1143,#544,.T.);
#1434=EDGE_CURVE('',#1143,#1144,#545,.T.);
#1435=EDGE_CURVE('',#1144,#1145,#546,.T.);
#1436=EDGE_CURVE('',#1145,#1146,#547,.T.);
#1437=EDGE_CURVE('',#1147,#1146,#98,.T.);
#1438=EDGE_CURVE('',#1148,#1147,#548,.T.);
#1439=EDGE_CURVE('',#1149,#1148,#99,.T.);
#1440=EDGE_CURVE('',#1149,#1150,#549,.T.);
#1441=EDGE_CURVE('',#1150,#1151,#550,.T.);
#1442=EDGE_CURVE('',#1151,#1152,#551,.T.);
#1443=EDGE_CURVE('',#1152,#1153,#552,.T.);
#1444=EDGE_CURVE('',#1153,#1154,#553,.T.);
#1445=EDGE_CURVE('',#1154,#1155,#554,.T.);
#1446=EDGE_CURVE('',#1155,#1130,#555,.T.);
#1447=EDGE_CURVE('',#1139,#1156,#556,.T.);
#1448=EDGE_CURVE('',#1157,#1156,#557,.T.);
#1449=EDGE_CURVE('',#1140,#1157,#558,.T.);
#1450=EDGE_CURVE('',#1138,#1158,#559,.T.);
#1451=EDGE_CURVE('',#1156,#1158,#560,.T.);
#1452=EDGE_CURVE('',#1159,#1160,#561,.T.);
#1453=EDGE_CURVE('',#1161,#1159,#562,.T.);
#1454=EDGE_CURVE('',#1162,#1161,#100,.T.);
#1455=EDGE_CURVE('',#1160,#1162,#563,.T.);
#1456=EDGE_CURVE('',#1163,#1157,#564,.T.);
#1457=EDGE_CURVE('',#1141,#1163,#565,.T.);
#1458=EDGE_CURVE('',#1164,#1163,#566,.T.);
#1459=EDGE_CURVE('',#1142,#1164,#567,.T.);
#1460=EDGE_CURVE('',#1165,#1164,#568,.T.);
#1461=EDGE_CURVE('',#1143,#1165,#569,.T.);
#1462=EDGE_CURVE('',#1166,#1165,#570,.T.);
#1463=EDGE_CURVE('',#1144,#1166,#571,.T.);
#1464=EDGE_CURVE('',#1167,#1166,#572,.T.);
#1465=EDGE_CURVE('',#1145,#1167,#573,.T.);
#1466=EDGE_CURVE('',#1168,#1169,#574,.T.);
#1467=EDGE_CURVE('',#1170,#1169,#101,.T.);
#1468=EDGE_CURVE('',#1171,#1170,#575,.T.);
#1469=EDGE_CURVE('',#1172,#1171,#102,.T.);
#1470=EDGE_CURVE('',#1173,#1172,#103,.T.);
#1471=EDGE_CURVE('',#1168,#1173,#576,.T.);
#1472=EDGE_CURVE('',#1155,#1174,#577,.T.);
#1473=EDGE_CURVE('',#1175,#1174,#578,.T.);
#1474=EDGE_CURVE('',#1176,#1175,#104,.T.);
#1475=EDGE_CURVE('',#1177,#1176,#579,.T.);
#1476=EDGE_CURVE('',#1178,#1177,#105,.T.);
#1477=EDGE_CURVE('',#1179,#1178,#106,.T.);
#1478=EDGE_CURVE('',#1169,#1179,#580,.T.);
#1479=EDGE_CURVE('',#1168,#1180,#581,.T.);
#1480=EDGE_CURVE('',#1158,#1180,#582,.T.);
#1481=EDGE_CURVE('',#1181,#1167,#583,.T.);
#1482=EDGE_CURVE('',#1181,#1182,#107,.T.);
#1483=EDGE_CURVE('',#1182,#1183,#584,.T.);
#1484=EDGE_CURVE('',#1146,#1183,#108,.T.);
#1485=EDGE_CURVE('',#1184,#1160,#585,.T.);
#1486=EDGE_CURVE('',#1185,#1184,#586,.T.);
#1487=EDGE_CURVE('',#1159,#1185,#587,.T.);
#1488=EDGE_CURVE('',#1175,#1186,#109,.T.);
#1489=EDGE_CURVE('',#1174,#1187,#588,.T.);
#1490=EDGE_CURVE('',#1187,#1188,#589,.T.);
#1491=EDGE_CURVE('',#1188,#1189,#590,.T.);
#1492=EDGE_CURVE('',#1189,#1190,#591,.T.);
#1493=EDGE_CURVE('',#1190,#1191,#592,.T.);
#1494=EDGE_CURVE('',#1191,#1186,#593,.T.);
#1495=EDGE_CURVE('',#1150,#1191,#594,.T.);
#1496=EDGE_CURVE('',#1151,#1190,#595,.T.);
#1497=EDGE_CURVE('',#1153,#1188,#596,.T.);
#1498=EDGE_CURVE('',#1154,#1187,#597,.T.);
#1499=EDGE_CURVE('',#1186,#1192,#110,.T.);
#1500=EDGE_CURVE('',#1193,#1149,#111,.T.);
#1501=EDGE_CURVE('',#1192,#1193,#598,.T.);
#1502=EDGE_CURVE('',#1152,#1189,#599,.T.);
#1503=EDGE_CURVE('',#1194,#1176,#112,.T.);
#1504=EDGE_CURVE('',#1195,#1194,#600,.T.);
#1505=EDGE_CURVE('',#1196,#1195,#601,.T.);
#1506=EDGE_CURVE('',#1197,#1196,#602,.T.);
#1507=EDGE_CURVE('',#1197,#1198,#603,.T.);
#1508=EDGE_CURVE('',#1199,#1198,#604,.T.);
#1509=EDGE_CURVE('',#1199,#1200,#605,.T.);
#1510=EDGE_CURVE('',#1200,#1201,#80,.T.);
#1511=EDGE_CURVE('',#1202,#1201,#606,.T.);
#1512=EDGE_CURVE('',#1202,#1203,#81,.T.);
#1513=EDGE_CURVE('',#1203,#1204,#607,.T.);
#1514=EDGE_CURVE('',#1204,#1205,#608,.T.);
#1515=EDGE_CURVE('',#1205,#1206,#609,.T.);
#1516=EDGE_CURVE('',#1206,#1207,#610,.T.);
#1517=EDGE_CURVE('',#1208,#1207,#113,.T.);
#1518=EDGE_CURVE('',#1209,#1208,#611,.T.);
#1519=EDGE_CURVE('',#1177,#1209,#114,.T.);
#1520=EDGE_CURVE('',#1210,#1211,#612,.T.);
#1521=EDGE_CURVE('',#1212,#1210,#613,.T.);
#1522=EDGE_CURVE('',#1213,#1212,#614,.T.);
#1523=EDGE_CURVE('',#1211,#1213,#615,.T.);
#1524=EDGE_CURVE('',#1214,#1215,#616,.T.);
#1525=EDGE_CURVE('',#1216,#1214,#617,.T.);
#1526=EDGE_CURVE('',#1215,#1216,#618,.T.);
#1527=EDGE_CURVE('',#1217,#1193,#115,.T.);
#1528=EDGE_CURVE('',#1218,#1217,#619,.T.);
#1529=EDGE_CURVE('',#1218,#1219,#620,.T.);
#1530=EDGE_CURVE('',#1220,#1219,#621,.T.);
#1531=EDGE_CURVE('',#1192,#1220,#116,.T.);
#1532=EDGE_CURVE('',#1209,#1221,#622,.T.);
#1533=EDGE_CURVE('',#1179,#1221,#117,.T.);
#1534=EDGE_CURVE('',#1217,#1148,#623,.T.);
#1535=EDGE_CURVE('',#1222,#1223,#118,.T.);
#1536=EDGE_CURVE('',#1170,#1222,#624,.T.);
#1537=EDGE_CURVE('',#1223,#1179,#119,.T.);
#1538=EDGE_CURVE('',#1224,#1222,#120,.T.);
#1539=EDGE_CURVE('',#1171,#1224,#625,.T.);
#1540=EDGE_CURVE('',#1225,#1224,#121,.T.);
#1541=EDGE_CURVE('',#1172,#1225,#626,.T.);
#1542=EDGE_CURVE('',#1226,#1227,#122,.T.);
#1543=EDGE_CURVE('',#1173,#1226,#627,.T.);
#1544=EDGE_CURVE('',#1227,#1225,#123,.T.);
#1545=EDGE_CURVE('',#1228,#1226,#124,.T.);
#1546=EDGE_CURVE('',#1229,#1228,#628,.T.);
#1547=EDGE_CURVE('',#1230,#1229,#629,.T.);
#1548=EDGE_CURVE('',#1180,#1230,#630,.T.);
#1549=EDGE_CURVE('',#1231,#1147,#631,.T.);
#1550=EDGE_CURVE('',#1231,#1232,#632,.T.);
#1551=EDGE_CURVE('',#1232,#1233,#34,.T.);
#1552=EDGE_CURVE('',#1233,#1234,#633,.T.);
#1553=EDGE_CURVE('',#1234,#1218,#35,.T.);
#1554=EDGE_CURVE('',#1235,#1228,#125,.T.);
#1555=EDGE_CURVE('',#1236,#1235,#126,.T.);
#1556=EDGE_CURVE('',#1237,#1236,#634,.T.);
#1557=EDGE_CURVE('',#1238,#1237,#127,.T.);
#1558=EDGE_CURVE('',#1239,#1238,#635,.T.);
#1559=EDGE_CURVE('',#1240,#1239,#128,.T.);
#1560=EDGE_CURVE('',#1240,#1241,#636,.T.);
#1561=EDGE_CURVE('',#1241,#1242,#637,.T.);
#1562=EDGE_CURVE('',#1242,#1243,#638,.T.);
#1563=EDGE_CURVE('',#1243,#1244,#639,.T.);
#1564=EDGE_CURVE('',#1244,#1245,#82,.T.);
#1565=EDGE_CURVE('',#1245,#1246,#640,.T.);
#1566=EDGE_CURVE('',#1246,#1229,#641,.T.);
#1567=EDGE_CURVE('',#1247,#1226,#129,.T.);
#1568=EDGE_CURVE('',#1236,#1247,#642,.T.);
#1569=EDGE_CURVE('',#1183,#1231,#130,.T.);
#1570=EDGE_CURVE('',#1248,#1233,#643,.T.);
#1571=EDGE_CURVE('',#1249,#1248,#131,.T.);
#1572=EDGE_CURVE('',#1249,#1234,#644,.T.);
#1573=EDGE_CURVE('',#1250,#1249,#132,.T.);
#1574=EDGE_CURVE('',#1251,#1250,#36,.T.);
#1575=EDGE_CURVE('',#1252,#1251,#133,.T.);
#1576=EDGE_CURVE('',#1252,#1253,#645,.T.);
#1577=EDGE_CURVE('',#1219,#1253,#37,.T.);
#1578=EDGE_CURVE('',#1253,#1254,#646,.T.);
#1579=EDGE_CURVE('',#1255,#1252,#134,.T.);
#1580=EDGE_CURVE('',#1255,#1254,#647,.T.);
#1581=EDGE_CURVE('',#1256,#1232,#648,.T.);
#1582=EDGE_CURVE('',#1254,#1256,#38,.T.);
#1583=EDGE_CURVE('',#1257,#1255,#135,.T.);
#1584=EDGE_CURVE('',#1258,#1257,#39,.T.);
#1585=EDGE_CURVE('',#1248,#1258,#136,.T.);
#1586=EDGE_CURVE('',#1250,#1259,#649,.T.);
#1587=EDGE_CURVE('',#1259,#1260,#650,.T.);
#1588=EDGE_CURVE('',#1251,#1260,#651,.T.);
#1589=EDGE_CURVE('',#1261,#1257,#652,.T.);
#1590=EDGE_CURVE('',#1262,#1261,#653,.T.);
#1591=EDGE_CURVE('',#1262,#1258,#654,.T.);
#1592=EDGE_CURVE('',#1263,#1260,#137,.T.);
#1593=EDGE_CURVE('',#1263,#1264,#138,.T.);
#1594=EDGE_CURVE('',#1264,#1261,#139,.T.);
#1595=EDGE_CURVE('',#1265,#1266,#140,.T.);
#1596=EDGE_CURVE('',#1265,#1267,#655,.T.);
#1597=EDGE_CURVE('',#1268,#1267,#141,.T.);
#1598=EDGE_CURVE('',#1266,#1268,#656,.T.);
#1599=EDGE_CURVE('',#1269,#1265,#142,.T.);
#1600=EDGE_CURVE('',#1269,#1270,#657,.T.);
#1601=EDGE_CURVE('',#1267,#1270,#143,.T.);
#1602=EDGE_CURVE('',#1271,#1269,#144,.T.);
#1603=EDGE_CURVE('',#1272,#1271,#145,.T.);
#1604=EDGE_CURVE('',#1273,#1272,#146,.T.);
#1605=EDGE_CURVE('',#1273,#1274,#658,.T.);
#1606=EDGE_CURVE('',#1270,#1274,#659,.T.);
#1607=EDGE_CURVE('',#1275,#1273,#147,.T.);
#1608=EDGE_CURVE('',#1275,#1276,#660,.T.);
#1609=EDGE_CURVE('',#1274,#1276,#148,.T.);
#1610=EDGE_CURVE('',#1277,#1275,#149,.T.);
#1611=EDGE_CURVE('',#1277,#1278,#661,.T.);
#1612=EDGE_CURVE('',#1276,#1278,#150,.T.);
#1613=EDGE_CURVE('',#1279,#1277,#151,.T.);
#1614=EDGE_CURVE('',#1279,#1280,#662,.T.);
#1615=EDGE_CURVE('',#1278,#1280,#152,.T.);
#1616=EDGE_CURVE('',#1281,#1282,#663,.T.);
#1617=EDGE_CURVE('',#1283,#1281,#664,.T.);
#1618=EDGE_CURVE('',#1284,#1283,#665,.T.);
#1619=EDGE_CURVE('',#1285,#1284,#666,.T.);
#1620=EDGE_CURVE('',#1286,#1285,#667,.T.);
#1621=EDGE_CURVE('',#1287,#1286,#668,.T.);
#1622=EDGE_CURVE('',#1288,#1287,#669,.T.);
#1623=EDGE_CURVE('',#1289,#1288,#670,.T.);
#1624=EDGE_CURVE('',#1290,#1289,#671,.T.);
#1625=EDGE_CURVE('',#1291,#1290,#672,.T.);
#1626=EDGE_CURVE('',#1292,#1291,#673,.T.);
#1627=EDGE_CURVE('',#1292,#1293,#674,.T.);
#1628=EDGE_CURVE('',#1294,#1293,#675,.T.);
#1629=EDGE_CURVE('',#1282,#1294,#676,.T.);
#1630=EDGE_CURVE('',#1295,#1292,#153,.T.);
#1631=EDGE_CURVE('',#1295,#1296,#677,.T.);
#1632=EDGE_CURVE('',#1293,#1296,#154,.T.);
#1633=EDGE_CURVE('',#1297,#1295,#155,.T.);
#1634=EDGE_CURVE('',#1298,#1297,#156,.T.);
#1635=EDGE_CURVE('',#1299,#1298,#157,.T.);
#1636=EDGE_CURVE('',#1299,#1300,#678,.T.);
#1637=EDGE_CURVE('',#1296,#1300,#158,.T.);
#1638=EDGE_CURVE('',#1301,#1299,#679,.T.);
#1639=EDGE_CURVE('',#1195,#1301,#680,.T.);
#1640=EDGE_CURVE('',#1194,#1302,#681,.T.);
#1641=EDGE_CURVE('',#1300,#1302,#682,.T.);
#1642=EDGE_CURVE('',#1220,#1303,#683,.T.);
#1643=EDGE_CURVE('',#1302,#1303,#159,.T.);
#1644=EDGE_CURVE('',#1282,#1304,#160,.T.);
#1645=EDGE_CURVE('',#1305,#1294,#161,.T.);
#1646=EDGE_CURVE('',#1304,#1305,#684,.T.);
#1647=EDGE_CURVE('',#1304,#1306,#162,.T.);
#1648=EDGE_CURVE('',#1307,#1305,#163,.T.);
#1649=EDGE_CURVE('',#1308,#1307,#685,.T.);
#1650=EDGE_CURVE('',#1309,#1308,#164,.T.);
#1651=EDGE_CURVE('',#1306,#1309,#165,.T.);
#1652=EDGE_CURVE('',#1308,#1310,#166,.T.);
#1653=EDGE_CURVE('',#1311,#1307,#167,.T.);
#1654=EDGE_CURVE('',#1312,#1311,#686,.T.);
#1655=EDGE_CURVE('',#1313,#1312,#168,.T.);
#1656=EDGE_CURVE('',#1310,#1313,#169,.T.);
#1657=EDGE_CURVE('',#1312,#1314,#687,.T.);
#1658=EDGE_CURVE('',#1315,#1311,#688,.T.);
#1659=EDGE_CURVE('',#1314,#1315,#689,.T.);
#1660=EDGE_CURVE('',#1314,#1161,#170,.T.);
#1661=EDGE_CURVE('',#1316,#1315,#171,.T.);
#1662=EDGE_CURVE('',#1317,#1316,#690,.T.);
#1663=EDGE_CURVE('',#1318,#1317,#172,.T.);
#1664=EDGE_CURVE('',#1318,#1162,#173,.T.);
#1665=EDGE_CURVE('',#1317,#1181,#174,.T.);
#1666=EDGE_CURVE('',#1319,#1316,#175,.T.);
#1667=EDGE_CURVE('',#1320,#1319,#691,.T.);
#1668=EDGE_CURVE('',#1320,#1182,#176,.T.);
#1669=EDGE_CURVE('',#1321,#1320,#177,.T.);
#1670=EDGE_CURVE('',#1322,#1319,#178,.T.);
#1671=EDGE_CURVE('',#1321,#1322,#692,.T.);
#1672=EDGE_CURVE('',#1256,#1321,#693,.T.);
#1673=EDGE_CURVE('',#1303,#1322,#694,.T.);
#1674=EDGE_CURVE('',#1266,#1323,#179,.T.);
#1675=EDGE_CURVE('',#1324,#1268,#695,.T.);
#1676=EDGE_CURVE('',#1325,#1324,#696,.T.);
#1677=EDGE_CURVE('',#1323,#1325,#180,.T.);
#1678=EDGE_CURVE('',#1325,#1326,#181,.T.);
#1679=EDGE_CURVE('',#1327,#1324,#182,.T.);
#1680=EDGE_CURVE('',#1326,#1327,#697,.T.);
#1681=EDGE_CURVE('',#1326,#1263,#183,.T.);
#1682=EDGE_CURVE('',#1328,#1327,#698,.T.);
#1683=EDGE_CURVE('',#1329,#1328,#699,.T.);
#1684=EDGE_CURVE('',#1264,#1329,#184,.T.);
#1685=EDGE_CURVE('',#1329,#1330,#185,.T.);
#1686=EDGE_CURVE('',#1331,#1328,#186,.T.);
#1687=EDGE_CURVE('',#1330,#1331,#700,.T.);
#1688=EDGE_CURVE('',#1330,#1332,#187,.T.);
#1689=EDGE_CURVE('',#1333,#1331,#188,.T.);
#1690=EDGE_CURVE('',#1332,#1333,#701,.T.);
#1691=EDGE_CURVE('',#1332,#1334,#189,.T.);
#1692=EDGE_CURVE('',#1335,#1333,#190,.T.);
#1693=EDGE_CURVE('',#1334,#1335,#702,.T.);
#1694=EDGE_CURVE('',#1334,#1336,#191,.T.);
#1695=EDGE_CURVE('',#1280,#1335,#703,.T.);
#1696=EDGE_CURVE('',#1336,#1279,#192,.T.);
#1697=EDGE_CURVE('',#1337,#1325,#83,.T.);
#1698=EDGE_CURVE('',#1337,#1338,#704,.T.);
#1699=EDGE_CURVE('',#1338,#1323,#84,.T.);
#1700=EDGE_CURVE('',#1260,#1337,#193,.T.);
#1701=EDGE_CURVE('',#1339,#1336,#85,.T.);
#1702=EDGE_CURVE('',#1339,#1261,#194,.T.);
#1703=EDGE_CURVE('',#1283,#1340,#705,.T.);
#1704=EDGE_CURVE('',#1340,#1341,#706,.T.);
#1705=EDGE_CURVE('',#1341,#1284,#707,.T.);
#1706=EDGE_CURVE('',#1342,#1281,#708,.T.);
#1707=EDGE_CURVE('',#1342,#1340,#709,.T.);
#1708=EDGE_CURVE('',#1343,#1309,#710,.T.);
#1709=EDGE_CURVE('',#1344,#1343,#711,.T.);
#1710=EDGE_CURVE('',#1306,#1344,#712,.T.);
#1711=EDGE_CURVE('',#1310,#1345,#713,.T.);
#1712=EDGE_CURVE('',#1345,#1343,#714,.T.);
#1713=EDGE_CURVE('',#1346,#1313,#715,.T.);
#1714=EDGE_CURVE('',#1346,#1345,#716,.T.);
#1715=EDGE_CURVE('',#1230,#1347,#717,.T.);
#1716=EDGE_CURVE('',#1347,#1184,#718,.T.);
#1717=EDGE_CURVE('',#1246,#1348,#719,.T.);
#1718=EDGE_CURVE('',#1349,#1348,#720,.T.);
#1719=EDGE_CURVE('',#1349,#1347,#721,.T.);
#1720=EDGE_CURVE('',#1203,#1350,#86,.T.);
#1721=EDGE_CURVE('',#1350,#1245,#722,.T.);
#1722=EDGE_CURVE('',#1203,#1244,#723,.T.);
#1723=EDGE_CURVE('',#1204,#1243,#724,.T.);
#1724=EDGE_CURVE('',#1205,#1242,#725,.T.);
#1725=EDGE_CURVE('',#1206,#1241,#726,.T.);
#1726=EDGE_CURVE('',#1207,#1240,#195,.T.);
#1727=EDGE_CURVE('',#1351,#1200,#87,.T.);
#1728=EDGE_CURVE('',#1200,#1352,#727,.T.);
#1729=EDGE_CURVE('',#1353,#1352,#88,.T.);
#1730=EDGE_CURVE('',#1351,#1353,#728,.T.);
#1731=EDGE_CURVE('',#1199,#1354,#729,.T.);
#1732=EDGE_CURVE('',#1352,#1354,#730,.T.);
#1733=EDGE_CURVE('',#1354,#1355,#731,.T.);
#1734=EDGE_CURVE('',#1355,#1356,#89,.T.);
#1735=EDGE_CURVE('',#1356,#1353,#732,.T.);
#1736=EDGE_CURVE('',#1357,#1358,#733,.T.);
#1737=EDGE_CURVE('',#1357,#1359,#734,.T.);
#1738=EDGE_CURVE('',#1360,#1359,#735,.T.);
#1739=EDGE_CURVE('',#1358,#1360,#736,.T.);
#1740=EDGE_CURVE('',#1361,#1362,#737,.T.);
#1741=EDGE_CURVE('',#1361,#1363,#738,.T.);
#1742=EDGE_CURVE('',#1364,#1363,#739,.T.);
#1743=EDGE_CURVE('',#1362,#1364,#740,.T.);
#1744=EDGE_CURVE('',#1362,#1365,#741,.T.);
#1745=EDGE_CURVE('',#1366,#1364,#742,.T.);
#1746=EDGE_CURVE('',#1365,#1366,#743,.T.);
#1747=EDGE_CURVE('',#1358,#1367,#744,.T.);
#1748=EDGE_CURVE('',#1368,#1360,#745,.T.);
#1749=EDGE_CURVE('',#1367,#1368,#746,.T.);
#1750=EDGE_CURVE('',#1367,#1361,#747,.T.);
#1751=EDGE_CURVE('',#1363,#1368,#748,.T.);
#1752=EDGE_CURVE('',#1359,#1369,#749,.T.);
#1753=EDGE_CURVE('',#1369,#1370,#750,.T.);
#1754=EDGE_CURVE('',#1370,#1366,#751,.T.);
#1755=EDGE_CURVE('',#1185,#1349,#752,.T.);
#1756=EDGE_CURVE('',#1348,#1371,#753,.T.);
#1757=EDGE_CURVE('',#1371,#1372,#90,.T.);
#1758=EDGE_CURVE('',#1372,#1373,#754,.T.);
#1759=EDGE_CURVE('',#1373,#1374,#91,.T.);
#1760=EDGE_CURVE('',#1374,#1375,#755,.T.);
#1761=EDGE_CURVE('',#1375,#1376,#92,.T.);
#1762=EDGE_CURVE('',#1376,#1377,#756,.T.);
#1763=EDGE_CURVE('',#1377,#1357,#757,.T.);
#1764=EDGE_CURVE('',#1365,#1301,#758,.T.);
#1765=EDGE_CURVE('',#1298,#1378,#759,.T.);
#1766=EDGE_CURVE('',#1378,#1379,#760,.T.);
#1767=EDGE_CURVE('',#1379,#1290,#761,.T.);
#1768=EDGE_CURVE('',#1289,#1380,#762,.T.);
#1769=EDGE_CURVE('',#1380,#1381,#763,.T.);
#1770=EDGE_CURVE('',#1381,#1286,#764,.T.);
#1771=EDGE_CURVE('',#1285,#1382,#765,.T.);
#1772=EDGE_CURVE('',#1382,#1342,#766,.T.);
#1773=EDGE_CURVE('',#1344,#1346,#767,.T.);
#1774=EDGE_CURVE('',#1383,#1384,#768,.T.);
#1775=EDGE_CURVE('',#1384,#1385,#769,.T.);
#1776=EDGE_CURVE('',#1385,#1386,#770,.T.);
#1777=EDGE_CURVE('',#1386,#1387,#771,.T.);
#1778=EDGE_CURVE('',#1387,#1388,#772,.T.);
#1779=EDGE_CURVE('',#1388,#1389,#773,.T.);
#1780=EDGE_CURVE('',#1389,#1383,#774,.T.);
#1781=EDGE_CURVE('',#1390,#1391,#775,.T.);
#1782=EDGE_CURVE('',#1391,#1392,#776,.T.);
#1783=EDGE_CURVE('',#1392,#1393,#777,.T.);
#1784=EDGE_CURVE('',#1393,#1390,#778,.T.);
#1785=EDGE_CURVE('',#1196,#1370,#779,.T.);
#1786=EDGE_CURVE('',#1378,#1394,#780,.T.);
#1787=EDGE_CURVE('',#1395,#1394,#781,.T.);
#1788=EDGE_CURVE('',#1379,#1395,#782,.T.);
#1789=EDGE_CURVE('',#1291,#1395,#783,.T.);
#1790=EDGE_CURVE('',#1394,#1297,#784,.T.);
#1791=EDGE_CURVE('',#1381,#1396,#785,.T.);
#1792=EDGE_CURVE('',#1287,#1396,#786,.T.);
#1793=EDGE_CURVE('',#1380,#1397,#787,.T.);
#1794=EDGE_CURVE('',#1396,#1397,#788,.T.);
#1795=EDGE_CURVE('',#1397,#1288,#789,.T.);
#1796=EDGE_CURVE('',#1382,#1341,#790,.T.);
#1797=EDGE_CURVE('',#1386,#1398,#791,.T.);
#1798=EDGE_CURVE('',#1399,#1398,#792,.T.);
#1799=EDGE_CURVE('',#1387,#1399,#793,.T.);
#1800=EDGE_CURVE('',#1384,#1400,#794,.T.);
#1801=EDGE_CURVE('',#1401,#1400,#795,.T.);
#1802=EDGE_CURVE('',#1385,#1401,#796,.T.);
#1803=EDGE_CURVE('',#1398,#1401,#797,.T.);
#1804=EDGE_CURVE('',#1400,#1399,#798,.T.);
#1805=EDGE_CURVE('',#1210,#1390,#799,.T.);
#1806=EDGE_CURVE('',#1212,#1393,#800,.T.);
#1807=EDGE_CURVE('',#1213,#1392,#801,.T.);
#1808=EDGE_CURVE('',#1211,#1391,#802,.T.);
#1809=EDGE_CURVE('',#1214,#1389,#803,.T.);
#1810=EDGE_CURVE('',#1216,#1388,#804,.T.);
#1811=EDGE_CURVE('',#1215,#1383,#805,.T.);
#1812=EDGE_CURVE('',#1197,#1369,#806,.T.);
#1813=EDGE_CURVE('',#1198,#1377,#807,.T.);
#1814=EDGE_CURVE('',#1355,#1376,#808,.T.);
#1815=EDGE_CURVE('',#1356,#1375,#809,.T.);
#1816=EDGE_CURVE('',#1351,#1374,#810,.T.);
#1817=EDGE_CURVE('',#1201,#1373,#811,.T.);
#1818=EDGE_CURVE('',#1202,#1372,#812,.T.);
#1819=EDGE_CURVE('',#1350,#1371,#813,.T.);
#1820=EDGE_CURVE('',#1208,#1402,#814,.T.);
#1821=EDGE_CURVE('',#1403,#1402,#196,.T.);
#1822=EDGE_CURVE('',#1221,#1403,#197,.T.);
#1823=EDGE_CURVE('',#1239,#1404,#815,.T.);
#1824=EDGE_CURVE('',#1402,#1404,#198,.T.);
#1825=EDGE_CURVE('',#1238,#1405,#816,.T.);
#1826=EDGE_CURVE('',#1404,#1405,#199,.T.);
#1827=EDGE_CURVE('',#1237,#1406,#817,.T.);
#1828=EDGE_CURVE('',#1405,#1406,#200,.T.);
#1829=EDGE_CURVE('',#1407,#1247,#201,.T.);
#1830=EDGE_CURVE('',#1406,#1407,#202,.T.);
#1831=EDGE_CURVE('',#1408,#1404,#203,.T.);
#1832=EDGE_CURVE('',#1409,#1408,#204,.T.);
#1833=EDGE_CURVE('',#1403,#1409,#93,.T.);
#1834=EDGE_CURVE('',#1410,#1405,#205,.T.);
#1835=EDGE_CURVE('',#1408,#1410,#818,.T.);
#1836=EDGE_CURVE('',#1406,#1411,#94,.T.);
#1837=EDGE_CURVE('',#1410,#1411,#206,.T.);
#1838=EDGE_CURVE('',#1407,#1412,#95,.T.);
#1839=EDGE_CURVE('',#1411,#1412,#819,.T.);
#1840=EDGE_CURVE('',#1413,#1409,#820,.T.);
#1841=EDGE_CURVE('',#1221,#1413,#96,.T.);
#1842=EDGE_CURVE('',#1259,#1413,#207,.T.);
#1843=EDGE_CURVE('',#1259,#1222,#208,.T.);
#1844=EDGE_CURVE('',#1262,#1224,#209,.T.);
#1845=EDGE_CURVE('',#1412,#1262,#210,.T.);
#1846=EDGE_CURVE('',#1271,#1414,#211,.T.);
#1847=EDGE_CURVE('',#1414,#1415,#821,.T.);
#1848=EDGE_CURVE('',#1272,#1415,#212,.T.);
#1849=EDGE_CURVE('',#1338,#1414,#213,.T.);
#1850=EDGE_CURVE('',#1416,#1279,#97,.T.);
#1851=EDGE_CURVE('',#1416,#1339,#822,.T.);
#1852=EDGE_CURVE('',#1415,#1416,#214,.T.);
#1853=EDGE_CURVE('',#1412,#1339,#823,.T.);
#1854=EDGE_CURVE('',#1413,#1337,#824,.T.);
#1855=EDGE_CURVE('',#1409,#1338,#825,.T.);
#1856=EDGE_CURVE('',#1411,#1416,#826,.T.);
#1857=EDGE_CURVE('',#1410,#1415,#827,.T.);
#1858=EDGE_CURVE('',#1408,#1414,#828,.T.);
#1859=ORIENTED_EDGE('',*,*,#1417,.F.);
#1860=ORIENTED_EDGE('',*,*,#1418,.T.);
#1861=ORIENTED_EDGE('',*,*,#1419,.F.);
#1862=ORIENTED_EDGE('',*,*,#1420,.F.);
#1863=ORIENTED_EDGE('',*,*,#1421,.F.);
#1864=ORIENTED_EDGE('',*,*,#1422,.T.);
#1865=ORIENTED_EDGE('',*,*,#1423,.F.);
#1866=ORIENTED_EDGE('',*,*,#1424,.F.);
#1867=ORIENTED_EDGE('',*,*,#1425,.F.);
#1868=ORIENTED_EDGE('',*,*,#1420,.T.);
#1869=ORIENTED_EDGE('',*,*,#1426,.F.);
#1870=ORIENTED_EDGE('',*,*,#1422,.F.);
#1871=ORIENTED_EDGE('',*,*,#1426,.T.);
#1872=ORIENTED_EDGE('',*,*,#1419,.T.);
#1873=ORIENTED_EDGE('',*,*,#1427,.T.);
#1874=ORIENTED_EDGE('',*,*,#1423,.T.);
#1875=ORIENTED_EDGE('',*,*,#1417,.T.);
#1876=ORIENTED_EDGE('',*,*,#1425,.T.);
#1877=ORIENTED_EDGE('',*,*,#1421,.T.);
#1878=ORIENTED_EDGE('',*,*,#1428,.T.);
#1879=ORIENTED_EDGE('',*,*,#1429,.T.);
#1880=ORIENTED_EDGE('',*,*,#1430,.T.);
#1881=ORIENTED_EDGE('',*,*,#1431,.T.);
#1882=ORIENTED_EDGE('',*,*,#1432,.T.);
#1883=ORIENTED_EDGE('',*,*,#1433,.T.);
#1884=ORIENTED_EDGE('',*,*,#1434,.T.);
#1885=ORIENTED_EDGE('',*,*,#1435,.T.);
#1886=ORIENTED_EDGE('',*,*,#1436,.T.);
#1887=ORIENTED_EDGE('',*,*,#1437,.F.);
#1888=ORIENTED_EDGE('',*,*,#1438,.F.);
#1889=ORIENTED_EDGE('',*,*,#1439,.F.);
#1890=ORIENTED_EDGE('',*,*,#1440,.T.);
#1891=ORIENTED_EDGE('',*,*,#1441,.T.);
#1892=ORIENTED_EDGE('',*,*,#1442,.T.);
#1893=ORIENTED_EDGE('',*,*,#1443,.T.);
#1894=ORIENTED_EDGE('',*,*,#1444,.T.);
#1895=ORIENTED_EDGE('',*,*,#1445,.T.);
#1896=ORIENTED_EDGE('',*,*,#1446,.T.);
#1897=ORIENTED_EDGE('',*,*,#1430,.F.);
#1898=ORIENTED_EDGE('',*,*,#1447,.T.);
#1899=ORIENTED_EDGE('',*,*,#1448,.F.);
#1900=ORIENTED_EDGE('',*,*,#1449,.F.);
#1901=ORIENTED_EDGE('',*,*,#1429,.F.);
#1902=ORIENTED_EDGE('',*,*,#1450,.T.);
#1903=ORIENTED_EDGE('',*,*,#1451,.F.);
#1904=ORIENTED_EDGE('',*,*,#1447,.F.);
#1905=ORIENTED_EDGE('',*,*,#1452,.F.);
#1906=ORIENTED_EDGE('',*,*,#1453,.F.);
#1907=ORIENTED_EDGE('',*,*,#1454,.F.);
#1908=ORIENTED_EDGE('',*,*,#1455,.F.);
#1909=ORIENTED_EDGE('',*,*,#1431,.F.);
#1910=ORIENTED_EDGE('',*,*,#1449,.T.);
#1911=ORIENTED_EDGE('',*,*,#1456,.F.);
#1912=ORIENTED_EDGE('',*,*,#1457,.F.);
#1913=ORIENTED_EDGE('',*,*,#1432,.F.);
#1914=ORIENTED_EDGE('',*,*,#1457,.T.);
#1915=ORIENTED_EDGE('',*,*,#1458,.F.);
#1916=ORIENTED_EDGE('',*,*,#1459,.F.);
#1917=ORIENTED_EDGE('',*,*,#1433,.F.);
#1918=ORIENTED_EDGE('',*,*,#1459,.T.);
#1919=ORIENTED_EDGE('',*,*,#1460,.F.);
#1920=ORIENTED_EDGE('',*,*,#1461,.F.);
#1921=ORIENTED_EDGE('',*,*,#1434,.F.);
#1922=ORIENTED_EDGE('',*,*,#1461,.T.);
#1923=ORIENTED_EDGE('',*,*,#1462,.F.);
#1924=ORIENTED_EDGE('',*,*,#1463,.F.);
#1925=ORIENTED_EDGE('',*,*,#1435,.F.);
#1926=ORIENTED_EDGE('',*,*,#1463,.T.);
#1927=ORIENTED_EDGE('',*,*,#1464,.F.);
#1928=ORIENTED_EDGE('',*,*,#1465,.F.);
#1929=ORIENTED_EDGE('',*,*,#1466,.T.);
#1930=ORIENTED_EDGE('',*,*,#1467,.F.);
#1931=ORIENTED_EDGE('',*,*,#1468,.F.);
#1932=ORIENTED_EDGE('',*,*,#1469,.F.);
#1933=ORIENTED_EDGE('',*,*,#1470,.F.);
#1934=ORIENTED_EDGE('',*,*,#1471,.F.);
#1935=ORIENTED_EDGE('',*,*,#1446,.F.);
#1936=ORIENTED_EDGE('',*,*,#1472,.T.);
#1937=ORIENTED_EDGE('',*,*,#1473,.F.);
#1938=ORIENTED_EDGE('',*,*,#1474,.F.);
#1939=ORIENTED_EDGE('',*,*,#1475,.F.);
#1940=ORIENTED_EDGE('',*,*,#1476,.F.);
#1941=ORIENTED_EDGE('',*,*,#1477,.F.);
#1942=ORIENTED_EDGE('',*,*,#1478,.F.);
#1943=ORIENTED_EDGE('',*,*,#1466,.F.);
#1944=ORIENTED_EDGE('',*,*,#1479,.T.);
#1945=ORIENTED_EDGE('',*,*,#1480,.F.);
#1946=ORIENTED_EDGE('',*,*,#1450,.F.);
#1947=ORIENTED_EDGE('',*,*,#1428,.F.);
#1948=ORIENTED_EDGE('',*,*,#1424,.T.);
#1949=ORIENTED_EDGE('',*,*,#1427,.F.);
#1950=ORIENTED_EDGE('',*,*,#1418,.F.);
#1951=ORIENTED_EDGE('',*,*,#1465,.T.);
#1952=ORIENTED_EDGE('',*,*,#1481,.F.);
#1953=ORIENTED_EDGE('',*,*,#1482,.T.);
#1954=ORIENTED_EDGE('',*,*,#1483,.T.);
#1955=ORIENTED_EDGE('',*,*,#1484,.F.);
#1956=ORIENTED_EDGE('',*,*,#1436,.F.);
#1957=ORIENTED_EDGE('',*,*,#1452,.T.);
#1958=ORIENTED_EDGE('',*,*,#1485,.F.);
#1959=ORIENTED_EDGE('',*,*,#1486,.F.);
#1960=ORIENTED_EDGE('',*,*,#1487,.F.);
#1961=ORIENTED_EDGE('',*,*,#1488,.F.);
#1962=ORIENTED_EDGE('',*,*,#1473,.T.);
#1963=ORIENTED_EDGE('',*,*,#1489,.T.);
#1964=ORIENTED_EDGE('',*,*,#1490,.T.);
#1965=ORIENTED_EDGE('',*,*,#1491,.T.);
#1966=ORIENTED_EDGE('',*,*,#1492,.T.);
#1967=ORIENTED_EDGE('',*,*,#1493,.T.);
#1968=ORIENTED_EDGE('',*,*,#1494,.T.);
#1969=ORIENTED_EDGE('',*,*,#1441,.F.);
#1970=ORIENTED_EDGE('',*,*,#1495,.T.);
#1971=ORIENTED_EDGE('',*,*,#1493,.F.);
#1972=ORIENTED_EDGE('',*,*,#1496,.F.);
#1973=ORIENTED_EDGE('',*,*,#1444,.F.);
#1974=ORIENTED_EDGE('',*,*,#1497,.T.);
#1975=ORIENTED_EDGE('',*,*,#1490,.F.);
#1976=ORIENTED_EDGE('',*,*,#1498,.F.);
#1977=ORIENTED_EDGE('',*,*,#1445,.F.);
#1978=ORIENTED_EDGE('',*,*,#1498,.T.);
#1979=ORIENTED_EDGE('',*,*,#1489,.F.);
#1980=ORIENTED_EDGE('',*,*,#1472,.F.);
#1981=ORIENTED_EDGE('',*,*,#1499,.F.);
#1982=ORIENTED_EDGE('',*,*,#1494,.F.);
#1983=ORIENTED_EDGE('',*,*,#1495,.F.);
#1984=ORIENTED_EDGE('',*,*,#1440,.F.);
#1985=ORIENTED_EDGE('',*,*,#1500,.F.);
#1986=ORIENTED_EDGE('',*,*,#1501,.F.);
#1987=ORIENTED_EDGE('',*,*,#1442,.F.);
#1988=ORIENTED_EDGE('',*,*,#1496,.T.);
#1989=ORIENTED_EDGE('',*,*,#1492,.F.);
#1990=ORIENTED_EDGE('',*,*,#1502,.F.);
#1991=ORIENTED_EDGE('',*,*,#1443,.F.);
#1992=ORIENTED_EDGE('',*,*,#1502,.T.);
#1993=ORIENTED_EDGE('',*,*,#1491,.F.);
#1994=ORIENTED_EDGE('',*,*,#1497,.F.);
#1995=ORIENTED_EDGE('',*,*,#1475,.T.);
#1996=ORIENTED_EDGE('',*,*,#1503,.F.);
#1997=ORIENTED_EDGE('',*,*,#1504,.F.);
#1998=ORIENTED_EDGE('',*,*,#1505,.F.);
#1999=ORIENTED_EDGE('',*,*,#1506,.F.);
#2000=ORIENTED_EDGE('',*,*,#1507,.T.);
#2001=ORIENTED_EDGE('',*,*,#1508,.F.);
#2002=ORIENTED_EDGE('',*,*,#1509,.T.);
#2003=ORIENTED_EDGE('',*,*,#1510,.T.);
#2004=ORIENTED_EDGE('',*,*,#1511,.F.);
#2005=ORIENTED_EDGE('',*,*,#1512,.T.);
#2006=ORIENTED_EDGE('',*,*,#1513,.T.);
#2007=ORIENTED_EDGE('',*,*,#1514,.T.);
#2008=ORIENTED_EDGE('',*,*,#1515,.T.);
#2009=ORIENTED_EDGE('',*,*,#1516,.T.);
#2010=ORIENTED_EDGE('',*,*,#1517,.F.);
#2011=ORIENTED_EDGE('',*,*,#1518,.F.);
#2012=ORIENTED_EDGE('',*,*,#1519,.F.);
#2013=ORIENTED_EDGE('',*,*,#1520,.F.);
#2014=ORIENTED_EDGE('',*,*,#1521,.F.);
#2015=ORIENTED_EDGE('',*,*,#1522,.F.);
#2016=ORIENTED_EDGE('',*,*,#1523,.F.);
#2017=ORIENTED_EDGE('',*,*,#1524,.F.);
#2018=ORIENTED_EDGE('',*,*,#1525,.F.);
#2019=ORIENTED_EDGE('',*,*,#1526,.F.);
#2020=ORIENTED_EDGE('',*,*,#1501,.T.);
#2021=ORIENTED_EDGE('',*,*,#1527,.F.);
#2022=ORIENTED_EDGE('',*,*,#1528,.F.);
#2023=ORIENTED_EDGE('',*,*,#1529,.T.);
#2024=ORIENTED_EDGE('',*,*,#1530,.F.);
#2025=ORIENTED_EDGE('',*,*,#1531,.F.);
#2026=ORIENTED_EDGE('',*,*,#1476,.T.);
#2027=ORIENTED_EDGE('',*,*,#1519,.T.);
#2028=ORIENTED_EDGE('',*,*,#1532,.T.);
#2029=ORIENTED_EDGE('',*,*,#1533,.F.);
#2030=ORIENTED_EDGE('',*,*,#1477,.T.);
#2031=ORIENTED_EDGE('',*,*,#1500,.T.);
#2032=ORIENTED_EDGE('',*,*,#1439,.T.);
#2033=ORIENTED_EDGE('',*,*,#1534,.F.);
#2034=ORIENTED_EDGE('',*,*,#1527,.T.);
#2035=ORIENTED_EDGE('',*,*,#1535,.F.);
#2036=ORIENTED_EDGE('',*,*,#1536,.F.);
#2037=ORIENTED_EDGE('',*,*,#1467,.T.);
#2038=ORIENTED_EDGE('',*,*,#1478,.T.);
#2039=ORIENTED_EDGE('',*,*,#1537,.F.);
#2040=ORIENTED_EDGE('',*,*,#1538,.F.);
#2041=ORIENTED_EDGE('',*,*,#1539,.F.);
#2042=ORIENTED_EDGE('',*,*,#1468,.T.);
#2043=ORIENTED_EDGE('',*,*,#1536,.T.);
#2044=ORIENTED_EDGE('',*,*,#1540,.F.);
#2045=ORIENTED_EDGE('',*,*,#1541,.F.);
#2046=ORIENTED_EDGE('',*,*,#1469,.T.);
#2047=ORIENTED_EDGE('',*,*,#1539,.T.);
#2048=ORIENTED_EDGE('',*,*,#1542,.F.);
#2049=ORIENTED_EDGE('',*,*,#1543,.F.);
#2050=ORIENTED_EDGE('',*,*,#1470,.T.);
#2051=ORIENTED_EDGE('',*,*,#1541,.T.);
#2052=ORIENTED_EDGE('',*,*,#1544,.F.);
#2053=ORIENTED_EDGE('',*,*,#1471,.T.);
#2054=ORIENTED_EDGE('',*,*,#1543,.T.);
#2055=ORIENTED_EDGE('',*,*,#1545,.F.);
#2056=ORIENTED_EDGE('',*,*,#1546,.F.);
#2057=ORIENTED_EDGE('',*,*,#1547,.F.);
#2058=ORIENTED_EDGE('',*,*,#1548,.F.);
#2059=ORIENTED_EDGE('',*,*,#1479,.F.);
#2060=ORIENTED_EDGE('',*,*,#1438,.T.);
#2061=ORIENTED_EDGE('',*,*,#1549,.F.);
#2062=ORIENTED_EDGE('',*,*,#1550,.T.);
#2063=ORIENTED_EDGE('',*,*,#1551,.T.);
#2064=ORIENTED_EDGE('',*,*,#1552,.T.);
#2065=ORIENTED_EDGE('',*,*,#1553,.T.);
#2066=ORIENTED_EDGE('',*,*,#1528,.T.);
#2067=ORIENTED_EDGE('',*,*,#1534,.T.);
#2068=ORIENTED_EDGE('',*,*,#1546,.T.);
#2069=ORIENTED_EDGE('',*,*,#1554,.F.);
#2070=ORIENTED_EDGE('',*,*,#1555,.F.);
#2071=ORIENTED_EDGE('',*,*,#1556,.F.);
#2072=ORIENTED_EDGE('',*,*,#1557,.F.);
#2073=ORIENTED_EDGE('',*,*,#1558,.F.);
#2074=ORIENTED_EDGE('',*,*,#1559,.F.);
#2075=ORIENTED_EDGE('',*,*,#1560,.T.);
#2076=ORIENTED_EDGE('',*,*,#1561,.T.);
#2077=ORIENTED_EDGE('',*,*,#1562,.T.);
#2078=ORIENTED_EDGE('',*,*,#1563,.T.);
#2079=ORIENTED_EDGE('',*,*,#1564,.T.);
#2080=ORIENTED_EDGE('',*,*,#1565,.T.);
#2081=ORIENTED_EDGE('',*,*,#1566,.T.);
#2082=ORIENTED_EDGE('',*,*,#1545,.T.);
#2083=ORIENTED_EDGE('',*,*,#1567,.F.);
#2084=ORIENTED_EDGE('',*,*,#1568,.F.);
#2085=ORIENTED_EDGE('',*,*,#1555,.T.);
#2086=ORIENTED_EDGE('',*,*,#1554,.T.);
#2087=ORIENTED_EDGE('',*,*,#1437,.T.);
#2088=ORIENTED_EDGE('',*,*,#1484,.T.);
#2089=ORIENTED_EDGE('',*,*,#1569,.T.);
#2090=ORIENTED_EDGE('',*,*,#1549,.T.);
#2091=ORIENTED_EDGE('',*,*,#1552,.F.);
#2092=ORIENTED_EDGE('',*,*,#1570,.F.);
#2093=ORIENTED_EDGE('',*,*,#1571,.F.);
#2094=ORIENTED_EDGE('',*,*,#1572,.T.);
#2095=ORIENTED_EDGE('',*,*,#1553,.F.);
#2096=ORIENTED_EDGE('',*,*,#1572,.F.);
#2097=ORIENTED_EDGE('',*,*,#1573,.F.);
#2098=ORIENTED_EDGE('',*,*,#1574,.F.);
#2099=ORIENTED_EDGE('',*,*,#1575,.F.);
#2100=ORIENTED_EDGE('',*,*,#1576,.T.);
#2101=ORIENTED_EDGE('',*,*,#1577,.F.);
#2102=ORIENTED_EDGE('',*,*,#1529,.F.);
#2103=ORIENTED_EDGE('',*,*,#1578,.F.);
#2104=ORIENTED_EDGE('',*,*,#1576,.F.);
#2105=ORIENTED_EDGE('',*,*,#1579,.F.);
#2106=ORIENTED_EDGE('',*,*,#1580,.T.);
#2107=ORIENTED_EDGE('',*,*,#1551,.F.);
#2108=ORIENTED_EDGE('',*,*,#1581,.F.);
#2109=ORIENTED_EDGE('',*,*,#1582,.F.);
#2110=ORIENTED_EDGE('',*,*,#1580,.F.);
#2111=ORIENTED_EDGE('',*,*,#1583,.F.);
#2112=ORIENTED_EDGE('',*,*,#1584,.F.);
#2113=ORIENTED_EDGE('',*,*,#1585,.F.);
#2114=ORIENTED_EDGE('',*,*,#1570,.T.);
#2115=ORIENTED_EDGE('',*,*,#1574,.T.);
#2116=ORIENTED_EDGE('',*,*,#1586,.T.);
#2117=ORIENTED_EDGE('',*,*,#1587,.T.);
#2118=ORIENTED_EDGE('',*,*,#1588,.F.);
#2119=ORIENTED_EDGE('',*,*,#1584,.T.);
#2120=ORIENTED_EDGE('',*,*,#1589,.F.);
#2121=ORIENTED_EDGE('',*,*,#1590,.F.);
#2122=ORIENTED_EDGE('',*,*,#1591,.T.);
#2123=ORIENTED_EDGE('',*,*,#1583,.T.);
#2124=ORIENTED_EDGE('',*,*,#1579,.T.);
#2125=ORIENTED_EDGE('',*,*,#1575,.T.);
#2126=ORIENTED_EDGE('',*,*,#1588,.T.);
#2127=ORIENTED_EDGE('',*,*,#1592,.F.);
#2128=ORIENTED_EDGE('',*,*,#1593,.T.);
#2129=ORIENTED_EDGE('',*,*,#1594,.T.);
#2130=ORIENTED_EDGE('',*,*,#1589,.T.);
#2131=ORIENTED_EDGE('',*,*,#1595,.F.);
#2132=ORIENTED_EDGE('',*,*,#1596,.T.);
#2133=ORIENTED_EDGE('',*,*,#1597,.F.);
#2134=ORIENTED_EDGE('',*,*,#1598,.F.);
#2135=ORIENTED_EDGE('',*,*,#1599,.F.);
#2136=ORIENTED_EDGE('',*,*,#1600,.T.);
#2137=ORIENTED_EDGE('',*,*,#1601,.F.);
#2138=ORIENTED_EDGE('',*,*,#1596,.F.);
#2139=ORIENTED_EDGE('',*,*,#1602,.F.);
#2140=ORIENTED_EDGE('',*,*,#1603,.F.);
#2141=ORIENTED_EDGE('',*,*,#1604,.F.);
#2142=ORIENTED_EDGE('',*,*,#1605,.T.);
#2143=ORIENTED_EDGE('',*,*,#1606,.F.);
#2144=ORIENTED_EDGE('',*,*,#1600,.F.);
#2145=ORIENTED_EDGE('',*,*,#1607,.F.);
#2146=ORIENTED_EDGE('',*,*,#1608,.T.);
#2147=ORIENTED_EDGE('',*,*,#1609,.F.);
#2148=ORIENTED_EDGE('',*,*,#1605,.F.);
#2149=ORIENTED_EDGE('',*,*,#1610,.F.);
#2150=ORIENTED_EDGE('',*,*,#1611,.T.);
#2151=ORIENTED_EDGE('',*,*,#1612,.F.);
#2152=ORIENTED_EDGE('',*,*,#1608,.F.);
#2153=ORIENTED_EDGE('',*,*,#1613,.F.);
#2154=ORIENTED_EDGE('',*,*,#1614,.T.);
#2155=ORIENTED_EDGE('',*,*,#1615,.F.);
#2156=ORIENTED_EDGE('',*,*,#1611,.F.);
#2157=ORIENTED_EDGE('',*,*,#1616,.F.);
#2158=ORIENTED_EDGE('',*,*,#1617,.F.);
#2159=ORIENTED_EDGE('',*,*,#1618,.F.);
#2160=ORIENTED_EDGE('',*,*,#1619,.F.);
#2161=ORIENTED_EDGE('',*,*,#1620,.F.);
#2162=ORIENTED_EDGE('',*,*,#1621,.F.);
#2163=ORIENTED_EDGE('',*,*,#1622,.F.);
#2164=ORIENTED_EDGE('',*,*,#1623,.F.);
#2165=ORIENTED_EDGE('',*,*,#1624,.F.);
#2166=ORIENTED_EDGE('',*,*,#1625,.F.);
#2167=ORIENTED_EDGE('',*,*,#1626,.F.);
#2168=ORIENTED_EDGE('',*,*,#1627,.T.);
#2169=ORIENTED_EDGE('',*,*,#1628,.F.);
#2170=ORIENTED_EDGE('',*,*,#1629,.F.);
#2171=ORIENTED_EDGE('',*,*,#1630,.F.);
#2172=ORIENTED_EDGE('',*,*,#1631,.T.);
#2173=ORIENTED_EDGE('',*,*,#1632,.F.);
#2174=ORIENTED_EDGE('',*,*,#1627,.F.);
#2175=ORIENTED_EDGE('',*,*,#1633,.F.);
#2176=ORIENTED_EDGE('',*,*,#1634,.F.);
#2177=ORIENTED_EDGE('',*,*,#1635,.F.);
#2178=ORIENTED_EDGE('',*,*,#1636,.T.);
#2179=ORIENTED_EDGE('',*,*,#1637,.F.);
#2180=ORIENTED_EDGE('',*,*,#1631,.F.);
#2181=ORIENTED_EDGE('',*,*,#1638,.F.);
#2182=ORIENTED_EDGE('',*,*,#1639,.F.);
#2183=ORIENTED_EDGE('',*,*,#1504,.T.);
#2184=ORIENTED_EDGE('',*,*,#1640,.T.);
#2185=ORIENTED_EDGE('',*,*,#1641,.F.);
#2186=ORIENTED_EDGE('',*,*,#1636,.F.);
#2187=ORIENTED_EDGE('',*,*,#1499,.T.);
#2188=ORIENTED_EDGE('',*,*,#1531,.T.);
#2189=ORIENTED_EDGE('',*,*,#1642,.T.);
#2190=ORIENTED_EDGE('',*,*,#1643,.F.);
#2191=ORIENTED_EDGE('',*,*,#1640,.F.);
#2192=ORIENTED_EDGE('',*,*,#1503,.T.);
#2193=ORIENTED_EDGE('',*,*,#1474,.T.);
#2194=ORIENTED_EDGE('',*,*,#1488,.T.);
#2195=ORIENTED_EDGE('',*,*,#1644,.F.);
#2196=ORIENTED_EDGE('',*,*,#1629,.T.);
#2197=ORIENTED_EDGE('',*,*,#1645,.F.);
#2198=ORIENTED_EDGE('',*,*,#1646,.F.);
#2199=ORIENTED_EDGE('',*,*,#1647,.F.);
#2200=ORIENTED_EDGE('',*,*,#1646,.T.);
#2201=ORIENTED_EDGE('',*,*,#1648,.F.);
#2202=ORIENTED_EDGE('',*,*,#1649,.F.);
#2203=ORIENTED_EDGE('',*,*,#1650,.F.);
#2204=ORIENTED_EDGE('',*,*,#1651,.F.);
#2205=ORIENTED_EDGE('',*,*,#1652,.F.);
#2206=ORIENTED_EDGE('',*,*,#1649,.T.);
#2207=ORIENTED_EDGE('',*,*,#1653,.F.);
#2208=ORIENTED_EDGE('',*,*,#1654,.F.);
#2209=ORIENTED_EDGE('',*,*,#1655,.F.);
#2210=ORIENTED_EDGE('',*,*,#1656,.F.);
#2211=ORIENTED_EDGE('',*,*,#1657,.F.);
#2212=ORIENTED_EDGE('',*,*,#1654,.T.);
#2213=ORIENTED_EDGE('',*,*,#1658,.F.);
#2214=ORIENTED_EDGE('',*,*,#1659,.F.);
#2215=ORIENTED_EDGE('',*,*,#1454,.T.);
#2216=ORIENTED_EDGE('',*,*,#1660,.F.);
#2217=ORIENTED_EDGE('',*,*,#1659,.T.);
#2218=ORIENTED_EDGE('',*,*,#1661,.F.);
#2219=ORIENTED_EDGE('',*,*,#1662,.F.);
#2220=ORIENTED_EDGE('',*,*,#1663,.F.);
#2221=ORIENTED_EDGE('',*,*,#1664,.T.);
#2222=ORIENTED_EDGE('',*,*,#1665,.F.);
#2223=ORIENTED_EDGE('',*,*,#1662,.T.);
#2224=ORIENTED_EDGE('',*,*,#1666,.F.);
#2225=ORIENTED_EDGE('',*,*,#1667,.F.);
#2226=ORIENTED_EDGE('',*,*,#1668,.T.);
#2227=ORIENTED_EDGE('',*,*,#1482,.F.);
#2228=ORIENTED_EDGE('',*,*,#1669,.T.);
#2229=ORIENTED_EDGE('',*,*,#1667,.T.);
#2230=ORIENTED_EDGE('',*,*,#1670,.F.);
#2231=ORIENTED_EDGE('',*,*,#1671,.F.);
#2232=ORIENTED_EDGE('',*,*,#1582,.T.);
#2233=ORIENTED_EDGE('',*,*,#1672,.T.);
#2234=ORIENTED_EDGE('',*,*,#1671,.T.);
#2235=ORIENTED_EDGE('',*,*,#1673,.F.);
#2236=ORIENTED_EDGE('',*,*,#1642,.F.);
#2237=ORIENTED_EDGE('',*,*,#1530,.T.);
#2238=ORIENTED_EDGE('',*,*,#1577,.T.);
#2239=ORIENTED_EDGE('',*,*,#1578,.T.);
#2240=ORIENTED_EDGE('',*,*,#1674,.F.);
#2241=ORIENTED_EDGE('',*,*,#1598,.T.);
#2242=ORIENTED_EDGE('',*,*,#1675,.F.);
#2243=ORIENTED_EDGE('',*,*,#1676,.F.);
#2244=ORIENTED_EDGE('',*,*,#1677,.F.);
#2245=ORIENTED_EDGE('',*,*,#1678,.F.);
#2246=ORIENTED_EDGE('',*,*,#1676,.T.);
#2247=ORIENTED_EDGE('',*,*,#1679,.F.);
#2248=ORIENTED_EDGE('',*,*,#1680,.F.);
#2249=ORIENTED_EDGE('',*,*,#1681,.F.);
#2250=ORIENTED_EDGE('',*,*,#1680,.T.);
#2251=ORIENTED_EDGE('',*,*,#1682,.F.);
#2252=ORIENTED_EDGE('',*,*,#1683,.F.);
#2253=ORIENTED_EDGE('',*,*,#1684,.F.);
#2254=ORIENTED_EDGE('',*,*,#1593,.F.);
#2255=ORIENTED_EDGE('',*,*,#1685,.F.);
#2256=ORIENTED_EDGE('',*,*,#1683,.T.);
#2257=ORIENTED_EDGE('',*,*,#1686,.F.);
#2258=ORIENTED_EDGE('',*,*,#1687,.F.);
#2259=ORIENTED_EDGE('',*,*,#1688,.F.);
#2260=ORIENTED_EDGE('',*,*,#1687,.T.);
#2261=ORIENTED_EDGE('',*,*,#1689,.F.);
#2262=ORIENTED_EDGE('',*,*,#1690,.F.);
#2263=ORIENTED_EDGE('',*,*,#1691,.F.);
#2264=ORIENTED_EDGE('',*,*,#1690,.T.);
#2265=ORIENTED_EDGE('',*,*,#1692,.F.);
#2266=ORIENTED_EDGE('',*,*,#1693,.F.);
#2267=ORIENTED_EDGE('',*,*,#1694,.F.);
#2268=ORIENTED_EDGE('',*,*,#1693,.T.);
#2269=ORIENTED_EDGE('',*,*,#1695,.F.);
#2270=ORIENTED_EDGE('',*,*,#1614,.F.);
#2271=ORIENTED_EDGE('',*,*,#1696,.F.);
#2272=ORIENTED_EDGE('',*,*,#1615,.T.);
#2273=ORIENTED_EDGE('',*,*,#1695,.T.);
#2274=ORIENTED_EDGE('',*,*,#1692,.T.);
#2275=ORIENTED_EDGE('',*,*,#1689,.T.);
#2276=ORIENTED_EDGE('',*,*,#1686,.T.);
#2277=ORIENTED_EDGE('',*,*,#1682,.T.);
#2278=ORIENTED_EDGE('',*,*,#1679,.T.);
#2279=ORIENTED_EDGE('',*,*,#1675,.T.);
#2280=ORIENTED_EDGE('',*,*,#1597,.T.);
#2281=ORIENTED_EDGE('',*,*,#1601,.T.);
#2282=ORIENTED_EDGE('',*,*,#1606,.T.);
#2283=ORIENTED_EDGE('',*,*,#1609,.T.);
#2284=ORIENTED_EDGE('',*,*,#1612,.T.);
#2285=ORIENTED_EDGE('',*,*,#1673,.T.);
#2286=ORIENTED_EDGE('',*,*,#1670,.T.);
#2287=ORIENTED_EDGE('',*,*,#1666,.T.);
#2288=ORIENTED_EDGE('',*,*,#1661,.T.);
#2289=ORIENTED_EDGE('',*,*,#1658,.T.);
#2290=ORIENTED_EDGE('',*,*,#1653,.T.);
#2291=ORIENTED_EDGE('',*,*,#1648,.T.);
#2292=ORIENTED_EDGE('',*,*,#1645,.T.);
#2293=ORIENTED_EDGE('',*,*,#1628,.T.);
#2294=ORIENTED_EDGE('',*,*,#1632,.T.);
#2295=ORIENTED_EDGE('',*,*,#1637,.T.);
#2296=ORIENTED_EDGE('',*,*,#1641,.T.);
#2297=ORIENTED_EDGE('',*,*,#1643,.T.);
#2298=ORIENTED_EDGE('',*,*,#1677,.T.);
#2299=ORIENTED_EDGE('',*,*,#1697,.F.);
#2300=ORIENTED_EDGE('',*,*,#1698,.T.);
#2301=ORIENTED_EDGE('',*,*,#1699,.T.);
#2302=ORIENTED_EDGE('',*,*,#1678,.T.);
#2303=ORIENTED_EDGE('',*,*,#1681,.T.);
#2304=ORIENTED_EDGE('',*,*,#1592,.T.);
#2305=ORIENTED_EDGE('',*,*,#1700,.T.);
#2306=ORIENTED_EDGE('',*,*,#1697,.T.);
#2307=ORIENTED_EDGE('',*,*,#1684,.T.);
#2308=ORIENTED_EDGE('',*,*,#1685,.T.);
#2309=ORIENTED_EDGE('',*,*,#1688,.T.);
#2310=ORIENTED_EDGE('',*,*,#1691,.T.);
#2311=ORIENTED_EDGE('',*,*,#1694,.T.);
#2312=ORIENTED_EDGE('',*,*,#1701,.F.);
#2313=ORIENTED_EDGE('',*,*,#1702,.T.);
#2314=ORIENTED_EDGE('',*,*,#1594,.F.);
#2315=ORIENTED_EDGE('',*,*,#1618,.T.);
#2316=ORIENTED_EDGE('',*,*,#1703,.T.);
#2317=ORIENTED_EDGE('',*,*,#1704,.T.);
#2318=ORIENTED_EDGE('',*,*,#1705,.T.);
#2319=ORIENTED_EDGE('',*,*,#1617,.T.);
#2320=ORIENTED_EDGE('',*,*,#1706,.F.);
#2321=ORIENTED_EDGE('',*,*,#1707,.T.);
#2322=ORIENTED_EDGE('',*,*,#1703,.F.);
#2323=ORIENTED_EDGE('',*,*,#1651,.T.);
#2324=ORIENTED_EDGE('',*,*,#1708,.F.);
#2325=ORIENTED_EDGE('',*,*,#1709,.F.);
#2326=ORIENTED_EDGE('',*,*,#1710,.F.);
#2327=ORIENTED_EDGE('',*,*,#1650,.T.);
#2328=ORIENTED_EDGE('',*,*,#1652,.T.);
#2329=ORIENTED_EDGE('',*,*,#1711,.T.);
#2330=ORIENTED_EDGE('',*,*,#1712,.T.);
#2331=ORIENTED_EDGE('',*,*,#1708,.T.);
#2332=ORIENTED_EDGE('',*,*,#1656,.T.);
#2333=ORIENTED_EDGE('',*,*,#1713,.F.);
#2334=ORIENTED_EDGE('',*,*,#1714,.T.);
#2335=ORIENTED_EDGE('',*,*,#1711,.F.);
#2336=ORIENTED_EDGE('',*,*,#1581,.T.);
#2337=ORIENTED_EDGE('',*,*,#1550,.F.);
#2338=ORIENTED_EDGE('',*,*,#1569,.F.);
#2339=ORIENTED_EDGE('',*,*,#1483,.F.);
#2340=ORIENTED_EDGE('',*,*,#1668,.F.);
#2341=ORIENTED_EDGE('',*,*,#1669,.F.);
#2342=ORIENTED_EDGE('',*,*,#1672,.F.);
#2343=ORIENTED_EDGE('',*,*,#1715,.T.);
#2344=ORIENTED_EDGE('',*,*,#1716,.T.);
#2345=ORIENTED_EDGE('',*,*,#1485,.T.);
#2346=ORIENTED_EDGE('',*,*,#1455,.T.);
#2347=ORIENTED_EDGE('',*,*,#1664,.F.);
#2348=ORIENTED_EDGE('',*,*,#1663,.T.);
#2349=ORIENTED_EDGE('',*,*,#1665,.T.);
#2350=ORIENTED_EDGE('',*,*,#1481,.T.);
#2351=ORIENTED_EDGE('',*,*,#1464,.T.);
#2352=ORIENTED_EDGE('',*,*,#1462,.T.);
#2353=ORIENTED_EDGE('',*,*,#1460,.T.);
#2354=ORIENTED_EDGE('',*,*,#1458,.T.);
#2355=ORIENTED_EDGE('',*,*,#1456,.T.);
#2356=ORIENTED_EDGE('',*,*,#1448,.T.);
#2357=ORIENTED_EDGE('',*,*,#1451,.T.);
#2358=ORIENTED_EDGE('',*,*,#1480,.T.);
#2359=ORIENTED_EDGE('',*,*,#1548,.T.);
#2360=ORIENTED_EDGE('',*,*,#1547,.T.);
#2361=ORIENTED_EDGE('',*,*,#1566,.F.);
#2362=ORIENTED_EDGE('',*,*,#1717,.T.);
#2363=ORIENTED_EDGE('',*,*,#1718,.F.);
#2364=ORIENTED_EDGE('',*,*,#1719,.T.);
#2365=ORIENTED_EDGE('',*,*,#1715,.F.);
#2366=ORIENTED_EDGE('',*,*,#1720,.T.);
#2367=ORIENTED_EDGE('',*,*,#1721,.T.);
#2368=ORIENTED_EDGE('',*,*,#1564,.F.);
#2369=ORIENTED_EDGE('',*,*,#1722,.F.);
#2370=ORIENTED_EDGE('',*,*,#1513,.F.);
#2371=ORIENTED_EDGE('',*,*,#1722,.T.);
#2372=ORIENTED_EDGE('',*,*,#1563,.F.);
#2373=ORIENTED_EDGE('',*,*,#1723,.F.);
#2374=ORIENTED_EDGE('',*,*,#1514,.F.);
#2375=ORIENTED_EDGE('',*,*,#1723,.T.);
#2376=ORIENTED_EDGE('',*,*,#1562,.F.);
#2377=ORIENTED_EDGE('',*,*,#1724,.F.);
#2378=ORIENTED_EDGE('',*,*,#1515,.F.);
#2379=ORIENTED_EDGE('',*,*,#1724,.T.);
#2380=ORIENTED_EDGE('',*,*,#1561,.F.);
#2381=ORIENTED_EDGE('',*,*,#1725,.F.);
#2382=ORIENTED_EDGE('',*,*,#1516,.F.);
#2383=ORIENTED_EDGE('',*,*,#1725,.T.);
#2384=ORIENTED_EDGE('',*,*,#1560,.F.);
#2385=ORIENTED_EDGE('',*,*,#1726,.F.);
#2386=ORIENTED_EDGE('',*,*,#1727,.T.);
#2387=ORIENTED_EDGE('',*,*,#1728,.T.);
#2388=ORIENTED_EDGE('',*,*,#1729,.F.);
#2389=ORIENTED_EDGE('',*,*,#1730,.F.);
#2390=ORIENTED_EDGE('',*,*,#1509,.F.);
#2391=ORIENTED_EDGE('',*,*,#1731,.T.);
#2392=ORIENTED_EDGE('',*,*,#1732,.F.);
#2393=ORIENTED_EDGE('',*,*,#1728,.F.);
#2394=ORIENTED_EDGE('',*,*,#1732,.T.);
#2395=ORIENTED_EDGE('',*,*,#1733,.T.);
#2396=ORIENTED_EDGE('',*,*,#1734,.T.);
#2397=ORIENTED_EDGE('',*,*,#1735,.T.);
#2398=ORIENTED_EDGE('',*,*,#1729,.T.);
#2399=ORIENTED_EDGE('',*,*,#1736,.F.);
#2400=ORIENTED_EDGE('',*,*,#1737,.T.);
#2401=ORIENTED_EDGE('',*,*,#1738,.F.);
#2402=ORIENTED_EDGE('',*,*,#1739,.F.);
#2403=ORIENTED_EDGE('',*,*,#1740,.F.);
#2404=ORIENTED_EDGE('',*,*,#1741,.T.);
#2405=ORIENTED_EDGE('',*,*,#1742,.F.);
#2406=ORIENTED_EDGE('',*,*,#1743,.F.);
#2407=ORIENTED_EDGE('',*,*,#1744,.F.);
#2408=ORIENTED_EDGE('',*,*,#1743,.T.);
#2409=ORIENTED_EDGE('',*,*,#1745,.F.);
#2410=ORIENTED_EDGE('',*,*,#1746,.F.);
#2411=ORIENTED_EDGE('',*,*,#1747,.F.);
#2412=ORIENTED_EDGE('',*,*,#1739,.T.);
#2413=ORIENTED_EDGE('',*,*,#1748,.F.);
#2414=ORIENTED_EDGE('',*,*,#1749,.F.);
#2415=ORIENTED_EDGE('',*,*,#1750,.F.);
#2416=ORIENTED_EDGE('',*,*,#1749,.T.);
#2417=ORIENTED_EDGE('',*,*,#1751,.F.);
#2418=ORIENTED_EDGE('',*,*,#1741,.F.);
#2419=ORIENTED_EDGE('',*,*,#1751,.T.);
#2420=ORIENTED_EDGE('',*,*,#1748,.T.);
#2421=ORIENTED_EDGE('',*,*,#1738,.T.);
#2422=ORIENTED_EDGE('',*,*,#1752,.T.);
#2423=ORIENTED_EDGE('',*,*,#1753,.T.);
#2424=ORIENTED_EDGE('',*,*,#1754,.T.);
#2425=ORIENTED_EDGE('',*,*,#1745,.T.);
#2426=ORIENTED_EDGE('',*,*,#1742,.T.);
#2427=ORIENTED_EDGE('',*,*,#1453,.T.);
#2428=ORIENTED_EDGE('',*,*,#1487,.T.);
#2429=ORIENTED_EDGE('',*,*,#1755,.T.);
#2430=ORIENTED_EDGE('',*,*,#1718,.T.);
#2431=ORIENTED_EDGE('',*,*,#1756,.T.);
#2432=ORIENTED_EDGE('',*,*,#1757,.T.);
#2433=ORIENTED_EDGE('',*,*,#1758,.T.);
#2434=ORIENTED_EDGE('',*,*,#1759,.T.);
#2435=ORIENTED_EDGE('',*,*,#1760,.T.);
#2436=ORIENTED_EDGE('',*,*,#1761,.T.);
#2437=ORIENTED_EDGE('',*,*,#1762,.T.);
#2438=ORIENTED_EDGE('',*,*,#1763,.T.);
#2439=ORIENTED_EDGE('',*,*,#1736,.T.);
#2440=ORIENTED_EDGE('',*,*,#1747,.T.);
#2441=ORIENTED_EDGE('',*,*,#1750,.T.);
#2442=ORIENTED_EDGE('',*,*,#1740,.T.);
#2443=ORIENTED_EDGE('',*,*,#1744,.T.);
#2444=ORIENTED_EDGE('',*,*,#1764,.T.);
#2445=ORIENTED_EDGE('',*,*,#1638,.T.);
#2446=ORIENTED_EDGE('',*,*,#1635,.T.);
#2447=ORIENTED_EDGE('',*,*,#1765,.T.);
#2448=ORIENTED_EDGE('',*,*,#1766,.T.);
#2449=ORIENTED_EDGE('',*,*,#1767,.T.);
#2450=ORIENTED_EDGE('',*,*,#1624,.T.);
#2451=ORIENTED_EDGE('',*,*,#1768,.T.);
#2452=ORIENTED_EDGE('',*,*,#1769,.T.);
#2453=ORIENTED_EDGE('',*,*,#1770,.T.);
#2454=ORIENTED_EDGE('',*,*,#1620,.T.);
#2455=ORIENTED_EDGE('',*,*,#1771,.T.);
#2456=ORIENTED_EDGE('',*,*,#1772,.T.);
#2457=ORIENTED_EDGE('',*,*,#1706,.T.);
#2458=ORIENTED_EDGE('',*,*,#1616,.T.);
#2459=ORIENTED_EDGE('',*,*,#1644,.T.);
#2460=ORIENTED_EDGE('',*,*,#1647,.T.);
#2461=ORIENTED_EDGE('',*,*,#1710,.T.);
#2462=ORIENTED_EDGE('',*,*,#1773,.T.);
#2463=ORIENTED_EDGE('',*,*,#1713,.T.);
#2464=ORIENTED_EDGE('',*,*,#1655,.T.);
#2465=ORIENTED_EDGE('',*,*,#1657,.T.);
#2466=ORIENTED_EDGE('',*,*,#1660,.T.);
#2467=ORIENTED_EDGE('',*,*,#1774,.T.);
#2468=ORIENTED_EDGE('',*,*,#1775,.T.);
#2469=ORIENTED_EDGE('',*,*,#1776,.T.);
#2470=ORIENTED_EDGE('',*,*,#1777,.T.);
#2471=ORIENTED_EDGE('',*,*,#1778,.T.);
#2472=ORIENTED_EDGE('',*,*,#1779,.T.);
#2473=ORIENTED_EDGE('',*,*,#1780,.T.);
#2474=ORIENTED_EDGE('',*,*,#1781,.T.);
#2475=ORIENTED_EDGE('',*,*,#1782,.T.);
#2476=ORIENTED_EDGE('',*,*,#1783,.T.);
#2477=ORIENTED_EDGE('',*,*,#1784,.T.);
#2478=ORIENTED_EDGE('',*,*,#1639,.T.);
#2479=ORIENTED_EDGE('',*,*,#1764,.F.);
#2480=ORIENTED_EDGE('',*,*,#1746,.T.);
#2481=ORIENTED_EDGE('',*,*,#1754,.F.);
#2482=ORIENTED_EDGE('',*,*,#1785,.F.);
#2483=ORIENTED_EDGE('',*,*,#1505,.T.);
#2484=ORIENTED_EDGE('',*,*,#1766,.F.);
#2485=ORIENTED_EDGE('',*,*,#1786,.T.);
#2486=ORIENTED_EDGE('',*,*,#1787,.F.);
#2487=ORIENTED_EDGE('',*,*,#1788,.F.);
#2488=ORIENTED_EDGE('',*,*,#1625,.T.);
#2489=ORIENTED_EDGE('',*,*,#1767,.F.);
#2490=ORIENTED_EDGE('',*,*,#1788,.T.);
#2491=ORIENTED_EDGE('',*,*,#1789,.F.);
#2492=ORIENTED_EDGE('',*,*,#1634,.T.);
#2493=ORIENTED_EDGE('',*,*,#1790,.F.);
#2494=ORIENTED_EDGE('',*,*,#1786,.F.);
#2495=ORIENTED_EDGE('',*,*,#1765,.F.);
#2496=ORIENTED_EDGE('',*,*,#1626,.T.);
#2497=ORIENTED_EDGE('',*,*,#1789,.T.);
#2498=ORIENTED_EDGE('',*,*,#1787,.T.);
#2499=ORIENTED_EDGE('',*,*,#1790,.T.);
#2500=ORIENTED_EDGE('',*,*,#1633,.T.);
#2501=ORIENTED_EDGE('',*,*,#1630,.T.);
#2502=ORIENTED_EDGE('',*,*,#1621,.T.);
#2503=ORIENTED_EDGE('',*,*,#1770,.F.);
#2504=ORIENTED_EDGE('',*,*,#1791,.T.);
#2505=ORIENTED_EDGE('',*,*,#1792,.F.);
#2506=ORIENTED_EDGE('',*,*,#1769,.F.);
#2507=ORIENTED_EDGE('',*,*,#1793,.T.);
#2508=ORIENTED_EDGE('',*,*,#1794,.F.);
#2509=ORIENTED_EDGE('',*,*,#1791,.F.);
#2510=ORIENTED_EDGE('',*,*,#1623,.T.);
#2511=ORIENTED_EDGE('',*,*,#1795,.F.);
#2512=ORIENTED_EDGE('',*,*,#1793,.F.);
#2513=ORIENTED_EDGE('',*,*,#1768,.F.);
#2514=ORIENTED_EDGE('',*,*,#1622,.T.);
#2515=ORIENTED_EDGE('',*,*,#1792,.T.);
#2516=ORIENTED_EDGE('',*,*,#1794,.T.);
#2517=ORIENTED_EDGE('',*,*,#1795,.T.);
#2518=ORIENTED_EDGE('',*,*,#1755,.F.);
#2519=ORIENTED_EDGE('',*,*,#1486,.T.);
#2520=ORIENTED_EDGE('',*,*,#1716,.F.);
#2521=ORIENTED_EDGE('',*,*,#1719,.F.);
#2522=ORIENTED_EDGE('',*,*,#1772,.F.);
#2523=ORIENTED_EDGE('',*,*,#1796,.T.);
#2524=ORIENTED_EDGE('',*,*,#1704,.F.);
#2525=ORIENTED_EDGE('',*,*,#1707,.F.);
#2526=ORIENTED_EDGE('',*,*,#1619,.T.);
#2527=ORIENTED_EDGE('',*,*,#1705,.F.);
#2528=ORIENTED_EDGE('',*,*,#1796,.F.);
#2529=ORIENTED_EDGE('',*,*,#1771,.F.);
#2530=ORIENTED_EDGE('',*,*,#1773,.F.);
#2531=ORIENTED_EDGE('',*,*,#1709,.T.);
#2532=ORIENTED_EDGE('',*,*,#1712,.F.);
#2533=ORIENTED_EDGE('',*,*,#1714,.F.);
#2534=ORIENTED_EDGE('',*,*,#1777,.F.);
#2535=ORIENTED_EDGE('',*,*,#1797,.T.);
#2536=ORIENTED_EDGE('',*,*,#1798,.F.);
#2537=ORIENTED_EDGE('',*,*,#1799,.F.);
#2538=ORIENTED_EDGE('',*,*,#1775,.F.);
#2539=ORIENTED_EDGE('',*,*,#1800,.T.);
#2540=ORIENTED_EDGE('',*,*,#1801,.F.);
#2541=ORIENTED_EDGE('',*,*,#1802,.F.);
#2542=ORIENTED_EDGE('',*,*,#1776,.F.);
#2543=ORIENTED_EDGE('',*,*,#1802,.T.);
#2544=ORIENTED_EDGE('',*,*,#1803,.F.);
#2545=ORIENTED_EDGE('',*,*,#1797,.F.);
#2546=ORIENTED_EDGE('',*,*,#1803,.T.);
#2547=ORIENTED_EDGE('',*,*,#1801,.T.);
#2548=ORIENTED_EDGE('',*,*,#1804,.T.);
#2549=ORIENTED_EDGE('',*,*,#1798,.T.);
#2550=ORIENTED_EDGE('',*,*,#1521,.T.);
#2551=ORIENTED_EDGE('',*,*,#1805,.T.);
#2552=ORIENTED_EDGE('',*,*,#1784,.F.);
#2553=ORIENTED_EDGE('',*,*,#1806,.F.);
#2554=ORIENTED_EDGE('',*,*,#1522,.T.);
#2555=ORIENTED_EDGE('',*,*,#1806,.T.);
#2556=ORIENTED_EDGE('',*,*,#1783,.F.);
#2557=ORIENTED_EDGE('',*,*,#1807,.F.);
#2558=ORIENTED_EDGE('',*,*,#1523,.T.);
#2559=ORIENTED_EDGE('',*,*,#1807,.T.);
#2560=ORIENTED_EDGE('',*,*,#1782,.F.);
#2561=ORIENTED_EDGE('',*,*,#1808,.F.);
#2562=ORIENTED_EDGE('',*,*,#1520,.T.);
#2563=ORIENTED_EDGE('',*,*,#1808,.T.);
#2564=ORIENTED_EDGE('',*,*,#1781,.F.);
#2565=ORIENTED_EDGE('',*,*,#1805,.F.);
#2566=ORIENTED_EDGE('',*,*,#1525,.T.);
#2567=ORIENTED_EDGE('',*,*,#1809,.T.);
#2568=ORIENTED_EDGE('',*,*,#1779,.F.);
#2569=ORIENTED_EDGE('',*,*,#1810,.F.);
#2570=ORIENTED_EDGE('',*,*,#1526,.T.);
#2571=ORIENTED_EDGE('',*,*,#1810,.T.);
#2572=ORIENTED_EDGE('',*,*,#1778,.F.);
#2573=ORIENTED_EDGE('',*,*,#1799,.T.);
#2574=ORIENTED_EDGE('',*,*,#1804,.F.);
#2575=ORIENTED_EDGE('',*,*,#1800,.F.);
#2576=ORIENTED_EDGE('',*,*,#1774,.F.);
#2577=ORIENTED_EDGE('',*,*,#1811,.F.);
#2578=ORIENTED_EDGE('',*,*,#1524,.T.);
#2579=ORIENTED_EDGE('',*,*,#1811,.T.);
#2580=ORIENTED_EDGE('',*,*,#1780,.F.);
#2581=ORIENTED_EDGE('',*,*,#1809,.F.);
#2582=ORIENTED_EDGE('',*,*,#1506,.T.);
#2583=ORIENTED_EDGE('',*,*,#1785,.T.);
#2584=ORIENTED_EDGE('',*,*,#1753,.F.);
#2585=ORIENTED_EDGE('',*,*,#1812,.F.);
#2586=ORIENTED_EDGE('',*,*,#1763,.F.);
#2587=ORIENTED_EDGE('',*,*,#1813,.F.);
#2588=ORIENTED_EDGE('',*,*,#1507,.F.);
#2589=ORIENTED_EDGE('',*,*,#1812,.T.);
#2590=ORIENTED_EDGE('',*,*,#1752,.F.);
#2591=ORIENTED_EDGE('',*,*,#1737,.F.);
#2592=ORIENTED_EDGE('',*,*,#1508,.T.);
#2593=ORIENTED_EDGE('',*,*,#1813,.T.);
#2594=ORIENTED_EDGE('',*,*,#1762,.F.);
#2595=ORIENTED_EDGE('',*,*,#1814,.F.);
#2596=ORIENTED_EDGE('',*,*,#1733,.F.);
#2597=ORIENTED_EDGE('',*,*,#1731,.F.);
#2598=ORIENTED_EDGE('',*,*,#1814,.T.);
#2599=ORIENTED_EDGE('',*,*,#1761,.F.);
#2600=ORIENTED_EDGE('',*,*,#1815,.F.);
#2601=ORIENTED_EDGE('',*,*,#1734,.F.);
#2602=ORIENTED_EDGE('',*,*,#1815,.T.);
#2603=ORIENTED_EDGE('',*,*,#1760,.F.);
#2604=ORIENTED_EDGE('',*,*,#1816,.F.);
#2605=ORIENTED_EDGE('',*,*,#1730,.T.);
#2606=ORIENTED_EDGE('',*,*,#1735,.F.);
#2607=ORIENTED_EDGE('',*,*,#1727,.F.);
#2608=ORIENTED_EDGE('',*,*,#1816,.T.);
#2609=ORIENTED_EDGE('',*,*,#1759,.F.);
#2610=ORIENTED_EDGE('',*,*,#1817,.F.);
#2611=ORIENTED_EDGE('',*,*,#1510,.F.);
#2612=ORIENTED_EDGE('',*,*,#1511,.T.);
#2613=ORIENTED_EDGE('',*,*,#1817,.T.);
#2614=ORIENTED_EDGE('',*,*,#1758,.F.);
#2615=ORIENTED_EDGE('',*,*,#1818,.F.);
#2616=ORIENTED_EDGE('',*,*,#1512,.F.);
#2617=ORIENTED_EDGE('',*,*,#1818,.T.);
#2618=ORIENTED_EDGE('',*,*,#1757,.F.);
#2619=ORIENTED_EDGE('',*,*,#1819,.F.);
#2620=ORIENTED_EDGE('',*,*,#1720,.F.);
#2621=ORIENTED_EDGE('',*,*,#1819,.T.);
#2622=ORIENTED_EDGE('',*,*,#1756,.F.);
#2623=ORIENTED_EDGE('',*,*,#1717,.F.);
#2624=ORIENTED_EDGE('',*,*,#1565,.F.);
#2625=ORIENTED_EDGE('',*,*,#1721,.F.);
#2626=ORIENTED_EDGE('',*,*,#1518,.T.);
#2627=ORIENTED_EDGE('',*,*,#1820,.T.);
#2628=ORIENTED_EDGE('',*,*,#1821,.F.);
#2629=ORIENTED_EDGE('',*,*,#1822,.F.);
#2630=ORIENTED_EDGE('',*,*,#1532,.F.);
#2631=ORIENTED_EDGE('',*,*,#1559,.T.);
#2632=ORIENTED_EDGE('',*,*,#1823,.T.);
#2633=ORIENTED_EDGE('',*,*,#1824,.F.);
#2634=ORIENTED_EDGE('',*,*,#1820,.F.);
#2635=ORIENTED_EDGE('',*,*,#1517,.T.);
#2636=ORIENTED_EDGE('',*,*,#1726,.T.);
#2637=ORIENTED_EDGE('',*,*,#1558,.T.);
#2638=ORIENTED_EDGE('',*,*,#1825,.T.);
#2639=ORIENTED_EDGE('',*,*,#1826,.F.);
#2640=ORIENTED_EDGE('',*,*,#1823,.F.);
#2641=ORIENTED_EDGE('',*,*,#1557,.T.);
#2642=ORIENTED_EDGE('',*,*,#1827,.T.);
#2643=ORIENTED_EDGE('',*,*,#1828,.F.);
#2644=ORIENTED_EDGE('',*,*,#1825,.F.);
#2645=ORIENTED_EDGE('',*,*,#1556,.T.);
#2646=ORIENTED_EDGE('',*,*,#1568,.T.);
#2647=ORIENTED_EDGE('',*,*,#1829,.F.);
#2648=ORIENTED_EDGE('',*,*,#1830,.F.);
#2649=ORIENTED_EDGE('',*,*,#1827,.F.);
#2650=ORIENTED_EDGE('',*,*,#1821,.T.);
#2651=ORIENTED_EDGE('',*,*,#1824,.T.);
#2652=ORIENTED_EDGE('',*,*,#1831,.F.);
#2653=ORIENTED_EDGE('',*,*,#1832,.F.);
#2654=ORIENTED_EDGE('',*,*,#1833,.F.);
#2655=ORIENTED_EDGE('',*,*,#1826,.T.);
#2656=ORIENTED_EDGE('',*,*,#1834,.F.);
#2657=ORIENTED_EDGE('',*,*,#1835,.F.);
#2658=ORIENTED_EDGE('',*,*,#1831,.T.);
#2659=ORIENTED_EDGE('',*,*,#1828,.T.);
#2660=ORIENTED_EDGE('',*,*,#1836,.T.);
#2661=ORIENTED_EDGE('',*,*,#1837,.F.);
#2662=ORIENTED_EDGE('',*,*,#1834,.T.);
#2663=ORIENTED_EDGE('',*,*,#1830,.T.);
#2664=ORIENTED_EDGE('',*,*,#1838,.T.);
#2665=ORIENTED_EDGE('',*,*,#1839,.F.);
#2666=ORIENTED_EDGE('',*,*,#1836,.F.);
#2667=ORIENTED_EDGE('',*,*,#1822,.T.);
#2668=ORIENTED_EDGE('',*,*,#1833,.T.);
#2669=ORIENTED_EDGE('',*,*,#1840,.F.);
#2670=ORIENTED_EDGE('',*,*,#1841,.F.);
#2671=ORIENTED_EDGE('',*,*,#1535,.T.);
#2672=ORIENTED_EDGE('',*,*,#1537,.T.);
#2673=ORIENTED_EDGE('',*,*,#1533,.T.);
#2674=ORIENTED_EDGE('',*,*,#1841,.T.);
#2675=ORIENTED_EDGE('',*,*,#1842,.F.);
#2676=ORIENTED_EDGE('',*,*,#1843,.T.);
#2677=ORIENTED_EDGE('',*,*,#1585,.T.);
#2678=ORIENTED_EDGE('',*,*,#1591,.F.);
#2679=ORIENTED_EDGE('',*,*,#1844,.T.);
#2680=ORIENTED_EDGE('',*,*,#1538,.T.);
#2681=ORIENTED_EDGE('',*,*,#1843,.F.);
#2682=ORIENTED_EDGE('',*,*,#1586,.F.);
#2683=ORIENTED_EDGE('',*,*,#1573,.T.);
#2684=ORIENTED_EDGE('',*,*,#1571,.T.);
#2685=ORIENTED_EDGE('',*,*,#1567,.T.);
#2686=ORIENTED_EDGE('',*,*,#1542,.T.);
#2687=ORIENTED_EDGE('',*,*,#1544,.T.);
#2688=ORIENTED_EDGE('',*,*,#1540,.T.);
#2689=ORIENTED_EDGE('',*,*,#1844,.F.);
#2690=ORIENTED_EDGE('',*,*,#1845,.F.);
#2691=ORIENTED_EDGE('',*,*,#1838,.F.);
#2692=ORIENTED_EDGE('',*,*,#1829,.T.);
#2693=ORIENTED_EDGE('',*,*,#1603,.T.);
#2694=ORIENTED_EDGE('',*,*,#1846,.T.);
#2695=ORIENTED_EDGE('',*,*,#1847,.T.);
#2696=ORIENTED_EDGE('',*,*,#1848,.F.);
#2697=ORIENTED_EDGE('',*,*,#1674,.T.);
#2698=ORIENTED_EDGE('',*,*,#1699,.F.);
#2699=ORIENTED_EDGE('',*,*,#1849,.T.);
#2700=ORIENTED_EDGE('',*,*,#1846,.F.);
#2701=ORIENTED_EDGE('',*,*,#1602,.T.);
#2702=ORIENTED_EDGE('',*,*,#1599,.T.);
#2703=ORIENTED_EDGE('',*,*,#1595,.T.);
#2704=ORIENTED_EDGE('',*,*,#1696,.T.);
#2705=ORIENTED_EDGE('',*,*,#1850,.F.);
#2706=ORIENTED_EDGE('',*,*,#1851,.T.);
#2707=ORIENTED_EDGE('',*,*,#1701,.T.);
#2708=ORIENTED_EDGE('',*,*,#1604,.T.);
#2709=ORIENTED_EDGE('',*,*,#1848,.T.);
#2710=ORIENTED_EDGE('',*,*,#1852,.T.);
#2711=ORIENTED_EDGE('',*,*,#1850,.T.);
#2712=ORIENTED_EDGE('',*,*,#1613,.T.);
#2713=ORIENTED_EDGE('',*,*,#1610,.T.);
#2714=ORIENTED_EDGE('',*,*,#1607,.T.);
#2715=ORIENTED_EDGE('',*,*,#1845,.T.);
#2716=ORIENTED_EDGE('',*,*,#1590,.T.);
#2717=ORIENTED_EDGE('',*,*,#1702,.F.);
#2718=ORIENTED_EDGE('',*,*,#1853,.F.);
#2719=ORIENTED_EDGE('',*,*,#1842,.T.);
#2720=ORIENTED_EDGE('',*,*,#1854,.T.);
#2721=ORIENTED_EDGE('',*,*,#1700,.F.);
#2722=ORIENTED_EDGE('',*,*,#1587,.F.);
#2723=ORIENTED_EDGE('',*,*,#1840,.T.);
#2724=ORIENTED_EDGE('',*,*,#1855,.T.);
#2725=ORIENTED_EDGE('',*,*,#1698,.F.);
#2726=ORIENTED_EDGE('',*,*,#1854,.F.);
#2727=ORIENTED_EDGE('',*,*,#1839,.T.);
#2728=ORIENTED_EDGE('',*,*,#1853,.T.);
#2729=ORIENTED_EDGE('',*,*,#1851,.F.);
#2730=ORIENTED_EDGE('',*,*,#1856,.F.);
#2731=ORIENTED_EDGE('',*,*,#1837,.T.);
#2732=ORIENTED_EDGE('',*,*,#1856,.T.);
#2733=ORIENTED_EDGE('',*,*,#1852,.F.);
#2734=ORIENTED_EDGE('',*,*,#1857,.F.);
#2735=ORIENTED_EDGE('',*,*,#1835,.T.);
#2736=ORIENTED_EDGE('',*,*,#1857,.T.);
#2737=ORIENTED_EDGE('',*,*,#1847,.F.);
#2738=ORIENTED_EDGE('',*,*,#1858,.F.);
#2739=ORIENTED_EDGE('',*,*,#1832,.T.);
#2740=ORIENTED_EDGE('',*,*,#1858,.T.);
#2741=ORIENTED_EDGE('',*,*,#1849,.F.);
#2742=ORIENTED_EDGE('',*,*,#1855,.F.);
#2743=PLANE('',#2999);
#2744=PLANE('',#3000);
#2745=PLANE('',#3001);
#2746=PLANE('',#3002);
#2747=PLANE('',#3003);
#2748=PLANE('',#3004);
#2749=PLANE('',#3005);
#2750=PLANE('',#3006);
#2751=PLANE('',#3007);
#2752=PLANE('',#3008);
#2753=PLANE('',#3009);
#2754=PLANE('',#3010);
#2755=PLANE('',#3011);
#2756=PLANE('',#3012);
#2757=PLANE('',#3013);
#2758=PLANE('',#3014);
#2759=PLANE('',#3015);
#2760=PLANE('',#3016);
#2761=PLANE('',#3017);
#2762=PLANE('',#3018);
#2763=PLANE('',#3019);
#2764=PLANE('',#3020);
#2765=PLANE('',#3021);
#2766=PLANE('',#3022);
#2767=PLANE('',#3023);
#2768=PLANE('',#3024);
#2769=PLANE('',#3025);
#2770=PLANE('',#3026);
#2771=PLANE('',#3027);
#2772=PLANE('',#3030);
#2773=PLANE('',#3031);
#2774=PLANE('',#3035);
#2775=PLANE('',#3039);
#2776=PLANE('',#3040);
#2777=PLANE('',#3041);
#2778=PLANE('',#3042);
#2779=PLANE('',#3043);
#2780=PLANE('',#3044);
#2781=PLANE('',#3045);
#2782=PLANE('',#3046);
#2783=PLANE('',#3047);
#2784=PLANE('',#3048);
#2785=PLANE('',#3049);
#2786=PLANE('',#3050);
#2787=PLANE('',#3051);
#2788=PLANE('',#3052);
#2789=PLANE('',#3053);
#2790=PLANE('',#3054);
#2791=PLANE('',#3055);
#2792=PLANE('',#3056);
#2793=PLANE('',#3057);
#2794=PLANE('',#3058);
#2795=PLANE('',#3059);
#2796=PLANE('',#3060);
#2797=PLANE('',#3061);
#2798=PLANE('',#3062);
#2799=PLANE('',#3063);
#2800=PLANE('',#3064);
#2801=PLANE('',#3065);
#2802=PLANE('',#3066);
#2803=PLANE('',#3067);
#2804=PLANE('',#3068);
#2805=PLANE('',#3069);
#2806=PLANE('',#3070);
#2807=PLANE('',#3071);
#2808=PLANE('',#3072);
#2809=PLANE('',#3073);
#2810=PLANE('',#3074);
#2811=PLANE('',#3075);
#2812=PLANE('',#3076);
#2813=PLANE('',#3077);
#2814=PLANE('',#3078);
#2815=PLANE('',#3079);
#2816=PLANE('',#3080);
#2817=PLANE('',#3081);
#2818=PLANE('',#3082);
#2819=PLANE('',#3083);
#2820=PLANE('',#3084);
#2821=PLANE('',#3085);
#2822=PLANE('',#3086);
#2823=PLANE('',#3087);
#2824=PLANE('',#3088);
#2825=PLANE('',#3089);
#2826=PLANE('',#3090);
#2827=PLANE('',#3091);
#2828=PLANE('',#3092);
#2829=PLANE('',#3093);
#2830=PLANE('',#3094);
#2831=PLANE('',#3095);
#2832=PLANE('',#3096);
#2833=PLANE('',#3097);
#2834=PLANE('',#3098);
#2835=PLANE('',#3099);
#2836=PLANE('',#3100);
#2837=PLANE('',#3101);
#2838=PLANE('',#3102);
#2839=PLANE('',#3103);
#2840=PLANE('',#3104);
#2841=PLANE('',#3105);
#2842=PLANE('',#3106);
#2843=ADVANCED_FACE('',(#215),#2743,.T.);
#2844=ADVANCED_FACE('',(#216),#2744,.T.);
#2845=ADVANCED_FACE('',(#217),#2745,.T.);
#2846=ADVANCED_FACE('',(#218),#2746,.T.);
#2847=ADVANCED_FACE('',(#219),#2747,.T.);
#2848=ADVANCED_FACE('',(#220),#2748,.T.);
#2849=ADVANCED_FACE('',(#221),#2749,.T.);
#2850=ADVANCED_FACE('',(#222),#2750,.T.);
#2851=ADVANCED_FACE('',(#223),#2751,.T.);
#2852=ADVANCED_FACE('',(#224),#2752,.T.);
#2853=ADVANCED_FACE('',(#225),#2753,.T.);
#2854=ADVANCED_FACE('',(#226),#2754,.T.);
#2855=ADVANCED_FACE('',(#227),#2755,.T.);
#2856=ADVANCED_FACE('',(#228),#2756,.F.);
#2857=ADVANCED_FACE('',(#229),#2757,.T.);
#2858=ADVANCED_FACE('',(#230),#2758,.T.);
#2859=ADVANCED_FACE('',(#231),#2759,.T.);
#2860=ADVANCED_FACE('',(#232),#2760,.T.);
#2861=ADVANCED_FACE('',(#233),#2761,.T.);
#2862=ADVANCED_FACE('',(#234),#2762,.T.);
#2863=ADVANCED_FACE('',(#235),#2763,.T.);
#2864=ADVANCED_FACE('',(#236),#2764,.T.);
#2865=ADVANCED_FACE('',(#237),#2765,.T.);
#2866=ADVANCED_FACE('',(#238),#2766,.T.);
#2867=ADVANCED_FACE('',(#239,#75,#76),#2767,.F.);
#2868=ADVANCED_FACE('',(#240),#2768,.F.);
#2869=ADVANCED_FACE('',(#241),#40,.F.);
#2870=ADVANCED_FACE('',(#242),#41,.F.);
#2871=ADVANCED_FACE('',(#243),#42,.T.);
#2872=ADVANCED_FACE('',(#244),#2769,.T.);
#2873=ADVANCED_FACE('',(#245),#43,.T.);
#2874=ADVANCED_FACE('',(#246),#44,.T.);
#2875=ADVANCED_FACE('',(#247),#2770,.T.);
#2876=ADVANCED_FACE('',(#248),#2771,.F.);
#2877=ADVANCED_FACE('',(#249),#2772,.F.);
#2878=ADVANCED_FACE('',(#250),#45,.F.);
#2879=ADVANCED_FACE('',(#251),#46,.F.);
#2880=ADVANCED_FACE('',(#252),#2773,.F.);
#2881=ADVANCED_FACE('',(#253),#32,.F.);
#2882=ADVANCED_FACE('',(#254),#2774,.F.);
#2883=ADVANCED_FACE('',(#255),#33,.F.);
#2884=ADVANCED_FACE('',(#256),#2775,.T.);
#2885=ADVANCED_FACE('',(#257),#2776,.T.);
#2886=ADVANCED_FACE('',(#258),#15,.F.);
#2887=ADVANCED_FACE('',(#259),#47,.T.);
#2888=ADVANCED_FACE('',(#260),#48,.T.);
#2889=ADVANCED_FACE('',(#261),#2777,.T.);
#2890=ADVANCED_FACE('',(#262),#49,.T.);
#2891=ADVANCED_FACE('',(#263),#50,.T.);
#2892=ADVANCED_FACE('',(#264),#51,.T.);
#2893=ADVANCED_FACE('',(#265),#2778,.T.);
#2894=ADVANCED_FACE('',(#266),#52,.T.);
#2895=ADVANCED_FACE('',(#267),#53,.T.);
#2896=ADVANCED_FACE('',(#268),#2779,.T.);
#2897=ADVANCED_FACE('',(#269),#54,.T.);
#2898=ADVANCED_FACE('',(#270),#55,.T.);
#2899=ADVANCED_FACE('',(#271),#56,.T.);
#2900=ADVANCED_FACE('',(#272),#57,.T.);
#2901=ADVANCED_FACE('',(#273),#2780,.T.);
#2902=ADVANCED_FACE('',(#274),#58,.T.);
#2903=ADVANCED_FACE('',(#275),#59,.T.);
#2904=ADVANCED_FACE('',(#276),#60,.T.);
#2905=ADVANCED_FACE('',(#277),#2781,.T.);
#2906=ADVANCED_FACE('',(#278),#2782,.T.);
#2907=ADVANCED_FACE('',(#279),#61,.T.);
#2908=ADVANCED_FACE('',(#280),#2783,.T.);
#2909=ADVANCED_FACE('',(#281),#62,.T.);
#2910=ADVANCED_FACE('',(#282),#63,.T.);
#2911=ADVANCED_FACE('',(#283),#64,.T.);
#2912=ADVANCED_FACE('',(#284),#2784,.T.);
#2913=ADVANCED_FACE('',(#285,#77),#2785,.T.);
#2914=ADVANCED_FACE('',(#286),#16,.F.);
#2915=ADVANCED_FACE('',(#287),#65,.F.);
#2916=ADVANCED_FACE('',(#288),#66,.F.);
#2917=ADVANCED_FACE('',(#289),#2786,.T.);
#2918=ADVANCED_FACE('',(#290),#2787,.T.);
#2919=ADVANCED_FACE('',(#291),#2788,.T.);
#2920=ADVANCED_FACE('',(#292),#2789,.T.);
#2921=ADVANCED_FACE('',(#293),#2790,.T.);
#2922=ADVANCED_FACE('',(#294),#2791,.F.);
#2923=ADVANCED_FACE('',(#295),#2792,.T.);
#2924=ADVANCED_FACE('',(#296),#2793,.T.);
#2925=ADVANCED_FACE('',(#297),#17,.T.);
#2926=ADVANCED_FACE('',(#298),#2794,.T.);
#2927=ADVANCED_FACE('',(#299),#2795,.T.);
#2928=ADVANCED_FACE('',(#300),#2796,.T.);
#2929=ADVANCED_FACE('',(#301),#2797,.T.);
#2930=ADVANCED_FACE('',(#302),#18,.T.);
#2931=ADVANCED_FACE('',(#303),#2798,.T.);
#2932=ADVANCED_FACE('',(#304),#2799,.F.);
#2933=ADVANCED_FACE('',(#305),#2800,.T.);
#2934=ADVANCED_FACE('',(#306),#2801,.T.);
#2935=ADVANCED_FACE('',(#307),#2802,.T.);
#2936=ADVANCED_FACE('',(#308),#2803,.T.);
#2937=ADVANCED_FACE('',(#309),#2804,.T.);
#2938=ADVANCED_FACE('',(#310),#2805,.T.);
#2939=ADVANCED_FACE('',(#311,#78,#79),#2806,.T.);
#2940=ADVANCED_FACE('',(#312),#2807,.T.);
#2941=ADVANCED_FACE('',(#313),#2808,.T.);
#2942=ADVANCED_FACE('',(#314),#2809,.T.);
#2943=ADVANCED_FACE('',(#315),#2810,.T.);
#2944=ADVANCED_FACE('',(#316),#2811,.T.);
#2945=ADVANCED_FACE('',(#317),#2812,.T.);
#2946=ADVANCED_FACE('',(#318),#2813,.T.);
#2947=ADVANCED_FACE('',(#319),#2814,.T.);
#2948=ADVANCED_FACE('',(#320),#2815,.T.);
#2949=ADVANCED_FACE('',(#321),#2816,.T.);
#2950=ADVANCED_FACE('',(#322),#2817,.T.);
#2951=ADVANCED_FACE('',(#323),#2818,.T.);
#2952=ADVANCED_FACE('',(#324),#2819,.T.);
#2953=ADVANCED_FACE('',(#325),#2820,.T.);
#2954=ADVANCED_FACE('',(#326),#2821,.T.);
#2955=ADVANCED_FACE('',(#327),#2822,.T.);
#2956=ADVANCED_FACE('',(#328),#2823,.T.);
#2957=ADVANCED_FACE('',(#329),#2824,.T.);
#2958=ADVANCED_FACE('',(#330),#2825,.T.);
#2959=ADVANCED_FACE('',(#331),#2826,.T.);
#2960=ADVANCED_FACE('',(#332),#2827,.T.);
#2961=ADVANCED_FACE('',(#333),#2828,.T.);
#2962=ADVANCED_FACE('',(#334),#2829,.T.);
#2963=ADVANCED_FACE('',(#335),#2830,.T.);
#2964=ADVANCED_FACE('',(#336),#2831,.T.);
#2965=ADVANCED_FACE('',(#337),#2832,.T.);
#2966=ADVANCED_FACE('',(#338),#2833,.T.);
#2967=ADVANCED_FACE('',(#339),#19,.T.);
#2968=ADVANCED_FACE('',(#340),#2834,.T.);
#2969=ADVANCED_FACE('',(#341),#20,.T.);
#2970=ADVANCED_FACE('',(#342),#2835,.T.);
#2971=ADVANCED_FACE('',(#343),#21,.T.);
#2972=ADVANCED_FACE('',(#344),#2836,.T.);
#2973=ADVANCED_FACE('',(#345),#2837,.F.);
#2974=ADVANCED_FACE('',(#346),#67,.F.);
#2975=ADVANCED_FACE('',(#347),#2838,.F.);
#2976=ADVANCED_FACE('',(#348),#68,.F.);
#2977=ADVANCED_FACE('',(#349),#2839,.F.);
#2978=ADVANCED_FACE('',(#350),#69,.F.);
#2979=ADVANCED_FACE('',(#351),#22,.F.);
#2980=ADVANCED_FACE('',(#352),#70,.F.);
#2981=ADVANCED_FACE('',(#353),#23,.F.);
#2982=ADVANCED_FACE('',(#354),#24,.F.);
#2983=ADVANCED_FACE('',(#355),#71,.F.);
#2984=ADVANCED_FACE('',(#356),#25,.F.);
#2985=ADVANCED_FACE('',(#357),#72,.F.);
#2986=ADVANCED_FACE('',(#358),#26,.F.);
#2987=ADVANCED_FACE('',(#359),#73,.F.);
#2988=ADVANCED_FACE('',(#360),#27,.F.);
#2989=ADVANCED_FACE('',(#361),#74,.F.);
#2990=ADVANCED_FACE('',(#362),#28,.T.);
#2991=ADVANCED_FACE('',(#363),#29,.T.);
#2992=ADVANCED_FACE('',(#364),#2840,.T.);
#2993=ADVANCED_FACE('',(#365),#2841,.T.);
#2994=ADVANCED_FACE('',(#366),#30,.T.);
#2995=ADVANCED_FACE('',(#367),#2842,.T.);
#2996=ADVANCED_FACE('',(#368),#31,.T.);
#2997=CLOSED_SHELL('',(#2843,#2844,#2845,#2846,#2847,#2848,#2849,#2850,
#2851,#2852,#2853,#2854,#2855,#2856,#2857,#2858,#2859,#2860,#2861,#2862,
#2863,#2864,#2865,#2866,#2867,#2868,#2869,#2870,#2871,#2872,#2873,#2874,
#2875,#2876,#2877,#2878,#2879,#2880,#2881,#2882,#2883,#2884,#2885,#2886,
#2887,#2888,#2889,#2890,#2891,#2892,#2893,#2894,#2895,#2896,#2897,#2898,
#2899,#2900,#2901,#2902,#2903,#2904,#2905,#2906,#2907,#2908,#2909,#2910,
#2911,#2912,#2913,#2914,#2915,#2916,#2917,#2918,#2919,#2920,#2921,#2922,
#2923,#2924,#2925,#2926,#2927,#2928,#2929,#2930,#2931,#2932,#2933,#2934,
#2935,#2936,#2937,#2938,#2939,#2940,#2941,#2942,#2943,#2944,#2945,#2946,
#2947,#2948,#2949,#2950,#2951,#2952,#2953,#2954,#2955,#2956,#2957,#2958,
#2959,#2960,#2961,#2962,#2963,#2964,#2965,#2966,#2967,#2968,#2969,#2970,
#2971,#2972,#2973,#2974,#2975,#2976,#2977,#2978,#2979,#2980,#2981,#2982,
#2983,#2984,#2985,#2986,#2987,#2988,#2989,#2990,#2991,#2992,#2993,#2994,
#2995,#2996));
#2998=AXIS2_PLACEMENT_3D('',#3626,#3107,#3108);
#2999=AXIS2_PLACEMENT_3D('',#3627,#3109,#3110);
#3000=AXIS2_PLACEMENT_3D('',#3636,#3115,#3116);
#3001=AXIS2_PLACEMENT_3D('',#3645,#3121,#3122);
#3002=AXIS2_PLACEMENT_3D('',#3648,#3125,#3126);
#3003=AXIS2_PLACEMENT_3D('',#3650,#3128,#3129);
#3004=AXIS2_PLACEMENT_3D('',#3712,#3147,#3148);
#3005=AXIS2_PLACEMENT_3D('',#3718,#3152,#3153);
#3006=AXIS2_PLACEMENT_3D('',#3722,#3156,#3157);
#3007=AXIS2_PLACEMENT_3D('',#3734,#3161,#3162);
#3008=AXIS2_PLACEMENT_3D('',#3738,#3165,#3166);
#3009=AXIS2_PLACEMENT_3D('',#3742,#3169,#3170);
#3010=AXIS2_PLACEMENT_3D('',#3746,#3173,#3174);
#3011=AXIS2_PLACEMENT_3D('',#3750,#3177,#3178);
#3012=AXIS2_PLACEMENT_3D('',#3754,#3181,#3182);
#3013=AXIS2_PLACEMENT_3D('',#3792,#3186,#3187);
#3014=AXIS2_PLACEMENT_3D('',#3820,#3194,#3195);
#3015=AXIS2_PLACEMENT_3D('',#3834,#3198,#3199);
#3016=AXIS2_PLACEMENT_3D('',#3840,#3203,#3204);
#3017=AXIS2_PLACEMENT_3D('',#3863,#3211,#3212);
#3018=AXIS2_PLACEMENT_3D('',#3866,#3215,#3216);
#3019=AXIS2_PLACEMENT_3D('',#3869,#3219,#3220);
#3020=AXIS2_PLACEMENT_3D('',#3870,#3221,#3222);
#3021=AXIS2_PLACEMENT_3D('',#3884,#3224,#3225);
#3022=AXIS2_PLACEMENT_3D('',#3886,#3227,#3228);
#3023=AXIS2_PLACEMENT_3D('',#3887,#3229,#3230);
#3024=AXIS2_PLACEMENT_3D('',#4042,#3250,#3251);
#3025=AXIS2_PLACEMENT_3D('',#4232,#3258,#3259);
#3026=AXIS2_PLACEMENT_3D('',#4299,#3263,#3264);
#3027=AXIS2_PLACEMENT_3D('',#4310,#3268,#3269);
#3028=AXIS2_PLACEMENT_3D('',#4316,#3272,#3273);
#3029=AXIS2_PLACEMENT_3D('',#4319,#3275,#3276);
#3030=AXIS2_PLACEMENT_3D('',#4320,#3277,#3278);
#3031=AXIS2_PLACEMENT_3D('',#4549,#3288,#3289);
#3032=AXIS2_PLACEMENT_3D('',#4558,#3292,#3293);
#3033=AXIS2_PLACEMENT_3D('',#4574,#3294,#3295);
#3034=AXIS2_PLACEMENT_3D('',#4594,#3297,#3298);
#3035=AXIS2_PLACEMENT_3D('',#4595,#3299,#3300);
#3036=AXIS2_PLACEMENT_3D('',#4604,#3303,#3304);
#3037=AXIS2_PLACEMENT_3D('',#4607,#3306,#3307);
#3038=AXIS2_PLACEMENT_3D('',#4623,#3308,#3309);
#3039=AXIS2_PLACEMENT_3D('',#4637,#3310,#3311);
#3040=AXIS2_PLACEMENT_3D('',#4643,#3315,#3316);
#3041=AXIS2_PLACEMENT_3D('',#4830,#3323,#3324);
#3042=AXIS2_PLACEMENT_3D('',#4980,#3330,#3331);
#3043=AXIS2_PLACEMENT_3D('',#5105,#3348,#3349);
#3044=AXIS2_PLACEMENT_3D('',#5329,#3358,#3359);
#3045=AXIS2_PLACEMENT_3D('',#5441,#3366,#3367);
#3046=AXIS2_PLACEMENT_3D('',#5444,#3370,#3371);
#3047=AXIS2_PLACEMENT_3D('',#5551,#3375,#3376);
#3048=AXIS2_PLACEMENT_3D('',#5657,#3382,#3383);
#3049=AXIS2_PLACEMENT_3D('',#5670,#3385,#3386);
#3050=AXIS2_PLACEMENT_3D('',#5987,#3388,#3389);
#3051=AXIS2_PLACEMENT_3D('',#5993,#3393,#3394);
#3052=AXIS2_PLACEMENT_3D('',#5997,#3397,#3398);
#3053=AXIS2_PLACEMENT_3D('',#6003,#3402,#3403);
#3054=AXIS2_PLACEMENT_3D('',#6007,#3406,#3407);
#3055=AXIS2_PLACEMENT_3D('',#6011,#3410,#3411);
#3056=AXIS2_PLACEMENT_3D('',#6012,#3412,#3413);
#3057=AXIS2_PLACEMENT_3D('',#6016,#3416,#3417);
#3058=AXIS2_PLACEMENT_3D('',#6199,#3423,#3424);
#3059=AXIS2_PLACEMENT_3D('',#6201,#3426,#3427);
#3060=AXIS2_PLACEMENT_3D('',#6203,#3429,#3430);
#3061=AXIS2_PLACEMENT_3D('',#6205,#3432,#3433);
#3062=AXIS2_PLACEMENT_3D('',#6411,#3436,#3437);
#3063=AXIS2_PLACEMENT_3D('',#6415,#3440,#3441);
#3064=AXIS2_PLACEMENT_3D('',#6455,#3444,#3445);
#3065=AXIS2_PLACEMENT_3D('',#6464,#3450,#3451);
#3066=AXIS2_PLACEMENT_3D('',#6473,#3456,#3457);
#3067=AXIS2_PLACEMENT_3D('',#6479,#3461,#3462);
#3068=AXIS2_PLACEMENT_3D('',#6485,#3466,#3467);
#3069=AXIS2_PLACEMENT_3D('',#6488,#3470,#3471);
#3070=AXIS2_PLACEMENT_3D('',#6494,#3475,#3476);
#3071=AXIS2_PLACEMENT_3D('',#6760,#3504,#3505);
#3072=AXIS2_PLACEMENT_3D('',#6762,#3507,#3508);
#3073=AXIS2_PLACEMENT_3D('',#6768,#3512,#3513);
#3074=AXIS2_PLACEMENT_3D('',#6770,#3515,#3516);
#3075=AXIS2_PLACEMENT_3D('',#6772,#3518,#3519);
#3076=AXIS2_PLACEMENT_3D('',#6773,#3520,#3521);
#3077=AXIS2_PLACEMENT_3D('',#6777,#3524,#3525);
#3078=AXIS2_PLACEMENT_3D('',#6781,#3528,#3529);
#3079=AXIS2_PLACEMENT_3D('',#6783,#3531,#3532);
#3080=AXIS2_PLACEMENT_3D('',#6784,#3533,#3534);
#3081=AXIS2_PLACEMENT_3D('',#6785,#3535,#3536);
#3082=AXIS2_PLACEMENT_3D('',#6787,#3538,#3539);
#3083=AXIS2_PLACEMENT_3D('',#6788,#3540,#3541);
#3084=AXIS2_PLACEMENT_3D('',#6789,#3542,#3543);
#3085=AXIS2_PLACEMENT_3D('',#6795,#3547,#3548);
#3086=AXIS2_PLACEMENT_3D('',#6801,#3552,#3553);
#3087=AXIS2_PLACEMENT_3D('',#6803,#3555,#3556);
#3088=AXIS2_PLACEMENT_3D('',#6805,#3558,#3559);
#3089=AXIS2_PLACEMENT_3D('',#6808,#3562,#3563);
#3090=AXIS2_PLACEMENT_3D('',#6810,#3565,#3566);
#3091=AXIS2_PLACEMENT_3D('',#6812,#3568,#3569);
#3092=AXIS2_PLACEMENT_3D('',#6813,#3570,#3571);
#3093=AXIS2_PLACEMENT_3D('',#6816,#3574,#3575);
#3094=AXIS2_PLACEMENT_3D('',#6818,#3577,#3578);
#3095=AXIS2_PLACEMENT_3D('',#6819,#3579,#3580);
#3096=AXIS2_PLACEMENT_3D('',#6821,#3582,#3583);
#3097=AXIS2_PLACEMENT_3D('',#6823,#3585,#3586);
#3098=AXIS2_PLACEMENT_3D('',#6896,#3589,#3590);
#3099=AXIS2_PLACEMENT_3D('',#7069,#3593,#3594);
#3100=AXIS2_PLACEMENT_3D('',#7262,#3597,#3598);
#3101=AXIS2_PLACEMENT_3D('',#7263,#3599,#3600);
#3102=AXIS2_PLACEMENT_3D('',#7345,#3603,#3604);
#3103=AXIS2_PLACEMENT_3D('',#7431,#3607,#3608);
#3104=AXIS2_PLACEMENT_3D('',#8744,#3616,#3617);
#3105=AXIS2_PLACEMENT_3D('',#8746,#3619,#3620);
#3106=AXIS2_PLACEMENT_3D('',#8801,#3623,#3624);
#3107=DIRECTION('axis',(0.,0.,1.));
#3108=DIRECTION('refdir',(1.,0.,0.));
#3109=DIRECTION('center_axis',(-1.,0.,0.));
#3110=DIRECTION('ref_axis',(0.,0.,1.));
#3111=DIRECTION('',(0.,0.,-1.));
#3112=DIRECTION('',(0.,1.,0.));
#3113=DIRECTION('',(0.,0.,1.));
#3114=DIRECTION('',(0.,1.,0.));
#3115=DIRECTION('center_axis',(1.,0.,0.));
#3116=DIRECTION('ref_axis',(0.,0.,-1.));
#3117=DIRECTION('',(0.,0.,1.));
#3118=DIRECTION('',(0.,1.,0.));
#3119=DIRECTION('',(0.,0.,-1.));
#3120=DIRECTION('',(0.,1.,0.));
#3121=DIRECTION('center_axis',(0.,0.,-1.));
#3122=DIRECTION('ref_axis',(-1.,0.,0.));
#3123=DIRECTION('',(1.,0.,0.));
#3124=DIRECTION('',(-1.,0.,0.));
#3125=DIRECTION('center_axis',(0.,1.,0.));
#3126=DIRECTION('ref_axis',(0.,0.,1.));
#3127=DIRECTION('',(1.,0.,0.));
#3128=DIRECTION('center_axis',(0.,1.,0.));
#3129=DIRECTION('ref_axis',(1.,0.,0.));
#3130=DIRECTION('',(1.,0.,0.));
#3131=DIRECTION('',(0.,0.,-1.));
#3132=DIRECTION('',(1.,0.,0.));
#3133=DIRECTION('',(0.,0.,-1.));
#3134=DIRECTION('',(-1.,0.,0.));
#3135=DIRECTION('',(0.,0.,-1.));
#3136=DIRECTION('',(1.,0.,0.));
#3137=DIRECTION('',(0.999985999937989,0.,0.0052914958207067));
#3138=DIRECTION('',(1.85949076695926E-11,0.,-1.));
#3139=DIRECTION('',(1.,0.,-7.62714121109485E-15));
#3140=DIRECTION('',(1.,0.,0.));
#3141=DIRECTION('',(0.,0.,1.));
#3142=DIRECTION('',(-1.,0.,0.));
#3143=DIRECTION('',(0.,0.,1.));
#3144=DIRECTION('',(1.,0.,0.));
#3145=DIRECTION('',(0.,0.,1.));
#3146=DIRECTION('',(1.,0.,0.));
#3147=DIRECTION('center_axis',(0.,0.,-1.));
#3148=DIRECTION('ref_axis',(-1.,0.,0.));
#3149=DIRECTION('',(0.,1.,0.));
#3150=DIRECTION('',(-1.,0.,0.));
#3151=DIRECTION('',(0.,1.,0.));
#3152=DIRECTION('center_axis',(-1.,0.,0.));
#3153=DIRECTION('ref_axis',(0.,0.,1.));
#3154=DIRECTION('',(0.,1.,0.));
#3155=DIRECTION('',(0.,0.,1.));
#3156=DIRECTION('center_axis',(0.00201864122043929,0.,0.999997962541736));
#3157=DIRECTION('ref_axis',(0.999997962541736,0.,-0.00201864122043929));
#3158=DIRECTION('',(0.,1.,0.));
#3159=DIRECTION('',(-0.999997962541736,0.,0.00201864122043929));
#3160=DIRECTION('',(0.999997962541736,0.,-0.00201864122043929));
#3161=DIRECTION('center_axis',(-1.,0.,0.));
#3162=DIRECTION('ref_axis',(0.,0.,1.));
#3163=DIRECTION('',(0.,0.,1.));
#3164=DIRECTION('',(0.,1.,0.));
#3165=DIRECTION('center_axis',(0.,0.,1.));
#3166=DIRECTION('ref_axis',(1.,0.,0.));
#3167=DIRECTION('',(1.,0.,0.));
#3168=DIRECTION('',(0.,1.,0.));
#3169=DIRECTION('center_axis',(-1.,0.,0.));
#3170=DIRECTION('ref_axis',(0.,0.,1.));
#3171=DIRECTION('',(0.,0.,1.));
#3172=DIRECTION('',(0.,1.,0.));
#3173=DIRECTION('center_axis',(0.,0.,-1.));
#3174=DIRECTION('ref_axis',(-1.,0.,0.));
#3175=DIRECTION('',(-1.,0.,0.));
#3176=DIRECTION('',(0.,1.,0.));
#3177=DIRECTION('center_axis',(0.0052914958207067,0.,-0.999985999937989));
#3178=DIRECTION('ref_axis',(-0.999985999937989,0.,-0.0052914958207067));
#3179=DIRECTION('',(-0.999985999937989,0.,-0.0052914958207067));
#3180=DIRECTION('',(0.,1.,0.));
#3181=DIRECTION('center_axis',(0.,1.,0.));
#3182=DIRECTION('ref_axis',(1.,0.,0.));
#3183=DIRECTION('',(-1.,0.,0.));
#3184=DIRECTION('',(-1.,0.,-1.95329226137761E-14));
#3185=DIRECTION('',(0.999997962541736,0.,-0.00201864122043929));
#3186=DIRECTION('center_axis',(0.,0.,1.));
#3187=DIRECTION('ref_axis',(1.,0.,0.));
#3188=DIRECTION('',(0.,1.,0.));
#3189=DIRECTION('',(1.,0.,0.));
#3190=DIRECTION('',(1.,0.,0.));
#3191=DIRECTION('',(0.,1.,0.));
#3192=DIRECTION('',(0.,1.,0.));
#3193=DIRECTION('',(1.,0.,0.));
#3194=DIRECTION('center_axis',(-1.,0.,-5.81839986574528E-15));
#3195=DIRECTION('ref_axis',(-5.81839986574528E-15,0.,1.));
#3196=DIRECTION('',(-5.81839986574528E-15,0.,1.));
#3197=DIRECTION('',(5.81839986574528E-15,0.,-1.));
#3198=DIRECTION('center_axis',(1.,0.,4.58316768904052E-15));
#3199=DIRECTION('ref_axis',(4.58316768904052E-15,0.,-1.));
#3200=DIRECTION('',(4.58316768904052E-15,0.,-1.));
#3201=DIRECTION('',(0.,1.,0.));
#3202=DIRECTION('',(-4.58316768904052E-15,0.,1.));
#3203=DIRECTION('center_axis',(0.,1.,0.));
#3204=DIRECTION('ref_axis',(1.,0.,0.));
#3205=DIRECTION('',(0.,0.,-1.));
#3206=DIRECTION('',(-1.,0.,0.));
#3207=DIRECTION('',(0.,0.,-1.));
#3208=DIRECTION('',(1.,0.,0.));
#3209=DIRECTION('',(0.,0.,-1.));
#3210=DIRECTION('',(-1.,0.,0.));
#3211=DIRECTION('center_axis',(1.,0.,0.));
#3212=DIRECTION('ref_axis',(0.,0.,-1.));
#3213=DIRECTION('',(0.,1.,0.));
#3214=DIRECTION('',(0.,1.,0.));
#3215=DIRECTION('center_axis',(0.,0.,-1.));
#3216=DIRECTION('ref_axis',(-1.,0.,0.));
#3217=DIRECTION('',(0.,1.,0.));
#3218=DIRECTION('',(0.,1.,0.));
#3219=DIRECTION('center_axis',(1.,0.,0.));
#3220=DIRECTION('ref_axis',(0.,0.,-1.));
#3221=DIRECTION('center_axis',(0.,0.,-1.));
#3222=DIRECTION('ref_axis',(-1.,0.,0.));
#3223=DIRECTION('',(-1.,0.,0.));
#3224=DIRECTION('center_axis',(0.,0.,1.));
#3225=DIRECTION('ref_axis',(1.,0.,0.));
#3226=DIRECTION('',(0.,1.,0.));
#3227=DIRECTION('center_axis',(1.,0.,0.));
#3228=DIRECTION('ref_axis',(0.,0.,-1.));
#3229=DIRECTION('center_axis',(0.,1.,0.));
#3230=DIRECTION('ref_axis',(1.,0.,0.));
#3231=DIRECTION('',(-1.22409523377311E-5,0.,-0.999999999925079));
#3232=DIRECTION('',(-0.999999999923607,0.,1.23606383363551E-5));
#3233=DIRECTION('',(-2.22043803436371E-15,0.,1.));
#3234=DIRECTION('',(1.,0.,0.));
#3235=DIRECTION('',(-2.1004327378474E-15,0.,1.));
#3236=DIRECTION('',(1.,0.,2.37033487204115E-15));
#3237=DIRECTION('',(-1.,0.,-3.78540184214853E-15));
#3238=DIRECTION('',(1.,0.,2.37033487204115E-15));
#3239=DIRECTION('',(1.66437725151469E-14,0.,1.));
#3240=DIRECTION('',(-1.,0.,1.52678506758504E-14));
#3241=DIRECTION('',(-1.11022302462516E-14,0.,1.));
#3242=DIRECTION('',(1.22706402693648E-5,0.,0.999999999924716));
#3243=DIRECTION('',(2.99043950528073E-15,0.,-1.));
#3244=DIRECTION('',(-1.,0.,-2.96059473233376E-15));
#3245=DIRECTION('',(-1.95294008508129E-15,0.,1.));
#3246=DIRECTION('',(1.,0.,2.22044604925032E-15));
#3247=DIRECTION('',(1.,0.,2.08983157576501E-15));
#3248=DIRECTION('',(1.90323947078599E-15,0.,-1.));
#3249=DIRECTION('',(-0.999999999923607,0.,1.23606383307258E-5));
#3250=DIRECTION('center_axis',(0.,1.,0.));
#3251=DIRECTION('ref_axis',(1.,0.,0.));
#3252=DIRECTION('',(-1.,0.,7.62714121109485E-15));
#3253=DIRECTION('',(0.,0.,1.));
#3254=DIRECTION('',(1.,0.,-1.60037325361099E-14));
#3255=DIRECTION('',(0.,-1.,0.));
#3256=DIRECTION('',(0.,-1.,0.));
#3257=DIRECTION('',(0.,1.,0.));
#3258=DIRECTION('center_axis',(1.95329226137761E-14,0.,-1.));
#3259=DIRECTION('ref_axis',(-1.,0.,-1.95329226137761E-14));
#3260=DIRECTION('',(0.,1.,0.));
#3261=DIRECTION('',(0.,1.,0.));
#3262=DIRECTION('',(0.,1.,0.));
#3263=DIRECTION('center_axis',(0.00201864122043929,0.,0.999997962541736));
#3264=DIRECTION('ref_axis',(0.999997962541736,0.,-0.00201864122043929));
#3265=DIRECTION('',(0.999997962541736,0.,-0.00201864122043929));
#3266=DIRECTION('',(0.,-1.,0.));
#3267=DIRECTION('',(0.999997962541736,0.,-0.00201864122043929));
#3268=DIRECTION('center_axis',(-7.62714121109485E-15,0.,-1.));
#3269=DIRECTION('ref_axis',(1.,-1.16267396510649E-16,-7.62714121109485E-15));
#3270=DIRECTION('',(0.,-1.,0.));
#3271=DIRECTION('',(-1.,0.,7.62714121109485E-15));
#3272=DIRECTION('center_axis',(-7.62714121109485E-15,0.,-1.));
#3273=DIRECTION('ref_axis',(0.,1.,0.));
#3274=DIRECTION('',(-1.,-9.60400540333179E-17,7.62714121109485E-15));
#3275=DIRECTION('center_axis',(-7.62714121109485E-15,0.,-1.));
#3276=DIRECTION('ref_axis',(0.,-1.,0.));
#3277=DIRECTION('center_axis',(0.,1.,0.));
#3278=DIRECTION('ref_axis',(1.,0.,0.));
#3279=DIRECTION('',(-1.22706402571888E-5,0.,-0.999999999924716));
#3280=DIRECTION('',(1.,0.,3.13921970578473E-16));
#3281=DIRECTION('',(1.11022302462516E-14,0.,-1.));
#3282=DIRECTION('',(1.,0.,-1.52678506758504E-14));
#3283=DIRECTION('',(-1.66437725151469E-14,0.,-1.));
#3284=DIRECTION('',(-1.,0.,-2.37033487204115E-15));
#3285=DIRECTION('',(1.,0.,2.52006447188276E-12));
#3286=DIRECTION('',(1.85949076695926E-11,0.,-1.));
#3287=DIRECTION('',(0.,-1.,0.));
#3288=DIRECTION('center_axis',(9.60400540333179E-17,-1.,0.));
#3289=DIRECTION('ref_axis',(1.,9.60400540333179E-17,0.));
#3290=DIRECTION('',(0.,0.,1.));
#3291=DIRECTION('',(0.,0.,1.));
#3292=DIRECTION('center_axis',(0.,0.,1.));
#3293=DIRECTION('ref_axis',(0.,-1.,0.));
#3294=DIRECTION('center_axis',(0.,0.,1.));
#3295=DIRECTION('ref_axis',(0.,-1.,0.));
#3296=DIRECTION('',(0.,0.,1.));
#3297=DIRECTION('center_axis',(-1.60037325361099E-14,0.,-1.));
#3298=DIRECTION('ref_axis',(0.,-1.,0.));
#3299=DIRECTION('center_axis',(-1.92080108066636E-16,1.,0.));
#3300=DIRECTION('ref_axis',(-1.,-1.92080108066636E-16,0.));
#3301=DIRECTION('',(1.,1.92080108066636E-16,-1.60037325361099E-14));
#3302=DIRECTION('',(0.,0.,1.));
#3303=DIRECTION('center_axis',(0.,0.,1.));
#3304=DIRECTION('ref_axis',(0.,1.,0.));
#3305=DIRECTION('',(0.,0.,-1.));
#3306=DIRECTION('center_axis',(-1.60037325361099E-14,0.,-1.));
#3307=DIRECTION('ref_axis',(0.,1.,0.));
#3308=DIRECTION('center_axis',(0.,0.,1.));
#3309=DIRECTION('ref_axis',(0.,1.,0.));
#3310=DIRECTION('center_axis',(0.,0.,-1.));
#3311=DIRECTION('ref_axis',(-1.,0.,0.));
#3312=DIRECTION('',(-1.,0.,-1.85881963840752E-16));
#3313=DIRECTION('',(0.,1.,0.));
#3314=DIRECTION('',(-1.,0.,-1.85881963840752E-16));
#3315=DIRECTION('center_axis',(0.,0.,-1.));
#3316=DIRECTION('ref_axis',(-1.,0.,0.));
#3317=DIRECTION('',(-1.,0.,-1.85881963840752E-16));
#3318=DIRECTION('',(0.,1.,0.));
#3319=DIRECTION('',(-1.,0.,-1.85881963840752E-16));
#3320=DIRECTION('',(0.,1.,0.));
#3321=DIRECTION('',(0.,1.,0.));
#3322=DIRECTION('',(0.,1.,0.));
#3323=DIRECTION('center_axis',(-3.77829650426704E-16,0.,1.));
#3324=DIRECTION('ref_axis',(1.,0.,3.77829650426704E-16));
#3325=DIRECTION('',(0.,1.,0.));
#3326=DIRECTION('',(1.,0.,3.77829650426704E-16));
#3327=DIRECTION('',(0.,1.,0.));
#3328=DIRECTION('',(0.,1.,0.));
#3329=DIRECTION('',(0.,1.,0.));
#3330=DIRECTION('center_axis',(4.07071685147977E-16,0.,-1.));
#3331=DIRECTION('ref_axis',(-1.,0.,-4.07071685147977E-16));
#3332=DIRECTION('',(1.,0.,4.07071685147977E-16));
#3333=DIRECTION('',(0.,-1.,0.));
#3334=DIRECTION('',(1.,0.,4.07071685147977E-16));
#3335=DIRECTION('',(0.,1.,0.));
#3336=DIRECTION('',(1.,0.,4.07071685147977E-16));
#3337=DIRECTION('',(0.,-1.,0.));
#3338=DIRECTION('',(1.,0.,4.07071685147977E-16));
#3339=DIRECTION('',(0.,1.,0.));
#3340=DIRECTION('',(1.,0.,4.07071685147977E-16));
#3341=DIRECTION('',(0.,-1.,0.));
#3342=DIRECTION('',(1.,0.,4.07071685147977E-16));
#3343=DIRECTION('',(0.,1.,0.));
#3344=DIRECTION('',(-1.,0.,-4.07071685147977E-16));
#3345=DIRECTION('',(0.,1.,0.));
#3346=DIRECTION('',(0.,1.,0.));
#3347=DIRECTION('',(0.,1.,0.));
#3348=DIRECTION('center_axis',(0.99999999992508,0.,-1.22409523377311E-5));
#3349=DIRECTION('ref_axis',(-1.22409523377311E-5,0.,-0.999999999925079));
#3350=DIRECTION('',(1.22409523377311E-5,0.,0.999999999925079));
#3351=DIRECTION('',(0.,1.,0.));
#3352=DIRECTION('',(0.,1.,0.));
#3353=DIRECTION('',(-1.22409523377311E-5,0.,-0.999999999925079));
#3354=DIRECTION('',(0.,1.,0.));
#3355=DIRECTION('',(0.,1.,0.));
#3356=DIRECTION('',(0.,1.,0.));
#3357=DIRECTION('',(0.,1.,0.));
#3358=DIRECTION('center_axis',(-0.99999999992508,0.,1.22409523146742E-5));
#3359=DIRECTION('ref_axis',(1.22409523146742E-5,0.,0.999999999925079));
#3360=DIRECTION('',(-1.22409523146742E-5,0.,-0.999999999925079));
#3361=DIRECTION('',(1.22409523146742E-5,0.,0.999999999925079));
#3362=DIRECTION('',(0.,1.,0.));
#3363=DIRECTION('',(0.,1.,0.));
#3364=DIRECTION('',(0.,1.,0.));
#3365=DIRECTION('',(0.,1.,0.));
#3366=DIRECTION('center_axis',(1.60037325361099E-14,0.,1.));
#3367=DIRECTION('ref_axis',(1.,0.,-1.60037325361099E-14));
#3368=DIRECTION('',(1.,0.,-1.60037325361099E-14));
#3369=DIRECTION('',(1.,0.,-1.60037325361099E-14));
#3370=DIRECTION('center_axis',(-0.999999999924602,0.,1.22799152560498E-5));
#3371=DIRECTION('ref_axis',(1.22799152560498E-5,0.,0.999999999924602));
#3372=DIRECTION('',(1.22799152560498E-5,0.,0.999999999924602));
#3373=DIRECTION('',(0.,1.,0.));
#3374=DIRECTION('',(0.,1.,0.));
#3375=DIRECTION('center_axis',(-1.56247092361139E-14,0.,-1.));
#3376=DIRECTION('ref_axis',(-1.,0.,1.56247092361139E-14));
#3377=DIRECTION('',(-1.,0.,1.56247092361139E-14));
#3378=DIRECTION('',(0.,1.,0.));
#3379=DIRECTION('',(0.,1.,0.));
#3380=DIRECTION('',(0.,1.,0.));
#3381=DIRECTION('',(0.,1.,0.));
#3382=DIRECTION('center_axis',(0.999999999924602,0.,-1.22799152327951E-5));
#3383=DIRECTION('ref_axis',(-1.22799152327951E-5,0.,-0.999999999924602));
#3384=DIRECTION('',(-1.22799152327951E-5,0.,-0.999999999924602));
#3385=DIRECTION('center_axis',(0.,1.,0.));
#3386=DIRECTION('ref_axis',(1.,0.,0.));
#3387=DIRECTION('',(1.04373296054615E-14,0.,1.));
#3388=DIRECTION('center_axis',(0.,1.,0.));
#3389=DIRECTION('ref_axis',(0.,0.,1.));
#3390=DIRECTION('',(-2.79645049188368E-15,0.,-1.));
#3391=DIRECTION('',(-1.,0.,0.));
#3392=DIRECTION('',(2.79645049188367E-15,0.,1.));
#3393=DIRECTION('center_axis',(1.,0.,-2.79645049188368E-15));
#3394=DIRECTION('ref_axis',(-2.79645049188368E-15,0.,-1.));
#3395=DIRECTION('',(2.79645049188368E-15,0.,1.));
#3396=DIRECTION('',(0.,1.,0.));
#3397=DIRECTION('center_axis',(-1.,0.,2.79645049188437E-15));
#3398=DIRECTION('ref_axis',(2.79645049188437E-15,0.,1.));
#3399=DIRECTION('',(2.79645049188437E-15,0.,1.));
#3400=DIRECTION('',(0.,1.,0.));
#3401=DIRECTION('',(-2.79645049188437E-15,0.,-1.));
#3402=DIRECTION('center_axis',(0.,1.,0.));
#3403=DIRECTION('ref_axis',(1.,0.,0.));
#3404=DIRECTION('',(0.,0.,-1.));
#3405=DIRECTION('',(-1.,0.,0.));
#3406=DIRECTION('center_axis',(1.,0.,0.));
#3407=DIRECTION('ref_axis',(0.,0.,-1.));
#3408=DIRECTION('',(0.,0.,1.));
#3409=DIRECTION('',(0.,1.,0.));
#3410=DIRECTION('center_axis',(0.,1.,0.));
#3411=DIRECTION('ref_axis',(1.,0.,0.));
#3412=DIRECTION('center_axis',(0.,1.,0.));
#3413=DIRECTION('ref_axis',(1.,0.,0.));
#3414=DIRECTION('',(-5.81839986574528E-15,0.,1.));
#3415=DIRECTION('',(1.,0.,6.5879657384192E-15));
#3416=DIRECTION('center_axis',(-1.,0.,-5.81839986574528E-15));
#3417=DIRECTION('ref_axis',(-5.81839986574528E-15,0.,1.));
#3418=DIRECTION('',(0.,1.,0.));
#3419=DIRECTION('',(-5.81839986574528E-15,0.,1.));
#3420=DIRECTION('',(0.,1.,0.));
#3421=DIRECTION('',(0.,-1.,0.));
#3422=DIRECTION('',(0.,-1.,0.));
#3423=DIRECTION('center_axis',(-2.37033487204115E-15,0.,1.));
#3424=DIRECTION('ref_axis',(-1.,0.,-2.37033487204115E-15));
#3425=DIRECTION('',(0.,-1.,0.));
#3426=DIRECTION('center_axis',(-1.,0.,1.66437725151469E-14));
#3427=DIRECTION('ref_axis',(-1.66437725151469E-14,0.,-1.));
#3428=DIRECTION('',(0.,-1.,0.));
#3429=DIRECTION('center_axis',(-1.52678506758504E-14,0.,-1.));
#3430=DIRECTION('ref_axis',(1.,0.,-1.52678506758504E-14));
#3431=DIRECTION('',(0.,-1.,0.));
#3432=DIRECTION('center_axis',(-1.,0.,-1.11022302462516E-14));
#3433=DIRECTION('ref_axis',(1.11022302462516E-14,0.,-1.));
#3434=DIRECTION('',(0.,-1.,0.));
#3435=DIRECTION('',(0.,-1.,0.));
#3436=DIRECTION('center_axis',(-2.37033487204115E-15,0.,1.));
#3437=DIRECTION('ref_axis',(-1.,0.,-2.37033487204115E-15));
#3438=DIRECTION('',(0.,-1.,0.));
#3439=DIRECTION('',(-1.,0.,-2.37033487204115E-15));
#3440=DIRECTION('center_axis',(0.,1.,0.));
#3441=DIRECTION('ref_axis',(1.,0.,0.));
#3442=DIRECTION('',(1.85924196056756E-15,0.,-1.));
#3443=DIRECTION('',(1.,0.,5.47669471457355E-15));
#3444=DIRECTION('center_axis',(1.,0.,1.4210854715202E-14));
#3445=DIRECTION('ref_axis',(1.4210854715202E-14,0.,-1.));
#3446=DIRECTION('',(-1.4210854715202E-14,0.,1.));
#3447=DIRECTION('',(0.,1.,0.));
#3448=DIRECTION('',(1.4210854715202E-14,0.,-1.));
#3449=DIRECTION('',(0.,1.,0.));
#3450=DIRECTION('center_axis',(1.23606383333016E-5,0.,0.999999999923607));
#3451=DIRECTION('ref_axis',(0.999999999923607,0.,-1.23606383333016E-5));
#3452=DIRECTION('',(-0.999999999923607,0.,1.23606383333016E-5));
#3453=DIRECTION('',(0.,1.,0.));
#3454=DIRECTION('',(0.999999999923607,0.,-1.23606383333016E-5));
#3455=DIRECTION('',(0.,1.,0.));
#3456=DIRECTION('center_axis',(-0.999999999923607,0.,1.23606383335829E-5));
#3457=DIRECTION('ref_axis',(1.23606383335829E-5,0.,0.999999999923607));
#3458=DIRECTION('',(-1.23606383335829E-5,0.,-0.999999999923607));
#3459=DIRECTION('',(1.23606383335829E-5,0.,0.999999999923607));
#3460=DIRECTION('',(0.,1.,0.));
#3461=DIRECTION('center_axis',(-1.44195817486385E-14,0.,1.));
#3462=DIRECTION('ref_axis',(1.,0.,1.44195817486385E-14));
#3463=DIRECTION('',(-1.,0.,-1.44195817486385E-14));
#3464=DIRECTION('',(1.,0.,1.44195817486385E-14));
#3465=DIRECTION('',(0.,1.,0.));
#3466=DIRECTION('center_axis',(0.999999999923607,0.,-1.23606383306551E-5));
#3467=DIRECTION('ref_axis',(-1.23606383306551E-5,0.,-0.999999999923607));
#3468=DIRECTION('',(1.23606383306551E-5,0.,0.999999999923607));
#3469=DIRECTION('',(-1.23606383306551E-5,0.,-0.999999999923607));
#3470=DIRECTION('center_axis',(0.,1.,0.));
#3471=DIRECTION('ref_axis',(0.,0.,1.));
#3472=DIRECTION('',(-1.,0.,-1.62832710278356E-14));
#3473=DIRECTION('',(-2.22043803436371E-15,0.,1.));
#3474=DIRECTION('',(-0.999999999923607,0.,1.23606383363551E-5));
#3475=DIRECTION('center_axis',(0.,1.,0.));
#3476=DIRECTION('ref_axis',(1.,0.,0.));
#3477=DIRECTION('',(-1.,0.,-6.5879657384192E-15));
#3478=DIRECTION('',(-1.,0.,-2.1744344658211E-15));
#3479=DIRECTION('',(-1.,0.,-3.78540184214853E-15));
#3480=DIRECTION('',(-1.,0.,-2.10642104406677E-15));
#3481=DIRECTION('',(-2.1004327378474E-15,0.,1.));
#3482=DIRECTION('',(-1.,0.,0.));
#3483=DIRECTION('',(-0.999999999923607,0.,1.23606383363551E-5));
#3484=DIRECTION('',(2.94987656817214E-15,0.,-1.));
#3485=DIRECTION('',(1.,0.,-1.60982338570648E-15));
#3486=DIRECTION('',(2.79645067376517E-15,0.,1.));
#3487=DIRECTION('',(-2.79644927059029E-15,0.,-1.));
#3488=DIRECTION('',(1.,0.,0.));
#3489=DIRECTION('',(2.7964492705903E-15,0.,1.));
#3490=DIRECTION('',(-2.79645049188367E-15,0.,-1.));
#3491=DIRECTION('',(1.,0.,0.));
#3492=DIRECTION('',(1.,0.,0.));
#3493=DIRECTION('',(0.999999999923607,0.,-1.23606383195769E-5));
#3494=DIRECTION('',(-1.90323947078599E-15,0.,1.));
#3495=DIRECTION('',(-1.,0.,-1.95700329764435E-15));
#3496=DIRECTION('',(1.90323947078599E-15,0.,-1.));
#3497=DIRECTION('',(0.999999999923607,0.,-1.23606383195769E-5));
#3498=DIRECTION('',(1.90323947078599E-15,0.,-1.));
#3499=DIRECTION('',(1.,0.,2.08983157576501E-15));
#3500=DIRECTION('',(2.99043950528073E-15,0.,-1.));
#3501=DIRECTION('',(1.,0.,2.22044604925032E-15));
#3502=DIRECTION('',(-1.95294008508129E-15,0.,1.));
#3503=DIRECTION('',(-1.,0.,-2.96059473233376E-15));
#3504=DIRECTION('center_axis',(-1.23606383363551E-5,0.,-0.999999999923607));
#3505=DIRECTION('ref_axis',(-0.999999999923607,0.,1.23606383363551E-5));
#3506=DIRECTION('',(0.,1.,0.));
#3507=DIRECTION('center_axis',(-1.60982338570648E-15,0.,-1.));
#3508=DIRECTION('ref_axis',(-1.,0.,1.60982338570648E-15));
#3509=DIRECTION('',(0.,1.,0.));
#3510=DIRECTION('',(-1.,0.,1.60982338570648E-15));
#3511=DIRECTION('',(0.,1.,0.));
#3512=DIRECTION('center_axis',(1.,0.,-2.79645067376517E-15));
#3513=DIRECTION('ref_axis',(-2.79645067376517E-15,0.,-1.));
#3514=DIRECTION('',(-2.79645067376517E-15,0.,-1.));
#3515=DIRECTION('center_axis',(-1.,0.,-2.94987656817214E-15));
#3516=DIRECTION('ref_axis',(-2.94987656817214E-15,0.,1.));
#3517=DIRECTION('',(-2.94987656817214E-15,0.,1.));
#3518=DIRECTION('center_axis',(0.,1.,0.));
#3519=DIRECTION('ref_axis',(1.,0.,0.));
#3520=DIRECTION('center_axis',(1.,0.,-2.7964492705903E-15));
#3521=DIRECTION('ref_axis',(-2.7964492705903E-15,0.,-1.));
#3522=DIRECTION('',(0.,1.,0.));
#3523=DIRECTION('',(-2.7964492705903E-15,0.,-1.));
#3524=DIRECTION('center_axis',(0.,0.,-1.));
#3525=DIRECTION('ref_axis',(-1.,0.,0.));
#3526=DIRECTION('',(0.,1.,0.));
#3527=DIRECTION('',(-1.,0.,0.));
#3528=DIRECTION('center_axis',(-1.,0.,2.79644927059029E-15));
#3529=DIRECTION('ref_axis',(2.79644927059029E-15,0.,1.));
#3530=DIRECTION('',(2.79644927059029E-15,0.,1.));
#3531=DIRECTION('center_axis',(0.,1.,0.));
#3532=DIRECTION('ref_axis',(0.,0.,1.));
#3533=DIRECTION('center_axis',(-6.5879657384192E-15,0.,1.));
#3534=DIRECTION('ref_axis',(1.,0.,6.5879657384192E-15));
#3535=DIRECTION('center_axis',(0.,0.,-1.));
#3536=DIRECTION('ref_axis',(-1.,0.,0.));
#3537=DIRECTION('',(0.,1.,0.));
#3538=DIRECTION('center_axis',(-1.,0.,2.79645049188367E-15));
#3539=DIRECTION('ref_axis',(2.79645049188367E-15,0.,1.));
#3540=DIRECTION('center_axis',(0.,0.,-1.));
#3541=DIRECTION('ref_axis',(-1.,0.,0.));
#3542=DIRECTION('center_axis',(-1.,0.,-1.90323947078599E-15));
#3543=DIRECTION('ref_axis',(-1.90323947078599E-15,0.,1.));
#3544=DIRECTION('',(0.,1.,0.));
#3545=DIRECTION('',(-1.90323947078599E-15,0.,1.));
#3546=DIRECTION('',(0.,1.,0.));
#3547=DIRECTION('center_axis',(1.,0.,1.90323947078599E-15));
#3548=DIRECTION('ref_axis',(1.90323947078599E-15,0.,-1.));
#3549=DIRECTION('',(0.,1.,0.));
#3550=DIRECTION('',(1.90323947078599E-15,0.,-1.));
#3551=DIRECTION('',(0.,1.,0.));
#3552=DIRECTION('center_axis',(-1.95700329764435E-15,0.,1.));
#3553=DIRECTION('ref_axis',(1.,0.,1.95700329764435E-15));
#3554=DIRECTION('',(1.,0.,1.95700329764435E-15));
#3555=DIRECTION('center_axis',(0.,1.,0.));
#3556=DIRECTION('ref_axis',(0.,0.,1.));
#3557=DIRECTION('',(-0.999999999923607,0.,1.23606383195769E-5));
#3558=DIRECTION('center_axis',(2.96059473233376E-15,0.,-1.));
#3559=DIRECTION('ref_axis',(-1.,0.,-2.96059473233376E-15));
#3560=DIRECTION('',(0.,1.,0.));
#3561=DIRECTION('',(0.,1.,0.));
#3562=DIRECTION('center_axis',(-1.,0.,-1.95294008508129E-15));
#3563=DIRECTION('ref_axis',(-1.95294008508129E-15,0.,1.));
#3564=DIRECTION('',(0.,1.,0.));
#3565=DIRECTION('center_axis',(-2.22044604925032E-15,0.,1.));
#3566=DIRECTION('ref_axis',(1.,0.,2.22044604925032E-15));
#3567=DIRECTION('',(0.,1.,0.));
#3568=DIRECTION('center_axis',(1.,0.,2.99043950528073E-15));
#3569=DIRECTION('ref_axis',(2.99043950528073E-15,0.,-1.));
#3570=DIRECTION('center_axis',(1.,0.,1.90323947078599E-15));
#3571=DIRECTION('ref_axis',(1.90323947078599E-15,0.,-1.));
#3572=DIRECTION('',(0.,1.,0.));
#3573=DIRECTION('',(0.,1.,0.));
#3574=DIRECTION('center_axis',(-1.23606383307258E-5,0.,-0.999999999923607));
#3575=DIRECTION('ref_axis',(-0.999999999923607,0.,1.23606383307258E-5));
#3576=DIRECTION('',(0.,1.,0.));
#3577=DIRECTION('center_axis',(-2.08983157576501E-15,0.,1.));
#3578=DIRECTION('ref_axis',(1.,0.,2.08983157576501E-15));
#3579=DIRECTION('center_axis',(-1.,0.,-2.22043803436371E-15));
#3580=DIRECTION('ref_axis',(-2.22043803436371E-15,0.,1.));
#3581=DIRECTION('',(0.,1.,0.));
#3582=DIRECTION('center_axis',(0.,0.,-1.));
#3583=DIRECTION('ref_axis',(-1.,0.,0.));
#3584=DIRECTION('',(0.,1.,0.));
#3585=DIRECTION('center_axis',(-1.,0.,-2.1004327378474E-15));
#3586=DIRECTION('ref_axis',(-2.1004327378474E-15,0.,1.));
#3587=DIRECTION('',(0.,1.,0.));
#3588=DIRECTION('',(0.,1.,0.));
#3589=DIRECTION('center_axis',(2.10642104406677E-15,0.,-1.));
#3590=DIRECTION('ref_axis',(-1.,0.,-2.10642104406677E-15));
#3591=DIRECTION('',(0.,1.,0.));
#3592=DIRECTION('',(0.,1.,0.));
#3593=DIRECTION('center_axis',(3.78540184214853E-15,0.,-1.));
#3594=DIRECTION('ref_axis',(-1.,0.,-3.78540184214853E-15));
#3595=DIRECTION('',(0.,1.,0.));
#3596=DIRECTION('',(0.,1.,0.));
#3597=DIRECTION('center_axis',(2.1744344658211E-15,0.,-1.));
#3598=DIRECTION('ref_axis',(-1.,0.,-2.1744344658211E-15));
#3599=DIRECTION('center_axis',(-0.999999999924716,0.,1.22706402693648E-5));
#3600=DIRECTION('ref_axis',(-1.22706402693648E-5,-8.2432572327407E-33,-0.999999999924716));
#3601=DIRECTION('',(0.,-1.,0.));
#3602=DIRECTION('',(0.,-1.,0.));
#3603=DIRECTION('center_axis',(-3.13921970578473E-16,0.,1.));
#3604=DIRECTION('ref_axis',(-1.,1.16267396510546E-16,-3.13921970578473E-16));
#3605=DIRECTION('',(0.,-1.,0.));
#3606=DIRECTION('',(0.,-1.,0.));
#3607=DIRECTION('center_axis',(0.999999999924716,0.,-1.22706402571888E-5));
#3608=DIRECTION('ref_axis',(1.22706402571888E-5,-1.65687986292795E-32,0.999999999924716));
#3609=DIRECTION('',(1.,0.,0.));
#3610=DIRECTION('',(-4.83759084721974E-16,0.,-1.));
#3611=DIRECTION('',(1.04373296054615E-14,0.,1.));
#3612=DIRECTION('',(1.,0.,2.55270030909136E-20));
#3613=DIRECTION('',(-4.83759084721974E-16,0.,-1.));
#3614=DIRECTION('',(0.,1.,0.));
#3615=DIRECTION('',(0.,1.,0.));
#3616=DIRECTION('center_axis',(-1.,0.,-3.99368094506219E-32));
#3617=DIRECTION('ref_axis',(-3.99368094506219E-32,0.,1.));
#3618=DIRECTION('',(0.,1.,0.));
#3619=DIRECTION('center_axis',(1.,0.,0.));
#3620=DIRECTION('ref_axis',(0.,0.,-1.));
#3621=DIRECTION('',(0.,1.,0.));
#3622=DIRECTION('',(0.,1.,0.));
#3623=DIRECTION('center_axis',(0.,0.,1.));
#3624=DIRECTION('ref_axis',(1.,0.,0.));
#3625=DIRECTION('',(0.,1.,0.));
#3626=CARTESIAN_POINT('',(0.,0.,0.));
#3627=CARTESIAN_POINT('Origin',(32.7900002466308,0.,-58.349964011692));
#3628=CARTESIAN_POINT('',(32.7900002466308,1.,-57.349964011692));
#3629=CARTESIAN_POINT('',(32.7900002466308,1.,-58.349964011692));
#3630=CARTESIAN_POINT('',(32.7900002466308,1.,-60.1088977436458));
#3631=CARTESIAN_POINT('',(32.7900002466308,4.,-57.349964011692));
#3632=CARTESIAN_POINT('',(32.7900002466308,0.,-57.349964011692));
#3633=CARTESIAN_POINT('',(32.7900002466308,4.,-58.349964011692));
#3634=CARTESIAN_POINT('',(32.7900002466308,4.,-57.349964011692));
#3635=CARTESIAN_POINT('',(32.7900002466308,0.,-58.349964011692));
#3636=CARTESIAN_POINT('Origin',(44.7900002466308,0.,-57.349964011692));
#3637=CARTESIAN_POINT('',(44.7900002466308,1.,-58.349964011692));
#3638=CARTESIAN_POINT('',(44.7900002466308,1.,-57.349964011692));
#3639=CARTESIAN_POINT('',(44.7900002466308,1.,-59.6088977436458));
#3640=CARTESIAN_POINT('',(44.7900002466308,4.,-58.349964011692));
#3641=CARTESIAN_POINT('',(44.7900002466308,0.,-58.349964011692));
#3642=CARTESIAN_POINT('',(44.7900002466308,4.,-57.349964011692));
#3643=CARTESIAN_POINT('',(44.7900002466308,4.,-58.349964011692));
#3644=CARTESIAN_POINT('',(44.7900002466308,0.,-57.349964011692));
#3645=CARTESIAN_POINT('Origin',(44.7900002466308,0.,-58.349964011692));
#3646=CARTESIAN_POINT('',(41.7898474930865,1.,-58.349964011692));
#3647=CARTESIAN_POINT('',(32.7900002466308,4.,-58.349964011692));
#3648=CARTESIAN_POINT('Origin',(38.7900002466308,4.,-57.849964011692));
#3649=CARTESIAN_POINT('',(44.7900002466308,4.,-57.349964011692));
#3650=CARTESIAN_POINT('Origin',(38.7896947395421,1.,-61.8678314755995));
#3651=CARTESIAN_POINT('',(62.1773510213323,1.,-57.349964011692));
#3652=CARTESIAN_POINT('',(11.4026494719293,1.,-57.349964011692));
#3653=CARTESIAN_POINT('',(62.1773510213323,1.,-58.349964011692));
#3654=CARTESIAN_POINT('',(62.1773510213323,1.,-60.1088977436458));
#3655=CARTESIAN_POINT('',(64.4773510213323,1.,-58.349964011692));
#3656=CARTESIAN_POINT('',(51.6335228804372,1.,-58.349964011692));
#3657=CARTESIAN_POINT('',(64.4773510213323,1.,-60.550014811794));
#3658=CARTESIAN_POINT('',(64.4773510213323,1.,-61.2089231436968));
#3659=CARTESIAN_POINT('',(63.1773510213323,1.,-60.550014811794));
#3660=CARTESIAN_POINT('',(50.9835228804372,1.,-60.550014811794));
#3661=CARTESIAN_POINT('',(63.1773510213323,1.,-61.550014811794));
#3662=CARTESIAN_POINT('',(63.1773510213323,1.,-61.7089231436968));
#3663=CARTESIAN_POINT('',(66.1773510213323,1.,-61.550014811794));
#3664=CARTESIAN_POINT('',(52.4835228804372,1.,-61.550014811794));
#3665=CARTESIAN_POINT('',(66.7594049357761,1.,-61.5469348328184));
#3666=CARTESIAN_POINT('',(52.7740924128594,1.,-61.6209390916489));
#3667=CARTESIAN_POINT('',(66.7594049358599,1.,-66.0527274229756));
#3668=CARTESIAN_POINT('',(66.7594049356858,1.,-56.6937307208503));
#3669=CARTESIAN_POINT('',(62.6621915589658,1.,-66.3856989395071));
#3670=CARTESIAN_POINT('Ctrl Pts',(62.6621915589656,1.,-66.3856989395071));
#3671=CARTESIAN_POINT('Ctrl Pts',(62.6695987006935,1.,-66.3855145450208));
#3672=CARTESIAN_POINT('Ctrl Pts',(62.6770112442302,1.,-66.3853287045254));
#3673=CARTESIAN_POINT('Ctrl Pts',(62.6844318751562,1.,-66.3851413325155));
#3674=CARTESIAN_POINT('Ctrl Pts',(63.1038024254369,1.,-66.3745521651444));
#3675=CARTESIAN_POINT('Ctrl Pts',(63.5145822646191,1.,-66.3599810748864));
#3676=CARTESIAN_POINT('Ctrl Pts',(63.9176316860052,1.,-66.3396895754881));
#3677=CARTESIAN_POINT('Ctrl Pts',(64.908652159508,1.,-66.2897967080759));
#3678=CARTESIAN_POINT('Ctrl Pts',(65.8391613550326,1.,-66.2099508712646));
#3679=CARTESIAN_POINT('Ctrl Pts',(66.7555690670484,0.999999999999999,-66.0541593814394));
#3680=CARTESIAN_POINT('',(14.9178084410382,1.,-66.3856989395067));
#3681=CARTESIAN_POINT('',(26.8537515902903,1.,-66.3856989395068));
#3682=CARTESIAN_POINT('',(3.57903203335483,1.,-61.550014811794));
#3683=CARTESIAN_POINT('Ctrl Pts',(3.57796532528964,1.,-61.5508982156155));
#3684=CARTESIAN_POINT('Ctrl Pts',(3.69898176823602,1.,-61.7322280089424));
#3685=CARTESIAN_POINT('Ctrl Pts',(3.82871377047057,1.,-61.915656663087));
#3686=CARTESIAN_POINT('Ctrl Pts',(3.96790479180778,1.,-62.1006672802098));
#3687=CARTESIAN_POINT('Ctrl Pts',(4.46443490997363,1.,-62.7606476632791));
#3688=CARTESIAN_POINT('Ctrl Pts',(5.10268756513418,0.999999999999998,-63.4465952066045));
#3689=CARTESIAN_POINT('Ctrl Pts',(5.87384674741924,0.999999999999998,-64.0357497406173));
#3690=CARTESIAN_POINT('Ctrl Pts',(6.82709561291851,0.999999999999998,-64.7640181760489));
#3691=CARTESIAN_POINT('Ctrl Pts',(7.87979139926152,0.999999999999999,-65.2728162914769));
#3692=CARTESIAN_POINT('Ctrl Pts',(8.97187080762238,0.999999999999999,-65.61606130097));
#3693=CARTESIAN_POINT('Ctrl Pts',(10.7034954420408,0.999999999999999,-66.1603179818752));
#3694=CARTESIAN_POINT('Ctrl Pts',(12.5720393236586,1.,-66.3264718924454));
#3695=CARTESIAN_POINT('Ctrl Pts',(14.8955681248569,1.,-66.3851413325154));
#3696=CARTESIAN_POINT('Ctrl Pts',(14.9029885711293,1.,-66.3853286998627));
#3697=CARTESIAN_POINT('Ctrl Pts',(14.9104011408463,1.,-66.3855145410756));
#3698=CARTESIAN_POINT('Ctrl Pts',(14.9178084410379,1.,-66.3856989395067));
#3699=CARTESIAN_POINT('',(14.4026494719293,1.,-61.550014811794));
#3700=CARTESIAN_POINT('',(26.5961721057358,1.,-61.550014811794));
#3701=CARTESIAN_POINT('',(14.4026494719293,1.,-60.550014811794));
#3702=CARTESIAN_POINT('',(14.4026494719293,1.,-61.2089231436968));
#3703=CARTESIAN_POINT('',(13.1026494719293,1.,-60.550014811794));
#3704=CARTESIAN_POINT('',(25.9461721057357,1.,-60.550014811794));
#3705=CARTESIAN_POINT('',(13.1026494719293,1.,-58.349964011692));
#3706=CARTESIAN_POINT('',(13.1026494719293,1.,-60.1088977436458));
#3707=CARTESIAN_POINT('',(15.4026494719293,1.,-58.349964011692));
#3708=CARTESIAN_POINT('',(27.0961721057357,1.,-58.349964011692));
#3709=CARTESIAN_POINT('',(15.4026494719293,1.,-57.349964011692));
#3710=CARTESIAN_POINT('',(15.4026494719293,1.,-59.6088977436458));
#3711=CARTESIAN_POINT('',(11.4026494719293,1.,-57.349964011692));
#3712=CARTESIAN_POINT('Origin',(64.4773510213323,0.,-58.349964011692));
#3713=CARTESIAN_POINT('',(62.1773510213323,12.,-58.349964011692));
#3714=CARTESIAN_POINT('',(62.1773510213323,0.,-58.349964011692));
#3715=CARTESIAN_POINT('',(64.4773510213323,12.,-58.349964011692));
#3716=CARTESIAN_POINT('',(66.1773510213323,12.,-58.349964011692));
#3717=CARTESIAN_POINT('',(64.4773510213323,0.,-58.349964011692));
#3718=CARTESIAN_POINT('Origin',(62.1773510213323,0.,-58.349964011692));
#3719=CARTESIAN_POINT('',(62.1773510213323,12.,-57.349964011692));
#3720=CARTESIAN_POINT('',(62.1773510213323,0.,-57.349964011692));
#3721=CARTESIAN_POINT('',(62.1773510213323,12.,-58.349964011692));
#3722=CARTESIAN_POINT('Origin',(66.1773510213323,0.,-57.349964011692));
#3723=CARTESIAN_POINT('',(70.8039542928207,6.8,-57.3593034827953));
#3724=CARTESIAN_POINT('',(70.8039542928207,12.,-57.3593034827952));
#3725=CARTESIAN_POINT('',(70.8039542928207,3.,-57.3593034827953));
#3726=CARTESIAN_POINT('',(75.3883749921656,6.8,-57.3685577868207));
#3727=CARTESIAN_POINT('',(52.4600380257336,6.8,-57.3222736218274));
#3728=CARTESIAN_POINT('',(75.3883749861159,12.,-57.3685578022339));
#3729=CARTESIAN_POINT('Ctrl Pts',(75.3883749861159,12.,-57.3685578022339));
#3730=CARTESIAN_POINT('Ctrl Pts',(75.3883749861159,10.2666666666667,-57.3685578022339));
#3731=CARTESIAN_POINT('Ctrl Pts',(75.3883749861159,8.53333333333333,-57.3685578022339));
#3732=CARTESIAN_POINT('Ctrl Pts',(75.3883749861159,6.8,-57.3685578022339));
#3733=CARTESIAN_POINT('',(66.1773510213323,12.,-57.349964011692));
#3734=CARTESIAN_POINT('Origin',(64.4773510213323,0.,-60.550014811794));
#3735=CARTESIAN_POINT('',(64.4773510213323,12.,-60.550014811794));
#3736=CARTESIAN_POINT('',(64.4773510213323,12.,-58.649964011692));
#3737=CARTESIAN_POINT('',(64.4773510213323,0.,-60.550014811794));
#3738=CARTESIAN_POINT('Origin',(63.1773510213323,0.,-60.550014811794));
#3739=CARTESIAN_POINT('',(63.1773510213323,12.,-60.550014811794));
#3740=CARTESIAN_POINT('',(66.1773510213323,12.,-60.550014811794));
#3741=CARTESIAN_POINT('',(63.1773510213323,0.,-60.550014811794));
#3742=CARTESIAN_POINT('Origin',(63.1773510213323,0.,-61.550014811794));
#3743=CARTESIAN_POINT('',(63.1773510213323,12.,-61.550014811794));
#3744=CARTESIAN_POINT('',(63.1773510213323,12.,-60.550014811794));
#3745=CARTESIAN_POINT('',(63.1773510213323,0.,-61.550014811794));
#3746=CARTESIAN_POINT('Origin',(66.1773510213323,0.,-61.550014811794));
#3747=CARTESIAN_POINT('',(66.1773510213323,12.,-61.550014811794));
#3748=CARTESIAN_POINT('',(63.1773510213323,12.,-61.550014811794));
#3749=CARTESIAN_POINT('',(66.1773510213323,0.,-61.550014811794));
#3750=CARTESIAN_POINT('Origin',(66.7594049357761,0.,-61.5469348328184));
#3751=CARTESIAN_POINT('',(66.7594049357761,12.,-61.5469348328184));
#3752=CARTESIAN_POINT('',(66.1773510213323,12.,-61.550014811794));
#3753=CARTESIAN_POINT('',(66.7594049358598,3.,-61.546934832818));
#3754=CARTESIAN_POINT('Origin',(38.7896947395421,0.,-61.8678314755995));
#3755=CARTESIAN_POINT('',(66.1773510213323,0.,-57.349964011692));
#3756=CARTESIAN_POINT('',(1.8620746408301,0.,-57.349964011692));
#3757=CARTESIAN_POINT('',(11.4026494719293,0.,-57.349964011692));
#3758=CARTESIAN_POINT('',(14.9178084410382,0.,-66.3856989395067));
#3759=CARTESIAN_POINT('Ctrl Pts',(14.9178084410379,0.,-66.385698939507));
#3760=CARTESIAN_POINT('Ctrl Pts',(13.3990839624143,0.,-66.3478915867678));
#3761=CARTESIAN_POINT('Ctrl Pts',(12.089474859394,0.,-66.2618095496504));
#3762=CARTESIAN_POINT('Ctrl Pts',(9.68010752130372,0.,-65.8650870662124));
#3763=CARTESIAN_POINT('Ctrl Pts',(8.51938422533859,0.,-65.5406000794918));
#3764=CARTESIAN_POINT('Ctrl Pts',(6.26625784969993,0.,-64.4239401294611));
#3765=CARTESIAN_POINT('Ctrl Pts',(5.27696043592625,0.,-63.6504854448575));
#3766=CARTESIAN_POINT('Ctrl Pts',(3.48997523723078,0.,-61.5884916256113));
#3767=CARTESIAN_POINT('Ctrl Pts',(2.70954710553788,0.,-60.2317465046255));
#3768=CARTESIAN_POINT('Ctrl Pts',(2.07940120651039,0.,-58.3236487311041));
#3769=CARTESIAN_POINT('Ctrl Pts',(1.95813600563964,0.,-57.8547288281645));
#3770=CARTESIAN_POINT('Ctrl Pts',(1.8620746408301,0.,-57.349964011692));
#3771=CARTESIAN_POINT('',(62.6621915589658,0.,-66.3856989395071));
#3772=CARTESIAN_POINT('',(62.6621915589746,0.,-66.3856989395058));
#3773=CARTESIAN_POINT('',(66.7594049358599,0.,-66.0527274229756));
#3774=CARTESIAN_POINT('Ctrl Pts',(66.7594049358599,0.,-66.0527274229756));
#3775=CARTESIAN_POINT('Ctrl Pts',(65.5468659779915,0.,-66.25759515593));
#3776=CARTESIAN_POINT('Ctrl Pts',(64.2076506359309,0.,-66.3472260517053));
#3777=CARTESIAN_POINT('Ctrl Pts',(62.6621915589658,0.,-66.3856989395071));
#3778=CARTESIAN_POINT('',(75.7142474191754,0.,-57.3692156231001));
#3779=CARTESIAN_POINT('Ctrl Pts',(75.7142459228851,0.,-57.3692156200796));
#3780=CARTESIAN_POINT('Ctrl Pts',(75.7042679047219,0.,-57.4212008600767));
#3781=CARTESIAN_POINT('Ctrl Pts',(75.6940211173384,0.,-57.4727933854846));
#3782=CARTESIAN_POINT('Ctrl Pts',(75.3554130267301,0.,-59.1216551127304));
#3783=CARTESIAN_POINT('Ctrl Pts',(74.7833406378234,0.,-60.2792425265431));
#3784=CARTESIAN_POINT('Ctrl Pts',(73.5866543210228,0.,-62.2494666797098));
#3785=CARTESIAN_POINT('Ctrl Pts',(72.7913365739069,0.,-63.1786391138912));
#3786=CARTESIAN_POINT('Ctrl Pts',(70.7796848141443,0.,-64.7707433878376));
#3787=CARTESIAN_POINT('Ctrl Pts',(69.6033830698763,0.,-65.3354231252299));
#3788=CARTESIAN_POINT('Ctrl Pts',(67.812540497703,0.,-65.8478970585001));
#3789=CARTESIAN_POINT('Ctrl Pts',(67.2986454819141,0.,-65.9616186074853));
#3790=CARTESIAN_POINT('Ctrl Pts',(66.7594049358599,0.,-66.0527274229756));
#3791=CARTESIAN_POINT('',(66.1773510213323,0.,-57.349964011692));
#3792=CARTESIAN_POINT('Origin',(1.8620746408301,0.,-57.349964011692));
#3793=CARTESIAN_POINT('',(15.4026494719293,12.,-57.349964011692));
#3794=CARTESIAN_POINT('',(15.4026494719293,0.,-57.349964011692));
#3795=CARTESIAN_POINT('',(2.18797392365119,12.,-57.349964011692));
#3796=CARTESIAN_POINT('',(11.4026494719293,12.,-57.349964011692));
#3797=CARTESIAN_POINT('',(2.18797392365119,6.,-57.349964011692));
#3798=CARTESIAN_POINT('Ctrl Pts',(2.18797392365118,6.,-57.349964011692));
#3799=CARTESIAN_POINT('Ctrl Pts',(2.18797392365118,8.,-57.349964011692));
#3800=CARTESIAN_POINT('Ctrl Pts',(2.18797392365119,10.,-57.349964011692));
#3801=CARTESIAN_POINT('Ctrl Pts',(2.18797392365119,12.,-57.349964011692));
#3802=CARTESIAN_POINT('',(1.8620746408301,6.,-57.349964011692));
#3803=CARTESIAN_POINT('',(20.326130090332,6.,-57.349964011692));
#3804=CARTESIAN_POINT('',(1.8620746408301,1.,-57.349964011692));
#3805=CARTESIAN_POINT('Ctrl Pts',(1.8620746408301,1.,-57.349964011692));
#3806=CARTESIAN_POINT('Ctrl Pts',(1.8620746408301,1.66968677458118,-57.349964011692));
#3807=CARTESIAN_POINT('Ctrl Pts',(1.8620746408301,2.33937354916236,-57.349964011692));
#3808=CARTESIAN_POINT('Ctrl Pts',(1.8620746408301,4.00604021582903,-57.349964011692));
#3809=CARTESIAN_POINT('Ctrl Pts',(1.8620746408301,5.00302010791452,-57.349964011692));
#3810=CARTESIAN_POINT('Ctrl Pts',(1.8620746408301,6.,-57.349964011692));
#3811=CARTESIAN_POINT('',(1.8620746408301,0.018120647487162,-57.349964011692));
#3812=CARTESIAN_POINT('Ctrl Pts',(1.86207464083009,0.0181206474870887,-57.349964011692));
#3813=CARTESIAN_POINT('Ctrl Pts',(1.86207464083009,0.345413764991393,-57.349964011692));
#3814=CARTESIAN_POINT('Ctrl Pts',(1.86207464083009,0.672706882495696,-57.349964011692));
#3815=CARTESIAN_POINT('Ctrl Pts',(1.8620746408301,1.,-57.349964011692));
#3816=CARTESIAN_POINT('',(1.8620746408301,0.,-57.349964011692));
#3817=CARTESIAN_POINT('',(66.1773510213323,12.,-57.349964011692));
#3818=CARTESIAN_POINT('',(66.1773510213323,0.,-57.349964011692));
#3819=CARTESIAN_POINT('',(14.4026494719293,12.,-57.349964011692));
#3820=CARTESIAN_POINT('Origin',(66.7594049358599,6.,-66.0527274229756));
#3821=CARTESIAN_POINT('',(66.7594049358599,12.,-65.7281021160429));
#3822=CARTESIAN_POINT('',(66.7594049358598,12.,-56.8937307208503));
#3823=CARTESIAN_POINT('',(66.7594049358599,6.,-65.7281021160429));
#3824=CARTESIAN_POINT('Ctrl Pts',(66.7594049358599,12.,-65.7281021160429));
#3825=CARTESIAN_POINT('Ctrl Pts',(66.7594049358599,10.,-65.7281021160429));
#3826=CARTESIAN_POINT('Ctrl Pts',(66.7594049358598,8.,-65.7281021160429));
#3827=CARTESIAN_POINT('Ctrl Pts',(66.7594049358598,6.,-65.7281021160429));
#3828=CARTESIAN_POINT('',(66.7594049358599,6.,-66.0527274229756));
#3829=CARTESIAN_POINT('',(66.7594049358598,6.,-50.0036062819785));
#3830=CARTESIAN_POINT('Ctrl Pts',(66.7594049358599,1.,-66.0527274229756));
#3831=CARTESIAN_POINT('Ctrl Pts',(66.7594049358598,2.66666666666667,-66.0527274229756));
#3832=CARTESIAN_POINT('Ctrl Pts',(66.7594049358599,4.33333333333333,-66.0527274229756));
#3833=CARTESIAN_POINT('Ctrl Pts',(66.7594049358599,6.,-66.0527274229756));
#3834=CARTESIAN_POINT('Origin',(70.8039542928207,6.,-56.8937307208502));
#3835=CARTESIAN_POINT('',(70.8039542928207,12.,-56.8937307208502));
#3836=CARTESIAN_POINT('',(70.8039542928207,12.,-56.8937307208502));
#3837=CARTESIAN_POINT('',(70.8039542928207,6.8,-56.8937307208502));
#3838=CARTESIAN_POINT('',(70.8039542928207,6.,-56.8937307208502));
#3839=CARTESIAN_POINT('',(70.8039542928206,6.8,-45.3386224812841));
#3840=CARTESIAN_POINT('Origin',(8.63141261205868,12.,-59.449989411743));
#3841=CARTESIAN_POINT('',(3.96535991195448,12.,-61.550014811794));
#3842=CARTESIAN_POINT('Ctrl Pts',(2.18617844860327,12.,-57.3584085841717));
#3843=CARTESIAN_POINT('Ctrl Pts',(2.22602018100233,12.,-57.5564547626069));
#3844=CARTESIAN_POINT('Ctrl Pts',(2.27519288682864,12.,-57.7702005144947));
#3845=CARTESIAN_POINT('Ctrl Pts',(2.33883393033393,12.,-58.015782790308));
#3846=CARTESIAN_POINT('Ctrl Pts',(2.51694897584812,12.,-58.7031049306233));
#3847=CARTESIAN_POINT('Ctrl Pts',(2.81479100042809,12.,-59.5648950249503));
#3848=CARTESIAN_POINT('Ctrl Pts',(3.32650518567617,12.,-60.5085745392331));
#3849=CARTESIAN_POINT('Ctrl Pts',(3.5066803092104,12.,-60.840845126925));
#3850=CARTESIAN_POINT('Ctrl Pts',(3.71811890336146,12.,-61.1934866161479));
#3851=CARTESIAN_POINT('Ctrl Pts',(3.96680564442926,12.,-61.5534908801453));
#3852=CARTESIAN_POINT('',(15.4026494719293,12.,-58.349964011692));
#3853=CARTESIAN_POINT('',(15.4026494719293,12.,-58.349964011692));
#3854=CARTESIAN_POINT('',(13.1026494719293,12.,-58.349964011692));
#3855=CARTESIAN_POINT('',(14.4026494719293,12.,-58.349964011692));
#3856=CARTESIAN_POINT('',(13.1026494719293,12.,-60.550014811794));
#3857=CARTESIAN_POINT('',(13.1026494719293,12.,-58.349964011692));
#3858=CARTESIAN_POINT('',(14.4026494719293,12.,-60.550014811794));
#3859=CARTESIAN_POINT('',(11.4026494719293,12.,-60.550014811794));
#3860=CARTESIAN_POINT('',(14.4026494719293,12.,-61.550014811794));
#3861=CARTESIAN_POINT('',(14.4026494719293,12.,-60.550014811794));
#3862=CARTESIAN_POINT('',(63.1773510213323,12.,-61.550014811794));
#3863=CARTESIAN_POINT('Origin',(14.4026494719293,0.,-60.550014811794));
#3864=CARTESIAN_POINT('',(14.4026494719293,0.,-61.550014811794));
#3865=CARTESIAN_POINT('',(14.4026494719293,0.,-60.550014811794));
#3866=CARTESIAN_POINT('Origin',(15.4026494719293,0.,-58.349964011692));
#3867=CARTESIAN_POINT('',(13.1026494719293,0.,-58.349964011692));
#3868=CARTESIAN_POINT('',(15.4026494719293,0.,-58.349964011692));
#3869=CARTESIAN_POINT('Origin',(15.4026494719293,0.,-57.349964011692));
#3870=CARTESIAN_POINT('Origin',(14.4026494719293,0.,-61.550014811794));
#3871=CARTESIAN_POINT('',(3.96535991503688,6.,-61.5500148140257));
#3872=CARTESIAN_POINT('Ctrl Pts',(3.96535991195448,12.,-61.550014811794));
#3873=CARTESIAN_POINT('Ctrl Pts',(3.96535991195448,10.,-61.550014811794));
#3874=CARTESIAN_POINT('Ctrl Pts',(3.96535991195448,8.,-61.550014811794));
#3875=CARTESIAN_POINT('Ctrl Pts',(3.96535991195448,6.,-61.550014811794));
#3876=CARTESIAN_POINT('',(3.57903203335483,6.,-61.550014811794));
#3877=CARTESIAN_POINT('Ctrl Pts',(3.57903203335481,6.,-61.550014811794));
#3878=CARTESIAN_POINT('Ctrl Pts',(3.57903203335481,5.00302010791452,-61.550014811794));
#3879=CARTESIAN_POINT('Ctrl Pts',(3.57903203335485,4.00604021582903,-61.5500148117941));
#3880=CARTESIAN_POINT('Ctrl Pts',(3.57903203335485,2.33937354916236,-61.5500148117941));
#3881=CARTESIAN_POINT('Ctrl Pts',(3.57903203335483,1.66968677458118,-61.550014811794));
#3882=CARTESIAN_POINT('Ctrl Pts',(3.57903203335483,1.,-61.550014811794));
#3883=CARTESIAN_POINT('',(26.5964175058817,6.,-61.550014811794));
#3884=CARTESIAN_POINT('Origin',(13.1026494719293,0.,-60.550014811794));
#3885=CARTESIAN_POINT('',(13.1026494719293,0.,-60.550014811794));
#3886=CARTESIAN_POINT('Origin',(13.1026494719293,0.,-58.349964011692));
#3887=CARTESIAN_POINT('Origin',(38.790185539834,6.,-33.7835142417181));
#3888=CARTESIAN_POINT('',(1.8341779317517,6.,-52.2886794920499));
#3889=CARTESIAN_POINT('Ctrl Pts',(1.8341779317517,6.,-52.2886794920499));
#3890=CARTESIAN_POINT('Ctrl Pts',(1.85415795526652,6.,-54.0129870052264));
#3891=CARTESIAN_POINT('Ctrl Pts',(1.9047612700147,6.,-55.2571201626528));
#3892=CARTESIAN_POINT('Ctrl Pts',(2.0240047667888,6.,-56.2812240039607));
#3893=CARTESIAN_POINT('Ctrl Pts',(2.06789223421222,6.,-56.6581445504853));
#3894=CARTESIAN_POINT('Ctrl Pts',(2.10996204125695,6.,-56.9795503543684));
#3895=CARTESIAN_POINT('Ctrl Pts',(2.18617844860327,6.,-57.3584085841717));
#3896=CARTESIAN_POINT('',(1.834309960392,6.,-41.5028650681681));
#3897=CARTESIAN_POINT('',(1.8341779317517,6.,-52.2886794920499));
#3898=CARTESIAN_POINT('',(33.7580057418536,6.,-41.5032596654261));
#3899=CARTESIAN_POINT('',(33.7580057418536,6.,-41.5032596654261));
#3900=CARTESIAN_POINT('',(33.7580057418536,6.,-51.5032957613967));
#3901=CARTESIAN_POINT('',(33.7580057418536,6.,-51.5032957613967));
#3902=CARTESIAN_POINT('',(39.9580057418537,6.,-51.5032957613966));
#3903=CARTESIAN_POINT('',(39.7580057418536,6.,-51.5032957613966));
#3904=CARTESIAN_POINT('',(39.9580057418537,6.,-55.8128424202036));
#3905=CARTESIAN_POINT('',(39.9580057418537,6.,-56.2803954533));
#3906=CARTESIAN_POINT('',(61.7386485366988,6.,-55.8128424202035));
#3907=CARTESIAN_POINT('',(50.2644170382664,6.,-55.8128424202035));
#3908=CARTESIAN_POINT('',(62.6341166160479,6.,-55.4178537278043));
#3909=CARTESIAN_POINT('Ctrl Pts',(61.7386485366989,6.,-55.8128424202033));
#3910=CARTESIAN_POINT('Ctrl Pts',(61.7386911994011,6.,-55.8126835775582));
#3911=CARTESIAN_POINT('Ctrl Pts',(61.7409835135091,6.,-55.8041517984611));
#3912=CARTESIAN_POINT('Ctrl Pts',(61.7456722457167,6.,-55.7870216082315));
#3913=CARTESIAN_POINT('Ctrl Pts',(61.7531047484997,6.,-55.7608837842618));
#3914=CARTESIAN_POINT('Ctrl Pts',(61.7637926007238,6.,-55.7257047655405));
#3915=CARTESIAN_POINT('Ctrl Pts',(61.7783065210859,6.,-55.6830614485699));
#3916=CARTESIAN_POINT('Ctrl Pts',(61.7939585639962,6.,-55.6432182350289));
#3917=CARTESIAN_POINT('Ctrl Pts',(61.8106674859799,6.,-55.6075214149657));
#3918=CARTESIAN_POINT('Ctrl Pts',(61.8283423777682,6.,-55.5767777621026));
#3919=CARTESIAN_POINT('Ctrl Pts',(61.8468618357268,6.,-55.5509490218916));
#3920=CARTESIAN_POINT('Ctrl Pts',(61.8660988927417,6.,-55.5291806883416));
#3921=CARTESIAN_POINT('Ctrl Pts',(61.8859936999537,6.,-55.5101975238776));
#3922=CARTESIAN_POINT('Ctrl Pts',(61.9066186254854,6.,-55.4926134167509));
#3923=CARTESIAN_POINT('Ctrl Pts',(61.9282360102634,6.,-55.4752524301872));
#3924=CARTESIAN_POINT('Ctrl Pts',(61.9513845550583,6.,-55.457521445846));
#3925=CARTESIAN_POINT('Ctrl Pts',(61.9768691534296,6.,-55.4395733567538));
#3926=CARTESIAN_POINT('Ctrl Pts',(62.0055472145308,6.,-55.4220179275022));
#3927=CARTESIAN_POINT('Ctrl Pts',(62.0381594540265,6.,-55.4057300582048));
#3928=CARTESIAN_POINT('Ctrl Pts',(62.0751395140234,6.,-55.3916167753356));
#3929=CARTESIAN_POINT('Ctrl Pts',(62.1164400509601,6.,-55.380408143937));
#3930=CARTESIAN_POINT('Ctrl Pts',(62.1613304354517,6.,-55.3724210896103));
#3931=CARTESIAN_POINT('Ctrl Pts',(62.2085743505552,6.,-55.3676277979081));
#3932=CARTESIAN_POINT('Ctrl Pts',(62.2566386410097,6.,-55.3657474824023));
#3933=CARTESIAN_POINT('Ctrl Pts',(62.3038874785,6.,-55.3663284284687));
#3934=CARTESIAN_POINT('Ctrl Pts',(62.3487894929234,6.,-55.3688363741641));
#3935=CARTESIAN_POINT('Ctrl Pts',(62.390103137448,6.,-55.3727342848876));
#3936=CARTESIAN_POINT('Ctrl Pts',(62.4271133260161,6.,-55.3775805407701));
#3937=CARTESIAN_POINT('Ctrl Pts',(62.4595992620464,6.,-55.3830317856545));
#3938=CARTESIAN_POINT('Ctrl Pts',(62.4877031549063,6.,-55.3888108837424));
#3939=CARTESIAN_POINT('Ctrl Pts',(62.5118297387462,6.,-55.3946853271837));
#3940=CARTESIAN_POINT('Ctrl Pts',(62.5325376332729,6.,-55.4004435656962));
#3941=CARTESIAN_POINT('Ctrl Pts',(62.5504238057791,6.,-55.4058668231533));
#3942=CARTESIAN_POINT('Ctrl Pts',(62.5660504017399,6.,-55.4107230267295));
#3943=CARTESIAN_POINT('Ctrl Pts',(62.5799288273436,6.,-55.4147903525632));
#3944=CARTESIAN_POINT('Ctrl Pts',(62.5924896435789,6.,-55.4178729187394));
#3945=CARTESIAN_POINT('Ctrl Pts',(62.6040570107662,6.,-55.4198203564809));
#3946=CARTESIAN_POINT('Ctrl Pts',(62.6148243266287,6.,-55.4205439084547));
#3947=CARTESIAN_POINT('Ctrl Pts',(62.6228761492483,6.,-55.4201085850104));
#3948=CARTESIAN_POINT('Ctrl Pts',(62.6286135729109,6.,-55.4192053797881));
#3949=CARTESIAN_POINT('Ctrl Pts',(62.6323045905981,6.,-55.418346987553));
#3950=CARTESIAN_POINT('Ctrl Pts',(62.6341166160479,6.,-55.4178537278043));
#3951=CARTESIAN_POINT('',(64.9804419382654,6.,-55.4178537278042));
#3952=CARTESIAN_POINT('',(64.9804419382654,6.,-55.4178537278042));
#3953=CARTESIAN_POINT('',(65.8284018131516,6.,-55.8128424202035));
#3954=CARTESIAN_POINT('Ctrl Pts',(64.9804419382652,6.,-55.4178537278043));
#3955=CARTESIAN_POINT('Ctrl Pts',(64.9881181388089,6.,-55.4174727724462));
#3956=CARTESIAN_POINT('Ctrl Pts',(65.0032512804909,6.,-55.4167905240928));
#3957=CARTESIAN_POINT('Ctrl Pts',(65.0252932208935,6.,-55.4160061274821));
#3958=CARTESIAN_POINT('Ctrl Pts',(65.0533666132409,6.,-55.4154384101245));
#3959=CARTESIAN_POINT('Ctrl Pts',(65.0862885803003,6.,-55.4154962722662));
#3960=CARTESIAN_POINT('Ctrl Pts',(65.1171124399675,6.,-55.4162342695357));
#3961=CARTESIAN_POINT('Ctrl Pts',(65.145985288386,6.,-55.4174737088286));
#3962=CARTESIAN_POINT('Ctrl Pts',(65.1731504425704,6.,-55.4189228186086));
#3963=CARTESIAN_POINT('Ctrl Pts',(65.1989842815,6.,-55.420125618055));
#3964=CARTESIAN_POINT('Ctrl Pts',(65.2239389079175,6.,-55.4205833856543));
#3965=CARTESIAN_POINT('Ctrl Pts',(65.2484556118584,6.,-55.4199295856968));
#3966=CARTESIAN_POINT('Ctrl Pts',(65.272887869266,6.,-55.4180876052951));
#3967=CARTESIAN_POINT('Ctrl Pts',(65.2974207757162,6.,-55.4154346182889));
#3968=CARTESIAN_POINT('Ctrl Pts',(65.321990387835,6.,-55.412967091993));
#3969=CARTESIAN_POINT('Ctrl Pts',(65.3464056254039,6.,-55.4119650521234));
#3970=CARTESIAN_POINT('Ctrl Pts',(65.3704803817985,6.,-55.4136327888891));
#3971=CARTESIAN_POINT('Ctrl Pts',(65.3941484383319,6.,-55.4187784971754));
#3972=CARTESIAN_POINT('Ctrl Pts',(65.4176170827265,6.,-55.4274064296987));
#3973=CARTESIAN_POINT('Ctrl Pts',(65.4414050349957,6.,-55.4385706250992));
#3974=CARTESIAN_POINT('Ctrl Pts',(65.4660852106333,6.,-55.4509058383011));
#3975=CARTESIAN_POINT('Ctrl Pts',(65.4920675616101,6.,-55.4630561015318));
#3976=CARTESIAN_POINT('Ctrl Pts',(65.519397087787,6.,-55.4740937900032));
#3977=CARTESIAN_POINT('Ctrl Pts',(65.5474703364825,6.,-55.4840629650233));
#3978=CARTESIAN_POINT('Ctrl Pts',(65.5750509316175,6.,-55.4940451444723));
#3979=CARTESIAN_POINT('Ctrl Pts',(65.6007166558495,6.,-55.5055262635325));
#3980=CARTESIAN_POINT('Ctrl Pts',(65.6232248915017,6.,-55.5199021767361));
#3981=CARTESIAN_POINT('Ctrl Pts',(65.6418628835534,6.,-55.5379932830245));
#3982=CARTESIAN_POINT('Ctrl Pts',(65.6569221325805,6.,-55.5593966624383));
#3983=CARTESIAN_POINT('Ctrl Pts',(65.6696747599879,6.,-55.5825079942441));
#3984=CARTESIAN_POINT('Ctrl Pts',(65.6817943669278,6.,-55.6052930227782));
#3985=CARTESIAN_POINT('Ctrl Pts',(65.6949007362658,6.,-55.6258929358771));
#3986=CARTESIAN_POINT('Ctrl Pts',(65.7101037627045,6.,-55.643228123665));
#3987=CARTESIAN_POINT('Ctrl Pts',(65.7274218401298,6.,-55.6577784968621));
#3988=CARTESIAN_POINT('Ctrl Pts',(65.7459670790959,6.,-55.6712924200015));
#3989=CARTESIAN_POINT('Ctrl Pts',(65.7644561845482,6.,-55.686041245411));
#3990=CARTESIAN_POINT('Ctrl Pts',(65.7816110348311,6.,-55.7042274149068));
#3991=CARTESIAN_POINT('Ctrl Pts',(65.7966147357007,6.,-55.727315925346));
#3992=CARTESIAN_POINT('Ctrl Pts',(65.8087778036851,6.,-55.7538230259365));
#3993=CARTESIAN_POINT('Ctrl Pts',(65.8173011385171,6.,-55.7775856909797));
#3994=CARTESIAN_POINT('Ctrl Pts',(65.8232181924697,6.,-55.7959825089627));
#3995=CARTESIAN_POINT('Ctrl Pts',(65.8268842965618,6.,-55.8078614901578));
#3996=CARTESIAN_POINT('Ctrl Pts',(65.8284018131516,6.,-55.8128424202035));
#3997=CARTESIAN_POINT('',(72.4804549189783,6.,-55.8128424202046));
#3998=CARTESIAN_POINT('',(55.6353202294062,6.,-55.8128424202035));
#3999=CARTESIAN_POINT('',(72.4804549189791,6.,-5.11703424647266));
#4000=CARTESIAN_POINT('',(72.4804549189789,6.,-19.4502742440957));
#4001=CARTESIAN_POINT('',(8.98089495996312,6.,-5.11703424647169));
#4002=CARTESIAN_POINT('',(23.8855402498988,6.,-5.11703424647191));
#4003=CARTESIAN_POINT('',(8.98089495996311,6.,-2.28110632672909));
#4004=CARTESIAN_POINT('',(8.98089495996327,6.,-18.0323102842238));
#4005=CARTESIAN_POINT('',(1.51465002846475,6.,-15.569243198942));
#4006=CARTESIAN_POINT('Ctrl Pts',(1.51465002846475,6.,-15.569243198942));
#4007=CARTESIAN_POINT('Ctrl Pts',(1.54204070540838,6.,-13.2678747666227));
#4008=CARTESIAN_POINT('Ctrl Pts',(1.61676925002054,6.,-11.7535829386652));
#4009=CARTESIAN_POINT('Ctrl Pts',(1.89111300617304,6.,-10.402355473224));
#4010=CARTESIAN_POINT('Ctrl Pts',(2.1600415026252,6.,-9.07779982908553));
#4011=CARTESIAN_POINT('Ctrl Pts',(2.64094294432343,6.,-7.90329769041061));
#4012=CARTESIAN_POINT('Ctrl Pts',(3.26985480655595,6.,-6.84293761300839));
#4013=CARTESIAN_POINT('Ctrl Pts',(4.16371273162025,6.,-5.33587229030448));
#4014=CARTESIAN_POINT('Ctrl Pts',(5.32587493281661,6.,-4.11638395455168));
#4015=CARTESIAN_POINT('Ctrl Pts',(6.77778332766334,6.,-3.25358099208985));
#4016=CARTESIAN_POINT('Ctrl Pts',(7.47609084408109,6.,-2.83860867289048));
#4017=CARTESIAN_POINT('Ctrl Pts',(8.22415196637291,6.,-2.52132795814466));
#4018=CARTESIAN_POINT('Ctrl Pts',(8.97629845105085,6.,-2.28399786944483));
#4019=CARTESIAN_POINT('',(1.51419941197548,6.,-52.2923871708141));
#4020=CARTESIAN_POINT('',(1.51453723192597,6.,-24.7616354703763));
#4021=CARTESIAN_POINT('Ctrl Pts',(1.86157955322442,6.,-57.3477310210587));
#4022=CARTESIAN_POINT('Ctrl Pts',(1.816843419576,6.,-57.1137927098891));
#4023=CARTESIAN_POINT('Ctrl Pts',(1.78398887094382,6.,-56.9079547158945));
#4024=CARTESIAN_POINT('Ctrl Pts',(1.75176086268178,6.,-56.6760948143718));
#4025=CARTESIAN_POINT('Ctrl Pts',(1.59279251153902,6.,-55.5324192281706));
#4026=CARTESIAN_POINT('Ctrl Pts',(1.53635019217985,6.,-54.2040344069034));
#4027=CARTESIAN_POINT('Ctrl Pts',(1.51419941197548,6.,-52.2923871708141));
#4028=CARTESIAN_POINT('',(3.48089495996255,6.,-11.1170342464716));
#4029=CARTESIAN_POINT('',(3.48089495996258,6.,-20.2128424229232));
#4030=CARTESIAN_POINT('',(3.48089495996255,6.,-11.1170342464716));
#4031=CARTESIAN_POINT('',(9.48089495996255,6.,-11.1170342464716));
#4032=CARTESIAN_POINT('',(9.48089495996255,6.,-11.1170342464716));
#4033=CARTESIAN_POINT('',(9.48089495996256,6.,-20.2128424229232));
#4034=CARTESIAN_POINT('',(9.48089495996256,6.,-20.2128424229232));
#4035=CARTESIAN_POINT('',(3.48089495996258,6.,-20.2128424229232));
#4036=CARTESIAN_POINT('',(11.5345714281964,6.,-37.3032957616258));
#4037=CARTESIAN_POINT('',(70.5345714281963,6.,-37.3032957616257));
#4038=CARTESIAN_POINT('',(58.9580057418536,6.,-37.3032957616257));
#4039=CARTESIAN_POINT('',(11.5345714281964,6.,-37.3025664839642));
#4040=CARTESIAN_POINT('',(11.5345714281964,6.,-9.3032957616259));
#4041=CARTESIAN_POINT('',(70.5345714281963,6.,-37.3032957616257));
#4042=CARTESIAN_POINT('Origin',(38.790185539834,6.,-33.7835142417181));
#4043=CARTESIAN_POINT('',(14.9178084410382,6.,-66.3856989395067));
#4044=CARTESIAN_POINT('Ctrl Pts',(14.9178084410379,6.,-66.3856989395067));
#4045=CARTESIAN_POINT('Ctrl Pts',(14.9104011408463,6.,-66.3855145410756));
#4046=CARTESIAN_POINT('Ctrl Pts',(14.9029885711293,6.,-66.3853286998627));
#4047=CARTESIAN_POINT('Ctrl Pts',(14.8955681248569,6.,-66.3851413325154));
#4048=CARTESIAN_POINT('Ctrl Pts',(12.5720393236586,6.,-66.3264718924454));
#4049=CARTESIAN_POINT('Ctrl Pts',(10.7034954420408,6.,-66.1603179818752));
#4050=CARTESIAN_POINT('Ctrl Pts',(8.97187080762237,6.,-65.61606130097));
#4051=CARTESIAN_POINT('Ctrl Pts',(7.87979139926152,6.,-65.2728162914769));
#4052=CARTESIAN_POINT('Ctrl Pts',(6.82709561291851,6.,-64.7640181760489));
#4053=CARTESIAN_POINT('Ctrl Pts',(5.87384674741924,6.,-64.0357497406173));
#4054=CARTESIAN_POINT('Ctrl Pts',(5.10268756513418,6.,-63.4465952066045));
#4055=CARTESIAN_POINT('Ctrl Pts',(4.46443490997363,6.,-62.7606476632791));
#4056=CARTESIAN_POINT('Ctrl Pts',(3.96790479180778,6.,-62.1006672802098));
#4057=CARTESIAN_POINT('Ctrl Pts',(3.82871377047055,6.,-61.915656663087));
#4058=CARTESIAN_POINT('Ctrl Pts',(3.69898176823599,6.,-61.7322280089424));
#4059=CARTESIAN_POINT('Ctrl Pts',(3.5779653252896,6.,-61.5508982156155));
#4060=CARTESIAN_POINT('',(35.6396055363783,6.,-66.3856989395069));
#4061=CARTESIAN_POINT('',(26.8540668991223,6.,-66.3856989395068));
#4062=CARTESIAN_POINT('',(35.6396055363783,6.,-66.0657980484256));
#4063=CARTESIAN_POINT('',(35.6396055363783,6.,-67.9));
#4064=CARTESIAN_POINT('',(14.9257721013337,6.,-66.0657980484253));
#4065=CARTESIAN_POINT('',(62.6542278986698,6.,-66.065798048426));
#4066=CARTESIAN_POINT('Ctrl Pts',(3.96680564646449,6.,-61.5534908830915));
#4067=CARTESIAN_POINT('Ctrl Pts',(4.24713670814568,6.,-61.9593041445127));
#4068=CARTESIAN_POINT('Ctrl Pts',(4.57479835265961,6.,-62.3744731577863));
#4069=CARTESIAN_POINT('Ctrl Pts',(4.95836286174325,6.,-62.7803654485995));
#4070=CARTESIAN_POINT('Ctrl Pts',(5.54330128837635,6.,-63.3993538908254));
#4071=CARTESIAN_POINT('Ctrl Pts',(6.26851473160101,6.,-63.9827390695391));
#4072=CARTESIAN_POINT('Ctrl Pts',(7.03333447407131,6.,-64.4253229488595));
#4073=CARTESIAN_POINT('Ctrl Pts',(8.53392770686979,6.,-65.293682298618));
#4074=CARTESIAN_POINT('Ctrl Pts',(10.2441396998426,6.,-65.7277004202292));
#4075=CARTESIAN_POINT('Ctrl Pts',(12.3235749776347,6.,-65.9242776465659));
#4076=CARTESIAN_POINT('Ctrl Pts',(13.1257668922554,6.,-66.0001120152765));
#4077=CARTESIAN_POINT('Ctrl Pts',(13.9880734723335,6.,-66.0424548394838));
#4078=CARTESIAN_POINT('Ctrl Pts',(14.9257721013338,6.,-66.0657980484257));
#4079=CARTESIAN_POINT('Ctrl Pts',(1.51419941197548,8.25,-52.2923871708141));
#4080=CARTESIAN_POINT('Ctrl Pts',(1.51419941197548,-0.01,-52.2923871708141));
#4081=CARTESIAN_POINT('Ctrl Pts',(1.53635019217985,8.25,-54.2040344069034));
#4082=CARTESIAN_POINT('Ctrl Pts',(1.53635019217985,-0.01,-54.2040344069034));
#4083=CARTESIAN_POINT('Ctrl Pts',(1.59279251153902,8.25,-55.5324192281706));
#4084=CARTESIAN_POINT('Ctrl Pts',(1.59279251153902,-0.0100000000000011,
-55.5324192281706));
#4085=CARTESIAN_POINT('Ctrl Pts',(1.75176086268178,8.25,-56.6760948143718));
#4086=CARTESIAN_POINT('Ctrl Pts',(1.75176086268178,-0.0100000000000011,
-56.6760948143718));
#4087=CARTESIAN_POINT('Ctrl Pts',(1.78886301175354,8.25,-56.9430210407806));
#4088=CARTESIAN_POINT('Ctrl Pts',(1.78886301175354,-0.0100000000000011,
-56.9430210407806));
#4089=CARTESIAN_POINT('Ctrl Pts',(1.82679554728463,8.25,-57.1754590830483));
#4090=CARTESIAN_POINT('Ctrl Pts',(1.82679554728463,-0.00999999999999779,
-57.1754590830483));
#4091=CARTESIAN_POINT('Ctrl Pts',(1.88273138431169,8.25,-57.4559884773424));
#4092=CARTESIAN_POINT('Ctrl Pts',(1.88273138431169,-0.00999999999999779,
-57.4559884773424));
#4093=CARTESIAN_POINT('Ctrl Pts',(1.94532683591592,8.25,-57.7699171688108));
#4094=CARTESIAN_POINT('Ctrl Pts',(1.94532683591592,-0.00999999999999779,
-57.7699171688108));
#4095=CARTESIAN_POINT('Ctrl Pts',(2.04227748141584,8.25,-58.1950967507526));
#4096=CARTESIAN_POINT('Ctrl Pts',(2.04227748141584,-0.01,-58.1950967507526));
#4097=CARTESIAN_POINT('Ctrl Pts',(2.20216354435453,8.25,-58.6940067283289));
#4098=CARTESIAN_POINT('Ctrl Pts',(2.20216354435453,-0.01,-58.6940067283289));
#4099=CARTESIAN_POINT('Ctrl Pts',(2.50713959611515,8.25,-59.645656874368));
#4100=CARTESIAN_POINT('Ctrl Pts',(2.50713959611515,-0.01,-59.645656874368));
#4101=CARTESIAN_POINT('Ctrl Pts',(3.01660599838743,8.25,-60.8362151973954));
#4102=CARTESIAN_POINT('Ctrl Pts',(3.01660599838743,-0.00999999999999779,
-60.8362151973954));
#4103=CARTESIAN_POINT('Ctrl Pts',(3.96790479180778,8.25,-62.1006672802098));
#4104=CARTESIAN_POINT('Ctrl Pts',(3.96790479180778,-0.00999999999999779,
-62.1006672802098));
#4105=CARTESIAN_POINT('Ctrl Pts',(4.46443490997363,8.25,-62.7606476632791));
#4106=CARTESIAN_POINT('Ctrl Pts',(4.46443490997363,-0.00999999999999779,
-62.7606476632791));
#4107=CARTESIAN_POINT('Ctrl Pts',(5.10268756513418,8.25,-63.4465952066045));
#4108=CARTESIAN_POINT('Ctrl Pts',(5.10268756513418,-0.0100000000000022,
-63.4465952066045));
#4109=CARTESIAN_POINT('Ctrl Pts',(5.87384674741924,8.25,-64.0357497406173));
#4110=CARTESIAN_POINT('Ctrl Pts',(5.87384674741924,-0.0100000000000022,
-64.0357497406173));
#4111=CARTESIAN_POINT('Ctrl Pts',(6.82709561291851,8.25,-64.7640181760489));
#4112=CARTESIAN_POINT('Ctrl Pts',(6.82709561291851,-0.0100000000000022,
-64.7640181760489));
#4113=CARTESIAN_POINT('Ctrl Pts',(7.87979139926152,8.25,-65.2728162914769));
#4114=CARTESIAN_POINT('Ctrl Pts',(7.87979139926152,-0.0100000000000011,
-65.2728162914769));
#4115=CARTESIAN_POINT('Ctrl Pts',(8.97187080762238,8.25,-65.61606130097));
#4116=CARTESIAN_POINT('Ctrl Pts',(8.97187080762238,-0.0100000000000011,
-65.61606130097));
#4117=CARTESIAN_POINT('Ctrl Pts',(10.7034954420408,8.25,-66.1603179818752));
#4118=CARTESIAN_POINT('Ctrl Pts',(10.7034954420408,-0.0100000000000011,
-66.1603179818752));
#4119=CARTESIAN_POINT('Ctrl Pts',(12.5720393236586,8.25,-66.3264718924454));
#4120=CARTESIAN_POINT('Ctrl Pts',(12.5720393236586,-0.0099999999999989,
-66.3264718924454));
#4121=CARTESIAN_POINT('Ctrl Pts',(14.8955681248569,8.25,-66.3851413325154));
#4122=CARTESIAN_POINT('Ctrl Pts',(14.8955681248569,-0.01,-66.3851413325154));
#4123=CARTESIAN_POINT('Ctrl Pts',(14.9029885711293,8.25,-66.3853286998627));
#4124=CARTESIAN_POINT('Ctrl Pts',(14.9029885711293,-0.01,-66.3853286998627));
#4125=CARTESIAN_POINT('Ctrl Pts',(14.9104011408463,8.25,-66.3855145410756));
#4126=CARTESIAN_POINT('Ctrl Pts',(14.9104011408463,-0.01,-66.3855145410756));
#4127=CARTESIAN_POINT('Ctrl Pts',(14.9178084410379,8.25,-66.3856989395067));
#4128=CARTESIAN_POINT('Ctrl Pts',(14.9178084410379,-0.01,-66.3856989395067));
#4129=CARTESIAN_POINT('',(1.51419941197548,0.0181206474871617,-52.292387170814));
#4130=CARTESIAN_POINT('',(1.51419941197548,8.25,-52.2923871708141));
#4131=CARTESIAN_POINT('Ctrl Pts',(1.86157955399345,0.0181206474871641,-57.3477310250802));
#4132=CARTESIAN_POINT('Ctrl Pts',(1.81684341995253,0.0181206474871634,-57.1137927122481));
#4133=CARTESIAN_POINT('Ctrl Pts',(1.78398887112849,0.0181206474871609,-56.9079547172231));
#4134=CARTESIAN_POINT('Ctrl Pts',(1.75176086268178,0.0181206474871609,-56.6760948143718));
#4135=CARTESIAN_POINT('Ctrl Pts',(1.59279251153902,0.0181206474871609,-55.5324192281706));
#4136=CARTESIAN_POINT('Ctrl Pts',(1.53635019217985,0.018120647487162,-54.2040344069034));
#4137=CARTESIAN_POINT('Ctrl Pts',(1.51419941197548,0.018120647487162,-52.2923871708141));
#4138=CARTESIAN_POINT('Ctrl Pts',(1.51419941197548,8.25,-52.2923871708141));
#4139=CARTESIAN_POINT('Ctrl Pts',(1.51419941197548,-0.01,-52.2923871708141));
#4140=CARTESIAN_POINT('Ctrl Pts',(1.53635019217985,8.25,-54.2040344069034));
#4141=CARTESIAN_POINT('Ctrl Pts',(1.53635019217985,-0.01,-54.2040344069034));
#4142=CARTESIAN_POINT('Ctrl Pts',(1.59279251153902,8.25,-55.5324192281706));
#4143=CARTESIAN_POINT('Ctrl Pts',(1.59279251153902,-0.0100000000000011,
-55.5324192281706));
#4144=CARTESIAN_POINT('Ctrl Pts',(1.75176086268178,8.25,-56.6760948143718));
#4145=CARTESIAN_POINT('Ctrl Pts',(1.75176086268178,-0.0100000000000011,
-56.6760948143718));
#4146=CARTESIAN_POINT('Ctrl Pts',(1.78886301175354,8.25,-56.9430210407806));
#4147=CARTESIAN_POINT('Ctrl Pts',(1.78886301175354,-0.0100000000000011,
-56.9430210407806));
#4148=CARTESIAN_POINT('Ctrl Pts',(1.82679554728463,8.25,-57.1754590830483));
#4149=CARTESIAN_POINT('Ctrl Pts',(1.82679554728463,-0.00999999999999779,
-57.1754590830483));
#4150=CARTESIAN_POINT('Ctrl Pts',(1.88273138431169,8.25,-57.4559884773424));
#4151=CARTESIAN_POINT('Ctrl Pts',(1.88273138431169,-0.00999999999999779,
-57.4559884773424));
#4152=CARTESIAN_POINT('Ctrl Pts',(1.94532683591592,8.25,-57.7699171688108));
#4153=CARTESIAN_POINT('Ctrl Pts',(1.94532683591592,-0.00999999999999779,
-57.7699171688108));
#4154=CARTESIAN_POINT('Ctrl Pts',(2.04227748141584,8.25,-58.1950967507526));
#4155=CARTESIAN_POINT('Ctrl Pts',(2.04227748141584,-0.01,-58.1950967507526));
#4156=CARTESIAN_POINT('Ctrl Pts',(2.20216354435453,8.25,-58.6940067283289));
#4157=CARTESIAN_POINT('Ctrl Pts',(2.20216354435453,-0.01,-58.6940067283289));
#4158=CARTESIAN_POINT('Ctrl Pts',(2.50713959611515,8.25,-59.645656874368));
#4159=CARTESIAN_POINT('Ctrl Pts',(2.50713959611515,-0.01,-59.645656874368));
#4160=CARTESIAN_POINT('Ctrl Pts',(3.01660599838743,8.25,-60.8362151973954));
#4161=CARTESIAN_POINT('Ctrl Pts',(3.01660599838743,-0.00999999999999779,
-60.8362151973954));
#4162=CARTESIAN_POINT('Ctrl Pts',(3.96790479180778,8.25,-62.1006672802098));
#4163=CARTESIAN_POINT('Ctrl Pts',(3.96790479180778,-0.00999999999999779,
-62.1006672802098));
#4164=CARTESIAN_POINT('Ctrl Pts',(4.46443490997363,8.25,-62.7606476632791));
#4165=CARTESIAN_POINT('Ctrl Pts',(4.46443490997363,-0.00999999999999779,
-62.7606476632791));
#4166=CARTESIAN_POINT('Ctrl Pts',(5.10268756513418,8.25,-63.4465952066045));
#4167=CARTESIAN_POINT('Ctrl Pts',(5.10268756513418,-0.0100000000000022,
-63.4465952066045));
#4168=CARTESIAN_POINT('Ctrl Pts',(5.87384674741924,8.25,-64.0357497406173));
#4169=CARTESIAN_POINT('Ctrl Pts',(5.87384674741924,-0.0100000000000022,
-64.0357497406173));
#4170=CARTESIAN_POINT('Ctrl Pts',(6.82709561291851,8.25,-64.7640181760489));
#4171=CARTESIAN_POINT('Ctrl Pts',(6.82709561291851,-0.0100000000000022,
-64.7640181760489));
#4172=CARTESIAN_POINT('Ctrl Pts',(7.87979139926152,8.25,-65.2728162914769));
#4173=CARTESIAN_POINT('Ctrl Pts',(7.87979139926152,-0.0100000000000011,
-65.2728162914769));
#4174=CARTESIAN_POINT('Ctrl Pts',(8.97187080762238,8.25,-65.61606130097));
#4175=CARTESIAN_POINT('Ctrl Pts',(8.97187080762238,-0.0100000000000011,
-65.61606130097));
#4176=CARTESIAN_POINT('Ctrl Pts',(10.7034954420408,8.25,-66.1603179818752));
#4177=CARTESIAN_POINT('Ctrl Pts',(10.7034954420408,-0.0100000000000011,
-66.1603179818752));
#4178=CARTESIAN_POINT('Ctrl Pts',(12.5720393236586,8.25,-66.3264718924454));
#4179=CARTESIAN_POINT('Ctrl Pts',(12.5720393236586,-0.0099999999999989,
-66.3264718924454));
#4180=CARTESIAN_POINT('Ctrl Pts',(14.8955681248569,8.25,-66.3851413325154));
#4181=CARTESIAN_POINT('Ctrl Pts',(14.8955681248569,-0.01,-66.3851413325154));
#4182=CARTESIAN_POINT('Ctrl Pts',(14.9029885711293,8.25,-66.3853286998627));
#4183=CARTESIAN_POINT('Ctrl Pts',(14.9029885711293,-0.01,-66.3853286998627));
#4184=CARTESIAN_POINT('Ctrl Pts',(14.9104011408463,8.25,-66.3855145410756));
#4185=CARTESIAN_POINT('Ctrl Pts',(14.9104011408463,-0.01,-66.3855145410756));
#4186=CARTESIAN_POINT('Ctrl Pts',(14.9178084410379,8.25,-66.3856989395067));
#4187=CARTESIAN_POINT('Ctrl Pts',(14.9178084410379,-0.01,-66.3856989395067));
#4188=CARTESIAN_POINT('',(14.9178084410382,8.25,-66.3856989395067));
#4189=CARTESIAN_POINT('Ctrl Pts',(14.9178084410379,0.,-66.385698939507));
#4190=CARTESIAN_POINT('Ctrl Pts',(14.9178084410379,1.,-66.385698939507));
#4191=CARTESIAN_POINT('Ctrl Pts',(13.3990839624143,0.,-66.3478915867678));
#4192=CARTESIAN_POINT('Ctrl Pts',(13.3990839624143,1.,-66.3478915867678));
#4193=CARTESIAN_POINT('Ctrl Pts',(12.089474859394,0.,-66.2618095496504));
#4194=CARTESIAN_POINT('Ctrl Pts',(12.089474859394,1.,-66.2618095496504));
#4195=CARTESIAN_POINT('Ctrl Pts',(9.68010752130372,0.,-65.8650870662124));
#4196=CARTESIAN_POINT('Ctrl Pts',(9.68010752130372,1.,-65.8650870662124));
#4197=CARTESIAN_POINT('Ctrl Pts',(8.51938422533859,0.,-65.5406000794918));
#4198=CARTESIAN_POINT('Ctrl Pts',(8.51938422533859,1.,-65.5406000794918));
#4199=CARTESIAN_POINT('Ctrl Pts',(6.26625784969993,0.,-64.4239401294611));
#4200=CARTESIAN_POINT('Ctrl Pts',(6.26625784969993,1.,-64.4239401294611));
#4201=CARTESIAN_POINT('Ctrl Pts',(5.27696043592625,0.,-63.6504854448575));
#4202=CARTESIAN_POINT('Ctrl Pts',(5.27696043592625,1.,-63.6504854448575));
#4203=CARTESIAN_POINT('Ctrl Pts',(3.48997523723078,0.,-61.5884916256113));
#4204=CARTESIAN_POINT('Ctrl Pts',(3.48997523723078,1.,-61.5884916256113));
#4205=CARTESIAN_POINT('Ctrl Pts',(2.70954710553788,0.,-60.2317465046255));
#4206=CARTESIAN_POINT('Ctrl Pts',(2.70954710553788,1.,-60.2317465046255));
#4207=CARTESIAN_POINT('Ctrl Pts',(2.07940120651039,0.,-58.3236487311041));
#4208=CARTESIAN_POINT('Ctrl Pts',(2.07940120651039,1.,-58.3236487311041));
#4209=CARTESIAN_POINT('Ctrl Pts',(1.95813600563964,0.,-57.8547288281645));
#4210=CARTESIAN_POINT('Ctrl Pts',(1.95813600563964,1.,-57.8547288281645));
#4211=CARTESIAN_POINT('Ctrl Pts',(1.8620746408301,0.,-57.349964011692));
#4212=CARTESIAN_POINT('Ctrl Pts',(1.8620746408301,1.,-57.349964011692));
#4213=CARTESIAN_POINT('',(14.9178084410382,0.018120647487162,-66.3856989395067));
#4214=CARTESIAN_POINT('',(3.57903203335483,0.0181206474871618,-61.550014811794));
#4215=CARTESIAN_POINT('Ctrl Pts',(14.9178084410379,0.0181206474871631,-66.385698939507));
#4216=CARTESIAN_POINT('Ctrl Pts',(13.3990839624143,0.0181206474871631,-66.3478915867678));
#4217=CARTESIAN_POINT('Ctrl Pts',(12.089474859394,0.0181206474871631,-66.2618095496504));
#4218=CARTESIAN_POINT('Ctrl Pts',(9.68010752130372,0.0181206474871631,-65.8650870662124));
#4219=CARTESIAN_POINT('Ctrl Pts',(8.51938422533859,0.0181206474871631,-65.5406000794919));
#4220=CARTESIAN_POINT('Ctrl Pts',(6.26625784969993,0.0181206474871631,-64.4239401294611));
#4221=CARTESIAN_POINT('Ctrl Pts',(5.27696043592625,0.0181206474871631,-63.6504854448575));
#4222=CARTESIAN_POINT('Ctrl Pts',(4.12905589689911,0.0181206474871631,-62.3259237941586));
#4223=CARTESIAN_POINT('Ctrl Pts',(3.84321433439438,0.0181206474871631,-61.949011845519));
#4224=CARTESIAN_POINT('Ctrl Pts',(3.57870767426335,0.0181206474871631,-61.5502299548132));
#4225=CARTESIAN_POINT('',(14.9178084410382,0.,-66.3856989395067));
#4226=CARTESIAN_POINT('Ctrl Pts',(3.57870767426335,0.0181206474871614,-61.5502299548132));
#4227=CARTESIAN_POINT('Ctrl Pts',(3.01983718160895,0.0181206474871614,-60.7076521852781));
#4228=CARTESIAN_POINT('Ctrl Pts',(2.55621116495783,0.0181206474871614,-59.7674413853298));
#4229=CARTESIAN_POINT('Ctrl Pts',(2.07940120651039,0.0181206474871614,-58.3236487311041));
#4230=CARTESIAN_POINT('Ctrl Pts',(1.95813600563964,0.0181206474871614,-57.8547288281645));
#4231=CARTESIAN_POINT('Ctrl Pts',(1.8620746408301,0.0181206474871614,-57.349964011692));
#4232=CARTESIAN_POINT('Origin',(62.6621915589658,0.,-66.3856989395058));
#4233=CARTESIAN_POINT('',(62.6621915589667,0.018120647487172,-66.3856989395071));
#4234=CARTESIAN_POINT('Ctrl Pts',(62.6621915589667,0.018120647487172,-66.3856989395071));
#4235=CARTESIAN_POINT('Ctrl Pts',(54.704794372647,0.0181206474871695,-66.385698939507));
#4236=CARTESIAN_POINT('Ctrl Pts',(46.7473971863272,0.0181206474871666,-66.385698939507));
#4237=CARTESIAN_POINT('Ctrl Pts',(30.8326028136844,0.0181206474871616,-66.3856989395069));
#4238=CARTESIAN_POINT('Ctrl Pts',(22.8752056273613,0.0181206474871645,-66.3856989395068));
#4239=CARTESIAN_POINT('Ctrl Pts',(14.9178084410382,0.018120647487162,-66.3856989395067));
#4240=CARTESIAN_POINT('',(62.6621915589658,0.,-66.3856989395071));
#4241=CARTESIAN_POINT('Ctrl Pts',(66.7594049358599,0.,-66.0527274229756));
#4242=CARTESIAN_POINT('Ctrl Pts',(66.7594049358599,1.,-66.0527274229756));
#4243=CARTESIAN_POINT('Ctrl Pts',(65.5468659779915,0.,-66.25759515593));
#4244=CARTESIAN_POINT('Ctrl Pts',(65.5468659779915,1.,-66.25759515593));
#4245=CARTESIAN_POINT('Ctrl Pts',(64.2076506359309,0.,-66.3472260517053));
#4246=CARTESIAN_POINT('Ctrl Pts',(64.2076506359309,1.,-66.3472260517053));
#4247=CARTESIAN_POINT('Ctrl Pts',(62.6621915589658,0.,-66.3856989395071));
#4248=CARTESIAN_POINT('Ctrl Pts',(62.6621915589658,1.,-66.3856989395071));
#4249=CARTESIAN_POINT('',(66.7594049358599,0.018120647487163,-66.0527274229756));
#4250=CARTESIAN_POINT('Ctrl Pts',(66.7594049358599,0.0181206474871631,-66.0527274229756));
#4251=CARTESIAN_POINT('Ctrl Pts',(65.5468659779915,0.0181206474871631,-66.25759515593));
#4252=CARTESIAN_POINT('Ctrl Pts',(64.2076506359309,0.0181206474871631,-66.3472260517053));
#4253=CARTESIAN_POINT('Ctrl Pts',(62.6621915589658,0.0181206474871631,-66.3856989395071));
#4254=CARTESIAN_POINT('',(66.7594049358599,0.,-66.0527274229756));
#4255=CARTESIAN_POINT('Ctrl Pts',(75.7142459228851,0.,-57.3692156200796));
#4256=CARTESIAN_POINT('Ctrl Pts',(75.7142459228851,1.,-57.3692156200796));
#4257=CARTESIAN_POINT('Ctrl Pts',(75.7042679047219,0.,-57.4212008600767));
#4258=CARTESIAN_POINT('Ctrl Pts',(75.7042679047219,1.,-57.4212008600767));
#4259=CARTESIAN_POINT('Ctrl Pts',(75.6940211173384,0.,-57.4727933854846));
#4260=CARTESIAN_POINT('Ctrl Pts',(75.6940211173384,1.,-57.4727933854846));
#4261=CARTESIAN_POINT('Ctrl Pts',(75.3554130267301,0.,-59.1216551127304));
#4262=CARTESIAN_POINT('Ctrl Pts',(75.3554130267301,1.,-59.1216551127304));
#4263=CARTESIAN_POINT('Ctrl Pts',(74.7833406378234,0.,-60.2792425265431));
#4264=CARTESIAN_POINT('Ctrl Pts',(74.7833406378234,1.,-60.2792425265431));
#4265=CARTESIAN_POINT('Ctrl Pts',(73.5866543210228,0.,-62.2494666797098));
#4266=CARTESIAN_POINT('Ctrl Pts',(73.5866543210228,1.,-62.2494666797098));
#4267=CARTESIAN_POINT('Ctrl Pts',(72.7913365739069,0.,-63.1786391138912));
#4268=CARTESIAN_POINT('Ctrl Pts',(72.7913365739069,1.,-63.1786391138912));
#4269=CARTESIAN_POINT('Ctrl Pts',(70.7796848141443,0.,-64.7707433878376));
#4270=CARTESIAN_POINT('Ctrl Pts',(70.7796848141443,1.,-64.7707433878376));
#4271=CARTESIAN_POINT('Ctrl Pts',(69.6033830698763,0.,-65.3354231252299));
#4272=CARTESIAN_POINT('Ctrl Pts',(69.6033830698763,1.,-65.3354231252299));
#4273=CARTESIAN_POINT('Ctrl Pts',(67.812540497703,0.,-65.8478970585001));
#4274=CARTESIAN_POINT('Ctrl Pts',(67.812540497703,1.,-65.8478970585001));
#4275=CARTESIAN_POINT('Ctrl Pts',(67.2986454819141,0.,-65.9616186074853));
#4276=CARTESIAN_POINT('Ctrl Pts',(67.2986454819141,1.,-65.9616186074853));
#4277=CARTESIAN_POINT('Ctrl Pts',(66.7594049358599,0.,-66.0527274229756));
#4278=CARTESIAN_POINT('Ctrl Pts',(66.7594049358599,1.,-66.0527274229756));
#4279=CARTESIAN_POINT('',(75.7142474191754,0.0181207068645443,-57.3692156231001));
#4280=CARTESIAN_POINT('',(74.0283678205204,0.0181206474871626,-61.5084706075914));
#4281=CARTESIAN_POINT('Ctrl Pts',(75.7129669582833,0.0181206486013527,-57.3710421395577));
#4282=CARTESIAN_POINT('Ctrl Pts',(75.6003198698698,0.0181206486013527,-57.9599141516456));
#4283=CARTESIAN_POINT('Ctrl Pts',(75.4506339383464,0.0181206486013527,-58.5053035243848));
#4284=CARTESIAN_POINT('Ctrl Pts',(75.2483328080252,0.0181206486013527,-59.06244743955));
#4285=CARTESIAN_POINT('Ctrl Pts',(74.9518372660571,0.0181206486013527,-59.8790058385017));
#4286=CARTESIAN_POINT('Ctrl Pts',(74.5423228614127,0.0181206486013527,-60.7208133108508));
#4287=CARTESIAN_POINT('Ctrl Pts',(74.0269823171417,0.0181206486013527,-61.50643108475));
#4288=CARTESIAN_POINT('',(75.7142474191754,0.,-57.3692156231001));
#4289=CARTESIAN_POINT('Ctrl Pts',(74.0285623256422,0.0181206474871628,-61.5085980201225));
#4290=CARTESIAN_POINT('Ctrl Pts',(73.41340883986,0.0181206474871628,-62.4476775788382));
#4291=CARTESIAN_POINT('Ctrl Pts',(72.6880688530254,0.0181206474871628,-63.260369452643));
#4292=CARTESIAN_POINT('Ctrl Pts',(71.832708134497,0.0181206474871628,-63.9373372474544));
#4293=CARTESIAN_POINT('Ctrl Pts',(70.7796848141443,0.0181206474871628,-64.7707433878376));
#4294=CARTESIAN_POINT('Ctrl Pts',(69.6033830698763,0.0181206474871628,-65.3354231252299));
#4295=CARTESIAN_POINT('Ctrl Pts',(68.308478807699,0.0181206474871628,-65.7059775730399));
#4296=CARTESIAN_POINT('Ctrl Pts',(67.812540497703,0.0181206474871628,-65.8478970585001));
#4297=CARTESIAN_POINT('Ctrl Pts',(67.2986454819141,0.0181206474871628,-65.9616186074853));
#4298=CARTESIAN_POINT('Ctrl Pts',(66.7594049358599,0.0181206474871628,-66.0527274229756));
#4299=CARTESIAN_POINT('Origin',(66.1773510213323,0.,-57.349964011692));
#4300=CARTESIAN_POINT('',(75.7142474191754,1.,-57.3692156231001));
#4301=CARTESIAN_POINT('Ctrl Pts',(75.7142474191754,1.,-57.3692156231001));
#4302=CARTESIAN_POINT('Ctrl Pts',(75.7142474191754,0.672706902288181,-57.3692156231002));
#4303=CARTESIAN_POINT('Ctrl Pts',(75.7142459228853,0.345413804576363,-57.3692156200797));
#4304=CARTESIAN_POINT('Ctrl Pts',(75.7142459228851,0.0181207068645443,-57.3692156200797));
#4305=CARTESIAN_POINT('',(66.7594049358598,1.,-57.3511389721103));
#4306=CARTESIAN_POINT('',(54.3264988829959,1.,-57.3260413443268));
#4307=CARTESIAN_POINT('',(66.7594049358598,12.,-57.3511389721103));
#4308=CARTESIAN_POINT('',(66.7594049358598,3.,-57.3511389721103));
#4309=CARTESIAN_POINT('',(66.1773510213323,12.,-57.349964011692));
#4310=CARTESIAN_POINT('Origin',(14.9178084410385,8.25,-66.3856989395067));
#4311=CARTESIAN_POINT('',(62.6621915589667,6.,-66.3856989395071));
#4312=CARTESIAN_POINT('',(62.6621915589667,8.24999999999999,-66.3856989395071));
#4313=CARTESIAN_POINT('',(41.9403944636276,6.,-66.3856989395069));
#4314=CARTESIAN_POINT('',(26.8540668991223,6.,-66.3856989395068));
#4315=CARTESIAN_POINT('',(41.6800000000029,2.25812064748716,-66.3856989395069));
#4316=CARTESIAN_POINT('Origin',(41.6800000000029,4.13812064748716,-66.3856989395067));
#4317=CARTESIAN_POINT('',(35.9000000000029,2.25812064748716,-66.3856989395069));
#4318=CARTESIAN_POINT('',(25.4089042205207,2.25812064748716,-66.3856989395068));
#4319=CARTESIAN_POINT('Origin',(35.9000000000029,4.13812064748716,-66.3856989395067));
#4320=CARTESIAN_POINT('Origin',(42.5231224657494,1.,-33.7835142417344));
#4321=CARTESIAN_POINT('',(75.9257302831546,1.,-55.8128424202046));
#4322=CARTESIAN_POINT('Ctrl Pts',(75.9265594322311,1.,-55.8191956794557));
#4323=CARTESIAN_POINT('Ctrl Pts',(75.8758494048306,1.,-56.3777054552589));
#4324=CARTESIAN_POINT('Ctrl Pts',(75.807358064345,1.,-56.8850756348366));
#4325=CARTESIAN_POINT('Ctrl Pts',(75.7142423500503,1.,-57.3693481681912));
#4326=CARTESIAN_POINT('',(76.0653499715357,1.,-52.3307568010136));
#4327=CARTESIAN_POINT('Ctrl Pts',(76.0653499715357,1.,-52.3307568010136));
#4328=CARTESIAN_POINT('Ctrl Pts',(76.0485608795665,1.,-53.741378610261));
#4329=CARTESIAN_POINT('Ctrl Pts',(76.0139866358043,1.,-54.8562905033028));
#4330=CARTESIAN_POINT('Ctrl Pts',(75.9265594322311,1.,-55.8191956794555));
#4331=CARTESIAN_POINT('',(76.0658005880245,1.,-15.6076128291868));
#4332=CARTESIAN_POINT('',(76.0654637622811,1.,-43.0573413150739));
#4333=CARTESIAN_POINT('',(62.6621915589733,1.,-1.51430106049312));
#4334=CARTESIAN_POINT('Ctrl Pts',(62.6621915589733,1.,-1.51430106049312));
#4335=CARTESIAN_POINT('Ctrl Pts',(62.6695988591655,1.,-1.51448545892428));
#4336=CARTESIAN_POINT('Ctrl Pts',(62.677011428885,1.,-1.51467130013721));
#4337=CARTESIAN_POINT('Ctrl Pts',(62.6844318751615,1.,-1.51485866748463));
#4338=CARTESIAN_POINT('Ctrl Pts',(65.0079606763871,1.,-1.57352810755743));
#4339=CARTESIAN_POINT('Ctrl Pts',(66.8765045580941,1.,-1.73968201812607));
#4340=CARTESIAN_POINT('Ctrl Pts',(68.6081291926242,1.,-2.28393869910751));
#4341=CARTESIAN_POINT('Ctrl Pts',(69.7002086009856,1.,-2.62718370862667));
#4342=CARTESIAN_POINT('Ctrl Pts',(70.7529043873268,1.,-3.13598182408993));
#4343=CARTESIAN_POINT('Ctrl Pts',(71.7061532528166,1.,-3.86425025956243));
#4344=CARTESIAN_POINT('Ctrl Pts',(72.4773124350223,1.,-4.45340479355351));
#4345=CARTESIAN_POINT('Ctrl Pts',(73.1155650900976,1.,-5.13935233681089));
#4346=CARTESIAN_POINT('Ctrl Pts',(73.6120952082161,1.,-5.79933271982237));
#4347=CARTESIAN_POINT('Ctrl Pts',(74.563394001609,1.,-7.06378480261028));
#4348=CARTESIAN_POINT('Ctrl Pts',(75.0728604038746,1.,-8.25434312561018));
#4349=CARTESIAN_POINT('Ctrl Pts',(75.3778364556352,1.,-9.20599327163903));
#4350=CARTESIAN_POINT('Ctrl Pts',(75.5377225185771,1.,-9.70490324921974));
#4351=CARTESIAN_POINT('Ctrl Pts',(75.6346731640799,1.,-10.130082831169));
#4352=CARTESIAN_POINT('Ctrl Pts',(75.6972686156866,1.,-10.4440115226486));
#4353=CARTESIAN_POINT('Ctrl Pts',(75.7532044527166,1.,-10.7245409169565));
#4354=CARTESIAN_POINT('Ctrl Pts',(75.7911369882495,0.999999999999999,-10.9569789592373));
#4355=CARTESIAN_POINT('Ctrl Pts',(75.8282391373227,0.999999999999999,-11.2239051856601));
#4356=CARTESIAN_POINT('Ctrl Pts',(75.9872074884639,0.999999999999999,-12.3675807718688));
#4357=CARTESIAN_POINT('Ctrl Pts',(76.0436498078206,1.,-13.6959655931359));
#4358=CARTESIAN_POINT('Ctrl Pts',(76.0658005880245,1.,-15.6076128291868));
#4359=CARTESIAN_POINT('',(14.9178084410258,1.,-1.51430106049314));
#4360=CARTESIAN_POINT('',(52.5926570123614,1.,-1.51430106049312));
#4361=CARTESIAN_POINT('',(8.98089495996311,1.,-2.28110632672909));
#4362=CARTESIAN_POINT('Ctrl Pts',(8.97629845105086,1.,-2.28399786944483));
#4363=CARTESIAN_POINT('Ctrl Pts',(9.31995984255475,1.,-2.17555996514052));
#4364=CARTESIAN_POINT('Ctrl Pts',(9.6644741126526,1.,-2.08381291248754));
#4365=CARTESIAN_POINT('Ctrl Pts',(10.0054851472076,1.,-2.0070644693294));
#4366=CARTESIAN_POINT('Ctrl Pts',(11.1901576617117,1.,-1.74044033718341));
#4367=CARTESIAN_POINT('Ctrl Pts',(12.3752248284561,1.,-1.62511158755336));
#4368=CARTESIAN_POINT('Ctrl Pts',(13.662368313473,1.,-1.56031042453817));
#4369=CARTESIAN_POINT('Ctrl Pts',(14.0654177350288,1.,-1.54001892512615));
#4370=CARTESIAN_POINT('Ctrl Pts',(14.4761975743827,1.,-1.52544783486021));
#4371=CARTESIAN_POINT('Ctrl Pts',(14.8955681248379,1.,-1.51485866748464));
#4372=CARTESIAN_POINT('Ctrl Pts',(14.9029887557634,1.,-1.51467129547481));
#4373=CARTESIAN_POINT('Ctrl Pts',(14.9104012992983,1.,-1.51448545497945));
#4374=CARTESIAN_POINT('Ctrl Pts',(14.9178084410258,1.,-1.51430106049314));
#4375=CARTESIAN_POINT('',(8.98089495996312,1.,-5.11703424647169));
#4376=CARTESIAN_POINT('',(8.98089495996312,1.,-5.11703424647169));
#4377=CARTESIAN_POINT('',(72.4804549189791,1.,-5.11703424647266));
#4378=CARTESIAN_POINT('',(8.98089495996312,1.,-5.11703424647169));
#4379=CARTESIAN_POINT('',(72.4804549189783,1.,-55.8128424202046));
#4380=CARTESIAN_POINT('',(72.4804549189791,1.,-5.11703424647266));
#4381=CARTESIAN_POINT('',(65.8284018131516,1.,-55.8128424202035));
#4382=CARTESIAN_POINT('',(8.98045491897832,1.,-55.8128424202036));
#4383=CARTESIAN_POINT('',(66.7312095167318,1.,-56.6937307208503));
#4384=CARTESIAN_POINT('Ctrl Pts',(65.8284018131519,1.,-55.8128424202045));
#4385=CARTESIAN_POINT('Ctrl Pts',(65.8290110238965,1.,-55.8148420267477));
#4386=CARTESIAN_POINT('Ctrl Pts',(65.8317403734776,1.,-55.823847030401));
#4387=CARTESIAN_POINT('Ctrl Pts',(65.8365459355181,1.,-55.840024711295));
#4388=CARTESIAN_POINT('Ctrl Pts',(65.8434115888042,1.,-55.8634232323253));
#4389=CARTESIAN_POINT('Ctrl Pts',(65.8523829486531,1.,-55.8932266741117));
#4390=CARTESIAN_POINT('Ctrl Pts',(65.862196415688,1.,-55.9254877730548));
#4391=CARTESIAN_POINT('Ctrl Pts',(65.870140469612,1.,-55.9542558595476));
#4392=CARTESIAN_POINT('Ctrl Pts',(65.8749337769137,1.,-55.9791321457449));
#4393=CARTESIAN_POINT('Ctrl Pts',(65.8756716106349,1.,-56.0004318196388));
#4394=CARTESIAN_POINT('Ctrl Pts',(65.8722412892733,1.,-56.019267339834));
#4395=CARTESIAN_POINT('Ctrl Pts',(65.8658572725156,1.,-56.037720968062));
#4396=CARTESIAN_POINT('Ctrl Pts',(65.8585802670059,1.,-56.0583402443525));
#4397=CARTESIAN_POINT('Ctrl Pts',(65.8526169033566,1.,-56.0834847096794));
#4398=CARTESIAN_POINT('Ctrl Pts',(65.8497230330337,1.,-56.1147518861189));
#4399=CARTESIAN_POINT('Ctrl Pts',(65.8505005621465,1.,-56.1523053550539));
#4400=CARTESIAN_POINT('Ctrl Pts',(65.8539260278663,1.,-56.1944348215022));
#4401=CARTESIAN_POINT('Ctrl Pts',(65.8581040545548,1.,-56.2383700906223));
#4402=CARTESIAN_POINT('Ctrl Pts',(65.8608548080012,1.,-56.2809245686077));
#4403=CARTESIAN_POINT('Ctrl Pts',(65.8604010774699,1.,-56.3192404353195));
#4404=CARTESIAN_POINT('Ctrl Pts',(65.855931001243,1.,-56.3514075860545));
#4405=CARTESIAN_POINT('Ctrl Pts',(65.8484164185648,1.,-56.3773412504722));
#4406=CARTESIAN_POINT('Ctrl Pts',(65.8405637027793,1.,-56.3987820561654));
#4407=CARTESIAN_POINT('Ctrl Pts',(65.8357763219154,1.,-56.4182952438211));
#4408=CARTESIAN_POINT('Ctrl Pts',(65.837346593111,1.,-56.4385038914864));
#4409=CARTESIAN_POINT('Ctrl Pts',(65.8476134940407,1.,-56.4612831780232));
#4410=CARTESIAN_POINT('Ctrl Pts',(65.8669811098371,1.,-56.48682591888));
#4411=CARTESIAN_POINT('Ctrl Pts',(65.894263047041,1.,-56.5139607748498));
#4412=CARTESIAN_POINT('Ctrl Pts',(65.927314852364,1.,-56.5407431492466));
#4413=CARTESIAN_POINT('Ctrl Pts',(65.9635810816746,1.,-56.5649658848361));
#4414=CARTESIAN_POINT('Ctrl Pts',(66.00064308987,1.,-56.5846693210441));
#4415=CARTESIAN_POINT('Ctrl Pts',(66.0368499738389,1.,-56.5987336490641));
#4416=CARTESIAN_POINT('Ctrl Pts',(66.0716373176684,1.,-56.6071646736179));
#4417=CARTESIAN_POINT('Ctrl Pts',(66.1051539947204,1.,-56.6107003342771));
#4418=CARTESIAN_POINT('Ctrl Pts',(66.1380339864247,1.,-56.6105599590497));
#4419=CARTESIAN_POINT('Ctrl Pts',(66.17110899926,1.,-56.6081344984313));
#4420=CARTESIAN_POINT('Ctrl Pts',(66.2051507181939,1.,-56.6047080375562));
#4421=CARTESIAN_POINT('Ctrl Pts',(66.2405891477194,1.,-56.6011500815619));
#4422=CARTESIAN_POINT('Ctrl Pts',(66.2775290713702,1.,-56.5980088442664));
#4423=CARTESIAN_POINT('Ctrl Pts',(66.3157815255884,1.,-56.5956205778375));
#4424=CARTESIAN_POINT('Ctrl Pts',(66.3548865655058,1.,-56.59421842317));
#4425=CARTESIAN_POINT('Ctrl Pts',(66.3941465346177,1.,-56.5940290448495));
#4426=CARTESIAN_POINT('Ctrl Pts',(66.4326373922045,1.,-56.5954044128545));
#4427=CARTESIAN_POINT('Ctrl Pts',(66.4692905765069,1.,-56.5988317798207));
#4428=CARTESIAN_POINT('Ctrl Pts',(66.5030761641052,1.,-56.6047652066267));
#4429=CARTESIAN_POINT('Ctrl Pts',(66.5331639235747,1.,-56.6134980730669));
#4430=CARTESIAN_POINT('Ctrl Pts',(66.5590887312184,1.,-56.6250230456049));
#4431=CARTESIAN_POINT('Ctrl Pts',(66.5809254373198,1.,-56.6388874932653));
#4432=CARTESIAN_POINT('Ctrl Pts',(66.5994287826292,1.,-56.6540779748904));
#4433=CARTESIAN_POINT('Ctrl Pts',(66.6157734075851,1.,-56.6692546896818));
#4434=CARTESIAN_POINT('Ctrl Pts',(66.6313133555965,1.,-56.682969264353));
#4435=CARTESIAN_POINT('Ctrl Pts',(66.6473532436723,1.,-56.6938709960374));
#4436=CARTESIAN_POINT('Ctrl Pts',(66.6648690639596,1.,-56.7009607791234));
#4437=CARTESIAN_POINT('Ctrl Pts',(66.6844236121261,1.,-56.7036618291176));
#4438=CARTESIAN_POINT('Ctrl Pts',(66.7019285720724,1.,-56.7020769723503));
#4439=CARTESIAN_POINT('Ctrl Pts',(66.7161457200822,1.,-56.6987394702326));
#4440=CARTESIAN_POINT('Ctrl Pts',(66.7261076231134,1.,-56.6955594655544));
#4441=CARTESIAN_POINT('Ctrl Pts',(66.7312095167318,1.,-56.6937307208503));
#4442=CARTESIAN_POINT('',(66.7594049356858,1.,-56.6937307208503));
#4443=CARTESIAN_POINT('',(66.7312095167318,1.,-56.6937307208503));
#4444=CARTESIAN_POINT('',(66.7594049356858,1.,-56.6937307208503));
#4445=CARTESIAN_POINT('Ctrl Pts',(62.6621915589656,8.25,-66.3856989395071));
#4446=CARTESIAN_POINT('Ctrl Pts',(62.6621915589656,-0.01,-66.3856989395071));
#4447=CARTESIAN_POINT('Ctrl Pts',(62.6695987006935,8.25,-66.3855145450208));
#4448=CARTESIAN_POINT('Ctrl Pts',(62.6695987006935,-0.01,-66.3855145450208));
#4449=CARTESIAN_POINT('Ctrl Pts',(62.6770112442302,8.25,-66.3853287045254));
#4450=CARTESIAN_POINT('Ctrl Pts',(62.6770112442302,-0.0100000000000011,
-66.3853287045254));
#4451=CARTESIAN_POINT('Ctrl Pts',(62.6844318751562,8.25,-66.3851413325155));
#4452=CARTESIAN_POINT('Ctrl Pts',(62.6844318751562,-0.0100000000000011,
-66.3851413325155));
#4453=CARTESIAN_POINT('Ctrl Pts',(63.1038024254369,8.25,-66.3745521651444));
#4454=CARTESIAN_POINT('Ctrl Pts',(63.1038024254369,-0.0100000000000011,
-66.3745521651444));
#4455=CARTESIAN_POINT('Ctrl Pts',(63.5145822646191,8.25,-66.3599810748864));
#4456=CARTESIAN_POINT('Ctrl Pts',(63.5145822646191,-0.00999999999999779,
-66.3599810748864));
#4457=CARTESIAN_POINT('Ctrl Pts',(63.9176316860052,8.25,-66.3396895754881));
#4458=CARTESIAN_POINT('Ctrl Pts',(63.9176316860052,-0.00999999999999779,
-66.3396895754881));
#4459=CARTESIAN_POINT('Ctrl Pts',(65.2047751712407,8.25,-66.2748884124785));
#4460=CARTESIAN_POINT('Ctrl Pts',(65.2047751712407,-0.00999999999999779,
-66.2748884124785));
#4461=CARTESIAN_POINT('Ctrl Pts',(66.3898423381429,8.25,-66.1595596628509));
#4462=CARTESIAN_POINT('Ctrl Pts',(66.3898423381429,-0.0100000000000022,
-66.1595596628509));
#4463=CARTESIAN_POINT('Ctrl Pts',(67.5745148528215,8.25,-65.8929355306635));
#4464=CARTESIAN_POINT('Ctrl Pts',(67.5745148528215,-0.0100000000000022,
-65.8929355306635));
#4465=CARTESIAN_POINT('Ctrl Pts',(68.6618717301497,8.25,-65.6482133984257));
#4466=CARTESIAN_POINT('Ctrl Pts',(68.6618717301497,-0.0100000000000022,
-65.6482133984257));
#4467=CARTESIAN_POINT('Ctrl Pts',(69.7848471943419,8.25,-65.250995303938));
#4468=CARTESIAN_POINT('Ctrl Pts',(69.7848471943419,-0.0099999999999989,
-65.250995303938));
#4469=CARTESIAN_POINT('Ctrl Pts',(70.8022166723171,8.25,-64.6464190079224));
#4470=CARTESIAN_POINT('Ctrl Pts',(70.8022166723171,-0.0099999999999989,
-64.6464190079224));
#4471=CARTESIAN_POINT('Ctrl Pts',(72.2541250671462,8.25,-63.783616045476));
#4472=CARTESIAN_POINT('Ctrl Pts',(72.2541250671462,-0.0099999999999989,
-63.783616045476));
#4473=CARTESIAN_POINT('Ctrl Pts',(73.4162872683253,8.25,-62.5641277097535));
#4474=CARTESIAN_POINT('Ctrl Pts',(73.4162872683253,-0.01,-62.5641277097535));
#4475=CARTESIAN_POINT('Ctrl Pts',(74.3101451933854,8.25,-61.0570623870903));
#4476=CARTESIAN_POINT('Ctrl Pts',(74.3101451933854,-0.01,-61.0570623870903));
#4477=CARTESIAN_POINT('Ctrl Pts',(74.9390570556503,8.25,-59.9967023096571));
#4478=CARTESIAN_POINT('Ctrl Pts',(74.9390570556503,-0.01,-59.9967023096571));
#4479=CARTESIAN_POINT('Ctrl Pts',(75.4199584973713,8.25,-58.8222001709429));
#4480=CARTESIAN_POINT('Ctrl Pts',(75.4199584973713,-0.01,-58.8222001709429));
#4481=CARTESIAN_POINT('Ctrl Pts',(75.6888869938308,8.25,-57.4976445267572));
#4482=CARTESIAN_POINT('Ctrl Pts',(75.6888869938308,-0.01,-57.4976445267572));
#4483=CARTESIAN_POINT('Ctrl Pts',(75.9632307499829,8.25,-56.1464170613075));
#4484=CARTESIAN_POINT('Ctrl Pts',(75.9632307499829,-0.01,-56.1464170613075));
#4485=CARTESIAN_POINT('Ctrl Pts',(76.037959294593,8.25,-54.6321252333429));
#4486=CARTESIAN_POINT('Ctrl Pts',(76.037959294593,-0.01,-54.6321252333429));
#4487=CARTESIAN_POINT('Ctrl Pts',(76.0653499715357,8.25,-52.3307568010136));
#4488=CARTESIAN_POINT('Ctrl Pts',(76.0653499715357,-0.01,-52.3307568010136));
#4489=CARTESIAN_POINT('',(76.0653499715357,0.0181206474871642,-52.3307568010136));
#4490=CARTESIAN_POINT('Ctrl Pts',(76.0653499715357,0.0181206474871631,-52.3307568010136));
#4491=CARTESIAN_POINT('Ctrl Pts',(76.0388227742747,0.0181206474871631,-54.5595755520875));
#4492=CARTESIAN_POINT('Ctrl Pts',(75.9678952781254,0.0181206474871631,-56.0501600268019));
#4493=CARTESIAN_POINT('Ctrl Pts',(75.7142423500605,0.0181206474871631,-57.3693481681381));
#4494=CARTESIAN_POINT('',(76.0653499715357,8.25,-52.3307568010136));
#4495=CARTESIAN_POINT('Ctrl Pts',(62.6621915589656,8.25,-66.3856989395071));
#4496=CARTESIAN_POINT('Ctrl Pts',(62.6621915589656,-0.01,-66.3856989395071));
#4497=CARTESIAN_POINT('Ctrl Pts',(62.6695987006935,8.25,-66.3855145450208));
#4498=CARTESIAN_POINT('Ctrl Pts',(62.6695987006935,-0.01,-66.3855145450208));
#4499=CARTESIAN_POINT('Ctrl Pts',(62.6770112442302,8.25,-66.3853287045254));
#4500=CARTESIAN_POINT('Ctrl Pts',(62.6770112442302,-0.0100000000000011,
-66.3853287045254));
#4501=CARTESIAN_POINT('Ctrl Pts',(62.6844318751562,8.25,-66.3851413325155));
#4502=CARTESIAN_POINT('Ctrl Pts',(62.6844318751562,-0.0100000000000011,
-66.3851413325155));
#4503=CARTESIAN_POINT('Ctrl Pts',(63.1038024254369,8.25,-66.3745521651444));
#4504=CARTESIAN_POINT('Ctrl Pts',(63.1038024254369,-0.0100000000000011,
-66.3745521651444));
#4505=CARTESIAN_POINT('Ctrl Pts',(63.5145822646191,8.25,-66.3599810748864));
#4506=CARTESIAN_POINT('Ctrl Pts',(63.5145822646191,-0.00999999999999779,
-66.3599810748864));
#4507=CARTESIAN_POINT('Ctrl Pts',(63.9176316860052,8.25,-66.3396895754881));
#4508=CARTESIAN_POINT('Ctrl Pts',(63.9176316860052,-0.00999999999999779,
-66.3396895754881));
#4509=CARTESIAN_POINT('Ctrl Pts',(65.2047751712407,8.25,-66.2748884124785));
#4510=CARTESIAN_POINT('Ctrl Pts',(65.2047751712407,-0.00999999999999779,
-66.2748884124785));
#4511=CARTESIAN_POINT('Ctrl Pts',(66.3898423381429,8.25,-66.1595596628509));
#4512=CARTESIAN_POINT('Ctrl Pts',(66.3898423381429,-0.0100000000000022,
-66.1595596628509));
#4513=CARTESIAN_POINT('Ctrl Pts',(67.5745148528215,8.25,-65.8929355306635));
#4514=CARTESIAN_POINT('Ctrl Pts',(67.5745148528215,-0.0100000000000022,
-65.8929355306635));
#4515=CARTESIAN_POINT('Ctrl Pts',(68.6618717301497,8.25,-65.6482133984257));
#4516=CARTESIAN_POINT('Ctrl Pts',(68.6618717301497,-0.0100000000000022,
-65.6482133984257));
#4517=CARTESIAN_POINT('Ctrl Pts',(69.7848471943419,8.25,-65.250995303938));
#4518=CARTESIAN_POINT('Ctrl Pts',(69.7848471943419,-0.0099999999999989,
-65.250995303938));
#4519=CARTESIAN_POINT('Ctrl Pts',(70.8022166723171,8.25,-64.6464190079224));
#4520=CARTESIAN_POINT('Ctrl Pts',(70.8022166723171,-0.0099999999999989,
-64.6464190079224));
#4521=CARTESIAN_POINT('Ctrl Pts',(72.2541250671462,8.25,-63.783616045476));
#4522=CARTESIAN_POINT('Ctrl Pts',(72.2541250671462,-0.0099999999999989,
-63.783616045476));
#4523=CARTESIAN_POINT('Ctrl Pts',(73.4162872683253,8.25,-62.5641277097535));
#4524=CARTESIAN_POINT('Ctrl Pts',(73.4162872683253,-0.01,-62.5641277097535));
#4525=CARTESIAN_POINT('Ctrl Pts',(74.3101451933854,8.25,-61.0570623870903));
#4526=CARTESIAN_POINT('Ctrl Pts',(74.3101451933854,-0.01,-61.0570623870903));
#4527=CARTESIAN_POINT('Ctrl Pts',(74.9390570556503,8.25,-59.9967023096571));
#4528=CARTESIAN_POINT('Ctrl Pts',(74.9390570556503,-0.01,-59.9967023096571));
#4529=CARTESIAN_POINT('Ctrl Pts',(75.4199584973713,8.25,-58.8222001709429));
#4530=CARTESIAN_POINT('Ctrl Pts',(75.4199584973713,-0.01,-58.8222001709429));
#4531=CARTESIAN_POINT('Ctrl Pts',(75.6888869938308,8.25,-57.4976445267572));
#4532=CARTESIAN_POINT('Ctrl Pts',(75.6888869938308,-0.01,-57.4976445267572));
#4533=CARTESIAN_POINT('Ctrl Pts',(75.9632307499829,8.25,-56.1464170613075));
#4534=CARTESIAN_POINT('Ctrl Pts',(75.9632307499829,-0.01,-56.1464170613075));
#4535=CARTESIAN_POINT('Ctrl Pts',(76.037959294593,8.25,-54.6321252333429));
#4536=CARTESIAN_POINT('Ctrl Pts',(76.037959294593,-0.01,-54.6321252333429));
#4537=CARTESIAN_POINT('Ctrl Pts',(76.0653499715357,8.25,-52.3307568010136));
#4538=CARTESIAN_POINT('Ctrl Pts',(76.0653499715357,-0.01,-52.3307568010136));
#4539=CARTESIAN_POINT('Ctrl Pts',(66.7555690670485,6.,-66.0541593814394));
#4540=CARTESIAN_POINT('Ctrl Pts',(65.8391613550326,6.,-66.2099508712646));
#4541=CARTESIAN_POINT('Ctrl Pts',(64.908652159508,6.,-66.2897967080759));
#4542=CARTESIAN_POINT('Ctrl Pts',(63.9176316860052,6.,-66.3396895754881));
#4543=CARTESIAN_POINT('Ctrl Pts',(63.5145822646191,6.,-66.3599810748864));
#4544=CARTESIAN_POINT('Ctrl Pts',(63.1038024254369,6.,-66.3745521651444));
#4545=CARTESIAN_POINT('Ctrl Pts',(62.6844318751562,6.,-66.3851413325155));
#4546=CARTESIAN_POINT('Ctrl Pts',(62.6770112442302,6.,-66.3853287045254));
#4547=CARTESIAN_POINT('Ctrl Pts',(62.6695987006935,6.,-66.3855145450208));
#4548=CARTESIAN_POINT('Ctrl Pts',(62.6621915589656,6.,-66.3856989395071));
#4549=CARTESIAN_POINT('Origin',(35.9000000000029,2.25812064748716,-67.9));
#4550=CARTESIAN_POINT('',(41.6800000000029,2.25812064748716,-67.8999698264733));
#4551=CARTESIAN_POINT('',(41.6800000000029,2.25812064748716,-67.9));
#4552=CARTESIAN_POINT('',(35.9000000000029,2.25812064748716,-67.8999698264733));
#4553=CARTESIAN_POINT('Ctrl Pts',(35.9000000000029,2.25812064748716,-67.8999698264733));
#4554=CARTESIAN_POINT('Ctrl Pts',(37.8266666666696,2.25812064748716,-67.8999698264733));
#4555=CARTESIAN_POINT('Ctrl Pts',(39.7533333333363,2.25812064748716,-67.8999698264734));
#4556=CARTESIAN_POINT('Ctrl Pts',(41.6800000000029,2.25812064748716,-67.8999698264733));
#4557=CARTESIAN_POINT('',(35.9000000000029,2.25812064748716,-67.9));
#4558=CARTESIAN_POINT('Origin',(35.9000000000029,4.13812064748716,-67.9));
#4559=CARTESIAN_POINT('',(35.5832290009251,2.285,-67.9));
#4560=CARTESIAN_POINT('Ctrl Pts',(35.5832290009251,2.285,-67.9));
#4561=CARTESIAN_POINT('Ctrl Pts',(35.6205682995505,2.27861724939686,-67.9));
#4562=CARTESIAN_POINT('Ctrl Pts',(35.6580919926708,2.27336450262095,-67.8999950535255));
#4563=CARTESIAN_POINT('Ctrl Pts',(35.6957486800687,2.26924895625067,-67.8999896378621));
#4564=CARTESIAN_POINT('Ctrl Pts',(35.7233006697825,2.26623776490339,-67.8999856754237));
#4565=CARTESIAN_POINT('Ctrl Pts',(35.7509158824237,2.26383622257718,-67.8999814256702));
#4566=CARTESIAN_POINT('Ctrl Pts',(35.7785740638881,2.26204609085577,-67.8999779938665));
#4567=CARTESIAN_POINT('Ctrl Pts',(35.8023839145912,2.2605050362105,-67.8999750395604));
#4568=CARTESIAN_POINT('Ctrl Pts',(35.8262209442347,2.25941738863672,-67.8999726832127));
#4569=CARTESIAN_POINT('Ctrl Pts',(35.8500721994163,2.25878373923239,-67.8999712962184));
#4570=CARTESIAN_POINT('Ctrl Pts',(35.8667111306067,2.25834169755546,-67.8999703286339));
#4571=CARTESIAN_POINT('Ctrl Pts',(35.8833551979665,2.25812064748716,-67.8999698264733));
#4572=CARTESIAN_POINT('Ctrl Pts',(35.9000000000029,2.25812064748716,-67.8999698264733));
#4573=CARTESIAN_POINT('',(35.4562525139681,5.965,-67.9));
#4574=CARTESIAN_POINT('Origin',(35.9000000000029,4.13812064748716,-67.9));
#4575=CARTESIAN_POINT('',(35.9000000000029,6.01812064748716,-67.8998824337852));
#4576=CARTESIAN_POINT('Ctrl Pts',(35.9000000000029,6.01812064748716,-67.8998824337852));
#4577=CARTESIAN_POINT('Ctrl Pts',(35.8888719210523,6.01812064748716,-67.8998824337852));
#4578=CARTESIAN_POINT('Ctrl Pts',(35.8777440618751,6.01802184365633,-67.8998828706068));
#4579=CARTESIAN_POINT('Ctrl Pts',(35.8666177374129,6.01782424767107,-67.8998837370362));
#4580=CARTESIAN_POINT('Ctrl Pts',(35.8538176377023,6.01759692657126,-67.8998847338059));
#4581=CARTESIAN_POINT('Ctrl Pts',(35.8410201945435,6.01723886536783,-67.8998862996267));
#4582=CARTESIAN_POINT('Ctrl Pts',(35.8282274094256,6.01675012006599,-67.8998883998707));
#4583=CARTESIAN_POINT('Ctrl Pts',(35.7997965725472,6.0156639267294,-67.8998930674777));
#4584=CARTESIAN_POINT('Ctrl Pts',(35.7713940623079,6.01393247304556,-67.8999004148941));
#4585=CARTESIAN_POINT('Ctrl Pts',(35.7430418189647,6.0115570967443,-67.8999096125587));
#4586=CARTESIAN_POINT('Ctrl Pts',(35.6678708109396,6.00525920247032,-67.8999339985554));
#4587=CARTESIAN_POINT('Ctrl Pts',(35.5931667511733,5.99444201288413,-67.899973525163));
#4588=CARTESIAN_POINT('Ctrl Pts',(35.5193335913544,5.97917737073838,-67.8999916052284));
#4589=CARTESIAN_POINT('Ctrl Pts',(35.4982322871884,5.97481478003126,-67.8999967724589));
#4590=CARTESIAN_POINT('Ctrl Pts',(35.4772021181228,5.9700886415484,-67.9));
#4591=CARTESIAN_POINT('Ctrl Pts',(35.4562525139681,5.965,-67.9));
#4592=CARTESIAN_POINT('',(35.9000000000029,6.01812064748716,-66.0657980484256));
#4593=CARTESIAN_POINT('',(35.9000000000029,6.01812064748716,-67.9));
#4594=CARTESIAN_POINT('Origin',(35.9000000000029,4.13812064748716,-66.0657980484253));
#4595=CARTESIAN_POINT('Origin',(41.6800000000029,6.01812064748716,-67.9));
#4596=CARTESIAN_POINT('',(41.6800000000029,6.01812064748716,-66.0657980484257));
#4597=CARTESIAN_POINT('',(28.3028860506684,6.01812064748716,-66.0657980484255));
#4598=CARTESIAN_POINT('',(41.6800000000029,6.01812064748716,-67.8998824337852));
#4599=CARTESIAN_POINT('Ctrl Pts',(41.6800000000029,6.01812064748716,-67.8998824337852));
#4600=CARTESIAN_POINT('Ctrl Pts',(39.7533333333363,6.01812064748716,-67.8998824337852));
#4601=CARTESIAN_POINT('Ctrl Pts',(37.8266666666696,6.01812064748716,-67.8998824337852));
#4602=CARTESIAN_POINT('Ctrl Pts',(35.9000000000029,6.01812064748716,-67.8998824337852));
#4603=CARTESIAN_POINT('',(41.6800000000029,6.01812064748716,-67.9));
#4604=CARTESIAN_POINT('Origin',(41.6800000000029,4.13812064748716,-67.9));
#4605=CARTESIAN_POINT('',(41.9403944636276,6.,-66.0657980484257));
#4606=CARTESIAN_POINT('',(41.9403944636276,6.,-67.9));
#4607=CARTESIAN_POINT('Origin',(41.6800000000029,4.13812064748716,-66.0657980484253));
#4608=CARTESIAN_POINT('',(42.1237474860378,5.965,-67.9));
#4609=CARTESIAN_POINT('Ctrl Pts',(42.1237474860378,5.965,-67.9));
#4610=CARTESIAN_POINT('Ctrl Pts',(42.0732300966652,5.97727063215986,-67.9));
#4611=CARTESIAN_POINT('Ctrl Pts',(42.0222254282077,5.98744061386743,-67.8999816581874));
#4612=CARTESIAN_POINT('Ctrl Pts',(41.9708650308201,5.99548370673211,-67.8999611975102));
#4613=CARTESIAN_POINT('Ctrl Pts',(41.9133573780926,6.00448946632206,-67.8999382879227));
#4614=CARTESIAN_POINT('Ctrl Pts',(41.8554624319705,6.0108195493867,-67.899912987129));
#4615=CARTESIAN_POINT('Ctrl Pts',(41.7973673654938,6.01445348084022,-67.89989805354));
#4616=CARTESIAN_POINT('Ctrl Pts',(41.7743507375933,6.01589320460945,-67.8998921370159));
#4617=CARTESIAN_POINT('Ctrl Pts',(41.7513095692134,6.01690929535628,-67.89988772912));
#4618=CARTESIAN_POINT('Ctrl Pts',(41.7282555537821,6.01750123734369,-67.8998851491348));
#4619=CARTESIAN_POINT('Ctrl Pts',(41.7121736814945,6.01791416044039,-67.8998833494053));
#4620=CARTESIAN_POINT('Ctrl Pts',(41.6960871727334,6.01812064748716,-67.8998824337852));
#4621=CARTESIAN_POINT('Ctrl Pts',(41.6800000000029,6.01812064748716,-67.8998824337852));
#4622=CARTESIAN_POINT('',(41.9967709990808,2.285,-67.9));
#4623=CARTESIAN_POINT('Origin',(41.6800000000029,4.13812064748716,-67.9));
#4624=CARTESIAN_POINT('Ctrl Pts',(41.6800000000029,2.25812064748716,-67.8999698264733));
#4625=CARTESIAN_POINT('Ctrl Pts',(41.6887268650862,2.25812064748716,-67.8999698264733));
#4626=CARTESIAN_POINT('Ctrl Pts',(41.697453624282,2.25818141198681,-67.8999699632963));
#4627=CARTESIAN_POINT('Ctrl Pts',(41.7061796431836,2.25830293656864,-67.8999702341661));
#4628=CARTESIAN_POINT('Ctrl Pts',(41.7156587392015,2.25843494902388,-67.8999705284126));
#4629=CARTESIAN_POINT('Ctrl Pts',(41.7251367009765,2.25863865797161,-67.8999709809314));
#4630=CARTESIAN_POINT('Ctrl Pts',(41.7346127154125,2.25891404593543,-67.8999715807396));
#4631=CARTESIAN_POINT('Ctrl Pts',(41.7596402346481,2.25964138522016,-67.8999731649195));
#4632=CARTESIAN_POINT('Ctrl Pts',(41.7846507246408,2.26086863150418,-67.8999758030587));
#4633=CARTESIAN_POINT('Ctrl Pts',(41.8096292185415,2.26259505030085,-67.8999790336953));
#4634=CARTESIAN_POINT('Ctrl Pts',(41.872345227386,2.26692974305501,-67.8999871451786));
#4635=CARTESIAN_POINT('Ctrl Pts',(41.9348042908161,2.27440745918881,-67.9));
#4636=CARTESIAN_POINT('Ctrl Pts',(41.9967709990808,2.285,-67.9));
#4637=CARTESIAN_POINT('Origin',(62.6809252234209,0.,-67.9));
#4638=CARTESIAN_POINT('',(14.8990747765941,2.285,-67.9));
#4639=CARTESIAN_POINT('',(62.6809252234208,2.285,-67.9));
#4640=CARTESIAN_POINT('',(14.8990747765941,5.965,-67.9));
#4641=CARTESIAN_POINT('',(14.8990747765942,0.,-67.9));
#4642=CARTESIAN_POINT('',(62.6809252234208,5.965,-67.9));
#4643=CARTESIAN_POINT('Origin',(62.6809252234209,0.,-67.9));
#4644=CARTESIAN_POINT('',(62.6809252234209,5.965,-67.9000000000001));
#4645=CARTESIAN_POINT('',(62.6809252234208,5.965,-67.9));
#4646=CARTESIAN_POINT('',(62.6809252234209,2.285,-67.9000000000001));
#4647=CARTESIAN_POINT('',(62.6809252234209,0.,-67.9));
#4648=CARTESIAN_POINT('',(62.6809252234208,2.285,-67.9));
#4649=CARTESIAN_POINT('Ctrl Pts',(62.6809252234208,5.965,-67.9));
#4650=CARTESIAN_POINT('Ctrl Pts',(14.8990747765941,5.965,-67.9));
#4651=CARTESIAN_POINT('Ctrl Pts',(62.6809252234208,6.00325176262289,-67.9));
#4652=CARTESIAN_POINT('Ctrl Pts',(14.8990747765941,6.00325176262289,-67.9));
#4653=CARTESIAN_POINT('Ctrl Pts',(62.6809252234208,6.07931911771009,-67.8996946795428));
#4654=CARTESIAN_POINT('Ctrl Pts',(14.8990747765941,6.07931911771009,-67.8996946795428));
#4655=CARTESIAN_POINT('Ctrl Pts',(62.6809252234208,6.19211974422425,-67.8983265649891));
#4656=CARTESIAN_POINT('Ctrl Pts',(14.8990747765941,6.19211974422425,-67.8983265649891));
#4657=CARTESIAN_POINT('Ctrl Pts',(62.6809252234208,6.34167892418636,-67.8953072823423));
#4658=CARTESIAN_POINT('Ctrl Pts',(14.8990747765941,6.34167892418636,-67.8953072823424));
#4659=CARTESIAN_POINT('Ctrl Pts',(62.6809252234208,6.53594477658906,-67.8921520187407));
#4660=CARTESIAN_POINT('Ctrl Pts',(14.8990747765941,6.53594477658906,-67.8921520187407));
#4661=CARTESIAN_POINT('Ctrl Pts',(62.6809252234208,6.74413143944069,-67.889763350056));
#4662=CARTESIAN_POINT('Ctrl Pts',(14.8990747765941,6.74413143944069,-67.889763350056));
#4663=CARTESIAN_POINT('Ctrl Pts',(62.6809252234208,6.96802755366783,-67.8850079869915));
#4664=CARTESIAN_POINT('Ctrl Pts',(14.8990747765941,6.96802755366783,-67.8850079869915));
#4665=CARTESIAN_POINT('Ctrl Pts',(62.6809252234208,7.19346623165576,-67.8645638435266));
#4666=CARTESIAN_POINT('Ctrl Pts',(14.8990747765941,7.19346623165576,-67.8645638435266));
#4667=CARTESIAN_POINT('Ctrl Pts',(62.6809252234208,7.40054321552424,-67.8134501670487));
#4668=CARTESIAN_POINT('Ctrl Pts',(14.8990747765941,7.40054321552424,-67.8134501670487));
#4669=CARTESIAN_POINT('Ctrl Pts',(62.6809252234208,7.58382837310612,-67.7291087993582));
#4670=CARTESIAN_POINT('Ctrl Pts',(14.8990747765941,7.58382837310612,-67.7291087993582));
#4671=CARTESIAN_POINT('Ctrl Pts',(62.6809252234208,7.74171400868438,-67.6132468819591));
#4672=CARTESIAN_POINT('Ctrl Pts',(14.8990747765941,7.74171400868438,-67.6132468819591));
#4673=CARTESIAN_POINT('Ctrl Pts',(62.6809252234208,7.87666035006191,-67.4715538020013));
#4674=CARTESIAN_POINT('Ctrl Pts',(14.8990747765941,7.87666035006191,-67.4715538020013));
#4675=CARTESIAN_POINT('Ctrl Pts',(62.6809252234208,7.99100628191937,-67.3102398073343));
#4676=CARTESIAN_POINT('Ctrl Pts',(14.8990747765941,7.99100628191937,-67.3102398073343));
#4677=CARTESIAN_POINT('Ctrl Pts',(62.6809252234208,8.08443783000137,-67.1337599509768));
#4678=CARTESIAN_POINT('Ctrl Pts',(14.8990747765941,8.08443783000137,-67.1337599509768));
#4679=CARTESIAN_POINT('Ctrl Pts',(62.6809252234208,8.15510490560306,-66.9450861623583));
#4680=CARTESIAN_POINT('Ctrl Pts',(14.8990747765941,8.15510490560306,-66.9450861623583));
#4681=CARTESIAN_POINT('Ctrl Pts',(62.6809252234208,8.20209872760186,-66.7467656965664));
#4682=CARTESIAN_POINT('Ctrl Pts',(14.8990747765941,8.20209872760186,-66.7467656965664));
#4683=CARTESIAN_POINT('Ctrl Pts',(62.6809252234208,8.22651165502298,-66.541357978907));
#4684=CARTESIAN_POINT('Ctrl Pts',(14.8990747765941,8.22651165502298,-66.541357978907));
#4685=CARTESIAN_POINT('Ctrl Pts',(62.6809252234208,8.23520372950628,-66.3328622164857));
#4686=CARTESIAN_POINT('Ctrl Pts',(14.8990747765941,8.23520372950628,-66.3328622164857));
#4687=CARTESIAN_POINT('Ctrl Pts',(62.6809252234208,8.2382677929597,-66.1259219828996));
#4688=CARTESIAN_POINT('Ctrl Pts',(14.8990747765941,8.2382677929597,-66.1259219828996));
#4689=CARTESIAN_POINT('Ctrl Pts',(62.6809252234208,8.23976748902805,-65.922690786291));
#4690=CARTESIAN_POINT('Ctrl Pts',(14.8990747765941,8.23976748902805,-65.922690786291));
#4691=CARTESIAN_POINT('Ctrl Pts',(62.6809252234208,8.24186146186471,-65.7243531245504));
#4692=CARTESIAN_POINT('Ctrl Pts',(14.8990747765941,8.24186146186471,-65.7243531245504));
#4693=CARTESIAN_POINT('Ctrl Pts',(62.6809252234208,8.24450708825323,-65.5311045573878));
#4694=CARTESIAN_POINT('Ctrl Pts',(14.8990747765941,8.24450708825323,-65.5311045573878));
#4695=CARTESIAN_POINT('Ctrl Pts',(62.6809252234208,8.24693933344918,-65.3427434167624));
#4696=CARTESIAN_POINT('Ctrl Pts',(14.8990747765941,8.24693933344918,-65.3427434167624));
#4697=CARTESIAN_POINT('Ctrl Pts',(62.6809252234208,8.24849689459368,-65.1590401050448));
#4698=CARTESIAN_POINT('Ctrl Pts',(14.8990747765941,8.24849689459368,-65.1590401050448));
#4699=CARTESIAN_POINT('Ctrl Pts',(62.6809252234208,8.24884789876629,-64.9798476773856));
#4700=CARTESIAN_POINT('Ctrl Pts',(14.8990747765941,8.24884789876629,-64.9798476773856));
#4701=CARTESIAN_POINT('Ctrl Pts',(62.6809252234208,8.24802195551108,-64.8400162763803));
#4702=CARTESIAN_POINT('Ctrl Pts',(14.8990747765941,8.24802195551108,-64.8400162763803));
#4703=CARTESIAN_POINT('Ctrl Pts',(62.6809252234208,8.24676038768795,-64.7370989631246));
#4704=CARTESIAN_POINT('Ctrl Pts',(14.8990747765941,8.24676038768795,-64.7370989631246));
#4705=CARTESIAN_POINT('Ctrl Pts',(62.6809252234208,8.24563428886798,-64.6693544383392));
#4706=CARTESIAN_POINT('Ctrl Pts',(14.8990747765941,8.24563428886798,-64.6693544383392));
#4707=CARTESIAN_POINT('Ctrl Pts',(62.6809252234208,8.245,-64.6356989395069));
#4708=CARTESIAN_POINT('Ctrl Pts',(14.8990747765941,8.245,-64.6356989395069));
#4709=CARTESIAN_POINT('',(14.9165648066361,8.22668133827936,-66.4856679679695));
#4710=CARTESIAN_POINT('Ctrl Pts',(14.9165648066322,8.22668133827937,-66.4856679679694));
#4711=CARTESIAN_POINT('Ctrl Pts',(14.9145612288101,8.2161570254367,-66.6467887700943));
#4712=CARTESIAN_POINT('Ctrl Pts',(14.9126454039663,8.19410702002173,-66.8011482885795));
#4713=CARTESIAN_POINT('Ctrl Pts',(14.9080180988697,8.07587380582488,-67.1746581934443));
#4714=CARTESIAN_POINT('Ctrl Pts',(14.9060639129447,7.97643327227958,-67.3329011448515));
#4715=CARTESIAN_POINT('Ctrl Pts',(14.9035943600721,7.82041189632683,-67.5329870926614));
#4716=CARTESIAN_POINT('Ctrl Pts',(14.9024569961592,7.72894452877712,-67.6252534085569));
#4717=CARTESIAN_POINT('Ctrl Pts',(14.9004842507571,7.47884308546323,-67.7854145726033));
#4718=CARTESIAN_POINT('Ctrl Pts',(14.8999352575158,7.34010169839857,-67.8300486256167));
#4719=CARTESIAN_POINT('Ctrl Pts',(14.8988929605151,6.86616580259388,-67.9147708295888));
#4720=CARTESIAN_POINT('Ctrl Pts',(14.8990747765941,6.1339207131819,-67.9));
#4721=CARTESIAN_POINT('Ctrl Pts',(14.8990747765941,5.965,-67.9));
#4722=CARTESIAN_POINT('',(62.6634351933845,8.22668133827929,-66.4856679679705));
#4723=CARTESIAN_POINT('Ctrl Pts',(14.9165648066361,8.22668133827936,-66.4856679679695));
#4724=CARTESIAN_POINT('Ctrl Pts',(22.8743765377599,8.22668133827936,-66.4856679679697));
#4725=CARTESIAN_POINT('Ctrl Pts',(30.8321882688837,8.22668133827933,-66.4856679679699));
#4726=CARTESIAN_POINT('Ctrl Pts',(46.7478117311331,8.22668133827932,-66.4856679679702));
#4727=CARTESIAN_POINT('Ctrl Pts',(54.7056234622588,8.2266813382793,-66.4856679679703));
#4728=CARTESIAN_POINT('Ctrl Pts',(62.6634351933845,8.22668133827929,-66.4856679679705));
#4729=CARTESIAN_POINT('Ctrl Pts',(62.6634351933845,8.22668133827929,-66.4856679679705));
#4730=CARTESIAN_POINT('Ctrl Pts',(62.6653264875119,8.21674682472967,-66.6377593031252));
#4731=CARTESIAN_POINT('Ctrl Pts',(62.667276754929,8.1960959544032,-66.7948650567776));
#4732=CARTESIAN_POINT('Ctrl Pts',(62.6719819011501,8.07587380582526,-67.1746581934417));
#4733=CARTESIAN_POINT('Ctrl Pts',(62.6739360870716,7.97643327228282,-67.3329011448471));
#4734=CARTESIAN_POINT('Ctrl Pts',(62.6764056399489,7.82041189632992,-67.5329870926576));
#4735=CARTESIAN_POINT('Ctrl Pts',(62.6775430038607,7.72894452877969,-67.6252534085552));
#4736=CARTESIAN_POINT('Ctrl Pts',(62.6795157492576,7.47884308546892,-67.7854145725996));
#4737=CARTESIAN_POINT('Ctrl Pts',(62.6800647425034,7.34010169840696,-67.8300486256151));
#4738=CARTESIAN_POINT('Ctrl Pts',(62.6811070394997,6.86616580259382,-67.9147708295889));
#4739=CARTESIAN_POINT('Ctrl Pts',(62.6809252234208,6.1339207131817,-67.9));
#4740=CARTESIAN_POINT('Ctrl Pts',(62.6809252234208,5.965,-67.9));
#4741=CARTESIAN_POINT('Ctrl Pts',(1.41465711048388,6.,-15.5680530923626));
#4742=CARTESIAN_POINT('Ctrl Pts',(1.41465711048388,13.,-15.5680530923626));
#4743=CARTESIAN_POINT('Ctrl Pts',(1.44317931561379,6.,-13.1716135066887));
#4744=CARTESIAN_POINT('Ctrl Pts',(1.44317931561379,13.,-13.1716135066887));
#4745=CARTESIAN_POINT('Ctrl Pts',(1.53079450175986,6.,-11.6028901096611));
#4746=CARTESIAN_POINT('Ctrl Pts',(1.53079450175986,13.,-11.6028901096611));
#4747=CARTESIAN_POINT('Ctrl Pts',(1.81979110725126,6.,-10.254601090273));
#4748=CARTESIAN_POINT('Ctrl Pts',(1.81979110725126,13.,-10.254601090273));
#4749=CARTESIAN_POINT('Ctrl Pts',(2.04658686192476,6.,-9.19650483633892));
#4750=CARTESIAN_POINT('Ctrl Pts',(2.04658686192476,13.,-9.19650483633892));
#4751=CARTESIAN_POINT('Ctrl Pts',(2.41161690115614,6.,-8.22502600505959));
#4752=CARTESIAN_POINT('Ctrl Pts',(2.41161690115614,13.,-8.22502600505959));
#4753=CARTESIAN_POINT('Ctrl Pts',(2.88996371549168,6.,-7.31717405337415));
#4754=CARTESIAN_POINT('Ctrl Pts',(2.88996371549168,13.,-7.31717405337415));
#4755=CARTESIAN_POINT('Ctrl Pts',(3.52565851188655,6.,-6.11069217811589));
#4756=CARTESIAN_POINT('Ctrl Pts',(3.52565851188655,13.,-6.11069217811589));
#4757=CARTESIAN_POINT('Ctrl Pts',(4.32670197641653,6.,-5.07295976392347));
#4758=CARTESIAN_POINT('Ctrl Pts',(4.32670197641653,13.,-5.07295976392347));
#4759=CARTESIAN_POINT('Ctrl Pts',(5.2593336149249,6.,-4.24204662498811));
#4760=CARTESIAN_POINT('Ctrl Pts',(5.2593336149249,13.,-4.24204662498811));
#4761=CARTESIAN_POINT('Ctrl Pts',(6.18566300148363,6.,-3.41674837593383));
#4762=CARTESIAN_POINT('Ctrl Pts',(6.18566300148363,13.,-3.41674837593383));
#4763=CARTESIAN_POINT('Ctrl Pts',(7.29355639912875,6.,-2.77413579082605));
#4764=CARTESIAN_POINT('Ctrl Pts',(7.29355639912875,13.,-2.77413579082605));
#4765=CARTESIAN_POINT('Ctrl Pts',(8.47092735027935,6.,-2.3476489225762));
#4766=CARTESIAN_POINT('Ctrl Pts',(8.47092735027935,13.,-2.3476489225762));
#4767=CARTESIAN_POINT('Ctrl Pts',(9.60535914209579,6.,-1.93671619006565));
#4768=CARTESIAN_POINT('Ctrl Pts',(9.60535914209579,13.,-1.93671619006565));
#4769=CARTESIAN_POINT('Ctrl Pts',(10.7705175035298,6.,-1.71379402801606));
#4770=CARTESIAN_POINT('Ctrl Pts',(10.7705175035298,13.,-1.71379402801606));
#4771=CARTESIAN_POINT('Ctrl Pts',(12.0577529612431,6.,-1.58002823189968));
#4772=CARTESIAN_POINT('Ctrl Pts',(12.0577529612431,13.,-1.58002823189968));
#4773=CARTESIAN_POINT('',(12.0577529612431,8.22667931509255,-1.58002823189968));
#4774=CARTESIAN_POINT('',(1.41465711048388,8.22667931509255,-15.5680530923626));
#4775=CARTESIAN_POINT('Ctrl Pts',(12.0577529612431,8.22667931509255,-1.58002823189968));
#4776=CARTESIAN_POINT('Ctrl Pts',(10.7705175035298,8.22667931509255,-1.71379402801606));
#4777=CARTESIAN_POINT('Ctrl Pts',(9.60535914209579,8.22667931509255,-1.93671619006565));
#4778=CARTESIAN_POINT('Ctrl Pts',(8.47092735027935,8.22667931509255,-2.3476489225762));
#4779=CARTESIAN_POINT('Ctrl Pts',(7.29355639912875,8.22667931509255,-2.77413579082605));
#4780=CARTESIAN_POINT('Ctrl Pts',(6.18566300148363,8.22667931509255,-3.41674837593383));
#4781=CARTESIAN_POINT('Ctrl Pts',(5.2593336149249,8.22667931509255,-4.24204662498811));
#4782=CARTESIAN_POINT('Ctrl Pts',(4.32670197641653,8.22667931509255,-5.07295976392347));
#4783=CARTESIAN_POINT('Ctrl Pts',(3.52565851188655,8.22667931509255,-6.11069217811589));
#4784=CARTESIAN_POINT('Ctrl Pts',(2.88996371549168,8.22667931509255,-7.31717405337415));
#4785=CARTESIAN_POINT('Ctrl Pts',(2.41161690115614,8.22667931509255,-8.22502600505959));
#4786=CARTESIAN_POINT('Ctrl Pts',(2.04658686192476,8.22667931509255,-9.19650483633892));
#4787=CARTESIAN_POINT('Ctrl Pts',(1.81979110725126,8.22667931509255,-10.254601090273));
#4788=CARTESIAN_POINT('Ctrl Pts',(1.53079450175986,8.22667931509255,-11.6028901096611));
#4789=CARTESIAN_POINT('Ctrl Pts',(1.44317931561379,8.22667931509255,-13.1716135066887));
#4790=CARTESIAN_POINT('Ctrl Pts',(1.41465711048388,8.22667931509255,-15.5680530923626));
#4791=CARTESIAN_POINT('',(12.0577529612431,13.,-1.58002823189968));
#4792=CARTESIAN_POINT('',(12.0577529612431,6.,-1.58002823189968));
#4793=CARTESIAN_POINT('',(1.41465711048388,13.,-15.5680530923626));
#4794=CARTESIAN_POINT('Ctrl Pts',(1.41465711048388,13.,-15.5680530923626));
#4795=CARTESIAN_POINT('Ctrl Pts',(1.44317931561379,13.,-13.1716135066887));
#4796=CARTESIAN_POINT('Ctrl Pts',(1.53079450175986,13.,-11.6028901096611));
#4797=CARTESIAN_POINT('Ctrl Pts',(1.81979110725126,13.,-10.254601090273));
#4798=CARTESIAN_POINT('Ctrl Pts',(2.04658686192476,13.,-9.19650483633892));
#4799=CARTESIAN_POINT('Ctrl Pts',(2.41161690115614,13.,-8.22502600505959));
#4800=CARTESIAN_POINT('Ctrl Pts',(2.88996371549168,13.,-7.31717405337415));
#4801=CARTESIAN_POINT('Ctrl Pts',(3.52565851188655,13.,-6.11069217811589));
#4802=CARTESIAN_POINT('Ctrl Pts',(4.32670197641653,13.,-5.07295976392347));
#4803=CARTESIAN_POINT('Ctrl Pts',(5.2593336149249,13.,-4.24204662498811));
#4804=CARTESIAN_POINT('Ctrl Pts',(6.18566300148363,13.,-3.41674837593383));
#4805=CARTESIAN_POINT('Ctrl Pts',(7.29355639912875,13.,-2.77413579082605));
#4806=CARTESIAN_POINT('Ctrl Pts',(8.47092735027935,13.,-2.3476489225762));
#4807=CARTESIAN_POINT('Ctrl Pts',(9.60535914209579,13.,-1.93671619006565));
#4808=CARTESIAN_POINT('Ctrl Pts',(10.7705175035298,13.,-1.71379402801606));
#4809=CARTESIAN_POINT('Ctrl Pts',(12.0577529612431,13.,-1.58002823189968));
#4810=CARTESIAN_POINT('',(1.41465711048388,6.,-15.5680530923626));
#4811=CARTESIAN_POINT('Ctrl Pts',(12.0577529612431,6.,-1.58002823189968));
#4812=CARTESIAN_POINT('Ctrl Pts',(12.0577529612431,13.,-1.58002823189968));
#4813=CARTESIAN_POINT('Ctrl Pts',(12.9350450655094,6.,-1.48886256671341));
#4814=CARTESIAN_POINT('Ctrl Pts',(12.9350450655094,13.,-1.48886256671341));
#4815=CARTESIAN_POINT('Ctrl Pts',(13.8771159984531,6.,-1.44017723159532));
#4816=CARTESIAN_POINT('Ctrl Pts',(13.8771159984531,13.,-1.44017723159532));
#4817=CARTESIAN_POINT('Ctrl Pts',(14.9153197971834,6.,-1.41433203203019));
#4818=CARTESIAN_POINT('Ctrl Pts',(14.9153197971834,13.,-1.41433203203019));
#4819=CARTESIAN_POINT('',(14.9153197971834,8.22667931509255,-1.41433203203019));
#4820=CARTESIAN_POINT('Ctrl Pts',(14.9153197971834,8.22667931509255,-1.41433203203019));
#4821=CARTESIAN_POINT('Ctrl Pts',(13.8771159984531,8.22667931509255,-1.44017723159532));
#4822=CARTESIAN_POINT('Ctrl Pts',(12.9350450655094,8.22667931509255,-1.48886256671341));
#4823=CARTESIAN_POINT('Ctrl Pts',(12.0577529612431,8.22667931509255,-1.58002823189968));
#4824=CARTESIAN_POINT('',(14.9153197971834,13.,-1.41433203203019));
#4825=CARTESIAN_POINT('',(14.9153197971834,6.,-1.41433203203019));
#4826=CARTESIAN_POINT('Ctrl Pts',(12.0577529612431,13.,-1.58002823189968));
#4827=CARTESIAN_POINT('Ctrl Pts',(12.9350450655094,13.,-1.48886256671341));
#4828=CARTESIAN_POINT('Ctrl Pts',(13.8771159984531,13.,-1.44017723159532));
#4829=CARTESIAN_POINT('Ctrl Pts',(14.9153197971834,13.,-1.41433203203019));
#4830=CARTESIAN_POINT('Origin',(14.9153197971834,6.,-1.41433203203019));
#4831=CARTESIAN_POINT('',(14.916564806617,8.22668133827933,-1.41433203203011));
#4832=CARTESIAN_POINT('Ctrl Pts',(14.916564806617,8.22668133827934,-1.41433203203019));
#4833=CARTESIAN_POINT('Ctrl Pts',(14.9161498122735,8.22668066421437,-1.41433203203019));
#4834=CARTESIAN_POINT('Ctrl Pts',(14.9157348091143,8.22667998981885,-1.41433203203019));
#4835=CARTESIAN_POINT('Ctrl Pts',(14.9153197971834,8.22667931509255,-1.41433203203019));
#4836=CARTESIAN_POINT('',(62.6634351933819,8.22668133827935,-1.41433203203028));
#4837=CARTESIAN_POINT('Ctrl Pts',(62.6634351933819,8.22668133827935,-1.41433203203028));
#4838=CARTESIAN_POINT('Ctrl Pts',(54.7056234622551,8.22668133827935,-1.41433203203028));
#4839=CARTESIAN_POINT('Ctrl Pts',(46.7478117311282,8.22668133827934,-1.41433203203018));
#4840=CARTESIAN_POINT('Ctrl Pts',(30.8321882688732,8.22668133827934,-1.41433203203019));
#4841=CARTESIAN_POINT('Ctrl Pts',(22.8743765377451,8.22668133827933,-1.4143320320301));
#4842=CARTESIAN_POINT('Ctrl Pts',(14.916564806617,8.22668133827933,-1.41433203203011));
#4843=CARTESIAN_POINT('',(62.6646802028158,8.22667931509255,-1.41433203203018));
#4844=CARTESIAN_POINT('Ctrl Pts',(62.6646802028158,8.22667931509255,-1.41433203203018));
#4845=CARTESIAN_POINT('Ctrl Pts',(62.6642651908848,8.22667998981885,-1.41433203203018));
#4846=CARTESIAN_POINT('Ctrl Pts',(62.6638501877255,8.22668066421438,-1.41433203203018));
#4847=CARTESIAN_POINT('Ctrl Pts',(62.663435193382,8.22668133827934,-1.41433203203018));
#4848=CARTESIAN_POINT('',(62.6646802028158,13.,-1.41433203203017));
#4849=CARTESIAN_POINT('',(62.6646802028158,6.,-1.41433203203018));
#4850=CARTESIAN_POINT('',(62.6646802028158,13.,-1.41433203203018));
#4851=CARTESIAN_POINT('Ctrl Pts',(62.6646802028158,6.,-1.41433203203018));
#4852=CARTESIAN_POINT('Ctrl Pts',(62.6646802028158,13.,-1.41433203203018));
#4853=CARTESIAN_POINT('Ctrl Pts',(64.2435137246409,6.,-1.45363574821937));
#4854=CARTESIAN_POINT('Ctrl Pts',(64.2435137246409,13.,-1.45363574821937));
#4855=CARTESIAN_POINT('Ctrl Pts',(65.6199759348645,6.,-1.54625090794638));
#4856=CARTESIAN_POINT('Ctrl Pts',(65.6199759348645,13.,-1.54625090794638));
#4857=CARTESIAN_POINT('Ctrl Pts',(66.8707249669568,6.,-1.76494126797191));
#4858=CARTESIAN_POINT('Ctrl Pts',(66.8707249669568,13.,-1.76494126797191));
#4859=CARTESIAN_POINT('',(66.8707249669568,8.22667931509255,-1.76494126797191));
#4860=CARTESIAN_POINT('Ctrl Pts',(66.8707249669568,8.22667931509255,-1.76494126797191));
#4861=CARTESIAN_POINT('Ctrl Pts',(65.6199759348645,8.22667931509255,-1.54625090794638));
#4862=CARTESIAN_POINT('Ctrl Pts',(64.2435137246409,8.22667931509255,-1.45363574821937));
#4863=CARTESIAN_POINT('Ctrl Pts',(62.6646802028158,8.22667931509255,-1.41433203203018));
#4864=CARTESIAN_POINT('',(66.8707249669568,13.,-1.76494126797191));
#4865=CARTESIAN_POINT('',(66.8707249669568,6.,-1.76494126797191));
#4866=CARTESIAN_POINT('Ctrl Pts',(62.6646802028158,13.,-1.41433203203018));
#4867=CARTESIAN_POINT('Ctrl Pts',(64.2435137246409,13.,-1.45363574821937));
#4868=CARTESIAN_POINT('Ctrl Pts',(65.6199759348645,13.,-1.54625090794638));
#4869=CARTESIAN_POINT('Ctrl Pts',(66.8707249669568,13.,-1.76494126797191));
#4870=CARTESIAN_POINT('Ctrl Pts',(66.8707249669568,6.,-1.76494126797191));
#4871=CARTESIAN_POINT('Ctrl Pts',(66.8707249669568,13.,-1.76494126797191));
#4872=CARTESIAN_POINT('Ctrl Pts',(67.5781764091544,6.,-1.88863739455292));
#4873=CARTESIAN_POINT('Ctrl Pts',(67.5781764091544,13.,-1.88863739455292));
#4874=CARTESIAN_POINT('Ctrl Pts',(68.2461327676113,6.,-2.05265221371048));
#4875=CARTESIAN_POINT('Ctrl Pts',(68.2461327676113,13.,-2.05265221371048));
#4876=CARTESIAN_POINT('Ctrl Pts',(68.8855939763708,6.,-2.26933246067098));
#4877=CARTESIAN_POINT('Ctrl Pts',(68.8855939763708,13.,-2.26933246067098));
#4878=CARTESIAN_POINT('',(68.8855939763708,8.22667931509255,-2.26933246067098));
#4879=CARTESIAN_POINT('Ctrl Pts',(68.8855939763708,8.22667931509255,-2.26933246067098));
#4880=CARTESIAN_POINT('Ctrl Pts',(68.2461327676113,8.22667931509255,-2.05265221371048));
#4881=CARTESIAN_POINT('Ctrl Pts',(67.5781764091544,8.22667931509255,-1.88863739455292));
#4882=CARTESIAN_POINT('Ctrl Pts',(66.8707249669568,8.22667931509255,-1.76494126797191));
#4883=CARTESIAN_POINT('',(68.8855939763708,13.,-2.26933246067098));
#4884=CARTESIAN_POINT('',(68.8855939763708,6.,-2.26933246067098));
#4885=CARTESIAN_POINT('Ctrl Pts',(66.8707249669568,13.,-1.76494126797191));
#4886=CARTESIAN_POINT('Ctrl Pts',(67.5781764091544,13.,-1.88863739455292));
#4887=CARTESIAN_POINT('Ctrl Pts',(68.2461327676113,13.,-2.05265221371048));
#4888=CARTESIAN_POINT('Ctrl Pts',(68.8855939763708,13.,-2.26933246067098));
#4889=CARTESIAN_POINT('Ctrl Pts',(68.8855939763708,6.,-2.26933246067098));
#4890=CARTESIAN_POINT('Ctrl Pts',(68.8855939763708,13.,-2.26933246067098));
#4891=CARTESIAN_POINT('Ctrl Pts',(69.4692732047654,6.,-2.46711108683599));
#4892=CARTESIAN_POINT('Ctrl Pts',(69.4692732047654,13.,-2.46711108683599));
#4893=CARTESIAN_POINT('Ctrl Pts',(70.0260074595057,6.,-2.70793516845194));
#4894=CARTESIAN_POINT('Ctrl Pts',(70.0260074595057,13.,-2.70793516845194));
#4895=CARTESIAN_POINT('Ctrl Pts',(70.5555505443384,6.,-2.99775353795104));
#4896=CARTESIAN_POINT('Ctrl Pts',(70.5555505443384,13.,-2.99775353795104));
#4897=CARTESIAN_POINT('Ctrl Pts',(71.3090618683628,6.,-3.41014948755894));
#4898=CARTESIAN_POINT('Ctrl Pts',(71.3090618683628,13.,-3.41014948755894));
#4899=CARTESIAN_POINT('Ctrl Pts',(72.0290969575238,6.,-3.9448197973272));
#4900=CARTESIAN_POINT('Ctrl Pts',(72.0290969575238,13.,-3.9448197973272));
#4901=CARTESIAN_POINT('Ctrl Pts',(72.6362140953796,6.,-4.53602895917645));
#4902=CARTESIAN_POINT('Ctrl Pts',(72.6362140953796,13.,-4.53602895917645));
#4903=CARTESIAN_POINT('Ctrl Pts',(73.5079821808177,6.,-5.38495455686089));
#4904=CARTESIAN_POINT('Ctrl Pts',(73.5079821808177,13.,-5.38495455686089));
#4905=CARTESIAN_POINT('Ctrl Pts',(74.1276742291767,6.,-6.2974008269908));
#4906=CARTESIAN_POINT('Ctrl Pts',(74.1276742291767,13.,-6.2974008269908));
#4907=CARTESIAN_POINT('Ctrl Pts',(74.5684792199661,6.,-7.09233081066994));
#4908=CARTESIAN_POINT('Ctrl Pts',(74.5684792199661,13.,-7.09233081066994));
#4909=CARTESIAN_POINT('Ctrl Pts',(75.1649893756364,6.,-8.16805322357238));
#4910=CARTESIAN_POINT('Ctrl Pts',(75.1649893756364,13.,-8.16805322357238));
#4911=CARTESIAN_POINT('Ctrl Pts',(75.4931241988507,6.,-9.14928065371727));
#4912=CARTESIAN_POINT('Ctrl Pts',(75.4931241988507,13.,-9.14928065371727));
#4913=CARTESIAN_POINT('Ctrl Pts',(75.679834121441,6.,-9.9057461446157));
#4914=CARTESIAN_POINT('Ctrl Pts',(75.679834121441,13.,-9.9057461446157));
#4915=CARTESIAN_POINT('Ctrl Pts',(75.7817847601407,6.,-10.318804748473));
#4916=CARTESIAN_POINT('Ctrl Pts',(75.7817847601407,13.,-10.318804748473));
#4917=CARTESIAN_POINT('Ctrl Pts',(75.8385115732093,6.,-10.631237644134));
#4918=CARTESIAN_POINT('Ctrl Pts',(75.8385115732093,13.,-10.631237644134));
#4919=CARTESIAN_POINT('Ctrl Pts',(75.8879401201311,6.,-10.9446513228053));
#4920=CARTESIAN_POINT('Ctrl Pts',(75.8879401201311,13.,-10.9446513228053));
#4921=CARTESIAN_POINT('Ctrl Pts',(75.9516918888507,6.,-11.3488848599109));
#4922=CARTESIAN_POINT('Ctrl Pts',(75.9516918888507,13.,-11.3488848599109));
#4923=CARTESIAN_POINT('Ctrl Pts',(76.0015549911276,6.,-11.7795815360697));
#4924=CARTESIAN_POINT('Ctrl Pts',(76.0015549911276,13.,-11.7795815360697));
#4925=CARTESIAN_POINT('Ctrl Pts',(76.0405479361186,6.,-12.2554880682982));
#4926=CARTESIAN_POINT('Ctrl Pts',(76.0405479361186,13.,-12.2554880682982));
#4927=CARTESIAN_POINT('Ctrl Pts',(76.1149685077751,6.,-13.1637866385059));
#4928=CARTESIAN_POINT('Ctrl Pts',(76.1149685077751,13.,-13.1637866385059));
#4929=CARTESIAN_POINT('Ctrl Pts',(76.149922532573,6.,-14.2367322793685));
#4930=CARTESIAN_POINT('Ctrl Pts',(76.149922532573,13.,-14.2367322793685));
#4931=CARTESIAN_POINT('Ctrl Pts',(76.1657938754546,6.,-15.606454179573));
#4932=CARTESIAN_POINT('Ctrl Pts',(76.1657938754546,13.,-15.606454179573));
#4933=CARTESIAN_POINT('',(76.1657938754546,8.22667931509255,-15.606454179573));
#4934=CARTESIAN_POINT('Ctrl Pts',(76.1657938754546,8.22667931509255,-15.606454179573));
#4935=CARTESIAN_POINT('Ctrl Pts',(76.149922532573,8.22667931509255,-14.2367322793685));
#4936=CARTESIAN_POINT('Ctrl Pts',(76.1149685077751,8.22667931509255,-13.1637866385059));
#4937=CARTESIAN_POINT('Ctrl Pts',(76.0405479361186,8.22667931509255,-12.2554880682982));
#4938=CARTESIAN_POINT('Ctrl Pts',(76.0015549911276,8.22667931509255,-11.7795815360697));
#4939=CARTESIAN_POINT('Ctrl Pts',(75.9516918888507,8.22667931509255,-11.3488848599109));
#4940=CARTESIAN_POINT('Ctrl Pts',(75.8879401201311,8.22667931509255,-10.9446513228053));
#4941=CARTESIAN_POINT('Ctrl Pts',(75.8385115732093,8.22667931509255,-10.631237644134));
#4942=CARTESIAN_POINT('Ctrl Pts',(75.7817847601407,8.22667931509255,-10.318804748473));
#4943=CARTESIAN_POINT('Ctrl Pts',(75.679834121441,8.22667931509255,-9.9057461446157));
#4944=CARTESIAN_POINT('Ctrl Pts',(75.4931241988507,8.22667931509255,-9.14928065371727));
#4945=CARTESIAN_POINT('Ctrl Pts',(75.1649893756364,8.22667931509255,-8.16805322357238));
#4946=CARTESIAN_POINT('Ctrl Pts',(74.5684792199661,8.22667931509255,-7.09233081066994));
#4947=CARTESIAN_POINT('Ctrl Pts',(74.1276742291767,8.22667931509255,-6.29740082699079));
#4948=CARTESIAN_POINT('Ctrl Pts',(73.5079821808177,8.22667931509255,-5.38495455686089));
#4949=CARTESIAN_POINT('Ctrl Pts',(72.6362140953796,8.22667931509255,-4.53602895917645));
#4950=CARTESIAN_POINT('Ctrl Pts',(72.0290969575238,8.22667931509255,-3.9448197973272));
#4951=CARTESIAN_POINT('Ctrl Pts',(71.3090618683628,8.22667931509255,-3.41014948755894));
#4952=CARTESIAN_POINT('Ctrl Pts',(70.5555505443384,8.22667931509255,-2.99775353795104));
#4953=CARTESIAN_POINT('Ctrl Pts',(70.0260074595057,8.22667931509255,-2.70793516845194));
#4954=CARTESIAN_POINT('Ctrl Pts',(69.4692732047654,8.22667931509255,-2.46711108683599));
#4955=CARTESIAN_POINT('Ctrl Pts',(68.8855939763708,8.22667931509255,-2.26933246067098));
#4956=CARTESIAN_POINT('',(76.1657938754546,13.,-15.606454179573));
#4957=CARTESIAN_POINT('',(76.1657938754546,6.,-15.606454179573));
#4958=CARTESIAN_POINT('Ctrl Pts',(68.8855939763708,13.,-2.26933246067098));
#4959=CARTESIAN_POINT('Ctrl Pts',(69.4692732047654,13.,-2.46711108683599));
#4960=CARTESIAN_POINT('Ctrl Pts',(70.0260074595057,13.,-2.70793516845194));
#4961=CARTESIAN_POINT('Ctrl Pts',(70.5555505443384,13.,-2.99775353795104));
#4962=CARTESIAN_POINT('Ctrl Pts',(71.3090618683628,13.,-3.41014948755894));
#4963=CARTESIAN_POINT('Ctrl Pts',(72.0290969575238,13.,-3.9448197973272));
#4964=CARTESIAN_POINT('Ctrl Pts',(72.6362140953796,13.,-4.53602895917645));
#4965=CARTESIAN_POINT('Ctrl Pts',(73.5079821808177,13.,-5.38495455686089));
#4966=CARTESIAN_POINT('Ctrl Pts',(74.1276742291767,13.,-6.2974008269908));
#4967=CARTESIAN_POINT('Ctrl Pts',(74.5684792199661,13.,-7.09233081066994));
#4968=CARTESIAN_POINT('Ctrl Pts',(75.1649893756364,13.,-8.16805322357238));
#4969=CARTESIAN_POINT('Ctrl Pts',(75.4931241988507,13.,-9.14928065371727));
#4970=CARTESIAN_POINT('Ctrl Pts',(75.679834121441,13.,-9.9057461446157));
#4971=CARTESIAN_POINT('Ctrl Pts',(75.7817847601407,13.,-10.318804748473));
#4972=CARTESIAN_POINT('Ctrl Pts',(75.8385115732093,13.,-10.631237644134));
#4973=CARTESIAN_POINT('Ctrl Pts',(75.8879401201311,13.,-10.9446513228053));
#4974=CARTESIAN_POINT('Ctrl Pts',(75.9516918888507,13.,-11.3488848599109));
#4975=CARTESIAN_POINT('Ctrl Pts',(76.0015549911276,13.,-11.7795815360697));
#4976=CARTESIAN_POINT('Ctrl Pts',(76.0405479361186,13.,-12.2554880682982));
#4977=CARTESIAN_POINT('Ctrl Pts',(76.1149685077751,13.,-13.1637866385059));
#4978=CARTESIAN_POINT('Ctrl Pts',(76.149922532573,13.,-14.2367322793685));
#4979=CARTESIAN_POINT('Ctrl Pts',(76.1657938754546,13.,-15.606454179573));
#4980=CARTESIAN_POINT('Origin',(62.6542278986773,6.,-1.83420195157455));
#4981=CARTESIAN_POINT('',(48.9866622470905,6.8,-1.83420195157455));
#4982=CARTESIAN_POINT('',(62.6542278986773,6.8,-1.83420195157455));
#4983=CARTESIAN_POINT('',(50.7222067192556,6.8,-1.83420195157455));
#4984=CARTESIAN_POINT('',(48.9866622470905,12.,-1.83420195157455));
#4985=CARTESIAN_POINT('',(48.9866622470905,6.,-1.83420195157455));
#4986=CARTESIAN_POINT('',(42.9866622470904,12.,-1.83420195157455));
#4987=CARTESIAN_POINT('',(54.3204450728839,12.,-1.83420195157455));
#4988=CARTESIAN_POINT('',(42.9866622470904,6.8,-1.83420195157455));
#4989=CARTESIAN_POINT('',(42.9866622470904,6.,-1.83420195157455));
#4990=CARTESIAN_POINT('',(34.4964048589603,6.8,-1.83420195157456));
#4991=CARTESIAN_POINT('',(50.7222067192556,6.8,-1.83420195157455));
#4992=CARTESIAN_POINT('',(34.4964048589603,12.,-1.83420195157456));
#4993=CARTESIAN_POINT('',(34.4964048589603,6.,-1.83420195157456));
#4994=CARTESIAN_POINT('',(29.4964048589602,12.,-1.83420195157456));
#4995=CARTESIAN_POINT('',(47.3253163788188,12.,-1.83420195157455));
#4996=CARTESIAN_POINT('',(29.4964048589602,6.8,-1.83420195157456));
#4997=CARTESIAN_POINT('',(29.4964048589602,6.,-1.83420195157456));
#4998=CARTESIAN_POINT('',(22.0680890143655,6.8,-1.83420195157456));
#4999=CARTESIAN_POINT('',(50.7222067192556,6.8,-1.83420195157455));
#5000=CARTESIAN_POINT('',(22.0680890143655,12.,-1.83420195157456));
#5001=CARTESIAN_POINT('',(22.0680890143655,6.,-1.83420195157456));
#5002=CARTESIAN_POINT('',(14.9257721013218,12.,-1.83420195157457));
#5003=CARTESIAN_POINT('',(39.8607473599173,12.,-1.83420195157456));
#5004=CARTESIAN_POINT('',(14.9257721013218,13.,-1.83420195157456));
#5005=CARTESIAN_POINT('',(14.9257721013218,6.,-1.83420195157457));
#5006=CARTESIAN_POINT('',(62.6542278986773,13.,-1.83420195157455));
#5007=CARTESIAN_POINT('',(14.9257721013218,13.,-1.83420195157457));
#5008=CARTESIAN_POINT('',(62.6542278986773,6.,-1.83420195157455));
#5009=CARTESIAN_POINT('Ctrl Pts',(14.9257721013218,6.,-1.83420195157457));
#5010=CARTESIAN_POINT('Ctrl Pts',(14.9257721013218,13.,-1.83420195157457));
#5011=CARTESIAN_POINT('Ctrl Pts',(13.8945015386509,6.,-1.85987455413146));
#5012=CARTESIAN_POINT('Ctrl Pts',(13.8945015386509,13.,-1.85987455413146));
#5013=CARTESIAN_POINT('Ctrl Pts',(12.9628884869248,6.,-1.90823081035954));
#5014=CARTESIAN_POINT('Ctrl Pts',(12.9628884869248,13.,-1.90823081035954));
#5015=CARTESIAN_POINT('Ctrl Pts',(12.1011643843571,6.,-1.99777869371057));
#5016=CARTESIAN_POINT('Ctrl Pts',(12.1011643843571,13.,-1.99777869371057));
#5017=CARTESIAN_POINT('',(12.1011643843571,12.,-1.99777869371058));
#5018=CARTESIAN_POINT('Ctrl Pts',(12.1011643843571,12.,-1.99777869371057));
#5019=CARTESIAN_POINT('Ctrl Pts',(12.9628884869248,12.,-1.90823081035954));
#5020=CARTESIAN_POINT('Ctrl Pts',(13.8945015386509,12.,-1.85987455413146));
#5021=CARTESIAN_POINT('Ctrl Pts',(14.9257721013218,12.,-1.83420195157457));
#5022=CARTESIAN_POINT('',(12.1011643843571,13.,-1.99777869371058));
#5023=CARTESIAN_POINT('',(12.1011643843571,6.,-1.99777869371058));
#5024=CARTESIAN_POINT('Ctrl Pts',(14.9257721013218,13.,-1.83420195157457));
#5025=CARTESIAN_POINT('Ctrl Pts',(13.8945015386509,13.,-1.85987455413146));
#5026=CARTESIAN_POINT('Ctrl Pts',(12.9628884869248,13.,-1.90823081035954));
#5027=CARTESIAN_POINT('Ctrl Pts',(12.1011643843571,13.,-1.99777869371057));
#5028=CARTESIAN_POINT('Ctrl Pts',(12.1011643843571,6.,-1.99777869371058));
#5029=CARTESIAN_POINT('Ctrl Pts',(12.1011643843571,13.,-1.99777869371058));
#5030=CARTESIAN_POINT('Ctrl Pts',(10.7230294462117,6.,-2.14099050166086));
#5031=CARTESIAN_POINT('Ctrl Pts',(10.7230294462117,13.,-2.14099050166086));
#5032=CARTESIAN_POINT('Ctrl Pts',(9.49805047657253,6.,-2.38730576408119));
#5033=CARTESIAN_POINT('Ctrl Pts',(9.49805047657253,13.,-2.38730576408119));
#5034=CARTESIAN_POINT('Ctrl Pts',(8.32089682905114,6.,-2.85360835100849));
#5035=CARTESIAN_POINT('Ctrl Pts',(8.32089682905114,13.,-2.85360835100849));
#5036=CARTESIAN_POINT('Ctrl Pts',(7.19738411160951,6.,-3.29866230610761));
#5037=CARTESIAN_POINT('Ctrl Pts',(7.19738411160951,13.,-3.29866230610761));
#5038=CARTESIAN_POINT('Ctrl Pts',(6.16892521388517,6.,-3.94680356373091));
#5039=CARTESIAN_POINT('Ctrl Pts',(6.16892521388517,13.,-3.94680356373091));
#5040=CARTESIAN_POINT('Ctrl Pts',(5.30537775864383,6.,-4.77082491946221));
#5041=CARTESIAN_POINT('Ctrl Pts',(5.30537775864383,13.,-4.77082491946221));
#5042=CARTESIAN_POINT('Ctrl Pts',(4.41631549330466,6.,-5.61919322715361));
#5043=CARTESIAN_POINT('Ctrl Pts',(4.41631549330466,13.,-5.61919322715361));
#5044=CARTESIAN_POINT('Ctrl Pts',(3.64532397369449,6.,-6.68958837735437));
#5045=CARTESIAN_POINT('Ctrl Pts',(3.64532397369449,13.,-6.68958837735437));
#5046=CARTESIAN_POINT('Ctrl Pts',(3.05993370826065,6.,-7.91438644628415));
#5047=CARTESIAN_POINT('Ctrl Pts',(3.05993370826065,13.,-7.91438644628415));
#5048=CARTESIAN_POINT('Ctrl Pts',(2.67064294754573,6.,-8.72889020579315));
#5049=CARTESIAN_POINT('Ctrl Pts',(2.67064294754573,13.,-8.72889020579315));
#5050=CARTESIAN_POINT('Ctrl Pts',(2.38099797061655,6.,-9.57708161787328));
#5051=CARTESIAN_POINT('Ctrl Pts',(2.38099797061655,13.,-9.57708161787328));
#5052=CARTESIAN_POINT('Ctrl Pts',(2.19442091531319,6.,-10.517307953421));
#5053=CARTESIAN_POINT('Ctrl Pts',(2.19442091531319,13.,-10.517307953421));
#5054=CARTESIAN_POINT('Ctrl Pts',(1.94361510340784,6.,-11.7812052160208));
#5055=CARTESIAN_POINT('Ctrl Pts',(1.94361510340784,13.,-11.7812052160208));
#5056=CARTESIAN_POINT('Ctrl Pts',(1.86178856034469,6.,-13.2909642674023));
#5057=CARTESIAN_POINT('Ctrl Pts',(1.86178856034469,13.,-13.2909642674023));
#5058=CARTESIAN_POINT('Ctrl Pts',(1.83462736600354,6.,-15.5730515399963));
#5059=CARTESIAN_POINT('Ctrl Pts',(1.83462736600354,13.,-15.5730515399963));
#5060=CARTESIAN_POINT('',(12.0680890143655,12.,-2.00123978559651));
#5061=CARTESIAN_POINT('Ctrl Pts',(12.0680841688248,12.,-2.00123924789749));
#5062=CARTESIAN_POINT('Ctrl Pts',(12.0791011210248,12.,-2.00007907746417));
#5063=CARTESIAN_POINT('Ctrl Pts',(12.0901278415031,12.,-1.99892557941233));
#5064=CARTESIAN_POINT('Ctrl Pts',(12.1011643843571,12.,-1.99777869371058));
#5065=CARTESIAN_POINT('',(12.0680890143655,6.8,-2.00123978559651));
#5066=CARTESIAN_POINT('Ctrl Pts',(12.0680890143655,6.8,-2.00123978559651));
#5067=CARTESIAN_POINT('Ctrl Pts',(12.0680890143655,8.53333333333334,-2.00123978559651));
#5068=CARTESIAN_POINT('Ctrl Pts',(12.0680890143655,10.2666666666667,-2.00123978559651));
#5069=CARTESIAN_POINT('Ctrl Pts',(12.0680890143655,12.,-2.00123978559651));
#5070=CARTESIAN_POINT('',(1.83462736600354,6.8,-15.5730515399963));
#5071=CARTESIAN_POINT('Ctrl Pts',(1.83462736600354,6.8,-15.5730515399963));
#5072=CARTESIAN_POINT('Ctrl Pts',(1.86178856034469,6.8,-13.2909642674023));
#5073=CARTESIAN_POINT('Ctrl Pts',(1.94361510340784,6.8,-11.7812052160208));
#5074=CARTESIAN_POINT('Ctrl Pts',(2.19442091531319,6.8,-10.517307953421));
#5075=CARTESIAN_POINT('Ctrl Pts',(2.38099797061655,6.8,-9.57708161787328));
#5076=CARTESIAN_POINT('Ctrl Pts',(2.67064294754573,6.8,-8.72889020579314));
#5077=CARTESIAN_POINT('Ctrl Pts',(3.05993370826065,6.8,-7.91438644628415));
#5078=CARTESIAN_POINT('Ctrl Pts',(3.64532397369449,6.8,-6.68958837735437));
#5079=CARTESIAN_POINT('Ctrl Pts',(4.41631549330466,6.8,-5.61919322715361));
#5080=CARTESIAN_POINT('Ctrl Pts',(5.30537775864383,6.8,-4.77082491946221));
#5081=CARTESIAN_POINT('Ctrl Pts',(6.16892521388517,6.8,-3.94680356373091));
#5082=CARTESIAN_POINT('Ctrl Pts',(7.19738411160951,6.8,-3.29866230610761));
#5083=CARTESIAN_POINT('Ctrl Pts',(8.32089682905114,6.8,-2.85360835100849));
#5084=CARTESIAN_POINT('Ctrl Pts',(9.48862345580911,6.8,-2.39104006348914));
#5085=CARTESIAN_POINT('Ctrl Pts',(10.7034124710963,6.8,-2.14494975205004));
#5086=CARTESIAN_POINT('Ctrl Pts',(12.0680841688248,6.8,-2.00123924789749));
#5087=CARTESIAN_POINT('',(1.83462736600354,13.,-15.5730515399963));
#5088=CARTESIAN_POINT('',(1.83462736600354,6.,-15.5730515399963));
#5089=CARTESIAN_POINT('Ctrl Pts',(12.1011643843571,13.,-1.99777869371058));
#5090=CARTESIAN_POINT('Ctrl Pts',(10.7230294462117,13.,-2.14099050166086));
#5091=CARTESIAN_POINT('Ctrl Pts',(9.49805047657253,13.,-2.38730576408119));
#5092=CARTESIAN_POINT('Ctrl Pts',(8.32089682905114,13.,-2.85360835100849));
#5093=CARTESIAN_POINT('Ctrl Pts',(7.19738411160951,13.,-3.29866230610761));
#5094=CARTESIAN_POINT('Ctrl Pts',(6.16892521388517,13.,-3.94680356373091));
#5095=CARTESIAN_POINT('Ctrl Pts',(5.30537775864383,13.,-4.77082491946221));
#5096=CARTESIAN_POINT('Ctrl Pts',(4.41631549330466,13.,-5.61919322715361));
#5097=CARTESIAN_POINT('Ctrl Pts',(3.64532397369449,13.,-6.68958837735437));
#5098=CARTESIAN_POINT('Ctrl Pts',(3.05993370826065,13.,-7.91438644628415));
#5099=CARTESIAN_POINT('Ctrl Pts',(2.67064294754573,13.,-8.72889020579315));
#5100=CARTESIAN_POINT('Ctrl Pts',(2.38099797061655,13.,-9.57708161787328));
#5101=CARTESIAN_POINT('Ctrl Pts',(2.19442091531319,13.,-10.517307953421));
#5102=CARTESIAN_POINT('Ctrl Pts',(1.94361510340784,13.,-11.7812052160208));
#5103=CARTESIAN_POINT('Ctrl Pts',(1.86178856034469,13.,-13.2909642674023));
#5104=CARTESIAN_POINT('Ctrl Pts',(1.83462736600354,13.,-15.5730515399963));
#5105=CARTESIAN_POINT('Origin',(1.83462736600354,6.,-15.5730515399963));
#5106=CARTESIAN_POINT('',(1.834309960392,6.8,-41.5028650681681));
#5107=CARTESIAN_POINT('',(1.83451591206929,6.8,-24.6780567038798));
#5108=CARTESIAN_POINT('',(1.83430996039199,6.,-41.5028650681681));
#5109=CARTESIAN_POINT('',(1.8341779317517,13.,-52.2886794920499));
#5110=CARTESIAN_POINT('',(1.8341779317517,6.,-52.2886794920499));
#5111=CARTESIAN_POINT('',(1.8341779317517,13.,-52.2886794920499));
#5112=CARTESIAN_POINT('Ctrl Pts',(1.8341779317517,6.,-52.2886794920499));
#5113=CARTESIAN_POINT('Ctrl Pts',(1.8341779317517,13.,-52.2886794920499));
#5114=CARTESIAN_POINT('Ctrl Pts',(1.85415795526652,6.,-54.0129870052264));
#5115=CARTESIAN_POINT('Ctrl Pts',(1.85415795526652,13.,-54.0129870052264));
#5116=CARTESIAN_POINT('Ctrl Pts',(1.9047612700147,6.,-55.2571201626528));
#5117=CARTESIAN_POINT('Ctrl Pts',(1.9047612700147,13.,-55.2571201626528));
#5118=CARTESIAN_POINT('Ctrl Pts',(2.0240047667888,6.,-56.2812240039607));
#5119=CARTESIAN_POINT('Ctrl Pts',(2.0240047667888,13.,-56.2812240039607));
#5120=CARTESIAN_POINT('Ctrl Pts',(2.0908341806203,6.,-56.8551778150172));
#5121=CARTESIAN_POINT('Ctrl Pts',(2.0908341806203,13.,-56.8551778150172));
#5122=CARTESIAN_POINT('Ctrl Pts',(2.15344889118199,6.,-57.3004067168017));
#5123=CARTESIAN_POINT('Ctrl Pts',(2.15344889118199,13.,-57.3004067168017));
#5124=CARTESIAN_POINT('Ctrl Pts',(2.33883393033393,6.,-58.015782790308));
#5125=CARTESIAN_POINT('Ctrl Pts',(2.33883393033393,13.,-58.015782790308));
#5126=CARTESIAN_POINT('Ctrl Pts',(2.51694897584812,6.,-58.7031049306233));
#5127=CARTESIAN_POINT('Ctrl Pts',(2.51694897584812,13.,-58.7031049306233));
#5128=CARTESIAN_POINT('Ctrl Pts',(2.81479100042809,6.,-59.5648950249503));
#5129=CARTESIAN_POINT('Ctrl Pts',(2.81479100042809,13.,-59.5648950249503));
#5130=CARTESIAN_POINT('Ctrl Pts',(3.32650518567617,6.,-60.5085745392331));
#5131=CARTESIAN_POINT('Ctrl Pts',(3.32650518567617,13.,-60.5085745392331));
#5132=CARTESIAN_POINT('Ctrl Pts',(3.70978194435578,6.,-61.2153957216308));
#5133=CARTESIAN_POINT('Ctrl Pts',(3.70978194435578,13.,-61.2153957216308));
#5134=CARTESIAN_POINT('Ctrl Pts',(4.23453135720291,6.,-62.0143987843673));
#5135=CARTESIAN_POINT('Ctrl Pts',(4.23453135720291,13.,-62.0143987843673));
#5136=CARTESIAN_POINT('Ctrl Pts',(4.95836286174325,6.,-62.7803654485995));
#5137=CARTESIAN_POINT('Ctrl Pts',(4.95836286174325,13.,-62.7803654485995));
#5138=CARTESIAN_POINT('Ctrl Pts',(5.54330128837635,6.,-63.3993538908254));
#5139=CARTESIAN_POINT('Ctrl Pts',(5.54330128837635,13.,-63.3993538908254));
#5140=CARTESIAN_POINT('Ctrl Pts',(6.26851473160101,6.,-63.9827390695391));
#5141=CARTESIAN_POINT('Ctrl Pts',(6.26851473160101,13.,-63.9827390695391));
#5142=CARTESIAN_POINT('Ctrl Pts',(7.03333447407131,6.,-64.4253229488595));
#5143=CARTESIAN_POINT('Ctrl Pts',(7.03333447407131,13.,-64.4253229488595));
#5144=CARTESIAN_POINT('Ctrl Pts',(8.53392770686979,6.,-65.293682298618));
#5145=CARTESIAN_POINT('Ctrl Pts',(8.53392770686979,13.,-65.293682298618));
#5146=CARTESIAN_POINT('Ctrl Pts',(10.2441396998426,6.,-65.7277004202292));
#5147=CARTESIAN_POINT('Ctrl Pts',(10.2441396998426,13.,-65.7277004202292));
#5148=CARTESIAN_POINT('Ctrl Pts',(12.3235749776347,6.,-65.9242776465659));
#5149=CARTESIAN_POINT('Ctrl Pts',(12.3235749776347,13.,-65.9242776465659));
#5150=CARTESIAN_POINT('Ctrl Pts',(13.1257668922554,6.,-66.0001120152765));
#5151=CARTESIAN_POINT('Ctrl Pts',(13.1257668922554,13.,-66.0001120152765));
#5152=CARTESIAN_POINT('Ctrl Pts',(13.9880734723335,6.,-66.0424548394838));
#5153=CARTESIAN_POINT('Ctrl Pts',(13.9880734723335,13.,-66.0424548394838));
#5154=CARTESIAN_POINT('Ctrl Pts',(14.9257721013338,6.,-66.0657980484257));
#5155=CARTESIAN_POINT('Ctrl Pts',(14.9257721013338,13.,-66.0657980484257));
#5156=CARTESIAN_POINT('',(14.9257721013337,13.,-66.0657980484253));
#5157=CARTESIAN_POINT('',(14.9257721013337,6.,-66.0657980484253));
#5158=CARTESIAN_POINT('Ctrl Pts',(1.8341779317517,13.,-52.2886794920499));
#5159=CARTESIAN_POINT('Ctrl Pts',(1.85415795526652,13.,-54.0129870052264));
#5160=CARTESIAN_POINT('Ctrl Pts',(1.9047612700147,13.,-55.2571201626528));
#5161=CARTESIAN_POINT('Ctrl Pts',(2.0240047667888,13.,-56.2812240039607));
#5162=CARTESIAN_POINT('Ctrl Pts',(2.0908341806203,13.,-56.8551778150172));
#5163=CARTESIAN_POINT('Ctrl Pts',(2.15344889118199,13.,-57.3004067168017));
#5164=CARTESIAN_POINT('Ctrl Pts',(2.33883393033393,13.,-58.015782790308));
#5165=CARTESIAN_POINT('Ctrl Pts',(2.51694897584812,13.,-58.7031049306233));
#5166=CARTESIAN_POINT('Ctrl Pts',(2.81479100042809,13.,-59.5648950249503));
#5167=CARTESIAN_POINT('Ctrl Pts',(3.32650518567617,13.,-60.5085745392331));
#5168=CARTESIAN_POINT('Ctrl Pts',(3.70978194435578,13.,-61.2153957216308));
#5169=CARTESIAN_POINT('Ctrl Pts',(4.23453135720291,13.,-62.0143987843673));
#5170=CARTESIAN_POINT('Ctrl Pts',(4.95836286174325,13.,-62.7803654485995));
#5171=CARTESIAN_POINT('Ctrl Pts',(5.54330128837635,13.,-63.3993538908254));
#5172=CARTESIAN_POINT('Ctrl Pts',(6.26851473160101,13.,-63.9827390695391));
#5173=CARTESIAN_POINT('Ctrl Pts',(7.03333447407131,13.,-64.4253229488595));
#5174=CARTESIAN_POINT('Ctrl Pts',(8.53392770686979,13.,-65.293682298618));
#5175=CARTESIAN_POINT('Ctrl Pts',(10.2441396998426,13.,-65.7277004202292));
#5176=CARTESIAN_POINT('Ctrl Pts',(12.3235749776347,13.,-65.9242776465659));
#5177=CARTESIAN_POINT('Ctrl Pts',(13.1257668922554,13.,-66.0001120152765));
#5178=CARTESIAN_POINT('Ctrl Pts',(13.9880734723335,13.,-66.0424548394838));
#5179=CARTESIAN_POINT('Ctrl Pts',(14.9257721013338,13.,-66.0657980484257));
#5180=CARTESIAN_POINT('Ctrl Pts',(66.7983864404639,6.,-2.17866477175776));
#5181=CARTESIAN_POINT('Ctrl Pts',(66.7983864404639,13.,-2.17866477175776));
#5182=CARTESIAN_POINT('Ctrl Pts',(65.5792694959674,6.,-1.96550520363947));
#5183=CARTESIAN_POINT('Ctrl Pts',(65.5792694959674,13.,-1.96550520363947));
#5184=CARTESIAN_POINT('Ctrl Pts',(64.2225178013031,6.,-1.87324319334139));
#5185=CARTESIAN_POINT('Ctrl Pts',(64.2225178013031,13.,-1.87324319334139));
#5186=CARTESIAN_POINT('Ctrl Pts',(62.6542278986773,6.,-1.83420195157455));
#5187=CARTESIAN_POINT('Ctrl Pts',(62.6542278986773,13.,-1.83420195157455));
#5188=CARTESIAN_POINT('',(66.7983864404639,6.8,-2.17866477175776));
#5189=CARTESIAN_POINT('Ctrl Pts',(62.6542278986773,6.8,-1.83420195157455));
#5190=CARTESIAN_POINT('Ctrl Pts',(64.2225178013031,6.8,-1.87324319334139));
#5191=CARTESIAN_POINT('Ctrl Pts',(65.5792694959674,6.8,-1.96550520363947));
#5192=CARTESIAN_POINT('Ctrl Pts',(66.7983864404639,6.8,-2.17866477175776));
#5193=CARTESIAN_POINT('',(66.7983864404639,13.,-2.17866477175776));
#5194=CARTESIAN_POINT('Ctrl Pts',(66.7983864404639,13.,-2.17866477175776));
#5195=CARTESIAN_POINT('Ctrl Pts',(65.5792694959674,13.,-1.96550520363947));
#5196=CARTESIAN_POINT('Ctrl Pts',(64.2225178013031,13.,-1.87324319334139));
#5197=CARTESIAN_POINT('Ctrl Pts',(62.6542278986773,13.,-1.83420195157455));
#5198=CARTESIAN_POINT('',(66.7983864404639,6.,-2.17866477175776));
#5199=CARTESIAN_POINT('Ctrl Pts',(68.750805610339,6.,-2.66711644272968));
#5200=CARTESIAN_POINT('Ctrl Pts',(68.750805610339,13.,-2.66711644272968));
#5201=CARTESIAN_POINT('Ctrl Pts',(68.1346186156418,6.,-2.45832262012419));
#5202=CARTESIAN_POINT('Ctrl Pts',(68.1346186156418,13.,-2.45832262012419));
#5203=CARTESIAN_POINT('Ctrl Pts',(67.4879460711028,6.,-2.29923255955067));
#5204=CARTESIAN_POINT('Ctrl Pts',(67.4879460711028,13.,-2.29923255955067));
#5205=CARTESIAN_POINT('Ctrl Pts',(66.7983864404639,6.,-2.17866477175776));
#5206=CARTESIAN_POINT('Ctrl Pts',(66.7983864404639,13.,-2.17866477175776));
#5207=CARTESIAN_POINT('',(66.853501508268,6.8,-2.18840016676893));
#5208=CARTESIAN_POINT('Ctrl Pts',(66.7983864404639,6.8,-2.17866477175776));
#5209=CARTESIAN_POINT('Ctrl Pts',(66.8167891269639,6.8,-2.18188243575977));
#5210=CARTESIAN_POINT('Ctrl Pts',(66.8351612680975,6.8,-2.18512753638763));
#5211=CARTESIAN_POINT('Ctrl Pts',(66.8535030995886,6.8,-2.18840028617506));
#5212=CARTESIAN_POINT('',(68.750805610339,13.,-2.66711644272968));
#5213=CARTESIAN_POINT('Ctrl Pts',(68.750805610339,13.,-2.66711644272968));
#5214=CARTESIAN_POINT('Ctrl Pts',(68.1346186156418,13.,-2.45832262012419));
#5215=CARTESIAN_POINT('Ctrl Pts',(67.4879460711028,13.,-2.29923255955067));
#5216=CARTESIAN_POINT('Ctrl Pts',(66.7983864404639,13.,-2.17866477175776));
#5217=CARTESIAN_POINT('',(68.750805610339,12.,-2.66711644272968));
#5218=CARTESIAN_POINT('',(68.750805610339,6.,-2.66711644272968));
#5219=CARTESIAN_POINT('',(66.853501508268,12.,-2.18840016676892));
#5220=CARTESIAN_POINT('Ctrl Pts',(66.8535030995886,12.,-2.18840028617507));
#5221=CARTESIAN_POINT('Ctrl Pts',(67.5224406252889,12.,-2.30775942139022));
#5222=CARTESIAN_POINT('Ctrl Pts',(68.1510631631253,12.,-2.46389482460051));
#5223=CARTESIAN_POINT('Ctrl Pts',(68.750805610339,12.,-2.66711644272968));
#5224=CARTESIAN_POINT('Ctrl Pts',(66.853501508268,6.8,-2.18840016676893));
#5225=CARTESIAN_POINT('Ctrl Pts',(66.853501508268,8.53333333333334,-2.18840016676893));
#5226=CARTESIAN_POINT('Ctrl Pts',(66.853501508268,10.2666666666667,-2.18840016676892));
#5227=CARTESIAN_POINT('Ctrl Pts',(66.853501508268,12.,-2.18840016676892));
#5228=CARTESIAN_POINT('Ctrl Pts',(75.7458220682483,6.,-15.6113205079509));
#5229=CARTESIAN_POINT('Ctrl Pts',(75.7458220682483,13.,-15.6113205079509));
#5230=CARTESIAN_POINT('Ctrl Pts',(75.7298917720364,6.,-14.2365108424378));
#5231=CARTESIAN_POINT('Ctrl Pts',(75.7298917720364,13.,-14.2365108424378));
#5232=CARTESIAN_POINT('Ctrl Pts',(75.6945413859008,6.,-13.166675430419));
#5233=CARTESIAN_POINT('Ctrl Pts',(75.6945413859008,13.,-13.166675430419));
#5234=CARTESIAN_POINT('Ctrl Pts',(75.620377694564,6.,-12.2706852716052));
#5235=CARTESIAN_POINT('Ctrl Pts',(75.620377694564,13.,-12.2706852716052));
#5236=CARTESIAN_POINT('Ctrl Pts',(75.5776224645786,6.,-11.7541486131091));
#5237=CARTESIAN_POINT('Ctrl Pts',(75.5776224645786,13.,-11.7541486131091));
#5238=CARTESIAN_POINT('Ctrl Pts',(75.5220151634577,6.,-11.295359597406));
#5239=CARTESIAN_POINT('Ctrl Pts',(75.5220151634577,13.,-11.295359597406));
#5240=CARTESIAN_POINT('Ctrl Pts',(75.4498808330621,6.,-10.8680092359869));
#5241=CARTESIAN_POINT('Ctrl Pts',(75.4498808330621,13.,-10.8680092359869));
#5242=CARTESIAN_POINT('Ctrl Pts',(75.3931745783024,6.,-10.5320604813039));
#5243=CARTESIAN_POINT('Ctrl Pts',(75.3931745783024,13.,-10.5320604813039));
#5244=CARTESIAN_POINT('Ctrl Pts',(75.3168364948551,6.,-10.1423689843847));
#5245=CARTESIAN_POINT('Ctrl Pts',(75.3168364948551,13.,-10.1423689843847));
#5246=CARTESIAN_POINT('Ctrl Pts',(75.1795589304989,6.,-9.6567660052106));
#5247=CARTESIAN_POINT('Ctrl Pts',(75.1795589304989,13.,-9.6567660052106));
#5248=CARTESIAN_POINT('Ctrl Pts',(74.9721401151472,6.,-8.92304673255425));
#5249=CARTESIAN_POINT('Ctrl Pts',(74.9721401151472,13.,-8.92304673255425));
#5250=CARTESIAN_POINT('Ctrl Pts',(74.6368804911224,6.,-8.02973388159487));
#5251=CARTESIAN_POINT('Ctrl Pts',(74.6368804911224,13.,-8.02973388159487));
#5252=CARTESIAN_POINT('Ctrl Pts',(74.0569415590491,6.,-7.04347837204968));
#5253=CARTESIAN_POINT('Ctrl Pts',(74.0569415590491,13.,-7.04347837204968));
#5254=CARTESIAN_POINT('Ctrl Pts',(73.639653767303,6.,-6.33383057826519));
#5255=CARTESIAN_POINT('Ctrl Pts',(73.639653767303,13.,-6.33383057826519));
#5256=CARTESIAN_POINT('Ctrl Pts',(73.0731846772256,6.,-5.54179052985542));
#5257=CARTESIAN_POINT('Ctrl Pts',(73.0731846772256,13.,-5.54179052985542));
#5258=CARTESIAN_POINT('Ctrl Pts',(72.3151369398776,6.,-4.8097177367593));
#5259=CARTESIAN_POINT('Ctrl Pts',(72.3151369398776,13.,-4.8097177367593));
#5260=CARTESIAN_POINT('Ctrl Pts',(71.7128011864669,6.,-4.2280213663912));
#5261=CARTESIAN_POINT('Ctrl Pts',(71.7128011864669,13.,-4.2280213663912));
#5262=CARTESIAN_POINT('Ctrl Pts',(71.0021147202696,6.,-3.71006815601121));
#5263=CARTESIAN_POINT('Ctrl Pts',(71.0021147202696,13.,-3.71006815601121));
#5264=CARTESIAN_POINT('Ctrl Pts',(70.254317962623,6.,-3.31245718586641));
#5265=CARTESIAN_POINT('Ctrl Pts',(70.254317962623,13.,-3.31245718586641));
#5266=CARTESIAN_POINT('Ctrl Pts',(69.7773284123912,6.,-3.05883710009136));
#5267=CARTESIAN_POINT('Ctrl Pts',(69.7773284123912,13.,-3.05883710009136));
#5268=CARTESIAN_POINT('Ctrl Pts',(69.2765247176447,6.,-2.84525538914651));
#5269=CARTESIAN_POINT('Ctrl Pts',(69.2765247176447,13.,-2.84525538914651));
#5270=CARTESIAN_POINT('Ctrl Pts',(68.750805610339,6.,-2.66711644272968));
#5271=CARTESIAN_POINT('Ctrl Pts',(68.750805610339,13.,-2.66711644272968));
#5272=CARTESIAN_POINT('',(68.853501508268,12.,-2.702477627083));
#5273=CARTESIAN_POINT('Ctrl Pts',(68.750805610339,12.,-2.66711644272968));
#5274=CARTESIAN_POINT('Ctrl Pts',(68.785143632105,12.,-2.67875181784623));
#5275=CARTESIAN_POINT('Ctrl Pts',(68.8193753592954,12.,-2.69053839951438));
#5276=CARTESIAN_POINT('Ctrl Pts',(68.8535010987824,12.,-2.70247746831709));
#5277=CARTESIAN_POINT('',(75.7458220682483,13.,-15.6113205079509));
#5278=CARTESIAN_POINT('Ctrl Pts',(75.7458220682483,13.,-15.6113205079509));
#5279=CARTESIAN_POINT('Ctrl Pts',(75.7298917720364,13.,-14.2365108424378));
#5280=CARTESIAN_POINT('Ctrl Pts',(75.6945413859008,13.,-13.166675430419));
#5281=CARTESIAN_POINT('Ctrl Pts',(75.620377694564,13.,-12.2706852716052));
#5282=CARTESIAN_POINT('Ctrl Pts',(75.5776224645786,13.,-11.7541486131091));
#5283=CARTESIAN_POINT('Ctrl Pts',(75.5220151634577,13.,-11.295359597406));
#5284=CARTESIAN_POINT('Ctrl Pts',(75.4498808330621,13.,-10.8680092359869));
#5285=CARTESIAN_POINT('Ctrl Pts',(75.3931745783024,13.,-10.5320604813039));
#5286=CARTESIAN_POINT('Ctrl Pts',(75.3168364948551,13.,-10.1423689843847));
#5287=CARTESIAN_POINT('Ctrl Pts',(75.1795589304989,13.,-9.6567660052106));
#5288=CARTESIAN_POINT('Ctrl Pts',(74.9721401151472,13.,-8.92304673255425));
#5289=CARTESIAN_POINT('Ctrl Pts',(74.6368804911224,13.,-8.02973388159487));
#5290=CARTESIAN_POINT('Ctrl Pts',(74.0569415590491,13.,-7.04347837204968));
#5291=CARTESIAN_POINT('Ctrl Pts',(73.639653767303,13.,-6.33383057826519));
#5292=CARTESIAN_POINT('Ctrl Pts',(73.0731846772256,13.,-5.54179052985542));
#5293=CARTESIAN_POINT('Ctrl Pts',(72.3151369398776,13.,-4.8097177367593));
#5294=CARTESIAN_POINT('Ctrl Pts',(71.7128011864669,13.,-4.2280213663912));
#5295=CARTESIAN_POINT('Ctrl Pts',(71.0021147202696,13.,-3.71006815601121));
#5296=CARTESIAN_POINT('Ctrl Pts',(70.254317962623,13.,-3.31245718586641));
#5297=CARTESIAN_POINT('Ctrl Pts',(69.7773284123912,13.,-3.05883710009136));
#5298=CARTESIAN_POINT('Ctrl Pts',(69.2765247176447,13.,-2.84525538914651));
#5299=CARTESIAN_POINT('Ctrl Pts',(68.750805610339,13.,-2.66711644272968));
#5300=CARTESIAN_POINT('',(75.7458220682483,6.8,-15.6113205079509));
#5301=CARTESIAN_POINT('',(75.7458220682483,6.,-15.6113205079509));
#5302=CARTESIAN_POINT('',(68.853501508268,6.8,-2.702477627083));
#5303=CARTESIAN_POINT('Ctrl Pts',(68.8535010987824,6.8,-2.70247746831709));
#5304=CARTESIAN_POINT('Ctrl Pts',(69.341844400217,6.8,-2.87332693159091));
#5305=CARTESIAN_POINT('Ctrl Pts',(69.808483600267,6.8,-3.07540262320936));
#5306=CARTESIAN_POINT('Ctrl Pts',(70.254317962623,6.8,-3.31245718586641));
#5307=CARTESIAN_POINT('Ctrl Pts',(71.0021147202696,6.8,-3.71006815601121));
#5308=CARTESIAN_POINT('Ctrl Pts',(71.7128011864669,6.8,-4.2280213663912));
#5309=CARTESIAN_POINT('Ctrl Pts',(72.3151369398776,6.8,-4.8097177367593));
#5310=CARTESIAN_POINT('Ctrl Pts',(73.0731846772256,6.8,-5.54179052985542));
#5311=CARTESIAN_POINT('Ctrl Pts',(73.639653767303,6.8,-6.33383057826519));
#5312=CARTESIAN_POINT('Ctrl Pts',(74.0569415590491,6.8,-7.04347837204968));
#5313=CARTESIAN_POINT('Ctrl Pts',(74.6368804911224,6.8,-8.02973388159486));
#5314=CARTESIAN_POINT('Ctrl Pts',(74.9721401151472,6.8,-8.92304673255425));
#5315=CARTESIAN_POINT('Ctrl Pts',(75.1795589304989,6.8,-9.65676600521059));
#5316=CARTESIAN_POINT('Ctrl Pts',(75.3168364948551,6.8,-10.1423689843847));
#5317=CARTESIAN_POINT('Ctrl Pts',(75.3931745783024,6.8,-10.5320604813039));
#5318=CARTESIAN_POINT('Ctrl Pts',(75.4498808330621,6.8,-10.8680092359869));
#5319=CARTESIAN_POINT('Ctrl Pts',(75.5220151634577,6.8,-11.295359597406));
#5320=CARTESIAN_POINT('Ctrl Pts',(75.5776224645786,6.8,-11.7541486131091));
#5321=CARTESIAN_POINT('Ctrl Pts',(75.620377694564,6.8,-12.2706852716052));
#5322=CARTESIAN_POINT('Ctrl Pts',(75.6945413859008,6.8,-13.166675430419));
#5323=CARTESIAN_POINT('Ctrl Pts',(75.7298917720364,6.8,-14.2365108424378));
#5324=CARTESIAN_POINT('Ctrl Pts',(75.7458220682483,6.8,-15.6113205079509));
#5325=CARTESIAN_POINT('Ctrl Pts',(68.853501508268,12.,-2.702477627083));
#5326=CARTESIAN_POINT('Ctrl Pts',(68.853501508268,10.2666666666667,-2.702477627083));
#5327=CARTESIAN_POINT('Ctrl Pts',(68.853501508268,8.53333333333333,-2.702477627083));
#5328=CARTESIAN_POINT('Ctrl Pts',(68.853501508268,6.8,-2.702477627083));
#5329=CARTESIAN_POINT('Origin',(75.7453726339973,6.,-52.3269484599595));
#5330=CARTESIAN_POINT('',(75.7453726339973,6.8,-52.3269484599595));
#5331=CARTESIAN_POINT('',(75.7454861258756,6.8,-43.0554575355695));
#5332=CARTESIAN_POINT('',(75.7453726339973,13.,-52.3269484599595));
#5333=CARTESIAN_POINT('',(75.7453726339973,13.,-52.3269484599595));
#5334=CARTESIAN_POINT('',(75.7453726339973,6.,-52.3269484599595));
#5335=CARTESIAN_POINT('Ctrl Pts',(70.640420828221,6.,-64.3703283463887));
#5336=CARTESIAN_POINT('Ctrl Pts',(70.640420828221,13.,-64.3703283463887));
#5337=CARTESIAN_POINT('Ctrl Pts',(71.9840268183919,6.,-63.5714979757867));
#5338=CARTESIAN_POINT('Ctrl Pts',(71.9840268183919,13.,-63.5714979757867));
#5339=CARTESIAN_POINT('Ctrl Pts',(73.0769081468897,6.,-62.4620049200256));
#5340=CARTESIAN_POINT('Ctrl Pts',(73.0769081468897,13.,-62.4620049200256));
#5341=CARTESIAN_POINT('Ctrl Pts',(73.9543910614129,6.,-61.0275002189314));
#5342=CARTESIAN_POINT('Ctrl Pts',(73.9543910614129,13.,-61.0275002189314));
#5343=CARTESIAN_POINT('Ctrl Pts',(74.5145225462873,6.,-60.1118000554477));
#5344=CARTESIAN_POINT('Ctrl Pts',(74.5145225462873,13.,-60.1118000554477));
#5345=CARTESIAN_POINT('Ctrl Pts',(74.9636300530975,6.,-59.0907030888796));
#5346=CARTESIAN_POINT('Ctrl Pts',(74.9636300530975,13.,-59.0907030888796));
#5347=CARTESIAN_POINT('Ctrl Pts',(75.2435726440009,6.,-58.0064791348465));
#5348=CARTESIAN_POINT('Ctrl Pts',(75.2435726440009,13.,-58.0064791348465));
#5349=CARTESIAN_POINT('Ctrl Pts',(75.6057654957658,6.,-56.603698069644));
#5350=CARTESIAN_POINT('Ctrl Pts',(75.6057654957658,13.,-56.603698069644));
#5351=CARTESIAN_POINT('Ctrl Pts',(75.7136165410132,6.,-54.9950997466029));
#5352=CARTESIAN_POINT('Ctrl Pts',(75.7136165410132,13.,-54.9950997466029));
#5353=CARTESIAN_POINT('Ctrl Pts',(75.7453726339969,6.,-52.3269484599595));
#5354=CARTESIAN_POINT('Ctrl Pts',(75.7453726339969,13.,-52.3269484599595));
#5355=CARTESIAN_POINT('Ctrl Pts',(75.7453726339969,6.8,-52.3269484599595));
#5356=CARTESIAN_POINT('Ctrl Pts',(75.7183126169718,6.8,-54.6005348006739));
#5357=CARTESIAN_POINT('Ctrl Pts',(75.6359993471772,6.8,-56.1047698772252));
#5358=CARTESIAN_POINT('Ctrl Pts',(75.3881456843063,6.8,-57.367887806063));
#5359=CARTESIAN_POINT('',(70.640420828221,13.,-64.3703283463887));
#5360=CARTESIAN_POINT('Ctrl Pts',(70.640420828221,13.,-64.3703283463887));
#5361=CARTESIAN_POINT('Ctrl Pts',(71.9840268183919,13.,-63.5714979757867));
#5362=CARTESIAN_POINT('Ctrl Pts',(73.0769081468897,13.,-62.4620049200256));
#5363=CARTESIAN_POINT('Ctrl Pts',(73.9543910614129,13.,-61.0275002189314));
#5364=CARTESIAN_POINT('Ctrl Pts',(74.5145225462873,13.,-60.1118000554477));
#5365=CARTESIAN_POINT('Ctrl Pts',(74.9636300530975,13.,-59.0907030888796));
#5366=CARTESIAN_POINT('Ctrl Pts',(75.2435726440009,13.,-58.0064791348465));
#5367=CARTESIAN_POINT('Ctrl Pts',(75.6057654957658,13.,-56.603698069644));
#5368=CARTESIAN_POINT('Ctrl Pts',(75.7136165410132,13.,-54.9950997466029));
#5369=CARTESIAN_POINT('Ctrl Pts',(75.7453726339969,13.,-52.3269484599595));
#5370=CARTESIAN_POINT('',(70.640420828221,12.,-64.3703283463887));
#5371=CARTESIAN_POINT('',(70.640420828221,6.,-64.3703283463887));
#5372=CARTESIAN_POINT('',(70.8039542928207,12.,-64.270774221275));
#5373=CARTESIAN_POINT('Ctrl Pts',(70.8040157419685,12.,-64.270757890647));
#5374=CARTESIAN_POINT('Ctrl Pts',(70.7499018575755,12.,-64.3044683143873));
#5375=CARTESIAN_POINT('Ctrl Pts',(70.6953710251646,12.,-64.3376581391179));
#5376=CARTESIAN_POINT('Ctrl Pts',(70.640420828221,12.,-64.3703283463887));
#5377=CARTESIAN_POINT('Ctrl Pts',(70.8040157419685,12.,-64.270757890647));
#5378=CARTESIAN_POINT('Ctrl Pts',(72.0730588845905,12.,-63.4802032564265));
#5379=CARTESIAN_POINT('Ctrl Pts',(73.1127950507293,12.,-62.4033371882513));
#5380=CARTESIAN_POINT('Ctrl Pts',(73.9543910614129,12.,-61.0275002189314));
#5381=CARTESIAN_POINT('Ctrl Pts',(74.5145225462873,12.,-60.1118000554477));
#5382=CARTESIAN_POINT('Ctrl Pts',(74.9636300530975,12.,-59.0907030888796));
#5383=CARTESIAN_POINT('Ctrl Pts',(75.2435726440009,12.,-58.0064791348465));
#5384=CARTESIAN_POINT('Ctrl Pts',(75.2971335497147,12.,-57.7990365417519));
#5385=CARTESIAN_POINT('Ctrl Pts',(75.3451324190301,12.,-57.5870930642168));
#5386=CARTESIAN_POINT('Ctrl Pts',(75.3881456811654,12.,-57.3678878220694));
#5387=CARTESIAN_POINT('Ctrl Pts',(66.7060940577378,6.,-65.7371993730753));
#5388=CARTESIAN_POINT('Ctrl Pts',(66.7060940577378,13.,-65.7371993730753));
#5389=CARTESIAN_POINT('Ctrl Pts',(68.03589795796,6.,-65.5125188310463));
#5390=CARTESIAN_POINT('Ctrl Pts',(68.03589795796,13.,-65.5125188310463));
#5391=CARTESIAN_POINT('Ctrl Pts',(69.3067297661813,6.,-65.1236519364884));
#5392=CARTESIAN_POINT('Ctrl Pts',(69.3067297661813,13.,-65.1236519364884));
#5393=CARTESIAN_POINT('Ctrl Pts',(70.4489414632982,6.,-64.4810829310207));
#5394=CARTESIAN_POINT('Ctrl Pts',(70.4489414632982,13.,-64.4810829310207));
#5395=CARTESIAN_POINT('Ctrl Pts',(70.5133571794158,6.,-64.4448448652168));
#5396=CARTESIAN_POINT('Ctrl Pts',(70.5133571794158,13.,-64.4448448652168));
#5397=CARTESIAN_POINT('Ctrl Pts',(70.5771809368736,6.,-64.4079271262479));
#5398=CARTESIAN_POINT('Ctrl Pts',(70.5771809368736,13.,-64.4079271262479));
#5399=CARTESIAN_POINT('Ctrl Pts',(70.640420828221,6.,-64.3703283463887));
#5400=CARTESIAN_POINT('Ctrl Pts',(70.640420828221,13.,-64.3703283463887));
#5401=CARTESIAN_POINT('Ctrl Pts',(70.640420828221,12.,-64.3703283463887));
#5402=CARTESIAN_POINT('Ctrl Pts',(70.5771809368736,12.,-64.4079271262479));
#5403=CARTESIAN_POINT('Ctrl Pts',(70.5133571794158,12.,-64.4448448652168));
#5404=CARTESIAN_POINT('Ctrl Pts',(70.4489414632982,12.,-64.4810829310207));
#5405=CARTESIAN_POINT('Ctrl Pts',(69.3220049313376,12.,-65.1150586540806));
#5406=CARTESIAN_POINT('Ctrl Pts',(68.0698654415117,12.,-65.5020725728795));
#5407=CARTESIAN_POINT('Ctrl Pts',(66.7594139388787,12.,-65.7280968909744));
#5408=CARTESIAN_POINT('',(66.7060940577378,13.,-65.7371993730753));
#5409=CARTESIAN_POINT('Ctrl Pts',(66.7060940577378,13.,-65.7371993730753));
#5410=CARTESIAN_POINT('Ctrl Pts',(68.03589795796,13.,-65.5125188310463));
#5411=CARTESIAN_POINT('Ctrl Pts',(69.3067297661813,13.,-65.1236519364884));
#5412=CARTESIAN_POINT('Ctrl Pts',(70.4489414632982,13.,-64.4810829310207));
#5413=CARTESIAN_POINT('Ctrl Pts',(70.5133571794158,13.,-64.4448448652168));
#5414=CARTESIAN_POINT('Ctrl Pts',(70.5771809368736,13.,-64.4079271262479));
#5415=CARTESIAN_POINT('Ctrl Pts',(70.640420828221,13.,-64.3703283463887));
#5416=CARTESIAN_POINT('',(66.7060940577378,6.,-65.7371993730753));
#5417=CARTESIAN_POINT('',(66.7060940577378,6.,-65.7371993730753));
#5418=CARTESIAN_POINT('Ctrl Pts',(66.7060940577378,6.,-65.7371993730753));
#5419=CARTESIAN_POINT('Ctrl Pts',(66.7238779538866,6.,-65.7341946477731));
#5420=CARTESIAN_POINT('Ctrl Pts',(66.7416513031273,6.,-65.7311605584395));
#5421=CARTESIAN_POINT('Ctrl Pts',(66.7594139388787,6.,-65.7280968909744));
#5422=CARTESIAN_POINT('Ctrl Pts',(62.6542278986698,6.,-66.0657980484257));
#5423=CARTESIAN_POINT('Ctrl Pts',(62.6542278986698,13.,-66.0657980484257));
#5424=CARTESIAN_POINT('Ctrl Pts',(64.1938742481355,6.,-66.027469863526));
#5425=CARTESIAN_POINT('Ctrl Pts',(64.1938742481355,13.,-66.027469863526));
#5426=CARTESIAN_POINT('Ctrl Pts',(65.5099492856763,6.,-65.9392971829007));
#5427=CARTESIAN_POINT('Ctrl Pts',(65.5099492856763,13.,-65.9392971829007));
#5428=CARTESIAN_POINT('Ctrl Pts',(66.7060940577378,6.,-65.7371993730754));
#5429=CARTESIAN_POINT('Ctrl Pts',(66.7060940577378,13.,-65.7371993730754));
#5430=CARTESIAN_POINT('',(62.6542278986698,6.,-66.065798048426));
#5431=CARTESIAN_POINT('Ctrl Pts',(62.6542278986698,6.,-66.0657980484257));
#5432=CARTESIAN_POINT('Ctrl Pts',(64.1938742481355,6.,-66.027469863526));
#5433=CARTESIAN_POINT('Ctrl Pts',(65.5099492856763,6.,-65.9392971829007));
#5434=CARTESIAN_POINT('Ctrl Pts',(66.7060940577378,6.,-65.7371993730754));
#5435=CARTESIAN_POINT('',(62.6542278986698,13.,-66.065798048426));
#5436=CARTESIAN_POINT('Ctrl Pts',(62.6542278986698,13.,-66.0657980484257));
#5437=CARTESIAN_POINT('Ctrl Pts',(64.1938742481355,13.,-66.027469863526));
#5438=CARTESIAN_POINT('Ctrl Pts',(65.5099492856763,13.,-65.9392971829007));
#5439=CARTESIAN_POINT('Ctrl Pts',(66.7060940577378,13.,-65.7371993730754));
#5440=CARTESIAN_POINT('',(62.6542278986698,6.,-66.065798048426));
#5441=CARTESIAN_POINT('Origin',(14.9257721013337,6.,-66.0657980484253));
#5442=CARTESIAN_POINT('',(62.6542278986698,6.,-66.065798048426));
#5443=CARTESIAN_POINT('',(62.6542278986698,13.,-66.065798048426));
#5444=CARTESIAN_POINT('Origin',(1.41420612454541,6.,-52.2935458204278));
#5445=CARTESIAN_POINT('',(1.41465643581744,8.2267025122562,-15.5900673857647));
#5446=CARTESIAN_POINT('Ctrl Pts',(1.41465672396584,8.22667931314932,-15.5680537755388));
#5447=CARTESIAN_POINT('Ctrl Pts',(1.41465678431315,8.22668501604979,-15.5753941342803));
#5448=CARTESIAN_POINT('Ctrl Pts',(1.41465679743853,8.22669066884247,-15.582732126834));
#5449=CARTESIAN_POINT('Ctrl Pts',(1.41465676878711,8.226696272546,-15.5900675180825));
#5450=CARTESIAN_POINT('',(1.41420612454541,13.,-52.2935458204278));
#5451=CARTESIAN_POINT('',(1.41465711048388,13.,-15.5680530923626));
#5452=CARTESIAN_POINT('',(1.41420612454541,8.22667931509255,-52.2935458204278));
#5453=CARTESIAN_POINT('',(1.41420612454541,6.,-52.2935458204278));
#5454=CARTESIAN_POINT('Ctrl Pts',(1.41465684015022,8.22670253862737,-15.5900673857647));
#5455=CARTESIAN_POINT('Ctrl Pts',(1.41458168734324,8.2266976370577,-21.7100450406651));
#5456=CARTESIAN_POINT('Ctrl Pts',(1.41450653453531,8.22669273293299,-27.8300226955656));
#5457=CARTESIAN_POINT('Ctrl Pts',(1.41435629600038,8.22668292394914,-40.0645155071183));
#5458=CARTESIAN_POINT('Ctrl Pts',(1.41428121027336,8.22667801909456,-46.1790306637705));
#5459=CARTESIAN_POINT('Ctrl Pts',(1.41420612454541,8.22667311168538,-52.2935458204228));
#5460=CARTESIAN_POINT('Ctrl Pts',(14.9153197971955,6.,-66.48566796797));
#5461=CARTESIAN_POINT('Ctrl Pts',(14.9153197971955,13.,-66.48566796797));
#5462=CARTESIAN_POINT('Ctrl Pts',(13.8469867476543,6.,-66.4590727263608));
#5463=CARTESIAN_POINT('Ctrl Pts',(13.8469867476543,13.,-66.4590727263608));
#5464=CARTESIAN_POINT('Ctrl Pts',(12.8714258337956,6.,-66.408017017298));
#5465=CARTESIAN_POINT('Ctrl Pts',(12.8714258337956,13.,-66.408017017298));
#5466=CARTESIAN_POINT('Ctrl Pts',(11.9646144904805,6.,-66.3101050632624));
#5467=CARTESIAN_POINT('Ctrl Pts',(11.9646144904805,13.,-66.3101050632624));
#5468=CARTESIAN_POINT('Ctrl Pts',(9.98672201158951,6.,-66.0965443056602));
#5469=CARTESIAN_POINT('Ctrl Pts',(9.98672201158951,13.,-66.0965443056602));
#5470=CARTESIAN_POINT('Ctrl Pts',(8.30109793453873,6.,-65.6476259382604));
#5471=CARTESIAN_POINT('Ctrl Pts',(8.30109793453873,13.,-65.6476259382604));
#5472=CARTESIAN_POINT('Ctrl Pts',(6.80857399460313,6.,-64.780495718174));
#5473=CARTESIAN_POINT('Ctrl Pts',(6.80857399460313,13.,-64.780495718174));
#5474=CARTESIAN_POINT('Ctrl Pts',(5.93858450517205,6.,-64.2750470903444));
#5475=CARTESIAN_POINT('Ctrl Pts',(5.93858450517205,13.,-64.2750470903444));
#5476=CARTESIAN_POINT('Ctrl Pts',(5.11943718136155,6.,-63.5919180408099));
#5477=CARTESIAN_POINT('Ctrl Pts',(5.11943718136155,13.,-63.5919180408099));
#5478=CARTESIAN_POINT('Ctrl Pts',(4.48273592314412,6.,-62.8840354578197));
#5479=CARTESIAN_POINT('Ctrl Pts',(4.48273592314412,13.,-62.8840354578197));
#5480=CARTESIAN_POINT('Ctrl Pts',(3.80177982021961,6.,-62.1269504688711));
#5481=CARTESIAN_POINT('Ctrl Pts',(3.80177982021961,13.,-62.1269504688711));
#5482=CARTESIAN_POINT('Ctrl Pts',(3.30555970153068,6.,-61.3570321042442));
#5483=CARTESIAN_POINT('Ctrl Pts',(3.30555970153068,13.,-61.3570321042442));
#5484=CARTESIAN_POINT('Ctrl Pts',(2.93588569206177,6.,-60.6691238730441));
#5485=CARTESIAN_POINT('Ctrl Pts',(2.93588569206177,13.,-60.6691238730441));
#5486=CARTESIAN_POINT('Ctrl Pts',(2.17916110664511,6.,-59.2609722104278));
#5487=CARTESIAN_POINT('Ctrl Pts',(2.17916110664511,13.,-59.2609722104278));
#5488=CARTESIAN_POINT('Ctrl Pts',(1.88297769748645,6.,-58.0258751095591));
#5489=CARTESIAN_POINT('Ctrl Pts',(1.88297769748645,13.,-58.0258751095591));
#5490=CARTESIAN_POINT('Ctrl Pts',(1.74494937411215,6.,-57.2671616332324));
#5491=CARTESIAN_POINT('Ctrl Pts',(1.74494937411215,13.,-57.2671616332324));
#5492=CARTESIAN_POINT('Ctrl Pts',(1.68825862635846,6.,-56.955544182174));
#5493=CARTESIAN_POINT('Ctrl Pts',(1.68825862635846,13.,-56.955544182174));
#5494=CARTESIAN_POINT('Ctrl Pts',(1.64391515621259,6.,-56.6507394906957));
#5495=CARTESIAN_POINT('Ctrl Pts',(1.64391515621259,13.,-56.6507394906957));
#5496=CARTESIAN_POINT('Ctrl Pts',(1.60513448120588,6.,-56.3152429353419));
#5497=CARTESIAN_POINT('Ctrl Pts',(1.60513448120588,13.,-56.3152429353419));
#5498=CARTESIAN_POINT('Ctrl Pts',(1.48418813756891,6.,-55.2689207229044));
#5499=CARTESIAN_POINT('Ctrl Pts',(1.48418813756891,13.,-55.2689207229044));
#5500=CARTESIAN_POINT('Ctrl Pts',(1.43416184538123,6.,-54.015755974111));
#5501=CARTESIAN_POINT('Ctrl Pts',(1.43416184538123,13.,-54.015755974111));
#5502=CARTESIAN_POINT('Ctrl Pts',(1.41420612454541,6.,-52.2935458204278));
#5503=CARTESIAN_POINT('Ctrl Pts',(1.41420612454541,13.,-52.2935458204278));
#5504=CARTESIAN_POINT('',(14.9153197971956,8.22667931509255,-66.4856679679697));
#5505=CARTESIAN_POINT('Ctrl Pts',(1.41420612454541,8.22667931509255,-52.2935458204278));
#5506=CARTESIAN_POINT('Ctrl Pts',(1.43416184538123,8.22667931509255,-54.015755974111));
#5507=CARTESIAN_POINT('Ctrl Pts',(1.48418813756891,8.22667931509255,-55.2689207229044));
#5508=CARTESIAN_POINT('Ctrl Pts',(1.60513448120588,8.22667931509255,-56.3152429353419));
#5509=CARTESIAN_POINT('Ctrl Pts',(1.64391515621259,8.22667931509255,-56.6507394906957));
#5510=CARTESIAN_POINT('Ctrl Pts',(1.68825862635846,8.22667931509255,-56.955544182174));
#5511=CARTESIAN_POINT('Ctrl Pts',(1.74494937411215,8.22667931509255,-57.2671616332324));
#5512=CARTESIAN_POINT('Ctrl Pts',(1.88297769748645,8.22667931509255,-58.0258751095591));
#5513=CARTESIAN_POINT('Ctrl Pts',(2.17916110664511,8.22667931509255,-59.2609722104278));
#5514=CARTESIAN_POINT('Ctrl Pts',(2.93588569206177,8.22667931509255,-60.6691238730441));
#5515=CARTESIAN_POINT('Ctrl Pts',(3.30555970153068,8.22667931509255,-61.3570321042442));
#5516=CARTESIAN_POINT('Ctrl Pts',(3.80177982021961,8.22667931509255,-62.1269504688711));
#5517=CARTESIAN_POINT('Ctrl Pts',(4.48273592314412,8.22667931509255,-62.8840354578197));
#5518=CARTESIAN_POINT('Ctrl Pts',(5.11943718136155,8.22667931509255,-63.5919180408099));
#5519=CARTESIAN_POINT('Ctrl Pts',(5.93858450517205,8.22667931509255,-64.2750470903444));
#5520=CARTESIAN_POINT('Ctrl Pts',(6.80857399460313,8.22667931509255,-64.780495718174));
#5521=CARTESIAN_POINT('Ctrl Pts',(8.30109793453873,8.22667931509255,-65.6476259382604));
#5522=CARTESIAN_POINT('Ctrl Pts',(9.98672201158951,8.22667931509255,-66.0965443056602));
#5523=CARTESIAN_POINT('Ctrl Pts',(11.9646144904805,8.22667931509255,-66.3101050632624));
#5524=CARTESIAN_POINT('Ctrl Pts',(12.8714258337956,8.22667931509255,-66.408017017298));
#5525=CARTESIAN_POINT('Ctrl Pts',(13.8469867476543,8.22667931509255,-66.4590727263608));
#5526=CARTESIAN_POINT('Ctrl Pts',(14.9153197971955,8.22667931509255,-66.48566796797));
#5527=CARTESIAN_POINT('',(14.9153197971956,13.,-66.4856679679697));
#5528=CARTESIAN_POINT('Ctrl Pts',(14.9153197971955,13.,-66.48566796797));
#5529=CARTESIAN_POINT('Ctrl Pts',(13.8469867476543,13.,-66.4590727263608));
#5530=CARTESIAN_POINT('Ctrl Pts',(12.8714258337956,13.,-66.408017017298));
#5531=CARTESIAN_POINT('Ctrl Pts',(11.9646144904805,13.,-66.3101050632624));
#5532=CARTESIAN_POINT('Ctrl Pts',(9.98672201158951,13.,-66.0965443056602));
#5533=CARTESIAN_POINT('Ctrl Pts',(8.30109793453873,13.,-65.6476259382604));
#5534=CARTESIAN_POINT('Ctrl Pts',(6.80857399460313,13.,-64.780495718174));
#5535=CARTESIAN_POINT('Ctrl Pts',(5.93858450517205,13.,-64.2750470903444));
#5536=CARTESIAN_POINT('Ctrl Pts',(5.11943718136155,13.,-63.5919180408099));
#5537=CARTESIAN_POINT('Ctrl Pts',(4.48273592314412,13.,-62.8840354578197));
#5538=CARTESIAN_POINT('Ctrl Pts',(3.80177982021961,13.,-62.1269504688711));
#5539=CARTESIAN_POINT('Ctrl Pts',(3.30555970153068,13.,-61.3570321042442));
#5540=CARTESIAN_POINT('Ctrl Pts',(2.93588569206177,13.,-60.6691238730441));
#5541=CARTESIAN_POINT('Ctrl Pts',(2.17916110664511,13.,-59.2609722104278));
#5542=CARTESIAN_POINT('Ctrl Pts',(1.88297769748645,13.,-58.0258751095591));
#5543=CARTESIAN_POINT('Ctrl Pts',(1.74494937411215,13.,-57.2671616332324));
#5544=CARTESIAN_POINT('Ctrl Pts',(1.68825862635846,13.,-56.955544182174));
#5545=CARTESIAN_POINT('Ctrl Pts',(1.64391515621259,13.,-56.6507394906957));
#5546=CARTESIAN_POINT('Ctrl Pts',(1.60513448120588,13.,-56.3152429353419));
#5547=CARTESIAN_POINT('Ctrl Pts',(1.48418813756891,13.,-55.2689207229044));
#5548=CARTESIAN_POINT('Ctrl Pts',(1.43416184538123,13.,-54.015755974111));
#5549=CARTESIAN_POINT('Ctrl Pts',(1.41420612454541,13.,-52.2935458204278));
#5550=CARTESIAN_POINT('',(14.9153197971956,6.,-66.4856679679697));
#5551=CARTESIAN_POINT('Origin',(62.6646802028082,6.,-66.4856679679704));
#5552=CARTESIAN_POINT('Ctrl Pts',(14.9153197971955,8.22667931509255,-66.4856679679697));
#5553=CARTESIAN_POINT('Ctrl Pts',(14.9157348091288,8.22667998981885,-66.4856679679697));
#5554=CARTESIAN_POINT('Ctrl Pts',(14.9161498122903,8.22668066421438,-66.4856679679696));
#5555=CARTESIAN_POINT('Ctrl Pts',(14.9165648066361,8.22668133827935,-66.4856679679696));
#5556=CARTESIAN_POINT('',(62.6646802028082,13.,-66.4856679679704));
#5557=CARTESIAN_POINT('',(14.9153197971956,13.,-66.4856679679697));
#5558=CARTESIAN_POINT('',(62.6646802028082,8.22667931509253,-66.4856679679704));
#5559=CARTESIAN_POINT('',(62.6646802028082,6.,-66.4856679679704));
#5560=CARTESIAN_POINT('Ctrl Pts',(62.6634351933845,8.2266813382793,-66.4856679679704));
#5561=CARTESIAN_POINT('Ctrl Pts',(62.6638501877248,8.22668066421434,-66.4856679679704));
#5562=CARTESIAN_POINT('Ctrl Pts',(62.6642651908804,8.22667998981882,-66.4856679679704));
#5563=CARTESIAN_POINT('Ctrl Pts',(62.6646802028081,8.22667931509253,-66.4856679679704));
#5564=CARTESIAN_POINT('Ctrl Pts',(66.7760645849141,6.,-66.1513299386301));
#5565=CARTESIAN_POINT('Ctrl Pts',(66.7760645849141,13.,-66.1513299386301));
#5566=CARTESIAN_POINT('Ctrl Pts',(65.5495751303225,6.,-66.3585547147077));
#5567=CARTESIAN_POINT('Ctrl Pts',(65.5495751303225,13.,-66.3585547147077));
#5568=CARTESIAN_POINT('Ctrl Pts',(64.2146776007515,6.,-66.4470821025322));
#5569=CARTESIAN_POINT('Ctrl Pts',(64.2146776007515,13.,-66.4470821025322));
#5570=CARTESIAN_POINT('Ctrl Pts',(62.6646802028082,6.,-66.48566796797));
#5571=CARTESIAN_POINT('Ctrl Pts',(62.6646802028082,13.,-66.48566796797));
#5572=CARTESIAN_POINT('',(66.7760645849141,8.22667931509255,-66.1513299386301));
#5573=CARTESIAN_POINT('Ctrl Pts',(62.6646802028082,8.22667931509255,-66.48566796797));
#5574=CARTESIAN_POINT('Ctrl Pts',(64.2146776007515,8.22667931509255,-66.4470821025322));
#5575=CARTESIAN_POINT('Ctrl Pts',(65.5495751303225,8.22667931509255,-66.3585547147077));
#5576=CARTESIAN_POINT('Ctrl Pts',(66.7760645849141,8.22667931509255,-66.1513299386301));
#5577=CARTESIAN_POINT('',(66.7760645849141,13.,-66.1513299386301));
#5578=CARTESIAN_POINT('Ctrl Pts',(66.7760645849141,13.,-66.1513299386301));
#5579=CARTESIAN_POINT('Ctrl Pts',(65.5495751303225,13.,-66.3585547147077));
#5580=CARTESIAN_POINT('Ctrl Pts',(64.2146776007515,13.,-66.4470821025322));
#5581=CARTESIAN_POINT('Ctrl Pts',(62.6646802028082,13.,-66.48566796797));
#5582=CARTESIAN_POINT('',(66.7760645849141,6.,-66.1513299386301));
#5583=CARTESIAN_POINT('Ctrl Pts',(70.8550585005082,6.,-64.7313417389867));
#5584=CARTESIAN_POINT('Ctrl Pts',(70.8550585005082,13.,-64.7313417389867));
#5585=CARTESIAN_POINT('Ctrl Pts',(70.7658643661698,6.,-64.7843714098205));
#5586=CARTESIAN_POINT('Ctrl Pts',(70.7658643661698,13.,-64.7843714098205));
#5587=CARTESIAN_POINT('Ctrl Pts',(70.6755836512978,6.,-64.8360911112907));
#5588=CARTESIAN_POINT('Ctrl Pts',(70.6755836512978,13.,-64.8360911112907));
#5589=CARTESIAN_POINT('Ctrl Pts',(70.584205664171,6.,-64.8865010771037));
#5590=CARTESIAN_POINT('Ctrl Pts',(70.584205664171,13.,-64.8865010771037));
#5591=CARTESIAN_POINT('Ctrl Pts',(69.4064969573402,6.,-65.5362008299174));
#5592=CARTESIAN_POINT('Ctrl Pts',(69.4064969573402,13.,-65.5362008299174));
#5593=CARTESIAN_POINT('Ctrl Pts',(68.1127858405343,6.,-65.9254806564883));
#5594=CARTESIAN_POINT('Ctrl Pts',(68.1127858405343,13.,-65.9254806564883));
#5595=CARTESIAN_POINT('Ctrl Pts',(66.7760645849141,6.,-66.1513299386301));
#5596=CARTESIAN_POINT('Ctrl Pts',(66.7760645849141,13.,-66.1513299386301));
#5597=CARTESIAN_POINT('',(70.8550585005082,8.22667931509255,-64.7313417389867));
#5598=CARTESIAN_POINT('Ctrl Pts',(66.7760645849141,8.22667931509255,-66.1513299386301));
#5599=CARTESIAN_POINT('Ctrl Pts',(68.1127858405343,8.22667931509255,-65.9254806564883));
#5600=CARTESIAN_POINT('Ctrl Pts',(69.4064969573402,8.22667931509255,-65.5362008299174));
#5601=CARTESIAN_POINT('Ctrl Pts',(70.584205664171,8.22667931509255,-64.8865010771037));
#5602=CARTESIAN_POINT('Ctrl Pts',(70.6755836512978,8.22667931509255,-64.8360911112907));
#5603=CARTESIAN_POINT('Ctrl Pts',(70.7658643661698,8.22667931509255,-64.7843714098205));
#5604=CARTESIAN_POINT('Ctrl Pts',(70.8550585005082,8.22667931509255,-64.7313417389867));
#5605=CARTESIAN_POINT('',(70.8550585005082,13.,-64.7313417389867));
#5606=CARTESIAN_POINT('Ctrl Pts',(70.8550585005082,13.,-64.7313417389867));
#5607=CARTESIAN_POINT('Ctrl Pts',(70.7658643661698,13.,-64.7843714098205));
#5608=CARTESIAN_POINT('Ctrl Pts',(70.6755836512978,13.,-64.8360911112907));
#5609=CARTESIAN_POINT('Ctrl Pts',(70.584205664171,13.,-64.8865010771037));
#5610=CARTESIAN_POINT('Ctrl Pts',(69.4064969573402,13.,-65.5362008299174));
#5611=CARTESIAN_POINT('Ctrl Pts',(68.1127858405343,13.,-65.9254806564883));
#5612=CARTESIAN_POINT('Ctrl Pts',(66.7760645849141,13.,-66.1513299386301));
#5613=CARTESIAN_POINT('',(70.8550585005082,6.,-64.7313417389867));
#5614=CARTESIAN_POINT('Ctrl Pts',(76.1653428895166,6.,-52.331946907593));
#5615=CARTESIAN_POINT('Ctrl Pts',(76.1653428895166,13.,-52.331946907593));
#5616=CARTESIAN_POINT('Ctrl Pts',(76.1349025871688,6.,-54.8895452845967));
#5617=CARTESIAN_POINT('Ctrl Pts',(76.1349025871688,13.,-54.8895452845967));
#5618=CARTESIAN_POINT('Ctrl Pts',(76.036447380991,6.,-56.5047192002065));
#5619=CARTESIAN_POINT('Ctrl Pts',(76.036447380991,13.,-56.5047192002065));
#5620=CARTESIAN_POINT('Ctrl Pts',(75.6991975423528,6.,-57.9145707619326));
#5621=CARTESIAN_POINT('Ctrl Pts',(75.6991975423528,13.,-57.9145707619326));
#5622=CARTESIAN_POINT('Ctrl Pts',(75.4266888767283,6.,-59.053775955821));
#5623=CARTESIAN_POINT('Ctrl Pts',(75.4266888767283,13.,-59.053775955821));
#5624=CARTESIAN_POINT('Ctrl Pts',(74.9811388071795,6.,-60.1149505026473));
#5625=CARTESIAN_POINT('Ctrl Pts',(74.9811388071795,13.,-60.1149505026473));
#5626=CARTESIAN_POINT('Ctrl Pts',(74.414741575841,6.,-61.0766278935547));
#5627=CARTESIAN_POINT('Ctrl Pts',(74.414741575841,13.,-61.0766278935547));
#5628=CARTESIAN_POINT('Ctrl Pts',(73.4926198853657,6.,-62.6422845252087));
#5629=CARTESIAN_POINT('Ctrl Pts',(73.4926198853657,13.,-62.6422845252087));
#5630=CARTESIAN_POINT('Ctrl Pts',(72.3132487935912,6.,-63.8643861725832));
#5631=CARTESIAN_POINT('Ctrl Pts',(72.3132487935912,13.,-63.8643861725832));
#5632=CARTESIAN_POINT('Ctrl Pts',(70.8550585005082,6.,-64.7313417389867));
#5633=CARTESIAN_POINT('Ctrl Pts',(70.8550585005082,13.,-64.7313417389867));
#5634=CARTESIAN_POINT('',(76.165342889517,8.22667931509253,-52.331946907593));
#5635=CARTESIAN_POINT('Ctrl Pts',(70.8550585005082,8.22667931509255,-64.7313417389867));
#5636=CARTESIAN_POINT('Ctrl Pts',(72.3132487935912,8.22667931509255,-63.8643861725832));
#5637=CARTESIAN_POINT('Ctrl Pts',(73.4926198853657,8.22667931509255,-62.6422845252087));
#5638=CARTESIAN_POINT('Ctrl Pts',(74.414741575841,8.22667931509255,-61.0766278935547));
#5639=CARTESIAN_POINT('Ctrl Pts',(74.9811388071795,8.22667931509255,-60.1149505026473));
#5640=CARTESIAN_POINT('Ctrl Pts',(75.4266888767283,8.22667931509255,-59.053775955821));
#5641=CARTESIAN_POINT('Ctrl Pts',(75.6991975423528,8.22667931509255,-57.9145707619326));
#5642=CARTESIAN_POINT('Ctrl Pts',(76.036447380991,8.22667931509255,-56.5047192002065));
#5643=CARTESIAN_POINT('Ctrl Pts',(76.1349025871688,8.22667931509255,-54.8895452845967));
#5644=CARTESIAN_POINT('Ctrl Pts',(76.1653428895166,8.22667931509255,-52.331946907593));
#5645=CARTESIAN_POINT('',(76.165342889517,13.,-52.331946907593));
#5646=CARTESIAN_POINT('Ctrl Pts',(76.1653428895166,13.,-52.331946907593));
#5647=CARTESIAN_POINT('Ctrl Pts',(76.1349025871688,13.,-54.8895452845967));
#5648=CARTESIAN_POINT('Ctrl Pts',(76.036447380991,13.,-56.5047192002065));
#5649=CARTESIAN_POINT('Ctrl Pts',(75.6991975423528,13.,-57.9145707619326));
#5650=CARTESIAN_POINT('Ctrl Pts',(75.4266888767283,13.,-59.053775955821));
#5651=CARTESIAN_POINT('Ctrl Pts',(74.9811388071795,13.,-60.1149505026473));
#5652=CARTESIAN_POINT('Ctrl Pts',(74.414741575841,13.,-61.0766278935547));
#5653=CARTESIAN_POINT('Ctrl Pts',(73.4926198853657,13.,-62.6422845252087));
#5654=CARTESIAN_POINT('Ctrl Pts',(72.3132487935912,13.,-63.8643861725832));
#5655=CARTESIAN_POINT('Ctrl Pts',(70.8550585005082,13.,-64.7313417389867));
#5656=CARTESIAN_POINT('',(76.165342889517,6.,-52.331946907593));
#5657=CARTESIAN_POINT('Origin',(76.1657938754546,6.,-15.606454179573));
#5658=CARTESIAN_POINT('',(76.1653431598506,8.22670253862734,-52.3099326141928));
#5659=CARTESIAN_POINT('Ctrl Pts',(76.1653426928993,8.22667931343105,-52.3319403150617));
#5660=CARTESIAN_POINT('Ctrl Pts',(76.1653428544883,8.22668501614048,-52.3246022060918));
#5661=CARTESIAN_POINT('Ctrl Pts',(76.1653430003867,8.22669066884074,-52.3172658254649));
#5662=CARTESIAN_POINT('Ctrl Pts',(76.1653431244453,8.22669627254598,-52.3099314004739));
#5663=CARTESIAN_POINT('',(76.1657938754546,13.,-15.606454179573));
#5664=CARTESIAN_POINT('Ctrl Pts',(76.1653431598506,8.22670253862734,-52.3099326141928));
#5665=CARTESIAN_POINT('Ctrl Pts',(76.1654183126575,8.22669763705768,-46.1899549592995));
#5666=CARTESIAN_POINT('Ctrl Pts',(76.1654934654652,8.22669273293297,-40.0699773044063));
#5667=CARTESIAN_POINT('Ctrl Pts',(76.1656437039999,8.22668292394913,-27.8354844928681));
#5668=CARTESIAN_POINT('Ctrl Pts',(76.1657187897268,8.22667801909456,-21.720969336223));
#5669=CARTESIAN_POINT('Ctrl Pts',(76.1657938754546,8.22667311168539,-15.606454179578));
#5670=CARTESIAN_POINT('Origin',(38.7903253572063,13.,-33.9544851409815));
#5671=CARTESIAN_POINT('Ctrl Pts',(1.40117965762273E-14,5.965,-52.3099326142028));
#5672=CARTESIAN_POINT('Ctrl Pts',(3.9726913303356E-13,5.965,-15.5900673857646));
#5673=CARTESIAN_POINT('Ctrl Pts',(1.40043878699666E-14,6.00325176262289,
-52.3099326142028));
#5674=CARTESIAN_POINT('Ctrl Pts',(3.97261724327299E-13,6.00325176262289,
-15.5900673857646));
#5675=CARTESIAN_POINT('Ctrl Pts',(0.000305320457188746,6.07931911771009,
-52.3099326142028));
#5676=CARTESIAN_POINT('Ctrl Pts',(0.000305320457572004,6.07931911771009,
-15.5900673857646));
#5677=CARTESIAN_POINT('Ctrl Pts',(0.00167343501091021,6.19211974422425,
-52.3099326142028));
#5678=CARTESIAN_POINT('Ctrl Pts',(0.00167343501129346,6.19211974422425,
-15.5900673857646));
#5679=CARTESIAN_POINT('Ctrl Pts',(0.00469271765765719,6.34167892418636,
-52.3099326142028));
#5680=CARTESIAN_POINT('Ctrl Pts',(0.00469271765804044,6.34167892418636,
-15.5900673857646));
#5681=CARTESIAN_POINT('Ctrl Pts',(0.00784798125927925,6.53594477658906,
-52.3099326142028));
#5682=CARTESIAN_POINT('Ctrl Pts',(0.00784798125966251,6.53594477658906,
-15.5900673857646));
#5683=CARTESIAN_POINT('Ctrl Pts',(0.0102366499439851,6.74413143944069,-52.3099326142028));
#5684=CARTESIAN_POINT('Ctrl Pts',(0.0102366499443684,6.74413143944069,-15.5900673857646));
#5685=CARTESIAN_POINT('Ctrl Pts',(0.0149920130084918,6.96802755366783,-52.3099326142028));
#5686=CARTESIAN_POINT('Ctrl Pts',(0.0149920130088751,6.96802755366783,-15.5900673857646));
#5687=CARTESIAN_POINT('Ctrl Pts',(0.0354361564734312,7.19346623165576,-52.3099326142028));
#5688=CARTESIAN_POINT('Ctrl Pts',(0.0354361564738144,7.19346623165576,-15.5900673857646));
#5689=CARTESIAN_POINT('Ctrl Pts',(0.0865498329513469,7.40054321552424,-52.3099326142028));
#5690=CARTESIAN_POINT('Ctrl Pts',(0.0865498329517301,7.40054321552424,-15.5900673857646));
#5691=CARTESIAN_POINT('Ctrl Pts',(0.170891200641789,7.58382837310612,-52.3099326142028));
#5692=CARTESIAN_POINT('Ctrl Pts',(0.170891200642172,7.58382837310612,-15.5900673857646));
#5693=CARTESIAN_POINT('Ctrl Pts',(0.286753118040875,7.74171400868438,-52.3099326142028));
#5694=CARTESIAN_POINT('Ctrl Pts',(0.286753118041258,7.74171400868438,-15.5900673857646));
#5695=CARTESIAN_POINT('Ctrl Pts',(0.42844619799875,7.87666035006191,-52.3099326142028));
#5696=CARTESIAN_POINT('Ctrl Pts',(0.428446197999133,7.87666035006191,-15.5900673857646));
#5697=CARTESIAN_POINT('Ctrl Pts',(0.589760192665746,7.99100628191937,-52.3099326142028));
#5698=CARTESIAN_POINT('Ctrl Pts',(0.589760192666129,7.99100628191937,-15.5900673857646));
#5699=CARTESIAN_POINT('Ctrl Pts',(0.766240049023213,8.08443783000137,-52.3099326142029));
#5700=CARTESIAN_POINT('Ctrl Pts',(0.766240049023597,8.08443783000137,-15.5900673857647));
#5701=CARTESIAN_POINT('Ctrl Pts',(0.954913837641735,8.15510490560306,-52.3099326142029));
#5702=CARTESIAN_POINT('Ctrl Pts',(0.954913837642118,8.15510490560306,-15.5900673857647));
#5703=CARTESIAN_POINT('Ctrl Pts',(1.15323430343358,8.20209872760186,-52.3099326142029));
#5704=CARTESIAN_POINT('Ctrl Pts',(1.15323430343397,8.20209872760186,-15.5900673857647));
#5705=CARTESIAN_POINT('Ctrl Pts',(1.35864202109297,8.22651165502298,-52.3099326142029));
#5706=CARTESIAN_POINT('Ctrl Pts',(1.35864202109335,8.22651165502298,-15.5900673857647));
#5707=CARTESIAN_POINT('Ctrl Pts',(1.56713778351429,8.23520372950628,-52.3099326142029));
#5708=CARTESIAN_POINT('Ctrl Pts',(1.56713778351467,8.23520372950628,-15.5900673857647));
#5709=CARTESIAN_POINT('Ctrl Pts',(1.77407801710038,8.2382677929597,-52.3099326142029));
#5710=CARTESIAN_POINT('Ctrl Pts',(1.77407801710077,8.2382677929597,-15.5900673857647));
#5711=CARTESIAN_POINT('Ctrl Pts',(1.97730921370899,8.23976748902805,-52.3099326142029));
#5712=CARTESIAN_POINT('Ctrl Pts',(1.97730921370937,8.23976748902805,-15.5900673857647));
#5713=CARTESIAN_POINT('Ctrl Pts',(2.17564687544964,8.24186146186471,-52.3099326142029));
#5714=CARTESIAN_POINT('Ctrl Pts',(2.17564687545003,8.24186146186471,-15.5900673857647));
#5715=CARTESIAN_POINT('Ctrl Pts',(2.3688954426122,8.24450708825323,-52.3099326142029));
#5716=CARTESIAN_POINT('Ctrl Pts',(2.36889544261259,8.24450708825323,-15.5900673857647));
#5717=CARTESIAN_POINT('Ctrl Pts',(2.55725658323764,8.24693933344918,-52.3099326142029));
#5718=CARTESIAN_POINT('Ctrl Pts',(2.55725658323803,8.24693933344918,-15.5900673857647));
#5719=CARTESIAN_POINT('Ctrl Pts',(2.74095989495519,8.24849689459368,-52.3099326142029));
#5720=CARTESIAN_POINT('Ctrl Pts',(2.74095989495557,8.24849689459368,-15.5900673857647));
#5721=CARTESIAN_POINT('Ctrl Pts',(2.9201523226144,8.24884789876629,-52.3099326142029));
#5722=CARTESIAN_POINT('Ctrl Pts',(2.92015232261478,8.24884789876629,-15.5900673857647));
#5723=CARTESIAN_POINT('Ctrl Pts',(3.05998372361968,8.24802195551108,-52.3099326142029));
#5724=CARTESIAN_POINT('Ctrl Pts',(3.05998372362006,8.24802195551108,-15.5900673857647));
#5725=CARTESIAN_POINT('Ctrl Pts',(3.16290103687541,8.24676038768795,-52.3099326142029));
#5726=CARTESIAN_POINT('Ctrl Pts',(3.1629010368758,8.24676038768795,-15.5900673857647));
#5727=CARTESIAN_POINT('Ctrl Pts',(3.23064556166077,8.24563428886798,-52.3099326142029));
#5728=CARTESIAN_POINT('Ctrl Pts',(3.23064556166115,8.24563428886798,-15.5900673857647));
#5729=CARTESIAN_POINT('Ctrl Pts',(3.26430106049314,8.245,-52.3099326142029));
#5730=CARTESIAN_POINT('Ctrl Pts',(3.26430106049352,8.245,-15.5900673857647));
#5731=CARTESIAN_POINT('',(-3.5527136788005E-14,5.965,-52.3099326142029));
#5732=CARTESIAN_POINT('Ctrl Pts',(-2.66453525910038E-14,5.965,-52.3099326142029));
#5733=CARTESIAN_POINT('Ctrl Pts',(-2.66453525910038E-14,6.00325176262289,
-52.3099326142029));
#5734=CARTESIAN_POINT('Ctrl Pts',(0.000305299962288785,6.07931911771009,
-52.3099290766086));
#5735=CARTESIAN_POINT('Ctrl Pts',(0.00167332268036446,6.19211974422425,
-52.3099132249546));
#5736=CARTESIAN_POINT('Ctrl Pts',(0.00469240265566384,6.34167892418636,
-52.3098782420478));
#5737=CARTESIAN_POINT('Ctrl Pts',(0.00784745445800539,6.53594477658906,
-52.3098416835983));
#5738=CARTESIAN_POINT('Ctrl Pts',(0.010235962801648,6.74413143944069,-52.3098140072978));
#5739=CARTESIAN_POINT('Ctrl Pts',(0.014991006659093,6.96802755366783,-52.309758909302));
#5740=CARTESIAN_POINT('Ctrl Pts',(0.0354337777965963,7.19346623165576,-52.3095220333127));
#5741=CARTESIAN_POINT('Ctrl Pts',(0.0865440232332482,7.40054321552424,-52.3089298048976));
#5742=CARTESIAN_POINT('Ctrl Pts',(0.170879729450393,7.58382837310612,-52.3079525839666));
#5743=CARTESIAN_POINT('Ctrl Pts',(0.286733869537246,7.74171400868438,-52.3066101503082));
#5744=CARTESIAN_POINT('Ctrl Pts',(0.428417438248045,7.87666035006191,-52.3049684239845));
#5745=CARTESIAN_POINT('Ctrl Pts',(0.589720604600341,7.99100628191937,-52.3030993600083));
#5746=CARTESIAN_POINT('Ctrl Pts',(0.766188614624044,8.08443783000137,-52.3010545768343));
#5747=CARTESIAN_POINT('Ctrl Pts',(0.954849738382562,8.15510490560306,-52.2988685087111));
#5748=CARTESIAN_POINT('Ctrl Pts',(1.12401616349132,8.19519310582054,-52.2969083310017));
#5749=CARTESIAN_POINT('Ctrl Pts',(1.25729909743936,8.21384473313484,-52.2953639451343));
#5750=CARTESIAN_POINT('Ctrl Pts',(1.35080712301661,8.22231964538503,-52.2942804420262));
#5751=CARTESIAN_POINT('Ctrl Pts',(1.40321283936463,8.22596108936856,-52.2936732026347));
#5752=CARTESIAN_POINT('Ctrl Pts',(1.41420612454541,8.22667931509255,-52.2935458204278));
#5753=CARTESIAN_POINT('',(3.9726913303356E-13,5.965,-15.5900673857646));
#5754=CARTESIAN_POINT('',(1.40117965762273E-14,5.965,-52.3099326142028));
#5755=CARTESIAN_POINT('Ctrl Pts',(3.9726913303356E-13,5.965,-15.5900673857646));
#5756=CARTESIAN_POINT('Ctrl Pts',(3.97261724327299E-13,6.00325176262289,
-15.5900673857646));
#5757=CARTESIAN_POINT('Ctrl Pts',(0.000305320457572004,6.07931911771009,
-15.5900673857646));
#5758=CARTESIAN_POINT('Ctrl Pts',(0.00167343501129346,6.19211974422425,
-15.5900673857646));
#5759=CARTESIAN_POINT('Ctrl Pts',(0.00469271765804044,6.34167892418636,
-15.5900673857646));
#5760=CARTESIAN_POINT('Ctrl Pts',(0.00784798125966251,6.53594477658906,
-15.5900673857646));
#5761=CARTESIAN_POINT('Ctrl Pts',(0.0102366499443684,6.74413143944069,-15.5900673857646));
#5762=CARTESIAN_POINT('Ctrl Pts',(0.0149920130088751,6.96802755366783,-15.5900673857646));
#5763=CARTESIAN_POINT('Ctrl Pts',(0.0354361564738144,7.19346623165576,-15.5900673857646));
#5764=CARTESIAN_POINT('Ctrl Pts',(0.0865498329517301,7.40054321552424,-15.5900673857646));
#5765=CARTESIAN_POINT('Ctrl Pts',(0.170891200642172,7.58382837310612,-15.5900673857646));
#5766=CARTESIAN_POINT('Ctrl Pts',(0.286753118041258,7.74171400868438,-15.5900673857646));
#5767=CARTESIAN_POINT('Ctrl Pts',(0.428446197999133,7.87666035006191,-15.5900673857646));
#5768=CARTESIAN_POINT('Ctrl Pts',(0.589760192666129,7.99100628191937,-15.5900673857646));
#5769=CARTESIAN_POINT('Ctrl Pts',(0.766240049023596,8.08443783000137,-15.5900673857646));
#5770=CARTESIAN_POINT('Ctrl Pts',(0.954913837642118,8.15510490560306,-15.5900673857646));
#5771=CARTESIAN_POINT('Ctrl Pts',(1.12415963808355,8.19520922357262,-15.5900673857646));
#5772=CARTESIAN_POINT('Ctrl Pts',(1.25752350807069,8.21386432107106,-15.5900673857647));
#5773=CARTESIAN_POINT('Ctrl Pts',(1.35111018515814,8.2223388850878,-15.5900673857647));
#5774=CARTESIAN_POINT('Ctrl Pts',(1.40359117168719,8.22598081912608,-15.5900673857647));
#5775=CARTESIAN_POINT('Ctrl Pts',(1.41465643581783,8.22670251225623,-15.5900673857647));
#5776=CARTESIAN_POINT('Ctrl Pts',(14.8990747765941,5.965,-67.9));
#5777=CARTESIAN_POINT('Ctrl Pts',(12.411108132288,5.965,-67.838795631069));
#5778=CARTESIAN_POINT('Ctrl Pts',(8.97733194962491,5.965,-67.5697779951622));
#5779=CARTESIAN_POINT('Ctrl Pts',(4.82761916088857,5.965,-65.3975947419582));
#5780=CARTESIAN_POINT('Ctrl Pts',(2.32441196440979,5.965,-62.7006118673756));
#5781=CARTESIAN_POINT('Ctrl Pts',(0.748960123907394,5.965,-59.5595648830044));
#5782=CARTESIAN_POINT('Ctrl Pts',(0.0990251550424709,5.965,-56.5244943151985));
#5783=CARTESIAN_POINT('Ctrl Pts',(0.0180884772762578,5.965,-53.8709967063591));
#5784=CARTESIAN_POINT('Ctrl Pts',(-3.55342081179916E-14,5.965,-52.3099326142028));
#5785=CARTESIAN_POINT('Ctrl Pts',(14.8990747765941,6.10403069676737,-67.9));
#5786=CARTESIAN_POINT('Ctrl Pts',(12.4110690570354,6.10403069676737,-67.8387946698117));
#5787=CARTESIAN_POINT('Ctrl Pts',(8.97755900544832,6.10403069676737,-67.570104436766));
#5788=CARTESIAN_POINT('Ctrl Pts',(4.82752306122356,6.10403069676738,-65.3977837316488));
#5789=CARTESIAN_POINT('Ctrl Pts',(2.32424518726365,6.10403069676737,-62.7007083472654));
#5790=CARTESIAN_POINT('Ctrl Pts',(0.748826222587173,6.10403069676737,-59.5596297631546));
#5791=CARTESIAN_POINT('Ctrl Pts',(0.0988796169635619,6.10403069676737,-56.5243455428097));
#5792=CARTESIAN_POINT('Ctrl Pts',(0.0180886248216688,6.10403069676737,-53.8710094397605));
#5793=CARTESIAN_POINT('Ctrl Pts',(-3.55611341569754E-14,6.10403069676737,
-52.3099326142028));
#5794=CARTESIAN_POINT('Ctrl Pts',(14.8992616611892,6.36852515863254,-67.8924031135855));
#5795=CARTESIAN_POINT('Ctrl Pts',(12.4115763948091,6.36852515863254,-67.8312056665955));
#5796=CARTESIAN_POINT('Ctrl Pts',(8.97913728506087,6.36852515863254,-67.562195760999));
#5797=CARTESIAN_POINT('Ctrl Pts',(4.83234427695436,6.36852515863253,-65.3914937262508));
#5798=CARTESIAN_POINT('Ctrl Pts',(2.33074702840293,6.36852515863254,-62.6963285767065));
#5799=CARTESIAN_POINT('Ctrl Pts',(0.756167584822071,6.36852515863253,-59.5569341068237));
#5800=CARTESIAN_POINT('Ctrl Pts',(0.10663354883254,6.36852515863254,-56.5238703662268));
#5801=CARTESIAN_POINT('Ctrl Pts',(0.02568608947439,6.36852515863254,-53.8708169661776));
#5802=CARTESIAN_POINT('Ctrl Pts',(0.00759867466139254,6.36852515863254,
-52.309844566278));
#5803=CARTESIAN_POINT('Ctrl Pts',(14.8992969338002,6.81501530727135,-67.8909692767339));
#5804=CARTESIAN_POINT('Ctrl Pts',(12.4116445287809,6.81501530727135,-67.8297726381385));
#5805=CARTESIAN_POINT('Ctrl Pts',(8.97959566785413,6.81501530727135,-67.5609338276928));
#5806=CARTESIAN_POINT('Ctrl Pts',(4.8331863038849,6.81501530727135,-65.3904401407228));
#5807=CARTESIAN_POINT('Ctrl Pts',(2.33185629713028,6.81501530727135,-62.6955701369355));
#5808=CARTESIAN_POINT('Ctrl Pts',(0.757458543642855,6.81501530727135,-59.5564711900825));
#5809=CARTESIAN_POINT('Ctrl Pts',(0.107994150436906,6.81501530727135,-56.5236755191239));
#5810=CARTESIAN_POINT('Ctrl Pts',(0.0271201397576574,6.81501530727135,-53.8707896395177));
#5811=CARTESIAN_POINT('Ctrl Pts',(0.00903284902685151,6.81501530727135,
-52.3098279481067));
#5812=CARTESIAN_POINT('Ctrl Pts',(14.9002624389528,7.49145571998324,-67.8517213495589));
#5813=CARTESIAN_POINT('Ctrl Pts',(12.4141306355318,7.49145571998324,-67.790562118001));
#5814=CARTESIAN_POINT('Ctrl Pts',(8.98853378517034,7.49145571998324,-67.5212025881144));
#5815=CARTESIAN_POINT('Ctrl Pts',(4.85776231826562,7.49145571998324,-65.3585967236652));
#5816=CARTESIAN_POINT('Ctrl Pts',(2.36487084436396,7.49145571998324,-62.6732760817194));
#5817=CARTESIAN_POINT('Ctrl Pts',(0.794923872581868,7.49145571998324,-59.5427686619293));
#5818=CARTESIAN_POINT('Ctrl Pts',(0.147550753116286,7.49145571998324,-56.5207067639367));
#5819=CARTESIAN_POINT('Ctrl Pts',(0.0663715638988703,7.49145571998324,-53.8698392395296));
#5820=CARTESIAN_POINT('Ctrl Pts',(0.0482900148529537,7.49145571998324,-52.3093730645721));
#5821=CARTESIAN_POINT('Ctrl Pts',(14.9096510864212,7.93147736455085,-67.4700714421354));
#5822=CARTESIAN_POINT('Ctrl Pts',(12.4381912102289,7.93147736455085,-67.4092731422841));
#5823=CARTESIAN_POINT('Ctrl Pts',(9.07611418884279,7.93147736455085,-67.1358096453302));
#5824=CARTESIAN_POINT('Ctrl Pts',(5.09645975238124,7.93147736455085,-65.0495027399174));
#5825=CARTESIAN_POINT('Ctrl Pts',(2.6854180896892,7.93147736455085,-62.4567697110028));
#5826=CARTESIAN_POINT('Ctrl Pts',(1.15884721880528,7.93147736455085,-59.4097143587624));
#5827=CARTESIAN_POINT('Ctrl Pts',(0.53177570351968,7.93147736455085,-56.4914023359577));
#5828=CARTESIAN_POINT('Ctrl Pts',(0.448055908520244,7.93147736455085,-53.8606347948008));
#5829=CARTESIAN_POINT('Ctrl Pts',(0.430029759641579,7.93147736455085,-52.3049497415748));
#5830=CARTESIAN_POINT('Ctrl Pts',(14.9228582709085,8.17276040396893,-66.9331974404322));
#5831=CARTESIAN_POINT('Ctrl Pts',(12.4720719697664,8.17276040396893,-66.8729077137635));
#5832=CARTESIAN_POINT('Ctrl Pts',(9.19911584140508,8.17276040396892,-66.5933836733882));
#5833=CARTESIAN_POINT('Ctrl Pts',(5.43232422204035,8.17276040396892,-64.614528593247));
#5834=CARTESIAN_POINT('Ctrl Pts',(3.13648425209232,8.17276040396892,-62.1521214879282));
#5835=CARTESIAN_POINT('Ctrl Pts',(1.67090248599351,8.17276040396892,-59.2224874469953));
#5836=CARTESIAN_POINT('Ctrl Pts',(1.07239982931097,8.17276040396893,-56.4503098564076));
#5837=CARTESIAN_POINT('Ctrl Pts',(0.984978224142857,8.17276040396893,-53.8476755534634));
#5838=CARTESIAN_POINT('Ctrl Pts',(0.967030137232303,8.17276040396893,-52.2987273710929));
#5839=CARTESIAN_POINT('Ctrl Pts',(14.930152397994,8.21684162976826,-66.6366900961832));
#5840=CARTESIAN_POINT('Ctrl Pts',(12.4907056158721,8.21684162976826,-66.5766793234575));
#5841=CARTESIAN_POINT('Ctrl Pts',(9.26750207764738,8.21684162976825,-66.294463206711));
#5842=CARTESIAN_POINT('Ctrl Pts',(5.61762478271077,8.21684162976825,-64.374677120522));
#5843=CARTESIAN_POINT('Ctrl Pts',(3.38526754330539,8.21684162976825,-61.9840619461428));
#5844=CARTESIAN_POINT('Ctrl Pts',(1.95343491016276,8.21684162976825,-59.1192146842952));
#5845=CARTESIAN_POINT('Ctrl Pts',(1.37068711660397,8.21684162976825,-56.4273174403788));
#5846=CARTESIAN_POINT('Ctrl Pts',(1.28151254664423,8.21684162976826,-53.8405438386724));
#5847=CARTESIAN_POINT('Ctrl Pts',(1.26360727696147,8.21684162976826,-52.29529085053));
#5848=CARTESIAN_POINT('Ctrl Pts',(14.9338570430628,8.22668133836725,-66.4860957265171));
#5849=CARTESIAN_POINT('Ctrl Pts',(12.5002424374628,8.22668133836725,-66.4262284262469));
#5850=CARTESIAN_POINT('Ctrl Pts',(9.30181144884757,8.22668133836725,-66.1420342046381));
#5851=CARTESIAN_POINT('Ctrl Pts',(5.71191715558666,8.22668133836725,-64.2525053550606));
#5852=CARTESIAN_POINT('Ctrl Pts',(3.51193428731236,8.22668133836725,-61.8985254779382));
#5853=CARTESIAN_POINT('Ctrl Pts',(2.09718130975937,8.22668133836725,-59.0666420010838));
#5854=CARTESIAN_POINT('Ctrl Pts',(1.52245703025963,8.22668133836725,-56.4159172801483));
#5855=CARTESIAN_POINT('Ctrl Pts',(1.43212034314291,8.22668133836725,-53.8368979259697));
#5856=CARTESIAN_POINT('Ctrl Pts',(1.41423709534928,8.22668133836725,-52.2935454615606));
#5857=CARTESIAN_POINT('Ctrl Pts',(14.8990747765941,5.965,-67.9));
#5858=CARTESIAN_POINT('Ctrl Pts',(12.411108132288,5.965,-67.838795631069));
#5859=CARTESIAN_POINT('Ctrl Pts',(8.97733194962491,5.965,-67.5697779951622));
#5860=CARTESIAN_POINT('Ctrl Pts',(4.82761916088857,5.965,-65.3975947419582));
#5861=CARTESIAN_POINT('Ctrl Pts',(2.32441196440979,5.965,-62.7006118673756));
#5862=CARTESIAN_POINT('Ctrl Pts',(0.748960123907394,5.965,-59.5595648830044));
#5863=CARTESIAN_POINT('Ctrl Pts',(0.0990251550424709,5.965,-56.5244943151985));
#5864=CARTESIAN_POINT('Ctrl Pts',(0.0180884772762578,5.965,-53.8709967063591));
#5865=CARTESIAN_POINT('Ctrl Pts',(-3.55342081179916E-14,5.965,-52.3099326142028));
#5866=CARTESIAN_POINT('Ctrl Pts',(77.58,5.965,-52.3099326141928));
#5867=CARTESIAN_POINT('Ctrl Pts',(77.561911522724,5.965,-53.8709967063498));
#5868=CARTESIAN_POINT('Ctrl Pts',(77.4811981105597,5.965,-56.5242462860104));
#5869=CARTESIAN_POINT('Ctrl Pts',(76.8313109929673,5.965,-59.5592489182861));
#5870=CARTESIAN_POINT('Ctrl Pts',(75.2560209590703,5.965,-62.7001319761863));
#5871=CARTESIAN_POINT('Ctrl Pts',(72.7528174164912,5.965,-65.3970772297045));
#5872=CARTESIAN_POINT('Ctrl Pts',(68.6032047317813,5.965,-67.5693802437912));
#5873=CARTESIAN_POINT('Ctrl Pts',(65.1688918677256,5.965,-67.8387956310679));
#5874=CARTESIAN_POINT('Ctrl Pts',(62.6809252234209,5.965,-67.9000000000001));
#5875=CARTESIAN_POINT('Ctrl Pts',(77.58,6.10404076818167,-52.3099326141928));
#5876=CARTESIAN_POINT('Ctrl Pts',(77.5619116342112,6.10404076818167,-53.8709870848267));
#5877=CARTESIAN_POINT('Ctrl Pts',(77.4810783829794,6.10404076818167,-56.5243531663605));
#5878=CARTESIAN_POINT('Ctrl Pts',(76.8311992383305,6.10404076818167,-59.5591905602819));
#5879=CARTESIAN_POINT('Ctrl Pts',(75.2558831827901,6.10404076818167,-62.700042239891));
#5880=CARTESIAN_POINT('Ctrl Pts',(72.7527355677766,6.10404076818167,-65.3969139687076));
#5881=CARTESIAN_POINT('Ctrl Pts',(68.6033718776911,6.10404076818167,-67.5691117001486));
#5882=CARTESIAN_POINT('Ctrl Pts',(65.1688623419584,6.10404076818167,-67.8387963574064));
#5883=CARTESIAN_POINT('Ctrl Pts',(62.6809252234209,6.10404076818167,-67.9000000000001));
#5884=CARTESIAN_POINT('Ctrl Pts',(77.5768765040799,6.30740343454159,-52.3098964213899));
#5885=CARTESIAN_POINT('Ctrl Pts',(77.558788445703,6.30740343454159,-53.8709243618946));
#5886=CARTESIAN_POINT('Ctrl Pts',(77.4780903898607,6.30740343454159,-56.5239733418143));
#5887=CARTESIAN_POINT('Ctrl Pts',(76.8283667612989,6.30740343454159,-59.5581779908015));
#5888=CARTESIAN_POINT('Ctrl Pts',(75.2534393328062,6.30740343454159,-62.6983876845842));
#5889=CARTESIAN_POINT('Ctrl Pts',(72.7508883631906,6.30740343454159,-65.3945979901333));
#5890=CARTESIAN_POINT('Ctrl Pts',(68.6024350549749,6.30740343454159,-67.5663090069162));
#5891=CARTESIAN_POINT('Ctrl Pts',(65.168704107996,6.30740343454159,-67.8356755993457));
#5892=CARTESIAN_POINT('Ctrl Pts',(62.6808484030152,6.30740343454159,-67.8968772391531));
#5893=CARTESIAN_POINT('Ctrl Pts',(77.5680393236395,6.7319184065535,-52.3097940225593));
#5894=CARTESIAN_POINT('Ctrl Pts',(77.5499527059916,6.7319184065535,-53.8706976258819));
#5895=CARTESIAN_POINT('Ctrl Pts',(77.4690233980519,6.7319184065535,-56.5234461065721));
#5896=CARTESIAN_POINT('Ctrl Pts',(76.8197805982274,6.7319184065535,-59.5550142888957));
#5897=CARTESIAN_POINT('Ctrl Pts',(75.2458194268308,6.7319184065535,-62.6932469344981));
#5898=CARTESIAN_POINT('Ctrl Pts',(72.7452429544943,6.7319184065535,-65.3872093457596));
#5899=CARTESIAN_POINT('Ctrl Pts',(68.6006405770168,6.7319184065535,-67.5570041161586));
#5900=CARTESIAN_POINT('Ctrl Pts',(65.1681052070505,6.7319184065535,-67.8268498849574));
#5901=CARTESIAN_POINT('Ctrl Pts',(62.6806310581542,6.7319184065535,-67.8880421384254));
#5902=CARTESIAN_POINT('Ctrl Pts',(77.5724564097051,7.25464056116154,-52.3098452045455));
#5903=CARTESIAN_POINT('Ctrl Pts',(77.55436901455,7.25464056116154,-53.8708159079609));
#5904=CARTESIAN_POINT('Ctrl Pts',(77.4736169802819,7.25464056116154,-56.5236546179508));
#5905=CARTESIAN_POINT('Ctrl Pts',(76.8241297438684,7.25464056116154,-59.5566256410595));
#5906=CARTESIAN_POINT('Ctrl Pts',(75.2496990029907,7.25464056116154,-62.6958626261728));
#5907=CARTESIAN_POINT('Ctrl Pts',(72.7481068294568,7.25464056116154,-65.3909864487016));
#5908=CARTESIAN_POINT('Ctrl Pts',(68.601451472451,7.25464056116154,-67.56179321022));
#5909=CARTESIAN_POINT('Ctrl Pts',(65.168419753931,7.25464056116154,-67.8312608660669));
#5910=CARTESIAN_POINT('Ctrl Pts',(62.680739693591,7.25464056116154,-67.8924581849887));
#5911=CARTESIAN_POINT('Ctrl Pts',(77.3438486720628,7.71450393074558,-52.3071962640643));
#5912=CARTESIAN_POINT('Ctrl Pts',(77.3257945208473,7.71450393074558,-53.8652979631125));
#5913=CARTESIAN_POINT('Ctrl Pts',(77.243387934133,7.71450393074558,-56.5061559417266));
#5914=CARTESIAN_POINT('Ctrl Pts',(76.6060512645059,7.71450393074558,-59.4768917425183));
#5915=CARTESIAN_POINT('Ctrl Pts',(75.0575561917399,7.71450393074558,-62.5661179002393));
#5916=CARTESIAN_POINT('Ctrl Pts',(72.6050223238607,7.71450393074558,-65.2057464241345));
#5917=CARTESIAN_POINT('Ctrl Pts',(68.5489943453517,7.71450393074558,-67.330784093574));
#5918=CARTESIAN_POINT('Ctrl Pts',(65.1539931181894,7.71450393074558,-67.6029235122475));
#5919=CARTESIAN_POINT('Ctrl Pts',(62.6751172309404,7.71450393074558,-67.663904247133));
#5920=CARTESIAN_POINT('Ctrl Pts',(77.0139008897253,7.99069210403472,-52.303373068724));
#5921=CARTESIAN_POINT('Ctrl Pts',(76.9958945273517,7.99069210403472,-53.8573505154085));
#5922=CARTESIAN_POINT('Ctrl Pts',(76.9113061913983,7.99069210403472,-56.4807162870222));
#5923=CARTESIAN_POINT('Ctrl Pts',(76.2914926188482,7.99069210403472,-59.3619128617268));
#5924=CARTESIAN_POINT('Ctrl Pts',(74.7804750811092,7.99069210403472,-62.3790127832629));
#5925=CARTESIAN_POINT('Ctrl Pts',(72.3986504306954,7.99069210403472,-64.9386719136476));
#5926=CARTESIAN_POINT('Ctrl Pts',(68.4729957061571,7.99069210403472,-66.9978326065895));
#5927=CARTESIAN_POINT('Ctrl Pts',(65.1332220826627,7.99069210403472,-67.2733647227014));
#5928=CARTESIAN_POINT('Ctrl Pts',(62.6670023740158,7.99069210403472,-67.334034113612));
#5929=CARTESIAN_POINT('Ctrl Pts',(76.6138080157013,8.17350612289384,-52.2987370829907));
#5930=CARTESIAN_POINT('Ctrl Pts',(76.5958597266954,8.17350612289384,-53.847702706539));
#5931=CARTESIAN_POINT('Ctrl Pts',(76.5084915788742,8.17350612289384,-56.4499880203484));
#5932=CARTESIAN_POINT('Ctrl Pts',(75.9099353485711,8.17350612289384,-59.2224247322826));
#5933=CARTESIAN_POINT('Ctrl Pts',(74.4443337170907,8.17350612289384,-62.1520296271981));
#5934=CARTESIAN_POINT('Ctrl Pts',(72.1483133224046,8.17350612289384,-64.6146359521077));
#5935=CARTESIAN_POINT('Ctrl Pts',(68.3810273966945,8.17350612289384,-66.5937966544181));
#5936=CARTESIAN_POINT('Ctrl Pts',(65.1080021661897,8.17350612289384,-66.8737443527958));
#5937=CARTESIAN_POINT('Ctrl Pts',(62.6571623429471,8.17350612289384,-66.9340353961178));
#5938=CARTESIAN_POINT('Ctrl Pts',(76.3161759504779,8.21686620183222,-52.2952883387172));
#5939=CARTESIAN_POINT('Ctrl Pts',(76.2982708718732,8.21686620183222,-53.8405248365513));
#5940=CARTESIAN_POINT('Ctrl Pts',(76.2088249217583,8.21686620183222,-56.4271378454326));
#5941=CARTESIAN_POINT('Ctrl Pts',(75.626082843775,8.21686620183222,-59.1186536641053));
#5942=CARTESIAN_POINT('Ctrl Pts',(74.1942642975715,8.21686620183222,-61.9831677710189));
#5943=CARTESIAN_POINT('Ctrl Pts',(71.9620789376919,8.21686620183222,-64.3735697305757));
#5944=CARTESIAN_POINT('Ctrl Pts',(68.3126252667014,8.21686620183222,-66.2932091652151));
#5945=CARTESIAN_POINT('Ctrl Pts',(65.0892384486053,8.21686620183222,-66.5764638467805));
#5946=CARTESIAN_POINT('Ctrl Pts',(62.6498422706364,8.21686620183222,-66.6364733746372));
#5947=CARTESIAN_POINT('Ctrl Pts',(76.1655337587368,8.22669629911789,-52.2935428063743));
#5948=CARTESIAN_POINT('Ctrl Pts',(76.1476505441964,8.22669629911789,-53.8368924010054));
#5949=CARTESIAN_POINT('Ctrl Pts',(76.0571596723763,8.22669629911788,-56.4155665573147));
#5950=CARTESIAN_POINT('Ctrl Pts',(75.4824212526612,8.22669629911789,-59.0661347058826));
#5951=CARTESIAN_POINT('Ctrl Pts',(74.0677029904019,8.22669629911788,-61.8977058076984));
#5952=CARTESIAN_POINT('Ctrl Pts',(71.8678236759334,8.22669629911789,-64.2515666934327));
#5953=CARTESIAN_POINT('Ctrl Pts',(68.2779951278142,8.22669629911788,-66.1410862048075));
#5954=CARTESIAN_POINT('Ctrl Pts',(65.079743120303,8.22669629911789,-66.4259995509009));
#5955=CARTESIAN_POINT('Ctrl Pts',(62.6461373212528,8.22669629911789,-66.4858666345298));
#5956=CARTESIAN_POINT('',(77.58,5.965,-52.3099326141928));
#5957=CARTESIAN_POINT('Ctrl Pts',(77.58,5.965,-52.3099326141928));
#5958=CARTESIAN_POINT('Ctrl Pts',(77.58,6.00325176262289,-52.3099326141928));
#5959=CARTESIAN_POINT('Ctrl Pts',(77.5796946795428,6.07931911771009,-52.3099326141928));
#5960=CARTESIAN_POINT('Ctrl Pts',(77.5783265649891,6.19211974422425,-52.3099326141928));
#5961=CARTESIAN_POINT('Ctrl Pts',(77.5753072823423,6.34167892418636,-52.3099326141928));
#5962=CARTESIAN_POINT('Ctrl Pts',(77.5721520187407,6.53594477658906,-52.3099326141928));
#5963=CARTESIAN_POINT('Ctrl Pts',(77.569763350056,6.74413143944069,-52.3099326141928));
#5964=CARTESIAN_POINT('Ctrl Pts',(77.5650079869915,6.96802755366783,-52.3099326141928));
#5965=CARTESIAN_POINT('Ctrl Pts',(77.5445638435266,7.19346623165576,-52.3099326141928));
#5966=CARTESIAN_POINT('Ctrl Pts',(77.4934501670486,7.40054321552424,-52.3099326141928));
#5967=CARTESIAN_POINT('Ctrl Pts',(77.4091087993582,7.58382837310612,-52.3099326141928));
#5968=CARTESIAN_POINT('Ctrl Pts',(77.2932468819591,7.74171400868438,-52.3099326141928));
#5969=CARTESIAN_POINT('Ctrl Pts',(77.1515538020012,7.87666035006191,-52.3099326141928));
#5970=CARTESIAN_POINT('Ctrl Pts',(76.9902398073342,7.99100628191937,-52.3099326141928));
#5971=CARTESIAN_POINT('Ctrl Pts',(76.8137599509768,8.08443783000137,-52.3099326141928));
#5972=CARTESIAN_POINT('Ctrl Pts',(76.6250861623583,8.15510490560306,-52.3099326141928));
#5973=CARTESIAN_POINT('Ctrl Pts',(76.4558402845279,8.19520924191064,-52.3099326141928));
#5974=CARTESIAN_POINT('Ctrl Pts',(76.3224763326341,8.21386434335351,-52.3099326141928));
#5975=CARTESIAN_POINT('Ctrl Pts',(76.2288895732018,8.22233890696909,-52.3099326141928));
#5976=CARTESIAN_POINT('Ctrl Pts',(76.1764085050363,8.22598084155996,-52.3099326141928));
#5977=CARTESIAN_POINT('Ctrl Pts',(76.1653431598502,8.22670253862736,-52.3099326141928));
#5978=CARTESIAN_POINT('Ctrl Pts',(77.58,5.965,-52.3099326141928));
#5979=CARTESIAN_POINT('Ctrl Pts',(77.561911522724,5.965,-53.8709967063498));
#5980=CARTESIAN_POINT('Ctrl Pts',(77.4811981105597,5.965,-56.5242462860104));
#5981=CARTESIAN_POINT('Ctrl Pts',(76.8313109929673,5.965,-59.5592489182861));
#5982=CARTESIAN_POINT('Ctrl Pts',(75.2560209590703,5.965,-62.7001319761863));
#5983=CARTESIAN_POINT('Ctrl Pts',(72.7528174164912,5.965,-65.3970772297045));
#5984=CARTESIAN_POINT('Ctrl Pts',(68.6032047317813,5.965,-67.5693802437912));
#5985=CARTESIAN_POINT('Ctrl Pts',(65.1688918677256,5.965,-67.8387956310679));
#5986=CARTESIAN_POINT('Ctrl Pts',(62.6809252234209,5.965,-67.9000000000001));
#5987=CARTESIAN_POINT('Origin',(45.9866622470904,12.,-3.10234708933919));
#5988=CARTESIAN_POINT('',(48.9866622470905,12.,-4.69039311818531));
#5989=CARTESIAN_POINT('',(48.9866622470905,12.,-4.69039311818531));
#5990=CARTESIAN_POINT('',(42.9866622470904,12.,-4.69039311818531));
#5991=CARTESIAN_POINT('',(48.9866622470905,12.,-4.69039311818531));
#5992=CARTESIAN_POINT('',(42.9866622470904,12.,-4.69039311818531));
#5993=CARTESIAN_POINT('Origin',(48.9866622470905,6.,-1.51430106049309));
#5994=CARTESIAN_POINT('',(48.9866622470905,6.8,-4.69039311818531));
#5995=CARTESIAN_POINT('',(48.9866622470904,6.8,-17.6489076511056));
#5996=CARTESIAN_POINT('',(48.9866622470905,6.,-4.69039311818531));
#5997=CARTESIAN_POINT('Origin',(66.853501508268,6.,-4.69039311818456));
#5998=CARTESIAN_POINT('',(66.853501508268,12.,-4.69039311818456));
#5999=CARTESIAN_POINT('',(66.853501508268,12.,-4.69039311818456));
#6000=CARTESIAN_POINT('',(66.853501508268,6.8,-4.69039311818456));
#6001=CARTESIAN_POINT('',(66.853501508268,6.,-4.69039311818456));
#6002=CARTESIAN_POINT('',(66.853501508268,6.8,-19.2369536799514));
#6003=CARTESIAN_POINT('Origin',(67.853501508268,12.,-3.27613756635039));
#6004=CARTESIAN_POINT('',(68.853501508268,12.,-4.69039311818456));
#6005=CARTESIAN_POINT('',(68.853501508268,12.,-4.69039311818456));
#6006=CARTESIAN_POINT('',(68.853501508268,12.,-4.69039311818456));
#6007=CARTESIAN_POINT('Origin',(68.853501508268,6.,-2.36404293258973));
#6008=CARTESIAN_POINT('',(68.853501508268,6.8,-4.69039311818456));
#6009=CARTESIAN_POINT('',(68.853501508268,6.8,-18.0737785871539));
#6010=CARTESIAN_POINT('',(68.853501508268,6.,-4.69039311818456));
#6011=CARTESIAN_POINT('Origin',(38.790185539834,6.,-33.7835142417181));
#6012=CARTESIAN_POINT('Origin',(68.7816796143403,12.,-61.4740512651049));
#6013=CARTESIAN_POINT('',(66.7594049358598,12.,-56.8937307208503));
#6014=CARTESIAN_POINT('',(66.7594049358598,12.,-56.8937307208503));
#6015=CARTESIAN_POINT('',(70.8039542928207,12.,-56.8937307208502));
#6016=CARTESIAN_POINT('Origin',(66.7594049358599,6.,-66.0527274229756));
#6017=CARTESIAN_POINT('',(66.7594049358598,6.8,-56.6937307208503));
#6018=CARTESIAN_POINT('',(66.7594049358598,6.,-56.6937307208503));
#6019=CARTESIAN_POINT('',(66.7594049358598,6.8,-56.8937307208503));
#6020=CARTESIAN_POINT('',(66.7594049358598,6.8,-56.8937307208503));
#6021=CARTESIAN_POINT('',(66.7594049358598,6.,-56.8937307208503));
#6022=CARTESIAN_POINT('Ctrl Pts',(65.8284018131519,6.,-55.8128424202045));
#6023=CARTESIAN_POINT('Ctrl Pts',(65.8284018131519,1.,-55.8128424202045));
#6024=CARTESIAN_POINT('Ctrl Pts',(65.8290110238966,6.,-55.8148420267477));
#6025=CARTESIAN_POINT('Ctrl Pts',(65.8290110238966,1.,-55.8148420267477));
#6026=CARTESIAN_POINT('Ctrl Pts',(65.8317403734776,6.,-55.823847030401));
#6027=CARTESIAN_POINT('Ctrl Pts',(65.8317403734776,1.,-55.823847030401));
#6028=CARTESIAN_POINT('Ctrl Pts',(65.8365459355181,6.,-55.840024711295));
#6029=CARTESIAN_POINT('Ctrl Pts',(65.8365459355181,1.,-55.840024711295));
#6030=CARTESIAN_POINT('Ctrl Pts',(65.8434115888042,6.,-55.8634232323253));
#6031=CARTESIAN_POINT('Ctrl Pts',(65.8434115888042,1.,-55.8634232323253));
#6032=CARTESIAN_POINT('Ctrl Pts',(65.8523829486531,6.,-55.8932266741117));
#6033=CARTESIAN_POINT('Ctrl Pts',(65.8523829486531,1.,-55.8932266741117));
#6034=CARTESIAN_POINT('Ctrl Pts',(65.862196415688,6.,-55.9254877730548));
#6035=CARTESIAN_POINT('Ctrl Pts',(65.862196415688,1.,-55.9254877730548));
#6036=CARTESIAN_POINT('Ctrl Pts',(65.870140469612,6.,-55.9542558595476));
#6037=CARTESIAN_POINT('Ctrl Pts',(65.870140469612,1.,-55.9542558595476));
#6038=CARTESIAN_POINT('Ctrl Pts',(65.8749337769137,6.,-55.9791321457449));
#6039=CARTESIAN_POINT('Ctrl Pts',(65.8749337769137,1.,-55.9791321457449));
#6040=CARTESIAN_POINT('Ctrl Pts',(65.8756716106349,6.,-56.0004318196388));
#6041=CARTESIAN_POINT('Ctrl Pts',(65.8756716106349,1.,-56.0004318196388));
#6042=CARTESIAN_POINT('Ctrl Pts',(65.8722412892733,6.,-56.019267339834));
#6043=CARTESIAN_POINT('Ctrl Pts',(65.8722412892733,1.,-56.019267339834));
#6044=CARTESIAN_POINT('Ctrl Pts',(65.8658572725156,6.,-56.037720968062));
#6045=CARTESIAN_POINT('Ctrl Pts',(65.8658572725156,1.,-56.037720968062));
#6046=CARTESIAN_POINT('Ctrl Pts',(65.8585802670059,6.,-56.0583402443525));
#6047=CARTESIAN_POINT('Ctrl Pts',(65.8585802670059,1.,-56.0583402443525));
#6048=CARTESIAN_POINT('Ctrl Pts',(65.8526169033566,6.,-56.0834847096794));
#6049=CARTESIAN_POINT('Ctrl Pts',(65.8526169033566,1.,-56.0834847096794));
#6050=CARTESIAN_POINT('Ctrl Pts',(65.8497230330337,6.,-56.1147518861189));
#6051=CARTESIAN_POINT('Ctrl Pts',(65.8497230330337,1.,-56.1147518861189));
#6052=CARTESIAN_POINT('Ctrl Pts',(65.8505005621465,6.,-56.1523053550539));
#6053=CARTESIAN_POINT('Ctrl Pts',(65.8505005621465,1.,-56.1523053550539));
#6054=CARTESIAN_POINT('Ctrl Pts',(65.8539260278663,6.,-56.1944348215022));
#6055=CARTESIAN_POINT('Ctrl Pts',(65.8539260278663,1.,-56.1944348215022));
#6056=CARTESIAN_POINT('Ctrl Pts',(65.8581040545548,6.,-56.2383700906223));
#6057=CARTESIAN_POINT('Ctrl Pts',(65.8581040545548,1.,-56.2383700906223));
#6058=CARTESIAN_POINT('Ctrl Pts',(65.8608548080012,6.,-56.2809245686077));
#6059=CARTESIAN_POINT('Ctrl Pts',(65.8608548080012,1.,-56.2809245686077));
#6060=CARTESIAN_POINT('Ctrl Pts',(65.8604010774699,6.,-56.3192404353195));
#6061=CARTESIAN_POINT('Ctrl Pts',(65.8604010774699,1.,-56.3192404353195));
#6062=CARTESIAN_POINT('Ctrl Pts',(65.855931001243,6.,-56.3514075860545));
#6063=CARTESIAN_POINT('Ctrl Pts',(65.855931001243,1.,-56.3514075860545));
#6064=CARTESIAN_POINT('Ctrl Pts',(65.8484164185648,6.,-56.3773412504722));
#6065=CARTESIAN_POINT('Ctrl Pts',(65.8484164185648,1.,-56.3773412504722));
#6066=CARTESIAN_POINT('Ctrl Pts',(65.8405637027793,6.,-56.3987820561654));
#6067=CARTESIAN_POINT('Ctrl Pts',(65.8405637027793,1.,-56.3987820561654));
#6068=CARTESIAN_POINT('Ctrl Pts',(65.8357763219154,6.,-56.4182952438211));
#6069=CARTESIAN_POINT('Ctrl Pts',(65.8357763219154,1.,-56.4182952438211));
#6070=CARTESIAN_POINT('Ctrl Pts',(65.837346593111,6.,-56.4385038914864));
#6071=CARTESIAN_POINT('Ctrl Pts',(65.837346593111,1.,-56.4385038914864));
#6072=CARTESIAN_POINT('Ctrl Pts',(65.8476134940407,6.,-56.4612831780232));
#6073=CARTESIAN_POINT('Ctrl Pts',(65.8476134940407,1.,-56.4612831780232));
#6074=CARTESIAN_POINT('Ctrl Pts',(65.8669811098371,6.,-56.48682591888));
#6075=CARTESIAN_POINT('Ctrl Pts',(65.8669811098371,1.,-56.48682591888));
#6076=CARTESIAN_POINT('Ctrl Pts',(65.894263047041,6.,-56.5139607748498));
#6077=CARTESIAN_POINT('Ctrl Pts',(65.894263047041,1.,-56.5139607748498));
#6078=CARTESIAN_POINT('Ctrl Pts',(65.927314852364,6.,-56.5407431492466));
#6079=CARTESIAN_POINT('Ctrl Pts',(65.927314852364,1.,-56.5407431492466));
#6080=CARTESIAN_POINT('Ctrl Pts',(65.9635810816746,6.,-56.5649658848361));
#6081=CARTESIAN_POINT('Ctrl Pts',(65.9635810816746,1.,-56.5649658848361));
#6082=CARTESIAN_POINT('Ctrl Pts',(66.00064308987,6.,-56.5846693210441));
#6083=CARTESIAN_POINT('Ctrl Pts',(66.00064308987,1.,-56.5846693210441));
#6084=CARTESIAN_POINT('Ctrl Pts',(66.0368499738389,6.,-56.5987336490641));
#6085=CARTESIAN_POINT('Ctrl Pts',(66.0368499738389,1.,-56.5987336490641));
#6086=CARTESIAN_POINT('Ctrl Pts',(66.0716373176684,6.,-56.6071646736179));
#6087=CARTESIAN_POINT('Ctrl Pts',(66.0716373176684,1.,-56.6071646736179));
#6088=CARTESIAN_POINT('Ctrl Pts',(66.1051539947204,6.,-56.6107003342771));
#6089=CARTESIAN_POINT('Ctrl Pts',(66.1051539947204,1.,-56.6107003342771));
#6090=CARTESIAN_POINT('Ctrl Pts',(66.1380339864247,6.,-56.6105599590497));
#6091=CARTESIAN_POINT('Ctrl Pts',(66.1380339864247,1.,-56.6105599590497));
#6092=CARTESIAN_POINT('Ctrl Pts',(66.17110899926,6.,-56.6081344984313));
#6093=CARTESIAN_POINT('Ctrl Pts',(66.17110899926,1.,-56.6081344984313));
#6094=CARTESIAN_POINT('Ctrl Pts',(66.2051507181939,6.,-56.6047080375562));
#6095=CARTESIAN_POINT('Ctrl Pts',(66.2051507181939,1.,-56.6047080375562));
#6096=CARTESIAN_POINT('Ctrl Pts',(66.2405891477194,6.,-56.6011500815619));
#6097=CARTESIAN_POINT('Ctrl Pts',(66.2405891477194,1.,-56.6011500815619));
#6098=CARTESIAN_POINT('Ctrl Pts',(66.2775290713702,6.,-56.5980088442664));
#6099=CARTESIAN_POINT('Ctrl Pts',(66.2775290713702,1.,-56.5980088442664));
#6100=CARTESIAN_POINT('Ctrl Pts',(66.3157815255884,6.,-56.5956205778375));
#6101=CARTESIAN_POINT('Ctrl Pts',(66.3157815255884,1.,-56.5956205778375));
#6102=CARTESIAN_POINT('Ctrl Pts',(66.3548865655058,6.,-56.59421842317));
#6103=CARTESIAN_POINT('Ctrl Pts',(66.3548865655058,1.,-56.59421842317));
#6104=CARTESIAN_POINT('Ctrl Pts',(66.3941465346177,6.,-56.5940290448495));
#6105=CARTESIAN_POINT('Ctrl Pts',(66.3941465346177,1.,-56.5940290448495));
#6106=CARTESIAN_POINT('Ctrl Pts',(66.4326373922045,6.,-56.5954044128545));
#6107=CARTESIAN_POINT('Ctrl Pts',(66.4326373922045,1.,-56.5954044128545));
#6108=CARTESIAN_POINT('Ctrl Pts',(66.4692905765069,6.,-56.5988317798207));
#6109=CARTESIAN_POINT('Ctrl Pts',(66.4692905765069,1.,-56.5988317798207));
#6110=CARTESIAN_POINT('Ctrl Pts',(66.5030761641052,6.,-56.6047652066267));
#6111=CARTESIAN_POINT('Ctrl Pts',(66.5030761641052,1.,-56.6047652066267));
#6112=CARTESIAN_POINT('Ctrl Pts',(66.5331639235747,6.,-56.6134980730669));
#6113=CARTESIAN_POINT('Ctrl Pts',(66.5331639235747,1.,-56.6134980730669));
#6114=CARTESIAN_POINT('Ctrl Pts',(66.5590887312184,6.,-56.6250230456049));
#6115=CARTESIAN_POINT('Ctrl Pts',(66.5590887312184,1.,-56.6250230456049));
#6116=CARTESIAN_POINT('Ctrl Pts',(66.5809254373198,6.,-56.6388874932653));
#6117=CARTESIAN_POINT('Ctrl Pts',(66.5809254373198,1.,-56.6388874932653));
#6118=CARTESIAN_POINT('Ctrl Pts',(66.5994287826292,6.,-56.6540779748904));
#6119=CARTESIAN_POINT('Ctrl Pts',(66.5994287826292,1.,-56.6540779748904));
#6120=CARTESIAN_POINT('Ctrl Pts',(66.6157734075851,6.,-56.6692546896818));
#6121=CARTESIAN_POINT('Ctrl Pts',(66.6157734075851,1.,-56.6692546896818));
#6122=CARTESIAN_POINT('Ctrl Pts',(66.6313133555965,6.,-56.682969264353));
#6123=CARTESIAN_POINT('Ctrl Pts',(66.6313133555965,1.,-56.682969264353));
#6124=CARTESIAN_POINT('Ctrl Pts',(66.6473532436723,6.,-56.6938709960374));
#6125=CARTESIAN_POINT('Ctrl Pts',(66.6473532436723,1.,-56.6938709960374));
#6126=CARTESIAN_POINT('Ctrl Pts',(66.6648690639596,6.,-56.7009607791234));
#6127=CARTESIAN_POINT('Ctrl Pts',(66.6648690639596,1.,-56.7009607791234));
#6128=CARTESIAN_POINT('Ctrl Pts',(66.6844236121261,6.,-56.7036618291176));
#6129=CARTESIAN_POINT('Ctrl Pts',(66.6844236121261,1.,-56.7036618291176));
#6130=CARTESIAN_POINT('Ctrl Pts',(66.7019285720724,6.,-56.7020769723503));
#6131=CARTESIAN_POINT('Ctrl Pts',(66.7019285720724,1.,-56.7020769723503));
#6132=CARTESIAN_POINT('Ctrl Pts',(66.7161457200822,6.,-56.6987394702326));
#6133=CARTESIAN_POINT('Ctrl Pts',(66.7161457200822,1.,-56.6987394702326));
#6134=CARTESIAN_POINT('Ctrl Pts',(66.7261076231134,6.,-56.6955594655544));
#6135=CARTESIAN_POINT('Ctrl Pts',(66.7261076231134,1.,-56.6955594655544));
#6136=CARTESIAN_POINT('Ctrl Pts',(66.7312095167318,6.,-56.6937307208503));
#6137=CARTESIAN_POINT('Ctrl Pts',(66.7312095167318,1.,-56.6937307208503));
#6138=CARTESIAN_POINT('',(66.7312095167318,6.,-56.6937307208503));
#6139=CARTESIAN_POINT('Ctrl Pts',(65.8284018131516,6.,-55.8128424202035));
#6140=CARTESIAN_POINT('Ctrl Pts',(65.8290110238963,6.,-55.8148420267469));
#6141=CARTESIAN_POINT('Ctrl Pts',(65.8317403734775,6.,-55.8238470304004));
#6142=CARTESIAN_POINT('Ctrl Pts',(65.836545935518,6.,-55.8400247112946));
#6143=CARTESIAN_POINT('Ctrl Pts',(65.8434115888041,6.,-55.8634232323251));
#6144=CARTESIAN_POINT('Ctrl Pts',(65.8523829486531,6.,-55.8932266741117));
#6145=CARTESIAN_POINT('Ctrl Pts',(65.862196415688,6.,-55.9254877730548));
#6146=CARTESIAN_POINT('Ctrl Pts',(65.870140469612,6.,-55.9542558595476));
#6147=CARTESIAN_POINT('Ctrl Pts',(65.8749337769137,6.,-55.9791321457449));
#6148=CARTESIAN_POINT('Ctrl Pts',(65.8756716106349,6.,-56.0004318196388));
#6149=CARTESIAN_POINT('Ctrl Pts',(65.8722412892733,6.,-56.019267339834));
#6150=CARTESIAN_POINT('Ctrl Pts',(65.8658572725156,6.,-56.037720968062));
#6151=CARTESIAN_POINT('Ctrl Pts',(65.8585802670059,6.,-56.0583402443525));
#6152=CARTESIAN_POINT('Ctrl Pts',(65.8526169033566,6.,-56.0834847096794));
#6153=CARTESIAN_POINT('Ctrl Pts',(65.8497230330337,6.,-56.1147518861189));
#6154=CARTESIAN_POINT('Ctrl Pts',(65.8505005621465,6.,-56.1523053550539));
#6155=CARTESIAN_POINT('Ctrl Pts',(65.8539260278663,6.,-56.1944348215022));
#6156=CARTESIAN_POINT('Ctrl Pts',(65.8581040545548,6.,-56.2383700906223));
#6157=CARTESIAN_POINT('Ctrl Pts',(65.8608548080012,6.,-56.2809245686077));
#6158=CARTESIAN_POINT('Ctrl Pts',(65.8604010774699,6.,-56.3192404353195));
#6159=CARTESIAN_POINT('Ctrl Pts',(65.855931001243,6.,-56.3514075860545));
#6160=CARTESIAN_POINT('Ctrl Pts',(65.8484164185648,6.,-56.3773412504722));
#6161=CARTESIAN_POINT('Ctrl Pts',(65.8405637027793,6.,-56.3987820561654));
#6162=CARTESIAN_POINT('Ctrl Pts',(65.8357763219154,6.,-56.4182952438211));
#6163=CARTESIAN_POINT('Ctrl Pts',(65.837346593111,6.,-56.4385038914864));
#6164=CARTESIAN_POINT('Ctrl Pts',(65.8476134940407,6.,-56.4612831780232));
#6165=CARTESIAN_POINT('Ctrl Pts',(65.8669811098371,6.,-56.48682591888));
#6166=CARTESIAN_POINT('Ctrl Pts',(65.894263047041,6.,-56.5139607748498));
#6167=CARTESIAN_POINT('Ctrl Pts',(65.927314852364,6.,-56.5407431492466));
#6168=CARTESIAN_POINT('Ctrl Pts',(65.9635810816746,6.,-56.5649658848361));
#6169=CARTESIAN_POINT('Ctrl Pts',(66.00064308987,6.,-56.5846693210441));
#6170=CARTESIAN_POINT('Ctrl Pts',(66.0368499738389,6.,-56.5987336490641));
#6171=CARTESIAN_POINT('Ctrl Pts',(66.0716373176684,6.,-56.6071646736179));
#6172=CARTESIAN_POINT('Ctrl Pts',(66.1051539947204,6.,-56.6107003342771));
#6173=CARTESIAN_POINT('Ctrl Pts',(66.1380339864247,6.,-56.6105599590497));
#6174=CARTESIAN_POINT('Ctrl Pts',(66.17110899926,6.,-56.6081344984313));
#6175=CARTESIAN_POINT('Ctrl Pts',(66.2051507181939,6.,-56.6047080375562));
#6176=CARTESIAN_POINT('Ctrl Pts',(66.2405891477194,6.,-56.6011500815619));
#6177=CARTESIAN_POINT('Ctrl Pts',(66.2775290713702,6.,-56.5980088442664));
#6178=CARTESIAN_POINT('Ctrl Pts',(66.3157815255884,6.,-56.5956205778375));
#6179=CARTESIAN_POINT('Ctrl Pts',(66.3548865655058,6.,-56.59421842317));
#6180=CARTESIAN_POINT('Ctrl Pts',(66.3941465346177,6.,-56.5940290448495));
#6181=CARTESIAN_POINT('Ctrl Pts',(66.4326373922045,6.,-56.5954044128545));
#6182=CARTESIAN_POINT('Ctrl Pts',(66.4692905765069,6.,-56.5988317798207));
#6183=CARTESIAN_POINT('Ctrl Pts',(66.5030761641052,6.,-56.6047652066267));
#6184=CARTESIAN_POINT('Ctrl Pts',(66.5331639235747,6.,-56.6134980730669));
#6185=CARTESIAN_POINT('Ctrl Pts',(66.5590887312184,6.,-56.6250230456049));
#6186=CARTESIAN_POINT('Ctrl Pts',(66.5809254373198,6.,-56.6388874932653));
#6187=CARTESIAN_POINT('Ctrl Pts',(66.5994287826292,6.,-56.6540779748904));
#6188=CARTESIAN_POINT('Ctrl Pts',(66.6157734075851,6.,-56.6692546896818));
#6189=CARTESIAN_POINT('Ctrl Pts',(66.6313133555965,6.,-56.682969264353));
#6190=CARTESIAN_POINT('Ctrl Pts',(66.6473532436723,6.,-56.6938709960374));
#6191=CARTESIAN_POINT('Ctrl Pts',(66.6648690639596,6.,-56.7009607791234));
#6192=CARTESIAN_POINT('Ctrl Pts',(66.6844236121261,6.,-56.7036618291176));
#6193=CARTESIAN_POINT('Ctrl Pts',(66.7019285720724,6.,-56.7020769723503));
#6194=CARTESIAN_POINT('Ctrl Pts',(66.7161457200822,6.,-56.6987394702326));
#6195=CARTESIAN_POINT('Ctrl Pts',(66.7261076231134,6.,-56.6955594655544));
#6196=CARTESIAN_POINT('Ctrl Pts',(66.7312095167318,6.,-56.6937307208503));
#6197=CARTESIAN_POINT('',(66.7312095167318,6.,-56.6937307208503));
#6198=CARTESIAN_POINT('',(65.8284018131516,6.,-55.8128424202035));
#6199=CARTESIAN_POINT('Origin',(72.4804549189783,6.,-55.8128424202035));
#6200=CARTESIAN_POINT('',(72.4804549189783,6.,-55.8128424202046));
#6201=CARTESIAN_POINT('Origin',(72.4804549189791,6.,-5.11703424647266));
#6202=CARTESIAN_POINT('',(72.4804549189791,6.,-5.11703424647266));
#6203=CARTESIAN_POINT('Origin',(8.98089495996312,6.,-5.11703424647169));
#6204=CARTESIAN_POINT('',(8.98089495996312,6.,-5.11703424647169));
#6205=CARTESIAN_POINT('Origin',(8.98089495996309,6.,-2.28110632672909));
#6206=CARTESIAN_POINT('Ctrl Pts',(8.98089495996307,6.,-2.2811063267291));
#6207=CARTESIAN_POINT('Ctrl Pts',(8.98089495996307,4.33333333333333,-2.2811063267291));
#6208=CARTESIAN_POINT('Ctrl Pts',(8.9808949599631,2.66666666666667,-2.28110632672909));
#6209=CARTESIAN_POINT('Ctrl Pts',(8.98089495996311,1.,-2.28110632672909));
#6210=CARTESIAN_POINT('Ctrl Pts',(61.4142350572179,6.,-56.6175659182707));
#6211=CARTESIAN_POINT('Ctrl Pts',(61.4142350572179,1.,-56.6175659182707));
#6212=CARTESIAN_POINT('Ctrl Pts',(61.4218797413598,6.,-56.618703669082));
#6213=CARTESIAN_POINT('Ctrl Pts',(61.4218797413598,1.,-56.618703669082));
#6214=CARTESIAN_POINT('Ctrl Pts',(61.4368973873563,6.,-56.6207615511277));
#6215=CARTESIAN_POINT('Ctrl Pts',(61.4368973873563,1.,-56.6207615511277));
#6216=CARTESIAN_POINT('Ctrl Pts',(61.4586086983626,6.,-56.6231955163825));
#6217=CARTESIAN_POINT('Ctrl Pts',(61.4586086983626,1.,-56.6231955163825));
#6218=CARTESIAN_POINT('Ctrl Pts',(61.4859263053579,6.,-56.6251347476739));
#6219=CARTESIAN_POINT('Ctrl Pts',(61.4859263053579,1.,-56.6251347476739));
#6220=CARTESIAN_POINT('Ctrl Pts',(61.517382108666,6.,-56.6253875535764));
#6221=CARTESIAN_POINT('Ctrl Pts',(61.517382108666,1.,-56.6253875535764));
#6222=CARTESIAN_POINT('Ctrl Pts',(61.546229872839,6.,-56.623488890925));
#6223=CARTESIAN_POINT('Ctrl Pts',(61.546229872839,1.,-56.623488890925));
#6224=CARTESIAN_POINT('Ctrl Pts',(61.5726416386451,6.,-56.6194810679933));
#6225=CARTESIAN_POINT('Ctrl Pts',(61.5726416386451,1.,-56.6194810679933));
#6226=CARTESIAN_POINT('Ctrl Pts',(61.5969016710013,6.,-56.6134363153451));
#6227=CARTESIAN_POINT('Ctrl Pts',(61.5969016710013,1.,-56.6134363153451));
#6228=CARTESIAN_POINT('Ctrl Pts',(61.6194530657275,6.,-56.605466577877));
#6229=CARTESIAN_POINT('Ctrl Pts',(61.6194530657275,1.,-56.605466577877));
#6230=CARTESIAN_POINT('Ctrl Pts',(61.6408158352385,6.,-56.5957200251784));
#6231=CARTESIAN_POINT('Ctrl Pts',(61.6408158352385,1.,-56.5957200251784));
#6232=CARTESIAN_POINT('Ctrl Pts',(61.6614619732677,6.,-56.5843729878228));
#6233=CARTESIAN_POINT('Ctrl Pts',(61.6614619732677,1.,-56.5843729878228));
#6234=CARTESIAN_POINT('Ctrl Pts',(61.6817023404652,6.,-56.5716234521803));
#6235=CARTESIAN_POINT('Ctrl Pts',(61.6817023404652,1.,-56.5716234521803));
#6236=CARTESIAN_POINT('Ctrl Pts',(61.70157377475,6.,-56.5576839065316));
#6237=CARTESIAN_POINT('Ctrl Pts',(61.70157377475,1.,-56.5576839065316));
#6238=CARTESIAN_POINT('Ctrl Pts',(61.7207115521237,6.,-56.5427745903692));
#6239=CARTESIAN_POINT('Ctrl Pts',(61.7207115521237,1.,-56.5427745903692));
#6240=CARTESIAN_POINT('Ctrl Pts',(61.7384981284111,6.,-56.5271129254656));
#6241=CARTESIAN_POINT('Ctrl Pts',(61.7384981284111,1.,-56.5271129254656));
#6242=CARTESIAN_POINT('Ctrl Pts',(61.75423613092,6.,-56.510901947892));
#6243=CARTESIAN_POINT('Ctrl Pts',(61.75423613092,1.,-56.510901947892));
#6244=CARTESIAN_POINT('Ctrl Pts',(61.7673069781734,6.,-56.4943205518354));
#6245=CARTESIAN_POINT('Ctrl Pts',(61.7673069781734,1.,-56.4943205518354));
#6246=CARTESIAN_POINT('Ctrl Pts',(61.7773482470257,6.,-56.4775095762037));
#6247=CARTESIAN_POINT('Ctrl Pts',(61.7773482470257,1.,-56.4775095762037));
#6248=CARTESIAN_POINT('Ctrl Pts',(61.7843857943245,6.,-56.4605693061907));
#6249=CARTESIAN_POINT('Ctrl Pts',(61.7843857943245,1.,-56.4605693061907));
#6250=CARTESIAN_POINT('Ctrl Pts',(61.7887193472401,6.,-56.443609918107));
#6251=CARTESIAN_POINT('Ctrl Pts',(61.7887193472401,1.,-56.443609918107));
#6252=CARTESIAN_POINT('Ctrl Pts',(61.7908368541304,6.,-56.4268030306311));
#6253=CARTESIAN_POINT('Ctrl Pts',(61.7908368541304,1.,-56.4268030306311));
#6254=CARTESIAN_POINT('Ctrl Pts',(61.7913196310537,6.,-56.4104175325733));
#6255=CARTESIAN_POINT('Ctrl Pts',(61.7913196310537,1.,-56.4104175325733));
#6256=CARTESIAN_POINT('Ctrl Pts',(61.7907474890433,6.,-56.394900947662));
#6257=CARTESIAN_POINT('Ctrl Pts',(61.7907474890433,1.,-56.394900947662));
#6258=CARTESIAN_POINT('Ctrl Pts',(61.7896235933008,6.,-56.3807127669259));
#6259=CARTESIAN_POINT('Ctrl Pts',(61.7896235933008,1.,-56.3807127669259));
#6260=CARTESIAN_POINT('Ctrl Pts',(61.7883017001737,6.,-56.3680271000159));
#6261=CARTESIAN_POINT('Ctrl Pts',(61.7883017001737,1.,-56.3680271000159));
#6262=CARTESIAN_POINT('Ctrl Pts',(61.786925316027,6.,-56.3565224828759));
#6263=CARTESIAN_POINT('Ctrl Pts',(61.786925316027,1.,-56.3565224828759));
#6264=CARTESIAN_POINT('Ctrl Pts',(61.7853315212031,6.,-56.345029126507));
#6265=CARTESIAN_POINT('Ctrl Pts',(61.7853315212031,1.,-56.345029126507));
#6266=CARTESIAN_POINT('Ctrl Pts',(61.7830796915156,6.,-56.3316224682734));
#6267=CARTESIAN_POINT('Ctrl Pts',(61.7830796915156,1.,-56.3316224682734));
#6268=CARTESIAN_POINT('Ctrl Pts',(61.7796476708555,6.,-56.3143014972602));
#6269=CARTESIAN_POINT('Ctrl Pts',(61.7796476708555,1.,-56.3143014972602));
#6270=CARTESIAN_POINT('Ctrl Pts',(61.7745841266987,6.,-56.2915138097528));
#6271=CARTESIAN_POINT('Ctrl Pts',(61.7745841266987,1.,-56.2915138097528));
#6272=CARTESIAN_POINT('Ctrl Pts',(61.7676829617258,6.,-56.2627603516644));
#6273=CARTESIAN_POINT('Ctrl Pts',(61.7676829617258,1.,-56.2627603516644));
#6274=CARTESIAN_POINT('Ctrl Pts',(61.7591365206374,6.,-56.2291182876094));
#6275=CARTESIAN_POINT('Ctrl Pts',(61.7591365206374,1.,-56.2291182876094));
#6276=CARTESIAN_POINT('Ctrl Pts',(61.7494213744359,6.,-56.1926517782426));
#6277=CARTESIAN_POINT('Ctrl Pts',(61.7494213744359,1.,-56.1926517782426));
#6278=CARTESIAN_POINT('Ctrl Pts',(61.7391972906749,6.,-56.1558839146775));
#6279=CARTESIAN_POINT('Ctrl Pts',(61.7391972906749,1.,-56.1558839146775));
#6280=CARTESIAN_POINT('Ctrl Pts',(61.7291983275781,6.,-56.1212219236745));
#6281=CARTESIAN_POINT('Ctrl Pts',(61.7291983275781,1.,-56.1212219236745));
#6282=CARTESIAN_POINT('Ctrl Pts',(61.7201347074652,6.,-56.0904583842153));
#6283=CARTESIAN_POINT('Ctrl Pts',(61.7201347074652,1.,-56.0904583842153));
#6284=CARTESIAN_POINT('Ctrl Pts',(61.7125717985502,6.,-56.06409929166));
#6285=CARTESIAN_POINT('Ctrl Pts',(61.7125717985502,1.,-56.06409929166));
#6286=CARTESIAN_POINT('Ctrl Pts',(61.7068998815848,6.,-56.0413850802927));
#6287=CARTESIAN_POINT('Ctrl Pts',(61.7068998815848,1.,-56.0413850802927));
#6288=CARTESIAN_POINT('Ctrl Pts',(61.7033682305909,6.,-56.0207978064436));
#6289=CARTESIAN_POINT('Ctrl Pts',(61.7033682305909,1.,-56.0207978064436));
#6290=CARTESIAN_POINT('Ctrl Pts',(61.7021000910628,6.,-56.0004337694961));
#6291=CARTESIAN_POINT('Ctrl Pts',(61.7021000910628,1.,-56.0004337694961));
#6292=CARTESIAN_POINT('Ctrl Pts',(61.7031155147072,6.,-55.9784107880835));
#6293=CARTESIAN_POINT('Ctrl Pts',(61.7031155147072,1.,-55.9784107880835));
#6294=CARTESIAN_POINT('Ctrl Pts',(61.7063503618017,6.,-55.95331245137));
#6295=CARTESIAN_POINT('Ctrl Pts',(61.7063503618017,1.,-55.95331245137));
#6296=CARTESIAN_POINT('Ctrl Pts',(61.7116787815342,6.,-55.9242739182458));
#6297=CARTESIAN_POINT('Ctrl Pts',(61.7116787815342,1.,-55.9242739182458));
#6298=CARTESIAN_POINT('Ctrl Pts',(61.7189076755076,6.,-55.8910707106977));
#6299=CARTESIAN_POINT('Ctrl Pts',(61.7189076755076,1.,-55.8910707106977));
#6300=CARTESIAN_POINT('Ctrl Pts',(61.7260686490618,6.,-55.8612700596542));
#6301=CARTESIAN_POINT('Ctrl Pts',(61.7260686490618,1.,-55.8612700596542));
#6302=CARTESIAN_POINT('Ctrl Pts',(61.7321277980573,6.,-55.8374232669554));
#6303=CARTESIAN_POINT('Ctrl Pts',(61.7321277980573,1.,-55.8374232669554));
#6304=CARTESIAN_POINT('Ctrl Pts',(61.7364429284533,6.,-55.8210543859174));
#6305=CARTESIAN_POINT('Ctrl Pts',(61.7364429284533,1.,-55.8210543859174));
#6306=CARTESIAN_POINT('Ctrl Pts',(61.7386485366986,6.,-55.8128424202044));
#6307=CARTESIAN_POINT('Ctrl Pts',(61.7386485366986,1.,-55.8128424202044));
#6308=CARTESIAN_POINT('',(61.4142350572181,6.,-56.6175659182706));
#6309=CARTESIAN_POINT('Ctrl Pts',(61.4142350572179,6.,-56.6175659182707));
#6310=CARTESIAN_POINT('Ctrl Pts',(61.4218797413598,6.,-56.618703669082));
#6311=CARTESIAN_POINT('Ctrl Pts',(61.4368973873563,6.,-56.6207615511277));
#6312=CARTESIAN_POINT('Ctrl Pts',(61.4586086983626,6.,-56.6231955163825));
#6313=CARTESIAN_POINT('Ctrl Pts',(61.4859263053579,6.,-56.6251347476739));
#6314=CARTESIAN_POINT('Ctrl Pts',(61.517382108666,6.,-56.6253875535764));
#6315=CARTESIAN_POINT('Ctrl Pts',(61.546229872839,6.,-56.623488890925));
#6316=CARTESIAN_POINT('Ctrl Pts',(61.5726416386451,6.,-56.6194810679933));
#6317=CARTESIAN_POINT('Ctrl Pts',(61.5969016710013,6.,-56.6134363153451));
#6318=CARTESIAN_POINT('Ctrl Pts',(61.6194530657275,6.,-56.605466577877));
#6319=CARTESIAN_POINT('Ctrl Pts',(61.6408158352385,6.,-56.5957200251784));
#6320=CARTESIAN_POINT('Ctrl Pts',(61.6614619732677,6.,-56.5843729878228));
#6321=CARTESIAN_POINT('Ctrl Pts',(61.6817023404652,6.,-56.5716234521803));
#6322=CARTESIAN_POINT('Ctrl Pts',(61.70157377475,6.,-56.5576839065316));
#6323=CARTESIAN_POINT('Ctrl Pts',(61.7207115521237,6.,-56.5427745903692));
#6324=CARTESIAN_POINT('Ctrl Pts',(61.7384981284111,6.,-56.5271129254656));
#6325=CARTESIAN_POINT('Ctrl Pts',(61.75423613092,6.,-56.510901947892));
#6326=CARTESIAN_POINT('Ctrl Pts',(61.7673069781734,6.,-56.4943205518354));
#6327=CARTESIAN_POINT('Ctrl Pts',(61.7773482470257,6.,-56.4775095762037));
#6328=CARTESIAN_POINT('Ctrl Pts',(61.7843857943245,6.,-56.4605693061907));
#6329=CARTESIAN_POINT('Ctrl Pts',(61.7887193472401,6.,-56.443609918107));
#6330=CARTESIAN_POINT('Ctrl Pts',(61.7908368541304,6.,-56.4268030306311));
#6331=CARTESIAN_POINT('Ctrl Pts',(61.7913196310537,6.,-56.4104175325733));
#6332=CARTESIAN_POINT('Ctrl Pts',(61.7907474890433,6.,-56.394900947662));
#6333=CARTESIAN_POINT('Ctrl Pts',(61.7896235933008,6.,-56.3807127669259));
#6334=CARTESIAN_POINT('Ctrl Pts',(61.7883017001737,6.,-56.3680271000159));
#6335=CARTESIAN_POINT('Ctrl Pts',(61.786925316027,6.,-56.3565224828759));
#6336=CARTESIAN_POINT('Ctrl Pts',(61.7853315212031,6.,-56.345029126507));
#6337=CARTESIAN_POINT('Ctrl Pts',(61.7830796915156,6.,-56.3316224682734));
#6338=CARTESIAN_POINT('Ctrl Pts',(61.7796476708555,6.,-56.3143014972602));
#6339=CARTESIAN_POINT('Ctrl Pts',(61.7745841266987,6.,-56.2915138097528));
#6340=CARTESIAN_POINT('Ctrl Pts',(61.7676829617258,6.,-56.2627603516644));
#6341=CARTESIAN_POINT('Ctrl Pts',(61.7591365206374,6.,-56.2291182876094));
#6342=CARTESIAN_POINT('Ctrl Pts',(61.7494213744359,6.,-56.1926517782426));
#6343=CARTESIAN_POINT('Ctrl Pts',(61.7391972906749,6.,-56.1558839146775));
#6344=CARTESIAN_POINT('Ctrl Pts',(61.7291983275781,6.,-56.1212219236745));
#6345=CARTESIAN_POINT('Ctrl Pts',(61.7201347074652,6.,-56.0904583842153));
#6346=CARTESIAN_POINT('Ctrl Pts',(61.7125717985502,6.,-56.06409929166));
#6347=CARTESIAN_POINT('Ctrl Pts',(61.7068998815848,6.,-56.0413850802927));
#6348=CARTESIAN_POINT('Ctrl Pts',(61.7033682305909,6.,-56.0207978064436));
#6349=CARTESIAN_POINT('Ctrl Pts',(61.7021000910628,6.,-56.0004337694961));
#6350=CARTESIAN_POINT('Ctrl Pts',(61.7031155147072,6.,-55.9784107880835));
#6351=CARTESIAN_POINT('Ctrl Pts',(61.7063503618017,6.,-55.95331245137));
#6352=CARTESIAN_POINT('Ctrl Pts',(61.7116787815342,6.,-55.9242739182458));
#6353=CARTESIAN_POINT('Ctrl Pts',(61.7189076755076,6.,-55.8910707106975));
#6354=CARTESIAN_POINT('Ctrl Pts',(61.7260686490619,6.,-55.8612700596538));
#6355=CARTESIAN_POINT('Ctrl Pts',(61.7321277980574,6.,-55.8374232669548));
#6356=CARTESIAN_POINT('Ctrl Pts',(61.7364429284535,6.,-55.8210543859165));
#6357=CARTESIAN_POINT('Ctrl Pts',(61.7386485366989,6.,-55.8128424202033));
#6358=CARTESIAN_POINT('',(61.7386485366988,1.,-55.8128424202035));
#6359=CARTESIAN_POINT('',(61.7386485366988,6.,-55.8128424202035));
#6360=CARTESIAN_POINT('',(61.4142350572179,1.,-56.6175659182707));
#6361=CARTESIAN_POINT('Ctrl Pts',(61.4142350572179,1.,-56.6175659182707));
#6362=CARTESIAN_POINT('Ctrl Pts',(61.4218797413598,1.,-56.618703669082));
#6363=CARTESIAN_POINT('Ctrl Pts',(61.4368973873563,1.,-56.6207615511277));
#6364=CARTESIAN_POINT('Ctrl Pts',(61.4586086983626,1.,-56.6231955163825));
#6365=CARTESIAN_POINT('Ctrl Pts',(61.4859263053579,1.,-56.6251347476739));
#6366=CARTESIAN_POINT('Ctrl Pts',(61.517382108666,1.,-56.6253875535764));
#6367=CARTESIAN_POINT('Ctrl Pts',(61.546229872839,1.,-56.623488890925));
#6368=CARTESIAN_POINT('Ctrl Pts',(61.5726416386451,1.,-56.6194810679933));
#6369=CARTESIAN_POINT('Ctrl Pts',(61.5969016710013,1.,-56.6134363153451));
#6370=CARTESIAN_POINT('Ctrl Pts',(61.6194530657275,1.,-56.605466577877));
#6371=CARTESIAN_POINT('Ctrl Pts',(61.6408158352385,1.,-56.5957200251784));
#6372=CARTESIAN_POINT('Ctrl Pts',(61.6614619732677,1.,-56.5843729878228));
#6373=CARTESIAN_POINT('Ctrl Pts',(61.6817023404652,1.,-56.5716234521803));
#6374=CARTESIAN_POINT('Ctrl Pts',(61.70157377475,1.,-56.5576839065316));
#6375=CARTESIAN_POINT('Ctrl Pts',(61.7207115521237,1.,-56.5427745903692));
#6376=CARTESIAN_POINT('Ctrl Pts',(61.7384981284111,1.,-56.5271129254656));
#6377=CARTESIAN_POINT('Ctrl Pts',(61.75423613092,1.,-56.510901947892));
#6378=CARTESIAN_POINT('Ctrl Pts',(61.7673069781734,1.,-56.4943205518354));
#6379=CARTESIAN_POINT('Ctrl Pts',(61.7773482470257,1.,-56.4775095762037));
#6380=CARTESIAN_POINT('Ctrl Pts',(61.7843857943245,1.,-56.4605693061907));
#6381=CARTESIAN_POINT('Ctrl Pts',(61.7887193472401,1.,-56.443609918107));
#6382=CARTESIAN_POINT('Ctrl Pts',(61.7908368541304,1.,-56.4268030306311));
#6383=CARTESIAN_POINT('Ctrl Pts',(61.7913196310537,1.,-56.4104175325733));
#6384=CARTESIAN_POINT('Ctrl Pts',(61.7907474890433,1.,-56.394900947662));
#6385=CARTESIAN_POINT('Ctrl Pts',(61.7896235933008,1.,-56.3807127669259));
#6386=CARTESIAN_POINT('Ctrl Pts',(61.7883017001737,1.,-56.3680271000159));
#6387=CARTESIAN_POINT('Ctrl Pts',(61.786925316027,1.,-56.3565224828759));
#6388=CARTESIAN_POINT('Ctrl Pts',(61.7853315212031,1.,-56.345029126507));
#6389=CARTESIAN_POINT('Ctrl Pts',(61.7830796915156,1.,-56.3316224682734));
#6390=CARTESIAN_POINT('Ctrl Pts',(61.7796476708555,1.,-56.3143014972602));
#6391=CARTESIAN_POINT('Ctrl Pts',(61.7745841266987,1.,-56.2915138097528));
#6392=CARTESIAN_POINT('Ctrl Pts',(61.7676829617258,1.,-56.2627603516644));
#6393=CARTESIAN_POINT('Ctrl Pts',(61.7591365206374,1.,-56.2291182876094));
#6394=CARTESIAN_POINT('Ctrl Pts',(61.7494213744359,1.,-56.1926517782426));
#6395=CARTESIAN_POINT('Ctrl Pts',(61.7391972906749,1.,-56.1558839146775));
#6396=CARTESIAN_POINT('Ctrl Pts',(61.7291983275781,1.,-56.1212219236745));
#6397=CARTESIAN_POINT('Ctrl Pts',(61.7201347074652,1.,-56.0904583842153));
#6398=CARTESIAN_POINT('Ctrl Pts',(61.7125717985502,1.,-56.06409929166));
#6399=CARTESIAN_POINT('Ctrl Pts',(61.7068998815848,1.,-56.0413850802927));
#6400=CARTESIAN_POINT('Ctrl Pts',(61.7033682305909,1.,-56.0207978064436));
#6401=CARTESIAN_POINT('Ctrl Pts',(61.7021000910628,1.,-56.0004337694961));
#6402=CARTESIAN_POINT('Ctrl Pts',(61.7031155147072,1.,-55.9784107880835));
#6403=CARTESIAN_POINT('Ctrl Pts',(61.7063503618017,1.,-55.95331245137));
#6404=CARTESIAN_POINT('Ctrl Pts',(61.7116787815342,1.,-55.9242739182458));
#6405=CARTESIAN_POINT('Ctrl Pts',(61.7189076755075,1.,-55.8910707106977));
#6406=CARTESIAN_POINT('Ctrl Pts',(61.7260686490618,1.,-55.8612700596542));
#6407=CARTESIAN_POINT('Ctrl Pts',(61.7321277980573,1.,-55.8374232669554));
#6408=CARTESIAN_POINT('Ctrl Pts',(61.7364429284533,1.,-55.8210543859174));
#6409=CARTESIAN_POINT('Ctrl Pts',(61.7386485366986,1.,-55.8128424202044));
#6410=CARTESIAN_POINT('',(61.4142350572179,6.,-56.6175659182707));
#6411=CARTESIAN_POINT('Origin',(61.7386485366988,6.,-55.8128424202035));
#6412=CARTESIAN_POINT('',(39.9580057418537,1.,-55.8128424202036));
#6413=CARTESIAN_POINT('',(39.9580057418537,6.,-55.8128424202036));
#6414=CARTESIAN_POINT('',(8.98045491897832,1.,-55.8128424202036));
#6415=CARTESIAN_POINT('Origin',(50.8733712794996,1.,-56.2191149868899));
#6416=CARTESIAN_POINT('',(39.9580057418534,1.,-56.2803954533001));
#6417=CARTESIAN_POINT('',(39.9580057418537,1.,-51.5032957613966));
#6418=CARTESIAN_POINT('',(40.331592956725,1.,-56.6175659182707));
#6419=CARTESIAN_POINT('Ctrl Pts',(39.9580057418534,1.,-56.2803954533001));
#6420=CARTESIAN_POINT('Ctrl Pts',(39.9580057418534,1.,-56.2842158755013));
#6421=CARTESIAN_POINT('Ctrl Pts',(39.9579124776897,1.,-56.2919618319705));
#6422=CARTESIAN_POINT('Ctrl Pts',(39.9574927866386,1.,-56.3038961017368));
#6423=CARTESIAN_POINT('Ctrl Pts',(39.9565206409256,1.,-56.3204305818398));
#6424=CARTESIAN_POINT('Ctrl Pts',(39.9554281573404,1.,-56.3420600148772));
#6425=CARTESIAN_POINT('Ctrl Pts',(39.9554229279455,1.,-56.3645094244953));
#6426=CARTESIAN_POINT('Ctrl Pts',(39.9573332571263,1.,-56.3875591002082));
#6427=CARTESIAN_POINT('Ctrl Pts',(39.9615662837736,1.,-56.4108987079597));
#6428=CARTESIAN_POINT('Ctrl Pts',(39.9678033630276,1.,-56.4341123123956));
#6429=CARTESIAN_POINT('Ctrl Pts',(39.9752919338128,1.,-56.4567355387682));
#6430=CARTESIAN_POINT('Ctrl Pts',(39.9831484593364,1.,-56.4783138653507));
#6431=CARTESIAN_POINT('Ctrl Pts',(39.9906630166844,1.,-56.4984620346724));
#6432=CARTESIAN_POINT('Ctrl Pts',(39.9975863147352,1.,-56.5169202028291));
#6433=CARTESIAN_POINT('Ctrl Pts',(40.0044734930474,1.,-56.5336216420509));
#6434=CARTESIAN_POINT('Ctrl Pts',(40.0123922058952,1.,-56.5486369773593));
#6435=CARTESIAN_POINT('Ctrl Pts',(40.0225625209257,1.,-56.5621056227648));
#6436=CARTESIAN_POINT('Ctrl Pts',(40.0360205315386,1.,-56.574172341263));
#6437=CARTESIAN_POINT('Ctrl Pts',(40.0532760863686,1.,-56.5849231725163));
#6438=CARTESIAN_POINT('Ctrl Pts',(40.0739550384092,1.,-56.5943189484884));
#6439=CARTESIAN_POINT('Ctrl Pts',(40.0970813000827,1.,-56.6022506501687));
#6440=CARTESIAN_POINT('Ctrl Pts',(40.1213707219474,1.,-56.6085973584353));
#6441=CARTESIAN_POINT('Ctrl Pts',(40.1455223389129,1.,-56.6132847146442));
#6442=CARTESIAN_POINT('Ctrl Pts',(40.1684977001277,1.,-56.6163405859288));
#6443=CARTESIAN_POINT('Ctrl Pts',(40.1898383559638,1.,-56.6179613312711));
#6444=CARTESIAN_POINT('Ctrl Pts',(40.2095485705808,1.,-56.6184637435355));
#6445=CARTESIAN_POINT('Ctrl Pts',(40.2279323132664,1.,-56.6182252871985));
#6446=CARTESIAN_POINT('Ctrl Pts',(40.2454475596733,1.,-56.6176284943885));
#6447=CARTESIAN_POINT('Ctrl Pts',(40.2625593626711,1.,-56.6170058519348));
#6448=CARTESIAN_POINT('Ctrl Pts',(40.2795827086456,1.,-56.6165792589848));
#6449=CARTESIAN_POINT('Ctrl Pts',(40.2967026407032,1.,-56.616478493969));
#6450=CARTESIAN_POINT('Ctrl Pts',(40.3105496306022,1.,-56.616709241087));
#6451=CARTESIAN_POINT('Ctrl Pts',(40.3210331350202,1.,-56.6170661902778));
#6452=CARTESIAN_POINT('Ctrl Pts',(40.3280657484239,1.,-56.6173857445429));
#6453=CARTESIAN_POINT('Ctrl Pts',(40.331592956725,1.,-56.6175659182707));
#6454=CARTESIAN_POINT('',(40.331592956725,1.,-56.6175659182707));
#6455=CARTESIAN_POINT('Origin',(39.7580057418534,6.,-41.5032957613966));
#6456=CARTESIAN_POINT('',(39.7580057418536,6.8,-51.5032957613966));
#6457=CARTESIAN_POINT('',(39.7580057418534,6.8,-41.5032957613966));
#6458=CARTESIAN_POINT('',(39.7580057418534,6.8,-37.6434050015573));
#6459=CARTESIAN_POINT('',(39.7580057418536,12.,-51.5032957613966));
#6460=CARTESIAN_POINT('',(39.7580057418536,6.,-51.5032957613966));
#6461=CARTESIAN_POINT('',(39.7580057418534,12.,-41.5032957613966));
#6462=CARTESIAN_POINT('',(39.7580057418534,12.,-41.5032957613966));
#6463=CARTESIAN_POINT('',(39.7580057418534,6.,-41.5032957613966));
#6464=CARTESIAN_POINT('Origin',(11.5143688875194,6.,-38.5029847196465));
#6465=CARTESIAN_POINT('',(36.6782779762756,6.8,-38.5032957616258));
#6466=CARTESIAN_POINT('',(11.5143688875194,6.8,-38.5029847196465));
#6467=CARTESIAN_POINT('',(25.1522480437592,6.8,-38.5031532925384));
#6468=CARTESIAN_POINT('',(36.6782779762756,12.,-38.5032957616258));
#6469=CARTESIAN_POINT('',(36.6782779762756,6.,-38.5032957616258));
#6470=CARTESIAN_POINT('',(11.5143688875194,12.,-38.5029847196465));
#6471=CARTESIAN_POINT('',(36.6782779762756,12.,-38.5032957616258));
#6472=CARTESIAN_POINT('',(11.5143688875194,6.,-38.5029847196465));
#6473=CARTESIAN_POINT('Origin',(11.5143318056155,6.,-41.5029838194366));
#6474=CARTESIAN_POINT('',(11.5143318056155,6.8,-41.5029838194366));
#6475=CARTESIAN_POINT('',(11.514379516485,6.8,-37.6430804576854));
#6476=CARTESIAN_POINT('',(11.5143318056155,12.,-41.5029838194366));
#6477=CARTESIAN_POINT('',(11.5143318056155,12.,-41.5029838194366));
#6478=CARTESIAN_POINT('',(11.5143318056155,6.,-41.5029838194366));
#6479=CARTESIAN_POINT('Origin',(36.6782408943606,6.,-41.5032957613966));
#6480=CARTESIAN_POINT('',(36.6782408943606,6.8,-41.5032957613966));
#6481=CARTESIAN_POINT('',(37.7342132170973,6.8,-41.5032957613966));
#6482=CARTESIAN_POINT('',(36.6782408943606,12.,-41.5032957613966));
#6483=CARTESIAN_POINT('',(36.6782408943606,12.,-41.5032957613966));
#6484=CARTESIAN_POINT('',(36.6782408943606,6.,-41.5032957613966));
#6485=CARTESIAN_POINT('Origin',(36.6782779762756,6.,-38.5032957616258));
#6486=CARTESIAN_POINT('',(36.6783071461931,6.8,-36.1433919497697));
#6487=CARTESIAN_POINT('',(36.6782779762756,12.,-38.5032957616258));
#6488=CARTESIAN_POINT('Origin',(25.636168773729,12.,-45.0031402405216));
#6489=CARTESIAN_POINT('',(33.7580057418536,12.,-51.5032957613967));
#6490=CARTESIAN_POINT('',(39.7580057418536,12.,-51.5032957613966));
#6491=CARTESIAN_POINT('',(33.7580057418536,12.,-41.5032596654261));
#6492=CARTESIAN_POINT('',(33.7580057418536,12.,-51.5032957613967));
#6493=CARTESIAN_POINT('',(33.7580057418536,12.,-41.5032596654261));
#6494=CARTESIAN_POINT('Origin',(38.790185539834,6.8,-33.7835142417181));
#6495=CARTESIAN_POINT('',(52.774795237847,6.8,-56.8937307208504));
#6496=CARTESIAN_POINT('',(66.7312095167318,6.8,-56.6937307208503));
#6497=CARTESIAN_POINT('',(70.8158505287329,6.8,-56.6937307208502));
#6498=CARTESIAN_POINT('',(64.9804419382654,6.8,-55.4178537278042));
#6499=CARTESIAN_POINT('Ctrl Pts',(66.7312095167318,6.8,-56.6937307208503));
#6500=CARTESIAN_POINT('Ctrl Pts',(66.7261076231134,6.8,-56.6955594655544));
#6501=CARTESIAN_POINT('Ctrl Pts',(66.7161457200822,6.8,-56.6987394702326));
#6502=CARTESIAN_POINT('Ctrl Pts',(66.7019285720724,6.8,-56.7020769723503));
#6503=CARTESIAN_POINT('Ctrl Pts',(66.6844236121261,6.8,-56.7036618291176));
#6504=CARTESIAN_POINT('Ctrl Pts',(66.6648690639596,6.8,-56.7009607791234));
#6505=CARTESIAN_POINT('Ctrl Pts',(66.6473532436723,6.8,-56.6938709960374));
#6506=CARTESIAN_POINT('Ctrl Pts',(66.6313133555965,6.8,-56.682969264353));
#6507=CARTESIAN_POINT('Ctrl Pts',(66.6157734075851,6.8,-56.6692546896818));
#6508=CARTESIAN_POINT('Ctrl Pts',(66.5994287826292,6.8,-56.6540779748904));
#6509=CARTESIAN_POINT('Ctrl Pts',(66.5809254373198,6.8,-56.6388874932653));
#6510=CARTESIAN_POINT('Ctrl Pts',(66.5590887312184,6.8,-56.6250230456049));
#6511=CARTESIAN_POINT('Ctrl Pts',(66.5331639235747,6.8,-56.6134980730669));
#6512=CARTESIAN_POINT('Ctrl Pts',(66.5030761641052,6.8,-56.6047652066267));
#6513=CARTESIAN_POINT('Ctrl Pts',(66.4692905765069,6.8,-56.5988317798207));
#6514=CARTESIAN_POINT('Ctrl Pts',(66.4326373922045,6.8,-56.5954044128545));
#6515=CARTESIAN_POINT('Ctrl Pts',(66.3941465346177,6.8,-56.5940290448495));
#6516=CARTESIAN_POINT('Ctrl Pts',(66.3548865655058,6.8,-56.59421842317));
#6517=CARTESIAN_POINT('Ctrl Pts',(66.3157815255884,6.8,-56.5956205778375));
#6518=CARTESIAN_POINT('Ctrl Pts',(66.2775290713702,6.8,-56.5980088442664));
#6519=CARTESIAN_POINT('Ctrl Pts',(66.2405891477194,6.8,-56.6011500815619));
#6520=CARTESIAN_POINT('Ctrl Pts',(66.2051507181939,6.8,-56.6047080375562));
#6521=CARTESIAN_POINT('Ctrl Pts',(66.17110899926,6.8,-56.6081344984313));
#6522=CARTESIAN_POINT('Ctrl Pts',(66.1380339864247,6.8,-56.6105599590497));
#6523=CARTESIAN_POINT('Ctrl Pts',(66.1051539947204,6.8,-56.6107003342771));
#6524=CARTESIAN_POINT('Ctrl Pts',(66.0716373176684,6.8,-56.6071646736179));
#6525=CARTESIAN_POINT('Ctrl Pts',(66.0368499738389,6.8,-56.5987336490641));
#6526=CARTESIAN_POINT('Ctrl Pts',(66.00064308987,6.8,-56.5846693210441));
#6527=CARTESIAN_POINT('Ctrl Pts',(65.9635810816746,6.8,-56.5649658848361));
#6528=CARTESIAN_POINT('Ctrl Pts',(65.927314852364,6.8,-56.5407431492466));
#6529=CARTESIAN_POINT('Ctrl Pts',(65.894263047041,6.8,-56.5139607748498));
#6530=CARTESIAN_POINT('Ctrl Pts',(65.8669811098371,6.8,-56.48682591888));
#6531=CARTESIAN_POINT('Ctrl Pts',(65.8476134940407,6.8,-56.4612831780232));
#6532=CARTESIAN_POINT('Ctrl Pts',(65.837346593111,6.8,-56.4385038914864));
#6533=CARTESIAN_POINT('Ctrl Pts',(65.8357763219154,6.8,-56.4182952438211));
#6534=CARTESIAN_POINT('Ctrl Pts',(65.8405637027793,6.8,-56.3987820561654));
#6535=CARTESIAN_POINT('Ctrl Pts',(65.8484164185648,6.8,-56.3773412504722));
#6536=CARTESIAN_POINT('Ctrl Pts',(65.855931001243,6.8,-56.3514075860545));
#6537=CARTESIAN_POINT('Ctrl Pts',(65.8604010774699,6.8,-56.3192404353195));
#6538=CARTESIAN_POINT('Ctrl Pts',(65.8608548080012,6.8,-56.2809245686077));
#6539=CARTESIAN_POINT('Ctrl Pts',(65.8581040545548,6.8,-56.2383700906223));
#6540=CARTESIAN_POINT('Ctrl Pts',(65.8539260278663,6.8,-56.1944348215022));
#6541=CARTESIAN_POINT('Ctrl Pts',(65.8505005621465,6.8,-56.1523053550539));
#6542=CARTESIAN_POINT('Ctrl Pts',(65.8497230330337,6.8,-56.1147518861189));
#6543=CARTESIAN_POINT('Ctrl Pts',(65.8526169033566,6.8,-56.0834847096794));
#6544=CARTESIAN_POINT('Ctrl Pts',(65.8585802670059,6.8,-56.0583402443525));
#6545=CARTESIAN_POINT('Ctrl Pts',(65.8658572725156,6.8,-56.037720968062));
#6546=CARTESIAN_POINT('Ctrl Pts',(65.8722412892733,6.8,-56.019267339834));
#6547=CARTESIAN_POINT('Ctrl Pts',(65.8756716106349,6.8,-56.0004318196388));
#6548=CARTESIAN_POINT('Ctrl Pts',(65.8749337769137,6.8,-55.9791321457449));
#6549=CARTESIAN_POINT('Ctrl Pts',(65.870140469612,6.8,-55.9542558595476));
#6550=CARTESIAN_POINT('Ctrl Pts',(65.862196415688,6.8,-55.9254877730548));
#6551=CARTESIAN_POINT('Ctrl Pts',(65.8523829486531,6.8,-55.8932266741117));
#6552=CARTESIAN_POINT('Ctrl Pts',(65.841918169753,6.8,-55.8584619969605));
#6553=CARTESIAN_POINT('Ctrl Pts',(65.8314770017007,6.8,-55.8226825514453));
#6554=CARTESIAN_POINT('Ctrl Pts',(65.8208829753846,6.8,-55.7877275419386));
#6555=CARTESIAN_POINT('Ctrl Pts',(65.8095169853358,6.8,-55.7554339321977));
#6556=CARTESIAN_POINT('Ctrl Pts',(65.7966147357007,6.8,-55.727315925346));
#6557=CARTESIAN_POINT('Ctrl Pts',(65.7816110348311,6.8,-55.7042274149068));
#6558=CARTESIAN_POINT('Ctrl Pts',(65.7644561845482,6.8,-55.686041245411));
#6559=CARTESIAN_POINT('Ctrl Pts',(65.7459670790959,6.8,-55.6712924200015));
#6560=CARTESIAN_POINT('Ctrl Pts',(65.7274218401298,6.8,-55.6577784968621));
#6561=CARTESIAN_POINT('Ctrl Pts',(65.7101037627045,6.8,-55.643228123665));
#6562=CARTESIAN_POINT('Ctrl Pts',(65.6949007362658,6.8,-55.6258929358771));
#6563=CARTESIAN_POINT('Ctrl Pts',(65.6817943669278,6.8,-55.6052930227782));
#6564=CARTESIAN_POINT('Ctrl Pts',(65.6696747599879,6.8,-55.5825079942441));
#6565=CARTESIAN_POINT('Ctrl Pts',(65.6569221325805,6.8,-55.5593966624383));
#6566=CARTESIAN_POINT('Ctrl Pts',(65.6418628835534,6.8,-55.5379932830245));
#6567=CARTESIAN_POINT('Ctrl Pts',(65.6232248915017,6.8,-55.5199021767361));
#6568=CARTESIAN_POINT('Ctrl Pts',(65.6007166558495,6.8,-55.5055262635325));
#6569=CARTESIAN_POINT('Ctrl Pts',(65.5750509316175,6.8,-55.4940451444723));
#6570=CARTESIAN_POINT('Ctrl Pts',(65.5474703364825,6.8,-55.4840629650233));
#6571=CARTESIAN_POINT('Ctrl Pts',(65.519397087787,6.8,-55.4740937900032));
#6572=CARTESIAN_POINT('Ctrl Pts',(65.4920675616101,6.8,-55.4630561015318));
#6573=CARTESIAN_POINT('Ctrl Pts',(65.4660852106333,6.8,-55.4509058383011));
#6574=CARTESIAN_POINT('Ctrl Pts',(65.4414050349957,6.8,-55.4385706250992));
#6575=CARTESIAN_POINT('Ctrl Pts',(65.4176170827265,6.8,-55.4274064296987));
#6576=CARTESIAN_POINT('Ctrl Pts',(65.3941484383319,6.8,-55.4187784971754));
#6577=CARTESIAN_POINT('Ctrl Pts',(65.3704803817985,6.8,-55.4136327888891));
#6578=CARTESIAN_POINT('Ctrl Pts',(65.3464056254039,6.8,-55.4119650521234));
#6579=CARTESIAN_POINT('Ctrl Pts',(65.321990387835,6.8,-55.412967091993));
#6580=CARTESIAN_POINT('Ctrl Pts',(65.2974207757162,6.8,-55.4154346182889));
#6581=CARTESIAN_POINT('Ctrl Pts',(65.272887869266,6.8,-55.4180876052951));
#6582=CARTESIAN_POINT('Ctrl Pts',(65.2484556118584,6.8,-55.4199295856968));
#6583=CARTESIAN_POINT('Ctrl Pts',(65.2239389079175,6.8,-55.4205833856543));
#6584=CARTESIAN_POINT('Ctrl Pts',(65.1989842815,6.8,-55.420125618055));
#6585=CARTESIAN_POINT('Ctrl Pts',(65.1731504425704,6.8,-55.4189228186086));
#6586=CARTESIAN_POINT('Ctrl Pts',(65.145985288386,6.8,-55.4174737088286));
#6587=CARTESIAN_POINT('Ctrl Pts',(65.1171124399675,6.8,-55.4162342695357));
#6588=CARTESIAN_POINT('Ctrl Pts',(65.0862885803003,6.8,-55.4154962722662));
#6589=CARTESIAN_POINT('Ctrl Pts',(65.0533666132409,6.8,-55.4154384101245));
#6590=CARTESIAN_POINT('Ctrl Pts',(65.0252932208935,6.8,-55.4160061274821));
#6591=CARTESIAN_POINT('Ctrl Pts',(65.0032512804909,6.8,-55.4167905240928));
#6592=CARTESIAN_POINT('Ctrl Pts',(64.9881181388089,6.8,-55.4174727724462));
#6593=CARTESIAN_POINT('Ctrl Pts',(64.9804419382652,6.8,-55.4178537278043));
#6594=CARTESIAN_POINT('',(62.6341166160479,6.8,-55.4178537278043));
#6595=CARTESIAN_POINT('',(64.9804419382654,6.8,-55.4178537278042));
#6596=CARTESIAN_POINT('',(61.4142350572181,6.8,-56.6175659182706));
#6597=CARTESIAN_POINT('Ctrl Pts',(62.6341166160479,6.8,-55.4178537278043));
#6598=CARTESIAN_POINT('Ctrl Pts',(62.6323045905981,6.8,-55.418346987553));
#6599=CARTESIAN_POINT('Ctrl Pts',(62.6286135729109,6.8,-55.4192053797881));
#6600=CARTESIAN_POINT('Ctrl Pts',(62.6228761492483,6.8,-55.4201085850104));
#6601=CARTESIAN_POINT('Ctrl Pts',(62.6148243266287,6.8,-55.4205439084547));
#6602=CARTESIAN_POINT('Ctrl Pts',(62.6040570107662,6.8,-55.4198203564809));
#6603=CARTESIAN_POINT('Ctrl Pts',(62.5924896435789,6.8,-55.4178729187394));
#6604=CARTESIAN_POINT('Ctrl Pts',(62.5799288273436,6.8,-55.4147903525632));
#6605=CARTESIAN_POINT('Ctrl Pts',(62.5660504017399,6.8,-55.4107230267295));
#6606=CARTESIAN_POINT('Ctrl Pts',(62.5504238057791,6.8,-55.4058668231533));
#6607=CARTESIAN_POINT('Ctrl Pts',(62.5325376332729,6.8,-55.4004435656962));
#6608=CARTESIAN_POINT('Ctrl Pts',(62.5118297387462,6.8,-55.3946853271837));
#6609=CARTESIAN_POINT('Ctrl Pts',(62.4877031549063,6.8,-55.3888108837424));
#6610=CARTESIAN_POINT('Ctrl Pts',(62.4595992620464,6.8,-55.3830317856545));
#6611=CARTESIAN_POINT('Ctrl Pts',(62.4271133260161,6.8,-55.3775805407701));
#6612=CARTESIAN_POINT('Ctrl Pts',(62.390103137448,6.8,-55.3727342848876));
#6613=CARTESIAN_POINT('Ctrl Pts',(62.3487894929234,6.8,-55.3688363741641));
#6614=CARTESIAN_POINT('Ctrl Pts',(62.3038874785,6.8,-55.3663284284687));
#6615=CARTESIAN_POINT('Ctrl Pts',(62.2566386410097,6.8,-55.3657474824023));
#6616=CARTESIAN_POINT('Ctrl Pts',(62.2085743505552,6.8,-55.3676277979081));
#6617=CARTESIAN_POINT('Ctrl Pts',(62.1613304354517,6.8,-55.3724210896103));
#6618=CARTESIAN_POINT('Ctrl Pts',(62.1164400509601,6.8,-55.380408143937));
#6619=CARTESIAN_POINT('Ctrl Pts',(62.0751395140234,6.8,-55.3916167753356));
#6620=CARTESIAN_POINT('Ctrl Pts',(62.0381594540265,6.8,-55.4057300582048));
#6621=CARTESIAN_POINT('Ctrl Pts',(62.0055472145308,6.8,-55.4220179275022));
#6622=CARTESIAN_POINT('Ctrl Pts',(61.9768691534296,6.8,-55.4395733567538));
#6623=CARTESIAN_POINT('Ctrl Pts',(61.9513845550583,6.8,-55.457521445846));
#6624=CARTESIAN_POINT('Ctrl Pts',(61.9282360102634,6.8,-55.4752524301872));
#6625=CARTESIAN_POINT('Ctrl Pts',(61.9066186254854,6.8,-55.4926134167509));
#6626=CARTESIAN_POINT('Ctrl Pts',(61.8859936999537,6.8,-55.5101975238776));
#6627=CARTESIAN_POINT('Ctrl Pts',(61.8660988927417,6.8,-55.5291806883416));
#6628=CARTESIAN_POINT('Ctrl Pts',(61.8468618357268,6.8,-55.5509490218916));
#6629=CARTESIAN_POINT('Ctrl Pts',(61.8283423777682,6.8,-55.5767777621026));
#6630=CARTESIAN_POINT('Ctrl Pts',(61.8106674859799,6.8,-55.6075214149657));
#6631=CARTESIAN_POINT('Ctrl Pts',(61.7939585639962,6.8,-55.6432182350289));
#6632=CARTESIAN_POINT('Ctrl Pts',(61.7783065210859,6.8,-55.6830614485699));
#6633=CARTESIAN_POINT('Ctrl Pts',(61.7637926007238,6.8,-55.7257047655405));
#6634=CARTESIAN_POINT('Ctrl Pts',(61.7504958644401,6.8,-55.769470914702));
#6635=CARTESIAN_POINT('Ctrl Pts',(61.7385069801189,6.8,-55.8126051610033));
#6636=CARTESIAN_POINT('Ctrl Pts',(61.7279373799043,6.8,-55.8534963107324));
#6637=CARTESIAN_POINT('Ctrl Pts',(61.7189352148086,6.8,-55.8909442192687));
#6638=CARTESIAN_POINT('Ctrl Pts',(61.7116787815342,6.8,-55.9242739182458));
#6639=CARTESIAN_POINT('Ctrl Pts',(61.7063503618017,6.8,-55.95331245137));
#6640=CARTESIAN_POINT('Ctrl Pts',(61.7031155147072,6.8,-55.9784107880835));
#6641=CARTESIAN_POINT('Ctrl Pts',(61.7021000910628,6.8,-56.0004337694961));
#6642=CARTESIAN_POINT('Ctrl Pts',(61.7033682305909,6.8,-56.0207978064436));
#6643=CARTESIAN_POINT('Ctrl Pts',(61.7068998815848,6.8,-56.0413850802927));
#6644=CARTESIAN_POINT('Ctrl Pts',(61.7125717985502,6.8,-56.06409929166));
#6645=CARTESIAN_POINT('Ctrl Pts',(61.7201347074652,6.8,-56.0904583842153));
#6646=CARTESIAN_POINT('Ctrl Pts',(61.7291983275781,6.8,-56.1212219236745));
#6647=CARTESIAN_POINT('Ctrl Pts',(61.7391972906749,6.8,-56.1558839146775));
#6648=CARTESIAN_POINT('Ctrl Pts',(61.7494213744359,6.8,-56.1926517782426));
#6649=CARTESIAN_POINT('Ctrl Pts',(61.7591365206374,6.8,-56.2291182876094));
#6650=CARTESIAN_POINT('Ctrl Pts',(61.7676829617258,6.8,-56.2627603516644));
#6651=CARTESIAN_POINT('Ctrl Pts',(61.7745841266987,6.8,-56.2915138097528));
#6652=CARTESIAN_POINT('Ctrl Pts',(61.7796476708555,6.8,-56.3143014972602));
#6653=CARTESIAN_POINT('Ctrl Pts',(61.7830796915156,6.8,-56.3316224682734));
#6654=CARTESIAN_POINT('Ctrl Pts',(61.7853315212031,6.8,-56.345029126507));
#6655=CARTESIAN_POINT('Ctrl Pts',(61.786925316027,6.8,-56.3565224828759));
#6656=CARTESIAN_POINT('Ctrl Pts',(61.7883017001737,6.8,-56.3680271000159));
#6657=CARTESIAN_POINT('Ctrl Pts',(61.7896235933008,6.8,-56.3807127669259));
#6658=CARTESIAN_POINT('Ctrl Pts',(61.7907474890433,6.8,-56.394900947662));
#6659=CARTESIAN_POINT('Ctrl Pts',(61.7913196310537,6.8,-56.4104175325733));
#6660=CARTESIAN_POINT('Ctrl Pts',(61.7908368541304,6.8,-56.4268030306311));
#6661=CARTESIAN_POINT('Ctrl Pts',(61.7887193472401,6.8,-56.443609918107));
#6662=CARTESIAN_POINT('Ctrl Pts',(61.7843857943245,6.8,-56.4605693061907));
#6663=CARTESIAN_POINT('Ctrl Pts',(61.7773482470257,6.8,-56.4775095762037));
#6664=CARTESIAN_POINT('Ctrl Pts',(61.7673069781734,6.8,-56.4943205518354));
#6665=CARTESIAN_POINT('Ctrl Pts',(61.75423613092,6.8,-56.510901947892));
#6666=CARTESIAN_POINT('Ctrl Pts',(61.7384981284111,6.8,-56.5271129254656));
#6667=CARTESIAN_POINT('Ctrl Pts',(61.7207115521237,6.8,-56.5427745903692));
#6668=CARTESIAN_POINT('Ctrl Pts',(61.70157377475,6.8,-56.5576839065316));
#6669=CARTESIAN_POINT('Ctrl Pts',(61.6817023404652,6.8,-56.5716234521803));
#6670=CARTESIAN_POINT('Ctrl Pts',(61.6614619732677,6.8,-56.5843729878228));
#6671=CARTESIAN_POINT('Ctrl Pts',(61.6408158352385,6.8,-56.5957200251784));
#6672=CARTESIAN_POINT('Ctrl Pts',(61.6194530657275,6.8,-56.605466577877));
#6673=CARTESIAN_POINT('Ctrl Pts',(61.5969016710013,6.8,-56.6134363153451));
#6674=CARTESIAN_POINT('Ctrl Pts',(61.5726416386451,6.8,-56.6194810679933));
#6675=CARTESIAN_POINT('Ctrl Pts',(61.546229872839,6.8,-56.623488890925));
#6676=CARTESIAN_POINT('Ctrl Pts',(61.517382108666,6.8,-56.6253875535764));
#6677=CARTESIAN_POINT('Ctrl Pts',(61.4859263053579,6.8,-56.6251347476739));
#6678=CARTESIAN_POINT('Ctrl Pts',(61.4586086983626,6.8,-56.6231955163825));
#6679=CARTESIAN_POINT('Ctrl Pts',(61.4368973873563,6.8,-56.6207615511277));
#6680=CARTESIAN_POINT('Ctrl Pts',(61.4218797413598,6.8,-56.618703669082));
#6681=CARTESIAN_POINT('Ctrl Pts',(61.4142350572179,6.8,-56.6175659182707));
#6682=CARTESIAN_POINT('',(40.331592956725,6.8,-56.6175659182707));
#6683=CARTESIAN_POINT('',(61.4142350572181,6.8,-56.6175659182706));
#6684=CARTESIAN_POINT('',(39.9580057418537,6.8,-56.2803954533));
#6685=CARTESIAN_POINT('Ctrl Pts',(40.331592956725,6.8,-56.6175659182707));
#6686=CARTESIAN_POINT('Ctrl Pts',(40.3280657484239,6.8,-56.6173857445429));
#6687=CARTESIAN_POINT('Ctrl Pts',(40.3210331350202,6.8,-56.6170661902778));
#6688=CARTESIAN_POINT('Ctrl Pts',(40.3105496306022,6.8,-56.616709241087));
#6689=CARTESIAN_POINT('Ctrl Pts',(40.2967026407032,6.8,-56.616478493969));
#6690=CARTESIAN_POINT('Ctrl Pts',(40.2795827086456,6.8,-56.6165792589848));
#6691=CARTESIAN_POINT('Ctrl Pts',(40.2625593626711,6.8,-56.6170058519348));
#6692=CARTESIAN_POINT('Ctrl Pts',(40.2454475596733,6.8,-56.6176284943885));
#6693=CARTESIAN_POINT('Ctrl Pts',(40.2279323132664,6.8,-56.6182252871985));
#6694=CARTESIAN_POINT('Ctrl Pts',(40.2095485705808,6.8,-56.6184637435355));
#6695=CARTESIAN_POINT('Ctrl Pts',(40.1898383559638,6.8,-56.6179613312711));
#6696=CARTESIAN_POINT('Ctrl Pts',(40.1684977001277,6.8,-56.6163405859288));
#6697=CARTESIAN_POINT('Ctrl Pts',(40.1455223389129,6.8,-56.6132847146442));
#6698=CARTESIAN_POINT('Ctrl Pts',(40.1213707219474,6.8,-56.6085973584353));
#6699=CARTESIAN_POINT('Ctrl Pts',(40.0970813000827,6.8,-56.6022506501687));
#6700=CARTESIAN_POINT('Ctrl Pts',(40.0739550384092,6.8,-56.5943189484884));
#6701=CARTESIAN_POINT('Ctrl Pts',(40.0532760863686,6.8,-56.5849231725163));
#6702=CARTESIAN_POINT('Ctrl Pts',(40.0360205315386,6.8,-56.574172341263));
#6703=CARTESIAN_POINT('Ctrl Pts',(40.0225625209257,6.8,-56.5621056227648));
#6704=CARTESIAN_POINT('Ctrl Pts',(40.0123922058952,6.8,-56.5486369773593));
#6705=CARTESIAN_POINT('Ctrl Pts',(40.0044734930474,6.8,-56.5336216420509));
#6706=CARTESIAN_POINT('Ctrl Pts',(39.9975863147352,6.8,-56.5169202028291));
#6707=CARTESIAN_POINT('Ctrl Pts',(39.9906630166844,6.8,-56.4984620346724));
#6708=CARTESIAN_POINT('Ctrl Pts',(39.9831484593364,6.8,-56.4783138653507));
#6709=CARTESIAN_POINT('Ctrl Pts',(39.9752919338128,6.8,-56.4567355387682));
#6710=CARTESIAN_POINT('Ctrl Pts',(39.9678033630276,6.8,-56.4341123123956));
#6711=CARTESIAN_POINT('Ctrl Pts',(39.9615662837736,6.8,-56.4108987079597));
#6712=CARTESIAN_POINT('Ctrl Pts',(39.9573332571263,6.8,-56.3875591002082));
#6713=CARTESIAN_POINT('Ctrl Pts',(39.9554229279455,6.8,-56.3645094244953));
#6714=CARTESIAN_POINT('Ctrl Pts',(39.9554281573404,6.8,-56.3420600148772));
#6715=CARTESIAN_POINT('Ctrl Pts',(39.9565206409256,6.8,-56.3204305818398));
#6716=CARTESIAN_POINT('Ctrl Pts',(39.9574927866386,6.8,-56.3038961017368));
#6717=CARTESIAN_POINT('Ctrl Pts',(39.9579124776897,6.8,-56.2919618319705));
#6718=CARTESIAN_POINT('Ctrl Pts',(39.9580057418534,6.8,-56.2842158755013));
#6719=CARTESIAN_POINT('Ctrl Pts',(39.9580057418534,6.8,-56.2803954533001));
#6720=CARTESIAN_POINT('',(39.9580057418537,6.8,-51.5032957613966));
#6721=CARTESIAN_POINT('',(39.9580057418537,6.8,-56.2803954533));
#6722=CARTESIAN_POINT('',(39.7580057418536,6.8,-51.5032957613966));
#6723=CARTESIAN_POINT('',(33.7580057418536,6.8,-41.5032596654261));
#6724=CARTESIAN_POINT('',(12.0680890143655,6.8,-4.69039291161192));
#6725=CARTESIAN_POINT('',(12.0680890143656,6.8,-19.236953576665));
#6726=CARTESIAN_POINT('',(22.0680890143655,6.8,-4.69039291161194));
#6727=CARTESIAN_POINT('',(30.4291372770998,6.8,-4.69039291161195));
#6728=CARTESIAN_POINT('',(22.0680890143655,6.8,-17.6489076511056));
#6729=CARTESIAN_POINT('',(29.4964048589602,6.8,-4.69039450528006));
#6730=CARTESIAN_POINT('',(29.4964048589601,6.8,-19.2369543734991));
#6731=CARTESIAN_POINT('',(34.4964048589603,6.8,-4.69039450528006));
#6732=CARTESIAN_POINT('',(36.6432951993971,6.8,-4.69039450528006));
#6733=CARTESIAN_POINT('',(34.4964048589603,6.8,-17.6489076511056));
#6734=CARTESIAN_POINT('',(42.9866622470904,6.8,-4.69039311818531));
#6735=CARTESIAN_POINT('',(42.9866622470904,6.8,-19.2369536799517));
#6736=CARTESIAN_POINT('',(43.8884238934622,6.8,-4.69039311818531));
#6737=CARTESIAN_POINT('',(53.821843524051,6.8,-4.69039311818455));
#6738=CARTESIAN_POINT('',(70.5345714281963,6.8,-37.3032957616257));
#6739=CARTESIAN_POINT('',(71.0345714281963,6.8,-37.3032957616257));
#6740=CARTESIAN_POINT('',(54.9123567330288,6.8,-37.3031026610801));
#6741=CARTESIAN_POINT('',(71.0345714281962,6.8,-9.30329576162578));
#6742=CARTESIAN_POINT('',(71.0345714281962,6.8,-21.5434050016719));
#6743=CARTESIAN_POINT('',(11.0345714281964,6.8,-9.3032957616259));
#6744=CARTESIAN_POINT('',(24.9123784840152,6.8,-9.30329576162588));
#6745=CARTESIAN_POINT('',(11.0345714281964,6.8,-37.302560303645));
#6746=CARTESIAN_POINT('',(11.0345714281964,6.8,-35.5430372726816));
#6747=CARTESIAN_POINT('',(11.5345714281964,6.8,-37.3025664839642));
#6748=CARTESIAN_POINT('',(54.9123567330288,6.8,-37.3031026610801));
#6749=CARTESIAN_POINT('',(11.5345714281964,6.8,-37.3032957616258));
#6750=CARTESIAN_POINT('',(11.5345714281964,6.8,-9.3032957616259));
#6751=CARTESIAN_POINT('',(58.9580057418536,6.8,-37.3032957616257));
#6752=CARTESIAN_POINT('',(3.48089495996255,6.8,-11.1170342464716));
#6753=CARTESIAN_POINT('',(3.48089495996258,6.8,-20.2128424229232));
#6754=CARTESIAN_POINT('',(3.48089495996255,6.8,-11.1170342464716));
#6755=CARTESIAN_POINT('',(9.48089495996256,6.8,-20.2128424229232));
#6756=CARTESIAN_POINT('',(3.48089495996258,6.8,-20.2128424229232));
#6757=CARTESIAN_POINT('',(9.48089495996255,6.8,-11.1170342464716));
#6758=CARTESIAN_POINT('',(9.48089495996256,6.8,-20.2128424229232));
#6759=CARTESIAN_POINT('',(9.48089495996255,6.8,-11.1170342464716));
#6760=CARTESIAN_POINT('Origin',(33.7580057418536,6.,-41.5032596654261));
#6761=CARTESIAN_POINT('',(33.7580057418536,6.,-41.5032596654261));
#6762=CARTESIAN_POINT('Origin',(22.0680890143655,6.,-4.69039291161194));
#6763=CARTESIAN_POINT('',(12.0680890143655,12.,-4.69039291161192));
#6764=CARTESIAN_POINT('',(12.0680890143655,6.,-4.69039291161192));
#6765=CARTESIAN_POINT('',(22.0680890143655,12.,-4.69039291161194));
#6766=CARTESIAN_POINT('',(22.0680890143655,12.,-4.69039291161194));
#6767=CARTESIAN_POINT('',(22.0680890143655,6.,-4.69039291161194));
#6768=CARTESIAN_POINT('Origin',(22.0680890143655,6.,-1.51430106049313));
#6769=CARTESIAN_POINT('',(22.0680890143655,12.,-4.69039291161194));
#6770=CARTESIAN_POINT('Origin',(12.0680890143655,6.,-4.69039291161192));
#6771=CARTESIAN_POINT('',(12.0680890143655,12.,-4.69039291161192));
#6772=CARTESIAN_POINT('Origin',(17.0672668211573,12.,-3.10152479284431));
#6773=CARTESIAN_POINT('Origin',(34.4964048589603,6.,-1.51430106049305));
#6774=CARTESIAN_POINT('',(34.4964048589603,12.,-4.69039450528006));
#6775=CARTESIAN_POINT('',(34.4964048589603,6.,-4.69039450528006));
#6776=CARTESIAN_POINT('',(34.4964048589603,12.,-4.69039450528006));
#6777=CARTESIAN_POINT('Origin',(34.4964048589603,6.,-4.69039450528006));
#6778=CARTESIAN_POINT('',(29.4964048589602,12.,-4.69039450528006));
#6779=CARTESIAN_POINT('',(29.4964048589602,6.,-4.69039450528006));
#6780=CARTESIAN_POINT('',(34.4964048589603,12.,-4.69039450528006));
#6781=CARTESIAN_POINT('Origin',(29.4964048589602,6.,-4.69039450528006));
#6782=CARTESIAN_POINT('',(29.4964048589602,12.,-4.69039450528006));
#6783=CARTESIAN_POINT('Origin',(31.9964048589602,12.,-3.10234778288655));
#6784=CARTESIAN_POINT('Origin',(66.7594049358598,6.,-56.8937307208503));
#6785=CARTESIAN_POINT('Origin',(48.9866622470905,6.,-4.69039311818531));
#6786=CARTESIAN_POINT('',(42.9866622470904,6.,-4.69039311818531));
#6787=CARTESIAN_POINT('Origin',(42.9866622470904,6.,-4.69039311818531));
#6788=CARTESIAN_POINT('Origin',(68.853501508268,6.,-4.69039311818456));
#6789=CARTESIAN_POINT('Origin',(11.0345714281964,6.8,-37.302560303645));
#6790=CARTESIAN_POINT('',(11.0345714281964,7.8,-9.3032957616259));
#6791=CARTESIAN_POINT('',(11.0345714281964,6.8,-9.3032957616259));
#6792=CARTESIAN_POINT('',(11.0345714281964,7.8,-37.302560303645));
#6793=CARTESIAN_POINT('',(11.0345714281964,7.8,-9.3032957616259));
#6794=CARTESIAN_POINT('',(11.0345714281964,6.8,-37.302560303645));
#6795=CARTESIAN_POINT('Origin',(71.0345714281962,6.8,-9.30329576162578));
#6796=CARTESIAN_POINT('',(71.0345714281963,7.8,-37.3032957616257));
#6797=CARTESIAN_POINT('',(71.0345714281963,6.8,-37.3032957616257));
#6798=CARTESIAN_POINT('',(71.0345714281962,7.8,-9.30329576162578));
#6799=CARTESIAN_POINT('',(71.0345714281963,7.8,-37.3032957616257));
#6800=CARTESIAN_POINT('',(71.0345714281962,6.8,-9.30329576162578));
#6801=CARTESIAN_POINT('Origin',(11.0345714281964,6.8,-9.3032957616259));
#6802=CARTESIAN_POINT('',(11.5345714281964,7.8,-9.3032957616259));
#6803=CARTESIAN_POINT('Origin',(41.0345795183559,7.8,-23.3033038517853));
#6804=CARTESIAN_POINT('',(70.5345714281963,7.8,-37.3032957616257));
#6805=CARTESIAN_POINT('Origin',(9.48089495996255,6.,-11.1170342464716));
#6806=CARTESIAN_POINT('',(3.48089495996255,6.,-11.1170342464716));
#6807=CARTESIAN_POINT('',(9.48089495996255,6.,-11.1170342464716));
#6808=CARTESIAN_POINT('Origin',(9.48089495996256,6.,-20.2128424229232));
#6809=CARTESIAN_POINT('',(9.48089495996256,6.,-20.2128424229232));
#6810=CARTESIAN_POINT('Origin',(3.48089495996258,6.,-20.2128424229232));
#6811=CARTESIAN_POINT('',(3.48089495996258,6.,-20.2128424229232));
#6812=CARTESIAN_POINT('Origin',(3.48089495996255,6.,-11.1170342464716));
#6813=CARTESIAN_POINT('Origin',(11.5345714281964,6.,-37.3025664839642));
#6814=CARTESIAN_POINT('',(11.5345714281964,6.,-37.3032957616258));
#6815=CARTESIAN_POINT('',(11.5345714281964,6.,-37.3025664839642));
#6816=CARTESIAN_POINT('Origin',(70.5345714281963,6.,-37.3032957616257));
#6817=CARTESIAN_POINT('',(70.5345714281963,6.,-37.3032957616257));
#6818=CARTESIAN_POINT('Origin',(11.5345714281964,6.,-37.3032957616258));
#6819=CARTESIAN_POINT('Origin',(33.7580057418536,6.,-51.5032957613967));
#6820=CARTESIAN_POINT('',(33.7580057418536,6.,-51.5032957613967));
#6821=CARTESIAN_POINT('Origin',(39.9580057418537,6.,-51.5032957613966));
#6822=CARTESIAN_POINT('',(39.9580057418537,6.,-51.5032957613966));
#6823=CARTESIAN_POINT('Origin',(39.9580057418537,6.,-56.2803954533));
#6824=CARTESIAN_POINT('',(39.9580057418537,6.,-56.2803954533));
#6825=CARTESIAN_POINT('Ctrl Pts',(40.331592956725,1.,-56.6175659182707));
#6826=CARTESIAN_POINT('Ctrl Pts',(40.331592956725,6.8,-56.6175659182707));
#6827=CARTESIAN_POINT('Ctrl Pts',(40.3280657484239,1.,-56.6173857445429));
#6828=CARTESIAN_POINT('Ctrl Pts',(40.3280657484239,6.8,-56.6173857445429));
#6829=CARTESIAN_POINT('Ctrl Pts',(40.3210331350202,1.,-56.6170661902778));
#6830=CARTESIAN_POINT('Ctrl Pts',(40.3210331350202,6.8,-56.6170661902778));
#6831=CARTESIAN_POINT('Ctrl Pts',(40.3105496306022,1.,-56.616709241087));
#6832=CARTESIAN_POINT('Ctrl Pts',(40.3105496306022,6.8,-56.616709241087));
#6833=CARTESIAN_POINT('Ctrl Pts',(40.2967026407032,1.,-56.616478493969));
#6834=CARTESIAN_POINT('Ctrl Pts',(40.2967026407032,6.8,-56.616478493969));
#6835=CARTESIAN_POINT('Ctrl Pts',(40.2795827086456,1.,-56.6165792589848));
#6836=CARTESIAN_POINT('Ctrl Pts',(40.2795827086456,6.8,-56.6165792589848));
#6837=CARTESIAN_POINT('Ctrl Pts',(40.2625593626711,1.,-56.6170058519348));
#6838=CARTESIAN_POINT('Ctrl Pts',(40.2625593626711,6.8,-56.6170058519348));
#6839=CARTESIAN_POINT('Ctrl Pts',(40.2454475596733,1.,-56.6176284943885));
#6840=CARTESIAN_POINT('Ctrl Pts',(40.2454475596733,6.8,-56.6176284943885));
#6841=CARTESIAN_POINT('Ctrl Pts',(40.2279323132664,1.,-56.6182252871985));
#6842=CARTESIAN_POINT('Ctrl Pts',(40.2279323132664,6.8,-56.6182252871985));
#6843=CARTESIAN_POINT('Ctrl Pts',(40.2095485705808,1.,-56.6184637435355));
#6844=CARTESIAN_POINT('Ctrl Pts',(40.2095485705808,6.8,-56.6184637435355));
#6845=CARTESIAN_POINT('Ctrl Pts',(40.1898383559638,1.,-56.6179613312711));
#6846=CARTESIAN_POINT('Ctrl Pts',(40.1898383559638,6.8,-56.6179613312711));
#6847=CARTESIAN_POINT('Ctrl Pts',(40.1684977001277,1.,-56.6163405859288));
#6848=CARTESIAN_POINT('Ctrl Pts',(40.1684977001277,6.8,-56.6163405859288));
#6849=CARTESIAN_POINT('Ctrl Pts',(40.1455223389129,1.,-56.6132847146442));
#6850=CARTESIAN_POINT('Ctrl Pts',(40.1455223389129,6.8,-56.6132847146442));
#6851=CARTESIAN_POINT('Ctrl Pts',(40.1213707219474,1.,-56.6085973584353));
#6852=CARTESIAN_POINT('Ctrl Pts',(40.1213707219474,6.8,-56.6085973584353));
#6853=CARTESIAN_POINT('Ctrl Pts',(40.0970813000827,1.,-56.6022506501687));
#6854=CARTESIAN_POINT('Ctrl Pts',(40.0970813000827,6.8,-56.6022506501687));
#6855=CARTESIAN_POINT('Ctrl Pts',(40.0739550384092,1.,-56.5943189484884));
#6856=CARTESIAN_POINT('Ctrl Pts',(40.0739550384092,6.8,-56.5943189484884));
#6857=CARTESIAN_POINT('Ctrl Pts',(40.0532760863686,1.,-56.5849231725163));
#6858=CARTESIAN_POINT('Ctrl Pts',(40.0532760863686,6.8,-56.5849231725163));
#6859=CARTESIAN_POINT('Ctrl Pts',(40.0360205315386,1.,-56.574172341263));
#6860=CARTESIAN_POINT('Ctrl Pts',(40.0360205315386,6.8,-56.574172341263));
#6861=CARTESIAN_POINT('Ctrl Pts',(40.0225625209257,1.,-56.5621056227648));
#6862=CARTESIAN_POINT('Ctrl Pts',(40.0225625209257,6.8,-56.5621056227648));
#6863=CARTESIAN_POINT('Ctrl Pts',(40.0123922058952,1.,-56.5486369773593));
#6864=CARTESIAN_POINT('Ctrl Pts',(40.0123922058952,6.8,-56.5486369773593));
#6865=CARTESIAN_POINT('Ctrl Pts',(40.0044734930474,1.,-56.5336216420509));
#6866=CARTESIAN_POINT('Ctrl Pts',(40.0044734930474,6.8,-56.5336216420509));
#6867=CARTESIAN_POINT('Ctrl Pts',(39.9975863147352,1.,-56.5169202028291));
#6868=CARTESIAN_POINT('Ctrl Pts',(39.9975863147352,6.8,-56.5169202028291));
#6869=CARTESIAN_POINT('Ctrl Pts',(39.9906630166844,1.,-56.4984620346724));
#6870=CARTESIAN_POINT('Ctrl Pts',(39.9906630166844,6.8,-56.4984620346724));
#6871=CARTESIAN_POINT('Ctrl Pts',(39.9831484593364,1.,-56.4783138653507));
#6872=CARTESIAN_POINT('Ctrl Pts',(39.9831484593364,6.8,-56.4783138653507));
#6873=CARTESIAN_POINT('Ctrl Pts',(39.9752919338128,1.,-56.4567355387682));
#6874=CARTESIAN_POINT('Ctrl Pts',(39.9752919338128,6.8,-56.4567355387682));
#6875=CARTESIAN_POINT('Ctrl Pts',(39.9678033630276,1.,-56.4341123123956));
#6876=CARTESIAN_POINT('Ctrl Pts',(39.9678033630276,6.8,-56.4341123123956));
#6877=CARTESIAN_POINT('Ctrl Pts',(39.9615662837736,1.,-56.4108987079597));
#6878=CARTESIAN_POINT('Ctrl Pts',(39.9615662837736,6.8,-56.4108987079597));
#6879=CARTESIAN_POINT('Ctrl Pts',(39.9573332571263,1.,-56.3875591002082));
#6880=CARTESIAN_POINT('Ctrl Pts',(39.9573332571263,6.8,-56.3875591002082));
#6881=CARTESIAN_POINT('Ctrl Pts',(39.9554229279455,1.,-56.3645094244953));
#6882=CARTESIAN_POINT('Ctrl Pts',(39.9554229279455,6.8,-56.3645094244953));
#6883=CARTESIAN_POINT('Ctrl Pts',(39.9554281573404,1.,-56.3420600148772));
#6884=CARTESIAN_POINT('Ctrl Pts',(39.9554281573404,6.8,-56.3420600148772));
#6885=CARTESIAN_POINT('Ctrl Pts',(39.9565206409256,1.,-56.3204305818398));
#6886=CARTESIAN_POINT('Ctrl Pts',(39.9565206409256,6.8,-56.3204305818398));
#6887=CARTESIAN_POINT('Ctrl Pts',(39.9574927866386,1.,-56.3038961017368));
#6888=CARTESIAN_POINT('Ctrl Pts',(39.9574927866386,6.8,-56.3038961017368));
#6889=CARTESIAN_POINT('Ctrl Pts',(39.9579124776897,1.,-56.2919618319705));
#6890=CARTESIAN_POINT('Ctrl Pts',(39.9579124776897,6.8,-56.2919618319705));
#6891=CARTESIAN_POINT('Ctrl Pts',(39.9580057418534,1.,-56.2842158755013));
#6892=CARTESIAN_POINT('Ctrl Pts',(39.9580057418534,6.8,-56.2842158755013));
#6893=CARTESIAN_POINT('Ctrl Pts',(39.9580057418534,1.,-56.2803954533001));
#6894=CARTESIAN_POINT('Ctrl Pts',(39.9580057418534,6.8,-56.2803954533001));
#6895=CARTESIAN_POINT('',(40.331592956725,6.,-56.6175659182707));
#6896=CARTESIAN_POINT('Origin',(61.4142350572181,6.,-56.6175659182706));
#6897=CARTESIAN_POINT('',(61.4142350572181,6.,-56.6175659182706));
#6898=CARTESIAN_POINT('Ctrl Pts',(62.6341166160479,6.,-55.4178537278043));
#6899=CARTESIAN_POINT('Ctrl Pts',(62.6341166160479,6.8,-55.4178537278043));
#6900=CARTESIAN_POINT('Ctrl Pts',(62.6323045905981,6.,-55.418346987553));
#6901=CARTESIAN_POINT('Ctrl Pts',(62.6323045905981,6.8,-55.418346987553));
#6902=CARTESIAN_POINT('Ctrl Pts',(62.6286135729109,6.,-55.4192053797881));
#6903=CARTESIAN_POINT('Ctrl Pts',(62.6286135729109,6.8,-55.4192053797881));
#6904=CARTESIAN_POINT('Ctrl Pts',(62.6228761492483,6.,-55.4201085850104));
#6905=CARTESIAN_POINT('Ctrl Pts',(62.6228761492483,6.8,-55.4201085850104));
#6906=CARTESIAN_POINT('Ctrl Pts',(62.6148243266287,6.,-55.4205439084547));
#6907=CARTESIAN_POINT('Ctrl Pts',(62.6148243266287,6.8,-55.4205439084547));
#6908=CARTESIAN_POINT('Ctrl Pts',(62.6040570107662,6.,-55.4198203564809));
#6909=CARTESIAN_POINT('Ctrl Pts',(62.6040570107662,6.8,-55.4198203564809));
#6910=CARTESIAN_POINT('Ctrl Pts',(62.5924896435789,6.,-55.4178729187394));
#6911=CARTESIAN_POINT('Ctrl Pts',(62.5924896435789,6.8,-55.4178729187394));
#6912=CARTESIAN_POINT('Ctrl Pts',(62.5799288273436,6.,-55.4147903525632));
#6913=CARTESIAN_POINT('Ctrl Pts',(62.5799288273436,6.8,-55.4147903525632));
#6914=CARTESIAN_POINT('Ctrl Pts',(62.5660504017399,6.,-55.4107230267295));
#6915=CARTESIAN_POINT('Ctrl Pts',(62.5660504017399,6.8,-55.4107230267295));
#6916=CARTESIAN_POINT('Ctrl Pts',(62.5504238057791,6.,-55.4058668231533));
#6917=CARTESIAN_POINT('Ctrl Pts',(62.5504238057791,6.8,-55.4058668231533));
#6918=CARTESIAN_POINT('Ctrl Pts',(62.5325376332729,6.,-55.4004435656962));
#6919=CARTESIAN_POINT('Ctrl Pts',(62.5325376332729,6.8,-55.4004435656962));
#6920=CARTESIAN_POINT('Ctrl Pts',(62.5118297387462,6.,-55.3946853271837));
#6921=CARTESIAN_POINT('Ctrl Pts',(62.5118297387462,6.8,-55.3946853271837));
#6922=CARTESIAN_POINT('Ctrl Pts',(62.4877031549063,6.,-55.3888108837424));
#6923=CARTESIAN_POINT('Ctrl Pts',(62.4877031549063,6.8,-55.3888108837424));
#6924=CARTESIAN_POINT('Ctrl Pts',(62.4595992620464,6.,-55.3830317856545));
#6925=CARTESIAN_POINT('Ctrl Pts',(62.4595992620464,6.8,-55.3830317856545));
#6926=CARTESIAN_POINT('Ctrl Pts',(62.4271133260161,6.,-55.3775805407701));
#6927=CARTESIAN_POINT('Ctrl Pts',(62.4271133260161,6.8,-55.3775805407701));
#6928=CARTESIAN_POINT('Ctrl Pts',(62.390103137448,6.,-55.3727342848876));
#6929=CARTESIAN_POINT('Ctrl Pts',(62.390103137448,6.8,-55.3727342848876));
#6930=CARTESIAN_POINT('Ctrl Pts',(62.3487894929234,6.,-55.3688363741641));
#6931=CARTESIAN_POINT('Ctrl Pts',(62.3487894929234,6.8,-55.3688363741641));
#6932=CARTESIAN_POINT('Ctrl Pts',(62.3038874785,6.,-55.3663284284687));
#6933=CARTESIAN_POINT('Ctrl Pts',(62.3038874785,6.8,-55.3663284284687));
#6934=CARTESIAN_POINT('Ctrl Pts',(62.2566386410097,6.,-55.3657474824023));
#6935=CARTESIAN_POINT('Ctrl Pts',(62.2566386410097,6.8,-55.3657474824023));
#6936=CARTESIAN_POINT('Ctrl Pts',(62.2085743505552,6.,-55.3676277979081));
#6937=CARTESIAN_POINT('Ctrl Pts',(62.2085743505552,6.8,-55.3676277979081));
#6938=CARTESIAN_POINT('Ctrl Pts',(62.1613304354517,6.,-55.3724210896103));
#6939=CARTESIAN_POINT('Ctrl Pts',(62.1613304354517,6.8,-55.3724210896103));
#6940=CARTESIAN_POINT('Ctrl Pts',(62.1164400509601,6.,-55.380408143937));
#6941=CARTESIAN_POINT('Ctrl Pts',(62.1164400509601,6.8,-55.380408143937));
#6942=CARTESIAN_POINT('Ctrl Pts',(62.0751395140234,6.,-55.3916167753356));
#6943=CARTESIAN_POINT('Ctrl Pts',(62.0751395140234,6.8,-55.3916167753356));
#6944=CARTESIAN_POINT('Ctrl Pts',(62.0381594540265,6.,-55.4057300582048));
#6945=CARTESIAN_POINT('Ctrl Pts',(62.0381594540265,6.8,-55.4057300582048));
#6946=CARTESIAN_POINT('Ctrl Pts',(62.0055472145308,6.,-55.4220179275022));
#6947=CARTESIAN_POINT('Ctrl Pts',(62.0055472145308,6.8,-55.4220179275022));
#6948=CARTESIAN_POINT('Ctrl Pts',(61.9768691534296,6.,-55.4395733567538));
#6949=CARTESIAN_POINT('Ctrl Pts',(61.9768691534296,6.8,-55.4395733567538));
#6950=CARTESIAN_POINT('Ctrl Pts',(61.9513845550583,6.,-55.457521445846));
#6951=CARTESIAN_POINT('Ctrl Pts',(61.9513845550583,6.8,-55.457521445846));
#6952=CARTESIAN_POINT('Ctrl Pts',(61.9282360102634,6.,-55.4752524301872));
#6953=CARTESIAN_POINT('Ctrl Pts',(61.9282360102634,6.8,-55.4752524301872));
#6954=CARTESIAN_POINT('Ctrl Pts',(61.9066186254854,6.,-55.4926134167509));
#6955=CARTESIAN_POINT('Ctrl Pts',(61.9066186254854,6.8,-55.4926134167509));
#6956=CARTESIAN_POINT('Ctrl Pts',(61.8859936999537,6.,-55.5101975238776));
#6957=CARTESIAN_POINT('Ctrl Pts',(61.8859936999537,6.8,-55.5101975238776));
#6958=CARTESIAN_POINT('Ctrl Pts',(61.8660988927417,6.,-55.5291806883416));
#6959=CARTESIAN_POINT('Ctrl Pts',(61.8660988927417,6.8,-55.5291806883416));
#6960=CARTESIAN_POINT('Ctrl Pts',(61.8468618357268,6.,-55.5509490218916));
#6961=CARTESIAN_POINT('Ctrl Pts',(61.8468618357268,6.8,-55.5509490218916));
#6962=CARTESIAN_POINT('Ctrl Pts',(61.8283423777682,6.,-55.5767777621026));
#6963=CARTESIAN_POINT('Ctrl Pts',(61.8283423777682,6.8,-55.5767777621026));
#6964=CARTESIAN_POINT('Ctrl Pts',(61.8106674859799,6.,-55.6075214149657));
#6965=CARTESIAN_POINT('Ctrl Pts',(61.8106674859799,6.8,-55.6075214149657));
#6966=CARTESIAN_POINT('Ctrl Pts',(61.7939585639962,6.,-55.6432182350289));
#6967=CARTESIAN_POINT('Ctrl Pts',(61.7939585639962,6.8,-55.6432182350289));
#6968=CARTESIAN_POINT('Ctrl Pts',(61.7783065210859,6.,-55.6830614485699));
#6969=CARTESIAN_POINT('Ctrl Pts',(61.7783065210859,6.8,-55.6830614485699));
#6970=CARTESIAN_POINT('Ctrl Pts',(61.7637926007238,6.,-55.7257047655405));
#6971=CARTESIAN_POINT('Ctrl Pts',(61.7637926007238,6.8,-55.7257047655405));
#6972=CARTESIAN_POINT('Ctrl Pts',(61.7504958644401,6.,-55.769470914702));
#6973=CARTESIAN_POINT('Ctrl Pts',(61.7504958644401,6.8,-55.769470914702));
#6974=CARTESIAN_POINT('Ctrl Pts',(61.7385069801189,6.,-55.8126051610033));
#6975=CARTESIAN_POINT('Ctrl Pts',(61.7385069801189,6.8,-55.8126051610033));
#6976=CARTESIAN_POINT('Ctrl Pts',(61.7279373799043,6.,-55.8534963107324));
#6977=CARTESIAN_POINT('Ctrl Pts',(61.7279373799043,6.8,-55.8534963107324));
#6978=CARTESIAN_POINT('Ctrl Pts',(61.7189352148086,6.,-55.8909442192687));
#6979=CARTESIAN_POINT('Ctrl Pts',(61.7189352148086,6.8,-55.8909442192687));
#6980=CARTESIAN_POINT('Ctrl Pts',(61.7116787815342,6.,-55.9242739182458));
#6981=CARTESIAN_POINT('Ctrl Pts',(61.7116787815342,6.8,-55.9242739182458));
#6982=CARTESIAN_POINT('Ctrl Pts',(61.7063503618017,6.,-55.95331245137));
#6983=CARTESIAN_POINT('Ctrl Pts',(61.7063503618017,6.8,-55.95331245137));
#6984=CARTESIAN_POINT('Ctrl Pts',(61.7031155147072,6.,-55.9784107880835));
#6985=CARTESIAN_POINT('Ctrl Pts',(61.7031155147072,6.8,-55.9784107880835));
#6986=CARTESIAN_POINT('Ctrl Pts',(61.7021000910628,6.,-56.0004337694961));
#6987=CARTESIAN_POINT('Ctrl Pts',(61.7021000910628,6.8,-56.0004337694961));
#6988=CARTESIAN_POINT('Ctrl Pts',(61.7033682305909,6.,-56.0207978064436));
#6989=CARTESIAN_POINT('Ctrl Pts',(61.7033682305909,6.8,-56.0207978064436));
#6990=CARTESIAN_POINT('Ctrl Pts',(61.7068998815848,6.,-56.0413850802927));
#6991=CARTESIAN_POINT('Ctrl Pts',(61.7068998815848,6.8,-56.0413850802927));
#6992=CARTESIAN_POINT('Ctrl Pts',(61.7125717985502,6.,-56.06409929166));
#6993=CARTESIAN_POINT('Ctrl Pts',(61.7125717985502,6.8,-56.06409929166));
#6994=CARTESIAN_POINT('Ctrl Pts',(61.7201347074652,6.,-56.0904583842153));
#6995=CARTESIAN_POINT('Ctrl Pts',(61.7201347074652,6.8,-56.0904583842153));
#6996=CARTESIAN_POINT('Ctrl Pts',(61.7291983275781,6.,-56.1212219236745));
#6997=CARTESIAN_POINT('Ctrl Pts',(61.7291983275781,6.8,-56.1212219236745));
#6998=CARTESIAN_POINT('Ctrl Pts',(61.7391972906749,6.,-56.1558839146775));
#6999=CARTESIAN_POINT('Ctrl Pts',(61.7391972906749,6.8,-56.1558839146775));
#7000=CARTESIAN_POINT('Ctrl Pts',(61.7494213744359,6.,-56.1926517782426));
#7001=CARTESIAN_POINT('Ctrl Pts',(61.7494213744359,6.8,-56.1926517782426));
#7002=CARTESIAN_POINT('Ctrl Pts',(61.7591365206374,6.,-56.2291182876094));
#7003=CARTESIAN_POINT('Ctrl Pts',(61.7591365206374,6.8,-56.2291182876094));
#7004=CARTESIAN_POINT('Ctrl Pts',(61.7676829617258,6.,-56.2627603516644));
#7005=CARTESIAN_POINT('Ctrl Pts',(61.7676829617258,6.8,-56.2627603516644));
#7006=CARTESIAN_POINT('Ctrl Pts',(61.7745841266987,6.,-56.2915138097528));
#7007=CARTESIAN_POINT('Ctrl Pts',(61.7745841266987,6.8,-56.2915138097528));
#7008=CARTESIAN_POINT('Ctrl Pts',(61.7796476708555,6.,-56.3143014972602));
#7009=CARTESIAN_POINT('Ctrl Pts',(61.7796476708555,6.8,-56.3143014972602));
#7010=CARTESIAN_POINT('Ctrl Pts',(61.7830796915156,6.,-56.3316224682734));
#7011=CARTESIAN_POINT('Ctrl Pts',(61.7830796915156,6.8,-56.3316224682734));
#7012=CARTESIAN_POINT('Ctrl Pts',(61.7853315212031,6.,-56.345029126507));
#7013=CARTESIAN_POINT('Ctrl Pts',(61.7853315212031,6.8,-56.345029126507));
#7014=CARTESIAN_POINT('Ctrl Pts',(61.786925316027,6.,-56.3565224828759));
#7015=CARTESIAN_POINT('Ctrl Pts',(61.786925316027,6.8,-56.3565224828759));
#7016=CARTESIAN_POINT('Ctrl Pts',(61.7883017001737,6.,-56.3680271000159));
#7017=CARTESIAN_POINT('Ctrl Pts',(61.7883017001737,6.8,-56.3680271000159));
#7018=CARTESIAN_POINT('Ctrl Pts',(61.7896235933008,6.,-56.3807127669259));
#7019=CARTESIAN_POINT('Ctrl Pts',(61.7896235933008,6.8,-56.3807127669259));
#7020=CARTESIAN_POINT('Ctrl Pts',(61.7907474890433,6.,-56.394900947662));
#7021=CARTESIAN_POINT('Ctrl Pts',(61.7907474890433,6.8,-56.394900947662));
#7022=CARTESIAN_POINT('Ctrl Pts',(61.7913196310537,6.,-56.4104175325733));
#7023=CARTESIAN_POINT('Ctrl Pts',(61.7913196310537,6.8,-56.4104175325733));
#7024=CARTESIAN_POINT('Ctrl Pts',(61.7908368541304,6.,-56.4268030306311));
#7025=CARTESIAN_POINT('Ctrl Pts',(61.7908368541304,6.8,-56.4268030306311));
#7026=CARTESIAN_POINT('Ctrl Pts',(61.7887193472401,6.,-56.443609918107));
#7027=CARTESIAN_POINT('Ctrl Pts',(61.7887193472401,6.8,-56.443609918107));
#7028=CARTESIAN_POINT('Ctrl Pts',(61.7843857943245,6.,-56.4605693061907));
#7029=CARTESIAN_POINT('Ctrl Pts',(61.7843857943245,6.8,-56.4605693061907));
#7030=CARTESIAN_POINT('Ctrl Pts',(61.7773482470257,6.,-56.4775095762037));
#7031=CARTESIAN_POINT('Ctrl Pts',(61.7773482470257,6.8,-56.4775095762037));
#7032=CARTESIAN_POINT('Ctrl Pts',(61.7673069781734,6.,-56.4943205518354));
#7033=CARTESIAN_POINT('Ctrl Pts',(61.7673069781734,6.8,-56.4943205518354));
#7034=CARTESIAN_POINT('Ctrl Pts',(61.75423613092,6.,-56.510901947892));
#7035=CARTESIAN_POINT('Ctrl Pts',(61.75423613092,6.8,-56.510901947892));
#7036=CARTESIAN_POINT('Ctrl Pts',(61.7384981284111,6.,-56.5271129254656));
#7037=CARTESIAN_POINT('Ctrl Pts',(61.7384981284111,6.8,-56.5271129254656));
#7038=CARTESIAN_POINT('Ctrl Pts',(61.7207115521237,6.,-56.5427745903692));
#7039=CARTESIAN_POINT('Ctrl Pts',(61.7207115521237,6.8,-56.5427745903692));
#7040=CARTESIAN_POINT('Ctrl Pts',(61.70157377475,6.,-56.5576839065316));
#7041=CARTESIAN_POINT('Ctrl Pts',(61.70157377475,6.8,-56.5576839065316));
#7042=CARTESIAN_POINT('Ctrl Pts',(61.6817023404652,6.,-56.5716234521803));
#7043=CARTESIAN_POINT('Ctrl Pts',(61.6817023404652,6.8,-56.5716234521803));
#7044=CARTESIAN_POINT('Ctrl Pts',(61.6614619732677,6.,-56.5843729878228));
#7045=CARTESIAN_POINT('Ctrl Pts',(61.6614619732677,6.8,-56.5843729878228));
#7046=CARTESIAN_POINT('Ctrl Pts',(61.6408158352385,6.,-56.5957200251784));
#7047=CARTESIAN_POINT('Ctrl Pts',(61.6408158352385,6.8,-56.5957200251784));
#7048=CARTESIAN_POINT('Ctrl Pts',(61.6194530657275,6.,-56.605466577877));
#7049=CARTESIAN_POINT('Ctrl Pts',(61.6194530657275,6.8,-56.605466577877));
#7050=CARTESIAN_POINT('Ctrl Pts',(61.5969016710013,6.,-56.6134363153451));
#7051=CARTESIAN_POINT('Ctrl Pts',(61.5969016710013,6.8,-56.6134363153451));
#7052=CARTESIAN_POINT('Ctrl Pts',(61.5726416386451,6.,-56.6194810679933));
#7053=CARTESIAN_POINT('Ctrl Pts',(61.5726416386451,6.8,-56.6194810679933));
#7054=CARTESIAN_POINT('Ctrl Pts',(61.546229872839,6.,-56.623488890925));
#7055=CARTESIAN_POINT('Ctrl Pts',(61.546229872839,6.8,-56.623488890925));
#7056=CARTESIAN_POINT('Ctrl Pts',(61.517382108666,6.,-56.6253875535764));
#7057=CARTESIAN_POINT('Ctrl Pts',(61.517382108666,6.8,-56.6253875535764));
#7058=CARTESIAN_POINT('Ctrl Pts',(61.4859263053579,6.,-56.6251347476739));
#7059=CARTESIAN_POINT('Ctrl Pts',(61.4859263053579,6.8,-56.6251347476739));
#7060=CARTESIAN_POINT('Ctrl Pts',(61.4586086983626,6.,-56.6231955163825));
#7061=CARTESIAN_POINT('Ctrl Pts',(61.4586086983626,6.8,-56.6231955163825));
#7062=CARTESIAN_POINT('Ctrl Pts',(61.4368973873563,6.,-56.6207615511277));
#7063=CARTESIAN_POINT('Ctrl Pts',(61.4368973873563,6.8,-56.6207615511277));
#7064=CARTESIAN_POINT('Ctrl Pts',(61.4218797413598,6.,-56.618703669082));
#7065=CARTESIAN_POINT('Ctrl Pts',(61.4218797413598,6.8,-56.618703669082));
#7066=CARTESIAN_POINT('Ctrl Pts',(61.4142350572179,6.,-56.6175659182707));
#7067=CARTESIAN_POINT('Ctrl Pts',(61.4142350572179,6.8,-56.6175659182707));
#7068=CARTESIAN_POINT('',(62.6341166160479,6.,-55.4178537278043));
#7069=CARTESIAN_POINT('Origin',(64.9804419382654,6.,-55.4178537278042));
#7070=CARTESIAN_POINT('',(64.9804419382654,6.,-55.4178537278042));
#7071=CARTESIAN_POINT('Ctrl Pts',(66.7312095167318,6.,-56.6937307208503));
#7072=CARTESIAN_POINT('Ctrl Pts',(66.7312095167318,6.8,-56.6937307208503));
#7073=CARTESIAN_POINT('Ctrl Pts',(66.7261076231134,6.,-56.6955594655544));
#7074=CARTESIAN_POINT('Ctrl Pts',(66.7261076231134,6.8,-56.6955594655544));
#7075=CARTESIAN_POINT('Ctrl Pts',(66.7161457200822,6.,-56.6987394702326));
#7076=CARTESIAN_POINT('Ctrl Pts',(66.7161457200822,6.8,-56.6987394702326));
#7077=CARTESIAN_POINT('Ctrl Pts',(66.7019285720724,6.,-56.7020769723503));
#7078=CARTESIAN_POINT('Ctrl Pts',(66.7019285720724,6.8,-56.7020769723503));
#7079=CARTESIAN_POINT('Ctrl Pts',(66.6844236121261,6.,-56.7036618291176));
#7080=CARTESIAN_POINT('Ctrl Pts',(66.6844236121261,6.8,-56.7036618291176));
#7081=CARTESIAN_POINT('Ctrl Pts',(66.6648690639596,6.,-56.7009607791234));
#7082=CARTESIAN_POINT('Ctrl Pts',(66.6648690639596,6.8,-56.7009607791234));
#7083=CARTESIAN_POINT('Ctrl Pts',(66.6473532436723,6.,-56.6938709960374));
#7084=CARTESIAN_POINT('Ctrl Pts',(66.6473532436723,6.8,-56.6938709960374));
#7085=CARTESIAN_POINT('Ctrl Pts',(66.6313133555965,6.,-56.682969264353));
#7086=CARTESIAN_POINT('Ctrl Pts',(66.6313133555965,6.8,-56.682969264353));
#7087=CARTESIAN_POINT('Ctrl Pts',(66.6157734075851,6.,-56.6692546896818));
#7088=CARTESIAN_POINT('Ctrl Pts',(66.6157734075851,6.8,-56.6692546896818));
#7089=CARTESIAN_POINT('Ctrl Pts',(66.5994287826292,6.,-56.6540779748904));
#7090=CARTESIAN_POINT('Ctrl Pts',(66.5994287826292,6.8,-56.6540779748904));
#7091=CARTESIAN_POINT('Ctrl Pts',(66.5809254373198,6.,-56.6388874932653));
#7092=CARTESIAN_POINT('Ctrl Pts',(66.5809254373198,6.8,-56.6388874932653));
#7093=CARTESIAN_POINT('Ctrl Pts',(66.5590887312184,6.,-56.6250230456049));
#7094=CARTESIAN_POINT('Ctrl Pts',(66.5590887312184,6.8,-56.6250230456049));
#7095=CARTESIAN_POINT('Ctrl Pts',(66.5331639235747,6.,-56.6134980730669));
#7096=CARTESIAN_POINT('Ctrl Pts',(66.5331639235747,6.8,-56.6134980730669));
#7097=CARTESIAN_POINT('Ctrl Pts',(66.5030761641052,6.,-56.6047652066267));
#7098=CARTESIAN_POINT('Ctrl Pts',(66.5030761641052,6.8,-56.6047652066267));
#7099=CARTESIAN_POINT('Ctrl Pts',(66.4692905765069,6.,-56.5988317798207));
#7100=CARTESIAN_POINT('Ctrl Pts',(66.4692905765069,6.8,-56.5988317798207));
#7101=CARTESIAN_POINT('Ctrl Pts',(66.4326373922045,6.,-56.5954044128545));
#7102=CARTESIAN_POINT('Ctrl Pts',(66.4326373922045,6.8,-56.5954044128545));
#7103=CARTESIAN_POINT('Ctrl Pts',(66.3941465346177,6.,-56.5940290448495));
#7104=CARTESIAN_POINT('Ctrl Pts',(66.3941465346177,6.8,-56.5940290448495));
#7105=CARTESIAN_POINT('Ctrl Pts',(66.3548865655058,6.,-56.59421842317));
#7106=CARTESIAN_POINT('Ctrl Pts',(66.3548865655058,6.8,-56.59421842317));
#7107=CARTESIAN_POINT('Ctrl Pts',(66.3157815255884,6.,-56.5956205778375));
#7108=CARTESIAN_POINT('Ctrl Pts',(66.3157815255884,6.8,-56.5956205778375));
#7109=CARTESIAN_POINT('Ctrl Pts',(66.2775290713702,6.,-56.5980088442664));
#7110=CARTESIAN_POINT('Ctrl Pts',(66.2775290713702,6.8,-56.5980088442664));
#7111=CARTESIAN_POINT('Ctrl Pts',(66.2405891477194,6.,-56.6011500815619));
#7112=CARTESIAN_POINT('Ctrl Pts',(66.2405891477194,6.8,-56.6011500815619));
#7113=CARTESIAN_POINT('Ctrl Pts',(66.2051507181939,6.,-56.6047080375562));
#7114=CARTESIAN_POINT('Ctrl Pts',(66.2051507181939,6.8,-56.6047080375562));
#7115=CARTESIAN_POINT('Ctrl Pts',(66.17110899926,6.,-56.6081344984313));
#7116=CARTESIAN_POINT('Ctrl Pts',(66.17110899926,6.8,-56.6081344984313));
#7117=CARTESIAN_POINT('Ctrl Pts',(66.1380339864247,6.,-56.6105599590497));
#7118=CARTESIAN_POINT('Ctrl Pts',(66.1380339864247,6.8,-56.6105599590497));
#7119=CARTESIAN_POINT('Ctrl Pts',(66.1051539947204,6.,-56.6107003342771));
#7120=CARTESIAN_POINT('Ctrl Pts',(66.1051539947204,6.8,-56.6107003342771));
#7121=CARTESIAN_POINT('Ctrl Pts',(66.0716373176684,6.,-56.6071646736179));
#7122=CARTESIAN_POINT('Ctrl Pts',(66.0716373176684,6.8,-56.6071646736179));
#7123=CARTESIAN_POINT('Ctrl Pts',(66.0368499738389,6.,-56.5987336490641));
#7124=CARTESIAN_POINT('Ctrl Pts',(66.0368499738389,6.8,-56.5987336490641));
#7125=CARTESIAN_POINT('Ctrl Pts',(66.00064308987,6.,-56.5846693210441));
#7126=CARTESIAN_POINT('Ctrl Pts',(66.00064308987,6.8,-56.5846693210441));
#7127=CARTESIAN_POINT('Ctrl Pts',(65.9635810816746,6.,-56.5649658848361));
#7128=CARTESIAN_POINT('Ctrl Pts',(65.9635810816746,6.8,-56.5649658848361));
#7129=CARTESIAN_POINT('Ctrl Pts',(65.927314852364,6.,-56.5407431492466));
#7130=CARTESIAN_POINT('Ctrl Pts',(65.927314852364,6.8,-56.5407431492466));
#7131=CARTESIAN_POINT('Ctrl Pts',(65.894263047041,6.,-56.5139607748498));
#7132=CARTESIAN_POINT('Ctrl Pts',(65.894263047041,6.8,-56.5139607748498));
#7133=CARTESIAN_POINT('Ctrl Pts',(65.8669811098371,6.,-56.48682591888));
#7134=CARTESIAN_POINT('Ctrl Pts',(65.8669811098371,6.8,-56.48682591888));
#7135=CARTESIAN_POINT('Ctrl Pts',(65.8476134940407,6.,-56.4612831780232));
#7136=CARTESIAN_POINT('Ctrl Pts',(65.8476134940407,6.8,-56.4612831780232));
#7137=CARTESIAN_POINT('Ctrl Pts',(65.837346593111,6.,-56.4385038914864));
#7138=CARTESIAN_POINT('Ctrl Pts',(65.837346593111,6.8,-56.4385038914864));
#7139=CARTESIAN_POINT('Ctrl Pts',(65.8357763219154,6.,-56.4182952438211));
#7140=CARTESIAN_POINT('Ctrl Pts',(65.8357763219154,6.8,-56.4182952438211));
#7141=CARTESIAN_POINT('Ctrl Pts',(65.8405637027793,6.,-56.3987820561654));
#7142=CARTESIAN_POINT('Ctrl Pts',(65.8405637027793,6.8,-56.3987820561654));
#7143=CARTESIAN_POINT('Ctrl Pts',(65.8484164185648,6.,-56.3773412504722));
#7144=CARTESIAN_POINT('Ctrl Pts',(65.8484164185648,6.8,-56.3773412504722));
#7145=CARTESIAN_POINT('Ctrl Pts',(65.855931001243,6.,-56.3514075860545));
#7146=CARTESIAN_POINT('Ctrl Pts',(65.855931001243,6.8,-56.3514075860545));
#7147=CARTESIAN_POINT('Ctrl Pts',(65.8604010774699,6.,-56.3192404353195));
#7148=CARTESIAN_POINT('Ctrl Pts',(65.8604010774699,6.8,-56.3192404353195));
#7149=CARTESIAN_POINT('Ctrl Pts',(65.8608548080012,6.,-56.2809245686077));
#7150=CARTESIAN_POINT('Ctrl Pts',(65.8608548080012,6.8,-56.2809245686077));
#7151=CARTESIAN_POINT('Ctrl Pts',(65.8581040545548,6.,-56.2383700906223));
#7152=CARTESIAN_POINT('Ctrl Pts',(65.8581040545548,6.8,-56.2383700906223));
#7153=CARTESIAN_POINT('Ctrl Pts',(65.8539260278663,6.,-56.1944348215022));
#7154=CARTESIAN_POINT('Ctrl Pts',(65.8539260278663,6.8,-56.1944348215022));
#7155=CARTESIAN_POINT('Ctrl Pts',(65.8505005621465,6.,-56.1523053550539));
#7156=CARTESIAN_POINT('Ctrl Pts',(65.8505005621465,6.8,-56.1523053550539));
#7157=CARTESIAN_POINT('Ctrl Pts',(65.8497230330337,6.,-56.1147518861189));
#7158=CARTESIAN_POINT('Ctrl Pts',(65.8497230330337,6.8,-56.1147518861189));
#7159=CARTESIAN_POINT('Ctrl Pts',(65.8526169033566,6.,-56.0834847096794));
#7160=CARTESIAN_POINT('Ctrl Pts',(65.8526169033566,6.8,-56.0834847096794));
#7161=CARTESIAN_POINT('Ctrl Pts',(65.8585802670059,6.,-56.0583402443525));
#7162=CARTESIAN_POINT('Ctrl Pts',(65.8585802670059,6.8,-56.0583402443525));
#7163=CARTESIAN_POINT('Ctrl Pts',(65.8658572725156,6.,-56.037720968062));
#7164=CARTESIAN_POINT('Ctrl Pts',(65.8658572725156,6.8,-56.037720968062));
#7165=CARTESIAN_POINT('Ctrl Pts',(65.8722412892733,6.,-56.019267339834));
#7166=CARTESIAN_POINT('Ctrl Pts',(65.8722412892733,6.8,-56.019267339834));
#7167=CARTESIAN_POINT('Ctrl Pts',(65.8756716106349,6.,-56.0004318196388));
#7168=CARTESIAN_POINT('Ctrl Pts',(65.8756716106349,6.8,-56.0004318196388));
#7169=CARTESIAN_POINT('Ctrl Pts',(65.8749337769137,6.,-55.9791321457449));
#7170=CARTESIAN_POINT('Ctrl Pts',(65.8749337769137,6.8,-55.9791321457449));
#7171=CARTESIAN_POINT('Ctrl Pts',(65.870140469612,6.,-55.9542558595476));
#7172=CARTESIAN_POINT('Ctrl Pts',(65.870140469612,6.8,-55.9542558595476));
#7173=CARTESIAN_POINT('Ctrl Pts',(65.862196415688,6.,-55.9254877730548));
#7174=CARTESIAN_POINT('Ctrl Pts',(65.862196415688,6.8,-55.9254877730548));
#7175=CARTESIAN_POINT('Ctrl Pts',(65.8523829486531,6.,-55.8932266741117));
#7176=CARTESIAN_POINT('Ctrl Pts',(65.8523829486531,6.8,-55.8932266741117));
#7177=CARTESIAN_POINT('Ctrl Pts',(65.841918169753,6.,-55.8584619969605));
#7178=CARTESIAN_POINT('Ctrl Pts',(65.841918169753,6.8,-55.8584619969605));
#7179=CARTESIAN_POINT('Ctrl Pts',(65.8314770017007,6.,-55.8226825514453));
#7180=CARTESIAN_POINT('Ctrl Pts',(65.8314770017007,6.8,-55.8226825514453));
#7181=CARTESIAN_POINT('Ctrl Pts',(65.8208829753846,6.,-55.7877275419386));
#7182=CARTESIAN_POINT('Ctrl Pts',(65.8208829753846,6.8,-55.7877275419386));
#7183=CARTESIAN_POINT('Ctrl Pts',(65.8095169853358,6.,-55.7554339321977));
#7184=CARTESIAN_POINT('Ctrl Pts',(65.8095169853358,6.8,-55.7554339321977));
#7185=CARTESIAN_POINT('Ctrl Pts',(65.7966147357007,6.,-55.727315925346));
#7186=CARTESIAN_POINT('Ctrl Pts',(65.7966147357007,6.8,-55.727315925346));
#7187=CARTESIAN_POINT('Ctrl Pts',(65.7816110348311,6.,-55.7042274149068));
#7188=CARTESIAN_POINT('Ctrl Pts',(65.7816110348311,6.8,-55.7042274149068));
#7189=CARTESIAN_POINT('Ctrl Pts',(65.7644561845482,6.,-55.686041245411));
#7190=CARTESIAN_POINT('Ctrl Pts',(65.7644561845482,6.8,-55.686041245411));
#7191=CARTESIAN_POINT('Ctrl Pts',(65.7459670790959,6.,-55.6712924200015));
#7192=CARTESIAN_POINT('Ctrl Pts',(65.7459670790959,6.8,-55.6712924200015));
#7193=CARTESIAN_POINT('Ctrl Pts',(65.7274218401298,6.,-55.6577784968621));
#7194=CARTESIAN_POINT('Ctrl Pts',(65.7274218401298,6.8,-55.6577784968621));
#7195=CARTESIAN_POINT('Ctrl Pts',(65.7101037627045,6.,-55.643228123665));
#7196=CARTESIAN_POINT('Ctrl Pts',(65.7101037627045,6.8,-55.643228123665));
#7197=CARTESIAN_POINT('Ctrl Pts',(65.6949007362658,6.,-55.6258929358771));
#7198=CARTESIAN_POINT('Ctrl Pts',(65.6949007362658,6.8,-55.6258929358771));
#7199=CARTESIAN_POINT('Ctrl Pts',(65.6817943669278,6.,-55.6052930227782));
#7200=CARTESIAN_POINT('Ctrl Pts',(65.6817943669278,6.8,-55.6052930227782));
#7201=CARTESIAN_POINT('Ctrl Pts',(65.6696747599879,6.,-55.5825079942441));
#7202=CARTESIAN_POINT('Ctrl Pts',(65.6696747599879,6.8,-55.5825079942441));
#7203=CARTESIAN_POINT('Ctrl Pts',(65.6569221325805,6.,-55.5593966624383));
#7204=CARTESIAN_POINT('Ctrl Pts',(65.6569221325805,6.8,-55.5593966624383));
#7205=CARTESIAN_POINT('Ctrl Pts',(65.6418628835534,6.,-55.5379932830245));
#7206=CARTESIAN_POINT('Ctrl Pts',(65.6418628835534,6.8,-55.5379932830245));
#7207=CARTESIAN_POINT('Ctrl Pts',(65.6232248915017,6.,-55.5199021767361));
#7208=CARTESIAN_POINT('Ctrl Pts',(65.6232248915017,6.8,-55.5199021767361));
#7209=CARTESIAN_POINT('Ctrl Pts',(65.6007166558495,6.,-55.5055262635325));
#7210=CARTESIAN_POINT('Ctrl Pts',(65.6007166558495,6.8,-55.5055262635325));
#7211=CARTESIAN_POINT('Ctrl Pts',(65.5750509316175,6.,-55.4940451444723));
#7212=CARTESIAN_POINT('Ctrl Pts',(65.5750509316175,6.8,-55.4940451444723));
#7213=CARTESIAN_POINT('Ctrl Pts',(65.5474703364825,6.,-55.4840629650233));
#7214=CARTESIAN_POINT('Ctrl Pts',(65.5474703364825,6.8,-55.4840629650233));
#7215=CARTESIAN_POINT('Ctrl Pts',(65.519397087787,6.,-55.4740937900032));
#7216=CARTESIAN_POINT('Ctrl Pts',(65.519397087787,6.8,-55.4740937900032));
#7217=CARTESIAN_POINT('Ctrl Pts',(65.4920675616101,6.,-55.4630561015318));
#7218=CARTESIAN_POINT('Ctrl Pts',(65.4920675616101,6.8,-55.4630561015318));
#7219=CARTESIAN_POINT('Ctrl Pts',(65.4660852106333,6.,-55.4509058383011));
#7220=CARTESIAN_POINT('Ctrl Pts',(65.4660852106333,6.8,-55.4509058383011));
#7221=CARTESIAN_POINT('Ctrl Pts',(65.4414050349957,6.,-55.4385706250992));
#7222=CARTESIAN_POINT('Ctrl Pts',(65.4414050349957,6.8,-55.4385706250992));
#7223=CARTESIAN_POINT('Ctrl Pts',(65.4176170827265,6.,-55.4274064296987));
#7224=CARTESIAN_POINT('Ctrl Pts',(65.4176170827265,6.8,-55.4274064296987));
#7225=CARTESIAN_POINT('Ctrl Pts',(65.3941484383319,6.,-55.4187784971754));
#7226=CARTESIAN_POINT('Ctrl Pts',(65.3941484383319,6.8,-55.4187784971754));
#7227=CARTESIAN_POINT('Ctrl Pts',(65.3704803817985,6.,-55.4136327888891));
#7228=CARTESIAN_POINT('Ctrl Pts',(65.3704803817985,6.8,-55.4136327888891));
#7229=CARTESIAN_POINT('Ctrl Pts',(65.3464056254039,6.,-55.4119650521234));
#7230=CARTESIAN_POINT('Ctrl Pts',(65.3464056254039,6.8,-55.4119650521234));
#7231=CARTESIAN_POINT('Ctrl Pts',(65.321990387835,6.,-55.412967091993));
#7232=CARTESIAN_POINT('Ctrl Pts',(65.321990387835,6.8,-55.412967091993));
#7233=CARTESIAN_POINT('Ctrl Pts',(65.2974207757162,6.,-55.4154346182889));
#7234=CARTESIAN_POINT('Ctrl Pts',(65.2974207757162,6.8,-55.4154346182889));
#7235=CARTESIAN_POINT('Ctrl Pts',(65.272887869266,6.,-55.4180876052951));
#7236=CARTESIAN_POINT('Ctrl Pts',(65.272887869266,6.8,-55.4180876052951));
#7237=CARTESIAN_POINT('Ctrl Pts',(65.2484556118584,6.,-55.4199295856968));
#7238=CARTESIAN_POINT('Ctrl Pts',(65.2484556118584,6.8,-55.4199295856968));
#7239=CARTESIAN_POINT('Ctrl Pts',(65.2239389079175,6.,-55.4205833856543));
#7240=CARTESIAN_POINT('Ctrl Pts',(65.2239389079175,6.8,-55.4205833856543));
#7241=CARTESIAN_POINT('Ctrl Pts',(65.1989842815,6.,-55.420125618055));
#7242=CARTESIAN_POINT('Ctrl Pts',(65.1989842815,6.8,-55.420125618055));
#7243=CARTESIAN_POINT('Ctrl Pts',(65.1731504425704,6.,-55.4189228186086));
#7244=CARTESIAN_POINT('Ctrl Pts',(65.1731504425704,6.8,-55.4189228186086));
#7245=CARTESIAN_POINT('Ctrl Pts',(65.145985288386,6.,-55.4174737088286));
#7246=CARTESIAN_POINT('Ctrl Pts',(65.145985288386,6.8,-55.4174737088286));
#7247=CARTESIAN_POINT('Ctrl Pts',(65.1171124399675,6.,-55.4162342695357));
#7248=CARTESIAN_POINT('Ctrl Pts',(65.1171124399675,6.8,-55.4162342695357));
#7249=CARTESIAN_POINT('Ctrl Pts',(65.0862885803003,6.,-55.4154962722662));
#7250=CARTESIAN_POINT('Ctrl Pts',(65.0862885803003,6.8,-55.4154962722662));
#7251=CARTESIAN_POINT('Ctrl Pts',(65.0533666132409,6.,-55.4154384101245));
#7252=CARTESIAN_POINT('Ctrl Pts',(65.0533666132409,6.8,-55.4154384101245));
#7253=CARTESIAN_POINT('Ctrl Pts',(65.0252932208935,6.,-55.4160061274821));
#7254=CARTESIAN_POINT('Ctrl Pts',(65.0252932208935,6.8,-55.4160061274821));
#7255=CARTESIAN_POINT('Ctrl Pts',(65.0032512804909,6.,-55.4167905240928));
#7256=CARTESIAN_POINT('Ctrl Pts',(65.0032512804909,6.8,-55.4167905240928));
#7257=CARTESIAN_POINT('Ctrl Pts',(64.9881181388089,6.,-55.4174727724462));
#7258=CARTESIAN_POINT('Ctrl Pts',(64.9881181388089,6.8,-55.4174727724462));
#7259=CARTESIAN_POINT('Ctrl Pts',(64.9804419382652,6.,-55.4178537278043));
#7260=CARTESIAN_POINT('Ctrl Pts',(64.9804419382652,6.8,-55.4178537278043));
#7261=CARTESIAN_POINT('',(66.7312095167318,6.,-56.6937307208503));
#7262=CARTESIAN_POINT('Origin',(66.7594049358598,6.,-56.6937307208503));
#7263=CARTESIAN_POINT('Origin',(1.51465002846475,8.25,-15.569243198942));
#7264=CARTESIAN_POINT('',(1.51465002846475,0.0181206474871631,-15.569243198942));
#7265=CARTESIAN_POINT('',(1.51465002846475,8.25,-15.569243198942));
#7266=CARTESIAN_POINT('',(1.51464977293864,0.0181065745206309,-15.5900673857647));
#7267=CARTESIAN_POINT('Ctrl Pts',(1.5146496838333,0.018110725785353,-15.5900675358123));
#7268=CARTESIAN_POINT('Ctrl Pts',(1.51464969355765,0.0181140061168401,-15.5831286846196));
#7269=CARTESIAN_POINT('Ctrl Pts',(1.51464967517554,0.0181173132209435,-15.5761873948681));
#7270=CARTESIAN_POINT('Ctrl Pts',(1.51464960703747,0.0181206483134202,-15.5692438912933));
#7271=CARTESIAN_POINT('Ctrl Pts',(1.51419941197548,0.0181247542656262,-52.2923871708121));
#7272=CARTESIAN_POINT('Ctrl Pts',(1.51427443625427,0.0181217223936968,-46.1782580677463));
#7273=CARTESIAN_POINT('Ctrl Pts',(1.51434946053389,0.0181186922035603,-40.0641289646804));
#7274=CARTESIAN_POINT('Ctrl Pts',(1.51449958085495,0.0181126322865425,-27.8300223696646));
#7275=CARTESIAN_POINT('Ctrl Pts',(1.51457467689638,0.0181096025628767,-21.7100448777146));
#7276=CARTESIAN_POINT('Ctrl Pts',(1.51464977293864,0.0181065745206309,-15.5900673857647));
#7277=CARTESIAN_POINT('Ctrl Pts',(14.9178084410258,8.25,-1.51430106049314));
#7278=CARTESIAN_POINT('Ctrl Pts',(14.9178084410258,-0.01,-1.51430106049314));
#7279=CARTESIAN_POINT('Ctrl Pts',(14.9104012992983,8.25,-1.51448545497945));
#7280=CARTESIAN_POINT('Ctrl Pts',(14.9104012992983,-0.01,-1.51448545497945));
#7281=CARTESIAN_POINT('Ctrl Pts',(14.9029887557634,8.25,-1.51467129547481));
#7282=CARTESIAN_POINT('Ctrl Pts',(14.9029887557634,-0.01,-1.51467129547481));
#7283=CARTESIAN_POINT('Ctrl Pts',(14.8955681248379,8.25,-1.51485866748464));
#7284=CARTESIAN_POINT('Ctrl Pts',(14.8955681248379,-0.01,-1.51485866748464));
#7285=CARTESIAN_POINT('Ctrl Pts',(14.4761975743827,8.25,-1.52544783486021));
#7286=CARTESIAN_POINT('Ctrl Pts',(14.4761975743827,-0.01,-1.52544783486021));
#7287=CARTESIAN_POINT('Ctrl Pts',(14.0654177350288,8.25,-1.54001892512615));
#7288=CARTESIAN_POINT('Ctrl Pts',(14.0654177350288,-0.00999999999999779,
-1.54001892512615));
#7289=CARTESIAN_POINT('Ctrl Pts',(13.662368313473,8.25,-1.56031042453817));
#7290=CARTESIAN_POINT('Ctrl Pts',(13.662368313473,-0.00999999999999779,
-1.56031042453817));
#7291=CARTESIAN_POINT('Ctrl Pts',(12.3752248284561,8.25,-1.62511158755336));
#7292=CARTESIAN_POINT('Ctrl Pts',(12.3752248284561,-0.00999999999999779,
-1.62511158755336));
#7293=CARTESIAN_POINT('Ctrl Pts',(11.1901576617117,8.25,-1.74044033718341));
#7294=CARTESIAN_POINT('Ctrl Pts',(11.1901576617117,-0.01,-1.74044033718341));
#7295=CARTESIAN_POINT('Ctrl Pts',(10.0054851472076,8.25,-2.0070644693294));
#7296=CARTESIAN_POINT('Ctrl Pts',(10.0054851472076,-0.01,-2.0070644693294));
#7297=CARTESIAN_POINT('Ctrl Pts',(8.91812826986095,8.25,-2.25178660156935));
#7298=CARTESIAN_POINT('Ctrl Pts',(8.91812826986095,-0.01,-2.25178660156935));
#7299=CARTESIAN_POINT('Ctrl Pts',(7.79515280565166,8.25,-2.64900469606312));
#7300=CARTESIAN_POINT('Ctrl Pts',(7.79515280565166,-0.00999999999999779,
-2.64900469606312));
#7301=CARTESIAN_POINT('Ctrl Pts',(6.77778332766334,8.25,-3.25358099208985));
#7302=CARTESIAN_POINT('Ctrl Pts',(6.77778332766334,-0.00999999999999779,
-3.25358099208985));
#7303=CARTESIAN_POINT('Ctrl Pts',(5.32587493281661,8.25,-4.11638395455168));
#7304=CARTESIAN_POINT('Ctrl Pts',(5.32587493281661,-0.00999999999999779,
-4.11638395455168));
#7305=CARTESIAN_POINT('Ctrl Pts',(4.16371273162025,8.25,-5.33587229030448));
#7306=CARTESIAN_POINT('Ctrl Pts',(4.16371273162025,-0.0100000000000022,
-5.33587229030448));
#7307=CARTESIAN_POINT('Ctrl Pts',(3.26985480655595,8.25,-6.84293761300839));
#7308=CARTESIAN_POINT('Ctrl Pts',(3.26985480655595,-0.0100000000000022,
-6.84293761300839));
#7309=CARTESIAN_POINT('Ctrl Pts',(2.64094294432343,8.25,-7.90329769041061));
#7310=CARTESIAN_POINT('Ctrl Pts',(2.64094294432343,-0.0100000000000022,
-7.90329769041061));
#7311=CARTESIAN_POINT('Ctrl Pts',(2.1600415026252,8.25,-9.07779982908553));
#7312=CARTESIAN_POINT('Ctrl Pts',(2.1600415026252,-0.0100000000000011,-9.07779982908553));
#7313=CARTESIAN_POINT('Ctrl Pts',(1.89111300617304,8.25,-10.402355473224));
#7314=CARTESIAN_POINT('Ctrl Pts',(1.89111300617304,-0.0100000000000011,
-10.402355473224));
#7315=CARTESIAN_POINT('Ctrl Pts',(1.61676925002054,8.25,-11.7535829386652));
#7316=CARTESIAN_POINT('Ctrl Pts',(1.61676925002054,-0.0100000000000011,
-11.7535829386652));
#7317=CARTESIAN_POINT('Ctrl Pts',(1.54204070540838,8.25,-13.2678747666227));
#7318=CARTESIAN_POINT('Ctrl Pts',(1.54204070540838,-0.01,-13.2678747666227));
#7319=CARTESIAN_POINT('Ctrl Pts',(1.51465002846475,8.25,-15.569243198942));
#7320=CARTESIAN_POINT('Ctrl Pts',(1.51465002846475,-0.01,-15.569243198942));
#7321=CARTESIAN_POINT('',(14.917808441026,0.0181206474871631,-1.51430106049314));
#7322=CARTESIAN_POINT('',(14.917808441026,8.25,-1.51430106049314));
#7323=CARTESIAN_POINT('Ctrl Pts',(1.51465002846475,0.0181206474871631,-15.569243198942));
#7324=CARTESIAN_POINT('Ctrl Pts',(1.54204070540838,0.0181206474871631,-13.2678747666227));
#7325=CARTESIAN_POINT('Ctrl Pts',(1.61676925002054,0.0181206474871608,-11.7535829386652));
#7326=CARTESIAN_POINT('Ctrl Pts',(1.89111300617304,0.0181206474871609,-10.402355473224));
#7327=CARTESIAN_POINT('Ctrl Pts',(2.1600415026252,0.018120647487161,-9.07779982908553));
#7328=CARTESIAN_POINT('Ctrl Pts',(2.64094294432343,0.018120647487161,-7.90329769041061));
#7329=CARTESIAN_POINT('Ctrl Pts',(3.26985480655595,0.0181206474871609,-6.84293761300839));
#7330=CARTESIAN_POINT('Ctrl Pts',(4.16371273162025,0.0181206474871608,-5.33587229030448));
#7331=CARTESIAN_POINT('Ctrl Pts',(5.32587493281661,0.0181206474871652,-4.11638395455168));
#7332=CARTESIAN_POINT('Ctrl Pts',(6.77778332766334,0.0181206474871654,-3.25358099208985));
#7333=CARTESIAN_POINT('Ctrl Pts',(7.79515280565166,0.0181206474871655,-2.64900469606312));
#7334=CARTESIAN_POINT('Ctrl Pts',(8.91812826986095,0.0181206474871631,-2.25178660156935));
#7335=CARTESIAN_POINT('Ctrl Pts',(10.0054851472076,0.0181206474871631,-2.0070644693294));
#7336=CARTESIAN_POINT('Ctrl Pts',(11.1901576617117,0.0181206474871631,-1.74044033718341));
#7337=CARTESIAN_POINT('Ctrl Pts',(12.3752248284561,0.0181206474871654,-1.62511158755336));
#7338=CARTESIAN_POINT('Ctrl Pts',(13.662368313473,0.0181206474871654,-1.56031042453817));
#7339=CARTESIAN_POINT('Ctrl Pts',(14.0654177350288,0.0181206474871654,-1.54001892512615));
#7340=CARTESIAN_POINT('Ctrl Pts',(14.4761975743827,0.0181206474871631,-1.52544783486021));
#7341=CARTESIAN_POINT('Ctrl Pts',(14.8955681248379,0.0181206474871631,-1.51485866748464));
#7342=CARTESIAN_POINT('Ctrl Pts',(14.9029887557634,0.0181206474871631,-1.51467129547481));
#7343=CARTESIAN_POINT('Ctrl Pts',(14.9104012992983,0.0181206474871631,-1.51448545497945));
#7344=CARTESIAN_POINT('Ctrl Pts',(14.9178084410258,0.0181206474871631,-1.51430106049314));
#7345=CARTESIAN_POINT('Origin',(62.6621915589733,8.24999999999999,-1.51430106049312));
#7346=CARTESIAN_POINT('',(62.6621915589733,0.018120647487162,-1.51430106049312));
#7347=CARTESIAN_POINT('',(62.6621915589733,8.25,-1.51430106049312));
#7348=CARTESIAN_POINT('Ctrl Pts',(14.917808441026,0.0181206474871631,-1.51430106049314));
#7349=CARTESIAN_POINT('Ctrl Pts',(22.8752056273511,0.0181206474871632,-1.51430106049313));
#7350=CARTESIAN_POINT('Ctrl Pts',(30.8326028136762,0.0181206474871624,-1.51430106049313));
#7351=CARTESIAN_POINT('Ctrl Pts',(46.7473971863253,0.0181206474871626,-1.51430106049312));
#7352=CARTESIAN_POINT('Ctrl Pts',(54.7047943726493,0.0181206474871619,-1.51430106049312));
#7353=CARTESIAN_POINT('Ctrl Pts',(62.6621915589733,0.018120647487162,-1.51430106049312));
#7354=CARTESIAN_POINT('Ctrl Pts',(76.0658005880245,8.25,-15.6076128291868));
#7355=CARTESIAN_POINT('Ctrl Pts',(76.0658005880245,-0.01,-15.6076128291868));
#7356=CARTESIAN_POINT('Ctrl Pts',(76.0436498078206,8.25,-13.6959655931359));
#7357=CARTESIAN_POINT('Ctrl Pts',(76.0436498078206,-0.01,-13.6959655931359));
#7358=CARTESIAN_POINT('Ctrl Pts',(75.9872074884639,8.25,-12.3675807718688));
#7359=CARTESIAN_POINT('Ctrl Pts',(75.9872074884639,-0.0100000000000022,
-12.3675807718688));
#7360=CARTESIAN_POINT('Ctrl Pts',(75.8282391373227,8.25,-11.2239051856601));
#7361=CARTESIAN_POINT('Ctrl Pts',(75.8282391373227,-0.0100000000000022,
-11.2239051856601));
#7362=CARTESIAN_POINT('Ctrl Pts',(75.7911369882495,8.25,-10.9569789592373));
#7363=CARTESIAN_POINT('Ctrl Pts',(75.7911369882495,-0.0100000000000022,
-10.9569789592373));
#7364=CARTESIAN_POINT('Ctrl Pts',(75.7532044527166,8.25,-10.7245409169565));
#7365=CARTESIAN_POINT('Ctrl Pts',(75.7532044527166,-0.01,-10.7245409169565));
#7366=CARTESIAN_POINT('Ctrl Pts',(75.6972686156866,8.25,-10.4440115226486));
#7367=CARTESIAN_POINT('Ctrl Pts',(75.6972686156866,-0.01,-10.4440115226486));
#7368=CARTESIAN_POINT('Ctrl Pts',(75.6346731640799,8.25,-10.130082831169));
#7369=CARTESIAN_POINT('Ctrl Pts',(75.6346731640799,-0.01,-10.130082831169));
#7370=CARTESIAN_POINT('Ctrl Pts',(75.5377225185771,8.25,-9.70490324921974));
#7371=CARTESIAN_POINT('Ctrl Pts',(75.5377225185771,-0.01,-9.70490324921974));
#7372=CARTESIAN_POINT('Ctrl Pts',(75.3778364556352,8.25,-9.20599327163903));
#7373=CARTESIAN_POINT('Ctrl Pts',(75.3778364556352,-0.01,-9.20599327163903));
#7374=CARTESIAN_POINT('Ctrl Pts',(75.0728604038746,8.25,-8.25434312561018));
#7375=CARTESIAN_POINT('Ctrl Pts',(75.0728604038746,-0.01,-8.25434312561018));
#7376=CARTESIAN_POINT('Ctrl Pts',(74.563394001609,8.25,-7.06378480261028));
#7377=CARTESIAN_POINT('Ctrl Pts',(74.563394001609,-0.0099999999999989,-7.06378480261028));
#7378=CARTESIAN_POINT('Ctrl Pts',(73.6120952082161,8.25,-5.79933271982237));
#7379=CARTESIAN_POINT('Ctrl Pts',(73.6120952082161,-0.0099999999999989,
-5.79933271982237));
#7380=CARTESIAN_POINT('Ctrl Pts',(73.1155650900976,8.25,-5.13935233681089));
#7381=CARTESIAN_POINT('Ctrl Pts',(73.1155650900976,-0.0099999999999989,
-5.13935233681089));
#7382=CARTESIAN_POINT('Ctrl Pts',(72.4773124350223,8.25,-4.45340479355351));
#7383=CARTESIAN_POINT('Ctrl Pts',(72.4773124350223,-0.0099999999999989,
-4.45340479355351));
#7384=CARTESIAN_POINT('Ctrl Pts',(71.7061532528166,8.25,-3.86425025956243));
#7385=CARTESIAN_POINT('Ctrl Pts',(71.7061532528166,-0.0099999999999989,
-3.86425025956243));
#7386=CARTESIAN_POINT('Ctrl Pts',(70.7529043873268,8.25,-3.13598182408993));
#7387=CARTESIAN_POINT('Ctrl Pts',(70.7529043873268,-0.0099999999999989,
-3.13598182408993));
#7388=CARTESIAN_POINT('Ctrl Pts',(69.7002086009856,8.25,-2.62718370862667));
#7389=CARTESIAN_POINT('Ctrl Pts',(69.7002086009856,-0.01,-2.62718370862667));
#7390=CARTESIAN_POINT('Ctrl Pts',(68.6081291926242,8.25,-2.28393869910751));
#7391=CARTESIAN_POINT('Ctrl Pts',(68.6081291926242,-0.01,-2.28393869910751));
#7392=CARTESIAN_POINT('Ctrl Pts',(66.8765045580941,8.25,-1.73968201812607));
#7393=CARTESIAN_POINT('Ctrl Pts',(66.8765045580941,-0.01,-1.73968201812607));
#7394=CARTESIAN_POINT('Ctrl Pts',(65.0079606763871,8.25,-1.57352810755743));
#7395=CARTESIAN_POINT('Ctrl Pts',(65.0079606763871,-0.0099999999999989,
-1.57352810755743));
#7396=CARTESIAN_POINT('Ctrl Pts',(62.6844318751615,8.25,-1.51485866748463));
#7397=CARTESIAN_POINT('Ctrl Pts',(62.6844318751615,-0.01,-1.51485866748463));
#7398=CARTESIAN_POINT('Ctrl Pts',(62.677011428885,8.25,-1.51467130013721));
#7399=CARTESIAN_POINT('Ctrl Pts',(62.677011428885,-0.01,-1.51467130013721));
#7400=CARTESIAN_POINT('Ctrl Pts',(62.6695988591655,8.25,-1.51448545892428));
#7401=CARTESIAN_POINT('Ctrl Pts',(62.6695988591655,-0.01,-1.51448545892428));
#7402=CARTESIAN_POINT('Ctrl Pts',(62.6621915589733,8.25,-1.51430106049312));
#7403=CARTESIAN_POINT('Ctrl Pts',(62.6621915589733,-0.01,-1.51430106049312));
#7404=CARTESIAN_POINT('',(76.0658005880245,0.0181206474871618,-15.6076128291868));
#7405=CARTESIAN_POINT('',(76.0658005880245,8.25,-15.6076128291868));
#7406=CARTESIAN_POINT('Ctrl Pts',(62.6621915589733,0.018120647487162,-1.51430106049312));
#7407=CARTESIAN_POINT('Ctrl Pts',(62.6695988591655,0.018120647487162,-1.51448545892428));
#7408=CARTESIAN_POINT('Ctrl Pts',(62.677011428885,0.018120647487162,-1.51467130013721));
#7409=CARTESIAN_POINT('Ctrl Pts',(62.6844318751615,0.018120647487162,-1.51485866748463));
#7410=CARTESIAN_POINT('Ctrl Pts',(65.0079606763871,0.0181206474871631,-1.57352810755743));
#7411=CARTESIAN_POINT('Ctrl Pts',(66.8765045580941,0.018120647487162,-1.73968201812607));
#7412=CARTESIAN_POINT('Ctrl Pts',(68.6081291926242,0.018120647487162,-2.28393869910751));
#7413=CARTESIAN_POINT('Ctrl Pts',(69.7002086009856,0.018120647487162,-2.62718370862667));
#7414=CARTESIAN_POINT('Ctrl Pts',(70.7529043873268,0.0181206474871631,-3.13598182408993));
#7415=CARTESIAN_POINT('Ctrl Pts',(71.7061532528166,0.0181206474871631,-3.86425025956243));
#7416=CARTESIAN_POINT('Ctrl Pts',(72.4773124350223,0.0181206474871631,-4.45340479355351));
#7417=CARTESIAN_POINT('Ctrl Pts',(73.1155650900976,0.0181206474871631,-5.1393523368109));
#7418=CARTESIAN_POINT('Ctrl Pts',(73.6120952082161,0.0181206474871631,-5.79933271982237));
#7419=CARTESIAN_POINT('Ctrl Pts',(74.563394001609,0.0181206474871631,-7.06378480261028));
#7420=CARTESIAN_POINT('Ctrl Pts',(75.0728604038746,0.018120647487162,-8.25434312561018));
#7421=CARTESIAN_POINT('Ctrl Pts',(75.3778364556352,0.018120647487162,-9.20599327163903));
#7422=CARTESIAN_POINT('Ctrl Pts',(75.5377225185771,0.018120647487162,-9.70490324921974));
#7423=CARTESIAN_POINT('Ctrl Pts',(75.6346731640799,0.018120647487162,-10.130082831169));
#7424=CARTESIAN_POINT('Ctrl Pts',(75.6972686156866,0.018120647487162,-10.4440115226486));
#7425=CARTESIAN_POINT('Ctrl Pts',(75.7532044527166,0.018120647487162,-10.7245409169565));
#7426=CARTESIAN_POINT('Ctrl Pts',(75.7911369882495,0.0181206474871598,-10.9569789592373));
#7427=CARTESIAN_POINT('Ctrl Pts',(75.8282391373227,0.0181206474871598,-11.2239051856601));
#7428=CARTESIAN_POINT('Ctrl Pts',(75.9872074884639,0.0181206474871598,-12.3675807718688));
#7429=CARTESIAN_POINT('Ctrl Pts',(76.0436498078206,0.018120647487162,-13.6959655931359));
#7430=CARTESIAN_POINT('Ctrl Pts',(76.0658005880245,0.018120647487162,-15.6076128291868));
#7431=CARTESIAN_POINT('Origin',(76.0653499715357,8.25,-52.3307568010136));
#7432=CARTESIAN_POINT('',(76.0653502270618,0.0181065745206336,-52.3099326141928));
#7433=CARTESIAN_POINT('Ctrl Pts',(76.0653501695052,0.018110725785354,-52.3099312195074));
#7434=CARTESIAN_POINT('Ctrl Pts',(76.0653500440072,0.0181140061169704,-52.3168690883556));
#7435=CARTESIAN_POINT('Ctrl Pts',(76.0653498781986,0.0181173133157174,-52.3238088160572));
#7436=CARTESIAN_POINT('Ctrl Pts',(76.0653496944316,0.0181206486016452,-52.3307501844811));
#7437=CARTESIAN_POINT('Ctrl Pts',(76.0658005880245,0.0181247542656258,-15.6076128291888));
#7438=CARTESIAN_POINT('Ctrl Pts',(76.0657255637458,0.018121722393697,-21.7217419322474));
#7439=CARTESIAN_POINT('Ctrl Pts',(76.0656505394663,0.018118692203561,-27.8358710353059));
#7440=CARTESIAN_POINT('Ctrl Pts',(76.0655004191454,0.0181126322865443,-40.0699776303073));
#7441=CARTESIAN_POINT('Ctrl Pts',(76.065425323104,0.0181096025628791,-46.18995512225));
#7442=CARTESIAN_POINT('Ctrl Pts',(76.0653502270618,0.0181065745206339,-52.3099326141928));
#7443=CARTESIAN_POINT('Ctrl Pts',(1.51444534923119,0.0181107190326216,-15.6076156788963));
#7444=CARTESIAN_POINT('Ctrl Pts',(1.52337970218043,0.0181107190326216,-14.8365669409442));
#7445=CARTESIAN_POINT('Ctrl Pts',(1.55340249032075,0.0181107190326216,-13.4076911432809));
#7446=CARTESIAN_POINT('Ctrl Pts',(1.7176601434023,0.0181107190326216,-11.0623288265193));
#7447=CARTESIAN_POINT('Ctrl Pts',(2.18964201474972,0.0181107190326216,-8.85798445475381));
#7448=CARTESIAN_POINT('Ctrl Pts',(3.59552937558282,0.0181107190326216,-6.05651731506633));
#7449=CARTESIAN_POINT('Ctrl Pts',(5.77358547869546,0.0181107190326216,-3.72351612572095));
#7450=CARTESIAN_POINT('Ctrl Pts',(8.4376434235163,0.0181107190326216,-2.32350797427824));
#7451=CARTESIAN_POINT('Ctrl Pts',(11.442930791319,0.0181107190326216,-1.66501578712355));
#7452=CARTESIAN_POINT('Ctrl Pts',(13.7214399034397,0.0181107190326216,-1.54397522464754));
#7453=CARTESIAN_POINT('Ctrl Pts',(14.9363216016433,0.0181107190326216,-1.51408894468624));
#7454=CARTESIAN_POINT('Ctrl Pts',(1.35876580431217,0.0243916726016982,-15.6058117773622));
#7455=CARTESIAN_POINT('Ctrl Pts',(1.36771148182693,0.0243916726016982,-14.833785711561));
#7456=CARTESIAN_POINT('Ctrl Pts',(1.39787037761412,0.0243916726016982,-13.4020604876708));
#7457=CARTESIAN_POINT('Ctrl Pts',(1.56231071495114,0.0243916726016982,-11.0432258303884));
#7458=CARTESIAN_POINT('Ctrl Pts',(2.04183682270119,0.0243916726016982,-8.80384114028396));
#7459=CARTESIAN_POINT('Ctrl Pts',(3.46493268596209,0.0243916726016982,-5.96825129718975));
#7460=CARTESIAN_POINT('Ctrl Pts',(5.67674394111077,0.0243916726016982,-3.59767937449192));
#7461=CARTESIAN_POINT('Ctrl Pts',(8.38650364206336,0.0243916726016982,-2.17412599346163));
#7462=CARTESIAN_POINT('Ctrl Pts',(11.4260869996536,0.0243916726016982,-1.50969267414847));
#7463=CARTESIAN_POINT('Ctrl Pts',(13.7146119173408,0.0243916726016982,-1.38840609630224));
#7464=CARTESIAN_POINT('Ctrl Pts',(14.9324927617458,0.0243916726016982,-1.35844603687487));
#7465=CARTESIAN_POINT('Ctrl Pts',(1.04765674237786,0.0534172934779871,-15.6022068714357));
#7466=CARTESIAN_POINT('Ctrl Pts',(1.05662494637292,0.0534172934779871,-14.8282367348878));
#7467=CARTESIAN_POINT('Ctrl Pts',(1.08707639996547,0.0534172934779871,-13.3907649757204));
#7468=CARTESIAN_POINT('Ctrl Pts',(1.2519494544063,0.0534172934779871,-11.0049725080127));
#7469=CARTESIAN_POINT('Ctrl Pts',(1.74653076829864,0.0534172934779871,-8.69566979575872));
#7470=CARTESIAN_POINT('Ctrl Pts',(3.20410418518771,0.0534172934779871,-5.79190797414809));
#7471=CARTESIAN_POINT('Ctrl Pts',(5.48326500257628,0.0534172934779871,-3.34630438043163));
#7472=CARTESIAN_POINT('Ctrl Pts',(8.28425210213378,0.0534172934779871,-1.87576785493521));
#7473=CARTESIAN_POINT('Ctrl Pts',(11.3922822973583,0.0534172934779871,-1.19937019886383));
#7474=CARTESIAN_POINT('Ctrl Pts',(13.7009945766801,0.0534172934779871,-1.07751700960597));
#7475=CARTESIAN_POINT('Ctrl Pts',(14.9248412312289,0.0534172934779871,-1.04741019031514));
#7476=CARTESIAN_POINT('Ctrl Pts',(0.482558324461366,0.278150675957309,-15.5956589212631));
#7477=CARTESIAN_POINT('Ctrl Pts',(0.491567565607051,0.278150675957309,-14.8181472139518));
#7478=CARTESIAN_POINT('Ctrl Pts',(0.522526790551887,0.278150675957309,-13.3702975102422));
#7479=CARTESIAN_POINT('Ctrl Pts',(0.688108092309155,0.27815067595731,-10.9355788394453));
#7480=CARTESIAN_POINT('Ctrl Pts',(1.2100599863829,0.278150675957309,-8.49915483722797));
#7481=CARTESIAN_POINT('Ctrl Pts',(2.73015707133565,0.278150675957309,-5.47154404549965));
#7482=CARTESIAN_POINT('Ctrl Pts',(5.13177404868468,0.278150675957309,-2.88959610589992));
#7483=CARTESIAN_POINT('Ctrl Pts',(8.09858461943563,0.278150675957309,-1.33363953381759));
#7484=CARTESIAN_POINT('Ctrl Pts',(11.3310451383598,0.278150675957309,-0.635615150374093));
#7485=CARTESIAN_POINT('Ctrl Pts',(13.6762282471562,0.278150675957309,-0.512818936829112));
#7486=CARTESIAN_POINT('Ctrl Pts',(14.9109429932191,0.278150675957309,-0.482444760785675));
#7487=CARTESIAN_POINT('Ctrl Pts',(0.0609786462110069,0.709654014824278,
-15.5907739620429));
#7488=CARTESIAN_POINT('Ctrl Pts',(0.0700183968544212,0.709654014824278,
-14.8106292370018));
#7489=CARTESIAN_POINT('Ctrl Pts',(0.101377178841665,0.709654014824278,-13.3549845615526));
#7490=CARTESIAN_POINT('Ctrl Pts',(0.267555100454529,0.709654014824278,-10.8837304581108));
#7491=CARTESIAN_POINT('Ctrl Pts',(0.809904895354738,0.709654014824277,-8.35257760555572));
#7492=CARTESIAN_POINT('Ctrl Pts',(2.37673541064517,0.709654014824278,-5.23259071124012));
#7493=CARTESIAN_POINT('Ctrl Pts',(4.8696007240827,0.709654014824278,-2.54897586467517));
#7494=CARTESIAN_POINT('Ctrl Pts',(7.9600167418692,0.709654014824278,-0.929363601900544));
#7495=CARTESIAN_POINT('Ctrl Pts',(11.2852149956239,0.709654014824278,-0.215112624068069));
#7496=CARTESIAN_POINT('Ctrl Pts',(13.6577797657215,0.709654014824278,-0.0915372409084943));
#7497=CARTESIAN_POINT('Ctrl Pts',(14.9005745077966,0.709654014824278,-0.0609642956982594));
#7498=CARTESIAN_POINT('Ctrl Pts',(0.00590168099787623,1.40016836787146,
-15.5901357701591));
#7499=CARTESIAN_POINT('Ctrl Pts',(0.0149454798736033,1.40016836787146,-14.8096416762903));
#7500=CARTESIAN_POINT('Ctrl Pts',(0.0463441912143024,1.40016836787146,-13.3530098197834));
#7501=CARTESIAN_POINT('Ctrl Pts',(0.212559690320845,1.40016836787146,-10.8770033197798));
#7502=CARTESIAN_POINT('Ctrl Pts',(0.757586975987279,1.40016836787146,-8.33341122595052));
#7503=CARTESIAN_POINT('Ctrl Pts',(2.33047031776112,1.40016836787146,-5.20134480851934));
#7504=CARTESIAN_POINT('Ctrl Pts',(4.83532027744857,1.40016836787146,-2.50441824998462));
#7505=CARTESIAN_POINT('Ctrl Pts',(7.94194593563535,1.40016836787146,-0.876448260249405));
#7506=CARTESIAN_POINT('Ctrl Pts',(11.2793135889465,1.40016836787146,-0.160132044594514));
#7507=CARTESIAN_POINT('Ctrl Pts',(13.6553530672598,1.40016836787146,-0.0364996115311787));
#7508=CARTESIAN_POINT('Ctrl Pts',(14.8992199246884,1.40016836787146,-0.00590029211541129));
#7509=CARTESIAN_POINT('Ctrl Pts',(0.00842755203335988,1.75334273320922,
-15.5901650381187));
#7510=CARTESIAN_POINT('Ctrl Pts',(0.0174711361525635,1.75334273320922,-14.8096894780763));
#7511=CARTESIAN_POINT('Ctrl Pts',(0.0488737442639281,1.75334273320922,-13.3530883359672));
#7512=CARTESIAN_POINT('Ctrl Pts',(0.215106363901806,1.75334273320922,-10.8772900991024));
#7513=CARTESIAN_POINT('Ctrl Pts',(0.760004965728294,1.75334273320922,-8.3342981022022));
#7514=CARTESIAN_POINT('Ctrl Pts',(2.33263528748789,1.75334273320922,-5.20279084960172));
#7515=CARTESIAN_POINT('Ctrl Pts',(4.83690594501318,1.75334273320922,-2.50648855361682));
#7516=CARTESIAN_POINT('Ctrl Pts',(7.94275960239948,1.75334273320922,-0.878921217017739));
#7517=CARTESIAN_POINT('Ctrl Pts',(11.2795440684559,1.75334273320922,-0.162674192639094));
#7518=CARTESIAN_POINT('Ctrl Pts',(13.6554720645963,1.75334273320922,-0.0390234889992862));
#7519=CARTESIAN_POINT('Ctrl Pts',(14.8992820468882,1.75334273320922,-0.00842556872078469));
#7520=CARTESIAN_POINT('Ctrl Pts',(0.00179027917981807,2.03711636637462,
-15.5900881302199));
#7521=CARTESIAN_POINT('Ctrl Pts',(0.0108344320613959,2.03711636637462,-14.8095634850884));
#7522=CARTESIAN_POINT('Ctrl Pts',(0.0422259260386022,2.03711636637462,-13.3528838569892));
#7523=CARTESIAN_POINT('Ctrl Pts',(0.208410680757047,2.03711636637462,-10.8765398423754));
#7524=CARTESIAN_POINT('Ctrl Pts',(0.753648326811807,2.03711636637462,-8.33196643801849));
#7525=CARTESIAN_POINT('Ctrl Pts',(2.32693976259203,2.03711636637462,-5.19898906658656));
#7526=CARTESIAN_POINT('Ctrl Pts',(4.83273719296091,2.03711636637462,-2.50104428214284));
#7527=CARTESIAN_POINT('Ctrl Pts',(7.94062381831116,2.03711636637462,-0.872415931229212));
#7528=CARTESIAN_POINT('Ctrl Pts',(11.2789445656779,2.03711636637462,-0.155990988422098));
#7529=CARTESIAN_POINT('Ctrl Pts',(13.6551581966412,2.03711636637462,-0.0323914836224557));
#7530=CARTESIAN_POINT('Ctrl Pts',(14.8991188073623,2.03711636637462,-0.00178985786101793));
#7531=CARTESIAN_POINT('Ctrl Pts',(3.97640365701784E-13,2.17742802296357,
-15.5900673857647));
#7532=CARTESIAN_POINT('Ctrl Pts',(0.00904418865276774,2.17742802296357,
-14.8095396535574));
#7533=CARTESIAN_POINT('Ctrl Pts',(0.0404558399128627,2.17742802296357,-13.3527800031704));
#7534=CARTESIAN_POINT('Ctrl Pts',(0.206703859728382,2.17742802296357,-10.8762496226002));
#7535=CARTESIAN_POINT('Ctrl Pts',(0.752009137929886,2.17742802296357,-8.33136941742817));
#7536=CARTESIAN_POINT('Ctrl Pts',(2.32557820875821,2.17742802296357,-5.19801648481012));
#7537=CARTESIAN_POINT('Ctrl Pts',(4.83166748781154,2.17742802296357,-2.49968436493139));
#7538=CARTESIAN_POINT('Ctrl Pts',(7.93998679464991,2.17742802296357,-0.870848093677773));
#7539=CARTESIAN_POINT('Ctrl Pts',(11.2786205016088,2.17742802296357,-0.154271988469699));
#7540=CARTESIAN_POINT('Ctrl Pts',(13.6551046924844,2.17742802296357,-0.0306018588078627));
#7541=CARTESIAN_POINT('Ctrl Pts',(14.8990747765787,2.17742802296357,3.94438207522466E-14));
#7542=CARTESIAN_POINT('Ctrl Pts',(3.97661199138676E-13,2.285,-15.5900673857647));
#7543=CARTESIAN_POINT('Ctrl Pts',(0.00904423863873921,2.285,-14.8095353396893));
#7544=CARTESIAN_POINT('Ctrl Pts',(0.040446051325716,2.285,-13.352800695505));
#7545=CARTESIAN_POINT('Ctrl Pts',(0.206661704172664,2.285,-10.876286950861));
#7546=CARTESIAN_POINT('Ctrl Pts',(0.751977102879711,2.285,-8.33135586237823));
#7547=CARTESIAN_POINT('Ctrl Pts',(2.32550397617923,2.285,-5.19799401723959));
#7548=CARTESIAN_POINT('Ctrl Pts',(4.83164423009791,2.285,-2.49963823269936));
#7549=CARTESIAN_POINT('Ctrl Pts',(7.94001268634553,2.285,-0.870768705374735));
#7550=CARTESIAN_POINT('Ctrl Pts',(11.2786894879255,2.285,-0.154236437910621));
#7551=CARTESIAN_POINT('Ctrl Pts',(13.6550914544281,2.285,-0.0306021844661211));
#7552=CARTESIAN_POINT('Ctrl Pts',(14.8990747765787,2.285,3.94229922182259E-14));
#7553=CARTESIAN_POINT('',(14.8990747765787,2.285,3.5527136788005E-14));
#7554=CARTESIAN_POINT('Ctrl Pts',(14.8990747765765,2.285,-1.39813255469509E-14));
#7555=CARTESIAN_POINT('Ctrl Pts',(14.8990747765765,1.97650666211985,-1.39215757114652E-14));
#7556=CARTESIAN_POINT('Ctrl Pts',(14.8988646739947,1.45014677172458,0.0170729158619755));
#7557=CARTESIAN_POINT('Ctrl Pts',(14.8995557733306,1.08509262289999,-0.0391051855764425));
#7558=CARTESIAN_POINT('Ctrl Pts',(14.9000730066733,0.811878385980383,-0.0811500634815695));
#7559=CARTESIAN_POINT('Ctrl Pts',(14.9012318894717,0.635955266848832,-0.175369884029037));
#7560=CARTESIAN_POINT('Ctrl Pts',(14.9030902046284,0.478050814350628,-0.326092951040856));
#7561=CARTESIAN_POINT('Ctrl Pts',(14.9065740758193,0.182019879570511,-0.608660603279432));
#7562=CARTESIAN_POINT('Ctrl Pts',(14.9101648736967,0.101057688372944,-0.89885427653572));
#7563=CARTESIAN_POINT('Ctrl Pts',(14.9131879120797,0.0557794688928759,-1.1424809227039));
#7564=CARTESIAN_POINT('Ctrl Pts',(14.9146317733819,0.0341537200075007,-1.25884169687565));
#7565=CARTESIAN_POINT('Ctrl Pts',(14.916078661101,0.0237347748466801,-1.37530872854378));
#7566=CARTESIAN_POINT('Ctrl Pts',(14.9178084410261,0.0181206474871628,-1.51430106049313));
#7567=CARTESIAN_POINT('',(3.9726913303356E-13,2.285,-15.5900673857646));
#7568=CARTESIAN_POINT('Ctrl Pts',(3.97661199138676E-13,2.285,-15.5900673857647));
#7569=CARTESIAN_POINT('Ctrl Pts',(0.00904423863873921,2.285,-14.8095353396893));
#7570=CARTESIAN_POINT('Ctrl Pts',(0.040446051325716,2.285,-13.352800695505));
#7571=CARTESIAN_POINT('Ctrl Pts',(0.206661704172664,2.285,-10.876286950861));
#7572=CARTESIAN_POINT('Ctrl Pts',(0.751977102879711,2.285,-8.33135586237823));
#7573=CARTESIAN_POINT('Ctrl Pts',(2.32550397617923,2.285,-5.19799401723959));
#7574=CARTESIAN_POINT('Ctrl Pts',(4.83164423009791,2.285,-2.49963823269936));
#7575=CARTESIAN_POINT('Ctrl Pts',(7.94001268634553,2.285,-0.870768705374735));
#7576=CARTESIAN_POINT('Ctrl Pts',(11.2786894879255,2.285,-0.154236437910621));
#7577=CARTESIAN_POINT('Ctrl Pts',(13.6550914544281,2.285,-0.0306021844661211));
#7578=CARTESIAN_POINT('Ctrl Pts',(14.8990747765787,2.285,3.94229922182259E-14));
#7579=CARTESIAN_POINT('Ctrl Pts',(1.51464977293873,0.0181065745206273,-15.5900673857647));
#7580=CARTESIAN_POINT('Ctrl Pts',(1.48355552953332,0.0193603647320931,-15.5900673857647));
#7581=CARTESIAN_POINT('Ctrl Pts',(1.4109254927763,0.0228499954283363,-15.5900673857647));
#7582=CARTESIAN_POINT('Ctrl Pts',(1.29694914095712,0.030894471174653,-15.5900673857647));
#7583=CARTESIAN_POINT('Ctrl Pts',(1.14327342639547,0.0502615919981924,-15.5900673857646));
#7584=CARTESIAN_POINT('Ctrl Pts',(0.954913837642118,0.0948950943969384,
-15.5900673857646));
#7585=CARTESIAN_POINT('Ctrl Pts',(0.766240049023596,0.165562169998634,-15.5900673857646));
#7586=CARTESIAN_POINT('Ctrl Pts',(0.589760192666129,0.258993718080628,-15.5900673857646));
#7587=CARTESIAN_POINT('Ctrl Pts',(0.428446197999133,0.373339649938094,-15.5900673857646));
#7588=CARTESIAN_POINT('Ctrl Pts',(0.286753118041258,0.508285991315623,-15.5900673857646));
#7589=CARTESIAN_POINT('Ctrl Pts',(0.170891200642172,0.66617162689388,-15.5900673857646));
#7590=CARTESIAN_POINT('Ctrl Pts',(0.0865498329517301,0.849456784475758,
-15.5900673857646));
#7591=CARTESIAN_POINT('Ctrl Pts',(0.0354361564738144,1.05653376834424,-15.5900673857646));
#7592=CARTESIAN_POINT('Ctrl Pts',(0.0149920130088751,1.28197244633217,-15.5900673857646));
#7593=CARTESIAN_POINT('Ctrl Pts',(0.0102366499443684,1.50586856055931,-15.5900673857646));
#7594=CARTESIAN_POINT('Ctrl Pts',(0.00784798125966251,1.71405522341095,
-15.5900673857646));
#7595=CARTESIAN_POINT('Ctrl Pts',(0.00469271765804044,1.90832107581364,
-15.5900673857646));
#7596=CARTESIAN_POINT('Ctrl Pts',(0.00167343501129346,2.05788025577575,
-15.5900673857646));
#7597=CARTESIAN_POINT('Ctrl Pts',(0.000305320457572004,2.17068088228991,
-15.5900673857646));
#7598=CARTESIAN_POINT('Ctrl Pts',(3.97261724327299E-13,2.24674823737711,
-15.5900673857646));
#7599=CARTESIAN_POINT('Ctrl Pts',(3.9726913303356E-13,2.285,-15.5900673857646));
#7600=CARTESIAN_POINT('Ctrl Pts',(14.8990747765787,0.005,-3.26430106049312));
#7601=CARTESIAN_POINT('Ctrl Pts',(62.680925223424,0.005,-3.26430106049312));
#7602=CARTESIAN_POINT('Ctrl Pts',(14.8990747765787,0.00436571113201578,
-3.23064556166075));
#7603=CARTESIAN_POINT('Ctrl Pts',(62.680925223424,0.00436571113201578,-3.23064556166075));
#7604=CARTESIAN_POINT('Ctrl Pts',(14.8990747765787,0.0032396123120532,-3.1629010368754));
#7605=CARTESIAN_POINT('Ctrl Pts',(62.680925223424,0.0032396123120532,-3.1629010368754));
#7606=CARTESIAN_POINT('Ctrl Pts',(14.8990747765787,0.00197804448892297,
-3.05998372361966));
#7607=CARTESIAN_POINT('Ctrl Pts',(62.680925223424,0.00197804448892297,-3.05998372361966));
#7608=CARTESIAN_POINT('Ctrl Pts',(14.8990747765787,0.00115210123371261,
-2.92015232261438));
#7609=CARTESIAN_POINT('Ctrl Pts',(62.680925223424,0.00115210123371261,-2.92015232261438));
#7610=CARTESIAN_POINT('Ctrl Pts',(14.8990747765787,0.00150310540631692,
-2.74095989495517));
#7611=CARTESIAN_POINT('Ctrl Pts',(62.680925223424,0.00150310540631692,-2.74095989495517));
#7612=CARTESIAN_POINT('Ctrl Pts',(14.8990747765787,0.00306066655081805,
-2.55725658323763));
#7613=CARTESIAN_POINT('Ctrl Pts',(62.680925223424,0.00306066655081805,-2.55725658323763));
#7614=CARTESIAN_POINT('Ctrl Pts',(14.8990747765787,0.0054929117467722,-2.36889544261219));
#7615=CARTESIAN_POINT('Ctrl Pts',(62.680925223424,0.0054929117467722,-2.36889544261219));
#7616=CARTESIAN_POINT('Ctrl Pts',(14.8990747765787,0.00813853813528801,
-2.17564687544963));
#7617=CARTESIAN_POINT('Ctrl Pts',(62.680925223424,0.00813853813528801,-2.17564687544963));
#7618=CARTESIAN_POINT('Ctrl Pts',(14.8990747765787,0.0102325109719515,-1.97730921370897));
#7619=CARTESIAN_POINT('Ctrl Pts',(62.680925223424,0.0102325109719515,-1.97730921370897));
#7620=CARTESIAN_POINT('Ctrl Pts',(14.8990747765787,0.0117322070403022,-1.77407801710037));
#7621=CARTESIAN_POINT('Ctrl Pts',(62.680925223424,0.0117322070403022,-1.77407801710037));
#7622=CARTESIAN_POINT('Ctrl Pts',(14.8990747765787,0.0147962704937162,-1.56713778351427));
#7623=CARTESIAN_POINT('Ctrl Pts',(62.680925223424,0.0147962704937162,-1.56713778351427));
#7624=CARTESIAN_POINT('Ctrl Pts',(14.8990747765787,0.0234883449770199,-1.35864202109295));
#7625=CARTESIAN_POINT('Ctrl Pts',(62.680925223424,0.0234883449770199,-1.35864202109295));
#7626=CARTESIAN_POINT('Ctrl Pts',(14.8990747765787,0.0479012723981449,-1.15323430343357));
#7627=CARTESIAN_POINT('Ctrl Pts',(62.680925223424,0.0479012723981449,-1.15323430343357));
#7628=CARTESIAN_POINT('Ctrl Pts',(14.8990747765787,0.0948950943969384,-0.95491383764172));
#7629=CARTESIAN_POINT('Ctrl Pts',(62.680925223424,0.0948950943969384,-0.95491383764172));
#7630=CARTESIAN_POINT('Ctrl Pts',(14.8990747765787,0.165562169998634,-0.766240049023199));
#7631=CARTESIAN_POINT('Ctrl Pts',(62.680925223424,0.165562169998634,-0.766240049023199));
#7632=CARTESIAN_POINT('Ctrl Pts',(14.8990747765787,0.258993718080628,-0.589760192665732));
#7633=CARTESIAN_POINT('Ctrl Pts',(62.680925223424,0.258993718080628,-0.589760192665732));
#7634=CARTESIAN_POINT('Ctrl Pts',(14.8990747765787,0.373339649938094,-0.428446197998736));
#7635=CARTESIAN_POINT('Ctrl Pts',(62.680925223424,0.373339649938094,-0.428446197998736));
#7636=CARTESIAN_POINT('Ctrl Pts',(14.8990747765787,0.508285991315623,-0.286753118040861));
#7637=CARTESIAN_POINT('Ctrl Pts',(62.680925223424,0.508285991315623,-0.286753118040861));
#7638=CARTESIAN_POINT('Ctrl Pts',(14.8990747765787,0.66617162689388,-0.170891200641775));
#7639=CARTESIAN_POINT('Ctrl Pts',(62.680925223424,0.66617162689388,-0.170891200641775));
#7640=CARTESIAN_POINT('Ctrl Pts',(14.8990747765787,0.849456784475758,-0.0865498329513328));
#7641=CARTESIAN_POINT('Ctrl Pts',(62.680925223424,0.849456784475758,-0.0865498329513328));
#7642=CARTESIAN_POINT('Ctrl Pts',(14.8990747765787,1.05653376834424,-0.0354361564734171));
#7643=CARTESIAN_POINT('Ctrl Pts',(62.680925223424,1.05653376834424,-0.0354361564734171));
#7644=CARTESIAN_POINT('Ctrl Pts',(14.8990747765787,1.28197244633217,-0.0149920130084778));
#7645=CARTESIAN_POINT('Ctrl Pts',(62.680925223424,1.28197244633217,-0.0149920130084778));
#7646=CARTESIAN_POINT('Ctrl Pts',(14.8990747765787,1.50586856055931,-0.0102366499439711));
#7647=CARTESIAN_POINT('Ctrl Pts',(62.680925223424,1.50586856055931,-0.0102366499439711));
#7648=CARTESIAN_POINT('Ctrl Pts',(14.8990747765787,1.71405522341095,-0.00784798125926523));
#7649=CARTESIAN_POINT('Ctrl Pts',(62.680925223424,1.71405522341095,-0.00784798125926523));
#7650=CARTESIAN_POINT('Ctrl Pts',(14.8990747765787,1.90832107581364,-0.00469271765764317));
#7651=CARTESIAN_POINT('Ctrl Pts',(62.680925223424,1.90832107581364,-0.00469271765764317));
#7652=CARTESIAN_POINT('Ctrl Pts',(14.8990747765787,2.05788025577575,-0.00167343501089619));
#7653=CARTESIAN_POINT('Ctrl Pts',(62.680925223424,2.05788025577575,-0.00167343501089619));
#7654=CARTESIAN_POINT('Ctrl Pts',(14.8990747765787,2.17068088228991,-0.000305320457174729));
#7655=CARTESIAN_POINT('Ctrl Pts',(62.680925223424,2.17068088228991,-0.000305320457174728));
#7656=CARTESIAN_POINT('Ctrl Pts',(14.8990747765787,2.24674823737711,1.26781752286208E-17));
#7657=CARTESIAN_POINT('Ctrl Pts',(62.680925223424,2.24674823737711,1.3897902672667E-17));
#7658=CARTESIAN_POINT('Ctrl Pts',(14.8990747765787,2.285,5.26946896786424E-18));
#7659=CARTESIAN_POINT('Ctrl Pts',(62.680925223424,2.285,6.48919641191043E-18));
#7660=CARTESIAN_POINT('',(62.680925223424,2.285,6.48919641191043E-18));
#7661=CARTESIAN_POINT('Ctrl Pts',(62.680925223424,2.285,6.1414025635827E-18));
#7662=CARTESIAN_POINT('Ctrl Pts',(62.680925223424,1.97650778937271,6.58910197198221E-17));
#7663=CARTESIAN_POINT('Ctrl Pts',(62.68113532197,1.45015064908398,0.0170725880661109));
#7664=CARTESIAN_POINT('Ctrl Pts',(62.6804442342458,1.08509662469481,-0.0391045697461847));
#7665=CARTESIAN_POINT('Ctrl Pts',(62.6799270150989,0.811885389030025,-0.0811482938982872));
#7666=CARTESIAN_POINT('Ctrl Pts',(62.6787681778222,0.635964445654554,-0.175364415873358));
#7667=CARTESIAN_POINT('Ctrl Pts',(62.6769099023019,0.478059900476853,-0.326084278240112));
#7668=CARTESIAN_POINT('Ctrl Pts',(62.6734273722907,0.182136442704817,-0.608543169947769));
#7669=CARTESIAN_POINT('Ctrl Pts',(62.6698378596306,0.1011383214908,-0.898633451232739));
#7670=CARTESIAN_POINT('Ctrl Pts',(62.6668156084922,0.0558322221321799,-1.14219719952638));
#7671=CARTESIAN_POINT('Ctrl Pts',(62.6653707499908,0.0341725718174023,-1.25863859907478));
#7672=CARTESIAN_POINT('Ctrl Pts',(62.6639234014831,0.0237414691143709,-1.37514299452619));
#7673=CARTESIAN_POINT('Ctrl Pts',(62.6621915589739,0.0181206474871057,-1.51430106049454));
#7674=CARTESIAN_POINT('',(38.7900000000013,2.285,0.));
#7675=CARTESIAN_POINT('Ctrl Pts',(62.6436844470302,0.018120647486984,-1.51384306531345));
#7676=CARTESIAN_POINT('Ctrl Pts',(63.858570871173,0.018120647486984,-1.54372946153379));
#7677=CARTESIAN_POINT('Ctrl Pts',(66.1343837105357,0.018120647486984,-1.66294167391117));
#7678=CARTESIAN_POINT('Ctrl Pts',(69.141872146016,0.018120647486984,-2.32197282494155));
#7679=CARTESIAN_POINT('Ctrl Pts',(71.8037508370124,0.018120647486984,-3.72080347476606));
#7680=CARTESIAN_POINT('Ctrl Pts',(73.9826151930815,0.018120647486984,-6.05726169262496));
#7681=CARTESIAN_POINT('Ctrl Pts',(75.3910495034149,0.018120647486984,-8.87272622584872));
#7682=CARTESIAN_POINT('Ctrl Pts',(75.9582798099522,0.018120647486984,-11.4952591853968));
#7683=CARTESIAN_POINT('Ctrl Pts',(76.0479318464324,0.018120647486984,-14.0655122732082));
#7684=CARTESIAN_POINT('Ctrl Pts',(76.0658005880201,0.018120647486984,-15.6076128291868));
#7685=CARTESIAN_POINT('Ctrl Pts',(62.6475130035391,0.0244087553210437,-1.35821167729385));
#7686=CARTESIAN_POINT('Ctrl Pts',(63.8653936103126,0.0244087553210437,-1.38817173087564));
#7687=CARTESIAN_POINT('Ctrl Pts',(66.1514037020342,0.0244087553210437,-1.5076824931528));
#7688=CARTESIAN_POINT('Ctrl Pts',(69.1932776664475,0.0244087553210437,-2.17274977231385));
#7689=CARTESIAN_POINT('Ctrl Pts',(71.9009377214455,0.0244087553210437,-3.59494637994495));
#7690=CARTESIAN_POINT('Ctrl Pts',(74.1132066962044,0.0244087553210437,-5.96887469860807));
#7691=CARTESIAN_POINT('Ctrl Pts',(75.5390923889458,0.0244087553210437,-8.81842776369302));
#7692=CARTESIAN_POINT('Ctrl Pts',(76.1148036512783,0.0244087553210437,-11.4832590905979));
#7693=CARTESIAN_POINT('Ctrl Pts',(76.2035772572012,0.0244087553210437,-14.0617570844351));
#7694=CARTESIAN_POINT('Ctrl Pts',(76.2214686104357,0.0244087553210437,-15.6058090611672));
#7695=CARTESIAN_POINT('Ctrl Pts',(62.6551622599622,0.0542092401329714,-1.04726827298441));
#7696=CARTESIAN_POINT('Ctrl Pts',(63.8790193967392,0.0542092401329714,-1.07737535013989));
#7697=CARTESIAN_POINT('Ctrl Pts',(66.1854575444122,0.0542092401329714,-1.19753465461008));
#7698=CARTESIAN_POINT('Ctrl Pts',(69.2959864112696,0.0542092401329714,-1.87466080736101));
#7699=CARTESIAN_POINT('Ctrl Pts',(72.0950833346135,0.0542092401329714,-3.34354767945762));
#7700=CARTESIAN_POINT('Ctrl Pts',(74.3740693418508,0.0542092401329714,-5.79230257591134));
#7701=CARTESIAN_POINT('Ctrl Pts',(75.8348246307818,0.0542092401329714,-8.70994932669461));
#7702=CARTESIAN_POINT('Ctrl Pts',(76.4274915868985,0.0542092401329714,-11.4592446849326));
#7703=CARTESIAN_POINT('Ctrl Pts',(76.5145487212095,0.0542092401329714,-14.0542581218877));
#7704=CARTESIAN_POINT('Ctrl Pts',(76.5324852083595,0.0542092401329714,-15.6022052266466));
#7705=CARTESIAN_POINT('Ctrl Pts',(62.6655679974896,0.222027230880694,-0.624273504327846));
#7706=CARTESIAN_POINT('Ctrl Pts',(63.897560680675,0.222027230880694,-0.654580717198565));
#7707=CARTESIAN_POINT('Ctrl Pts',(66.2317374186402,0.222027230880694,-0.775573628668177));
#7708=CARTESIAN_POINT('Ctrl Pts',(69.4357042289184,0.222027230880694,-1.46910511354809));
#7709=CARTESIAN_POINT('Ctrl Pts',(72.3592179715494,0.222027230880694,-3.00150163821459));
#7710=CARTESIAN_POINT('Ctrl Pts',(74.728985222838,0.222027230880694,-5.55208189367931));
#7711=CARTESIAN_POINT('Ctrl Pts',(76.2371732229478,0.222027230880694,-8.56237307174201));
#7712=CARTESIAN_POINT('Ctrl Pts',(76.852895562829,0.222027230880694,-11.4266127594434));
#7713=CARTESIAN_POINT('Ctrl Pts',(76.9375816209798,0.222027230880694,-14.0440533721575));
#7714=CARTESIAN_POINT('Ctrl Pts',(76.9555795466341,0.222027230880694,-15.5973027166459));
#7715=CARTESIAN_POINT('Ctrl Pts',(62.6742317688328,0.496550837701542,-0.272089918551037));
#7716=CARTESIAN_POINT('Ctrl Pts',(63.9129940480598,0.496550837701542,-0.302563664544136));
#7717=CARTESIAN_POINT('Ctrl Pts',(66.2703043363539,0.496550837701542,-0.42428744281936));
#7718=CARTESIAN_POINT('Ctrl Pts',(69.5520349281159,0.496550837701542,-1.13147723091512));
#7719=CARTESIAN_POINT('Ctrl Pts',(72.5791150024378,0.496550837701542,-2.71675606686466));
#7720=CARTESIAN_POINT('Ctrl Pts',(75.0244495915465,0.496550837701542,-5.35208969531877));
#7721=CARTESIAN_POINT('Ctrl Pts',(76.5721317277875,0.496550837701542,-8.43950672346963));
#7722=CARTESIAN_POINT('Ctrl Pts',(77.207057788752,0.496550837701542,-11.3994160959726));
#7723=CARTESIAN_POINT('Ctrl Pts',(77.2897969849442,0.496550837701542,-14.0355595650607));
#7724=CARTESIAN_POINT('Ctrl Pts',(77.3078460336373,0.496550837701542,-15.5932209083605));
#7725=CARTESIAN_POINT('Ctrl Pts',(62.6797146395717,0.88402562830297,-0.0492104125422439));
#7726=CARTESIAN_POINT('Ctrl Pts',(63.9227706996615,0.88402562830297,-0.0797897862167439));
#7727=CARTESIAN_POINT('Ctrl Pts',(66.2946287862732,0.88402562830297,-0.201887919232381));
#7728=CARTESIAN_POINT('Ctrl Pts',(69.625649442749,0.88402562830297,-0.917723056263436));
#7729=CARTESIAN_POINT('Ctrl Pts',(72.7183255605541,0.88402562830297,-2.53645781311662));
#7730=CARTESIAN_POINT('Ctrl Pts',(75.211523034767,0.88402562830297,-5.22548986153978));
#7731=CARTESIAN_POINT('Ctrl Pts',(76.7841945713252,0.88402562830297,-8.36173875095141));
#7732=CARTESIAN_POINT('Ctrl Pts',(77.4312547662865,0.88402562830297,-11.3822704704654));
#7733=CARTESIAN_POINT('Ctrl Pts',(77.512696528993,0.88402562830297,-14.0301779737482));
#7734=CARTESIAN_POINT('Ctrl Pts',(77.5307780037164,0.88402562830297,-15.5906377345528));
#7735=CARTESIAN_POINT('Ctrl Pts',(62.6807644235268,1.40212146654784,-0.00653653958909777));
#7736=CARTESIAN_POINT('Ctrl Pts',(63.9246348598818,1.40212146654784,-0.0371359470472097));
#7737=CARTESIAN_POINT('Ctrl Pts',(66.2993524233763,1.40212146654784,-0.159376529847343));
#7738=CARTESIAN_POINT('Ctrl Pts',(69.6397484695473,1.40212146654784,-0.876865604213806));
#7739=CARTESIAN_POINT('Ctrl Pts',(72.7449406202655,1.40212146654784,-2.50201459923586));
#7740=CARTESIAN_POINT('Ctrl Pts',(75.2472700537746,1.40212146654784,-5.20127813596654));
#7741=CARTESIAN_POINT('Ctrl Pts',(76.8247298076734,1.40212146654784,-8.34685841984164));
#7742=CARTESIAN_POINT('Ctrl Pts',(77.4741284864887,1.40212146654784,-11.378934855642));
#7743=CARTESIAN_POINT('Ctrl Pts',(77.5553742969826,1.40212146654784,-14.0291526240407));
#7744=CARTESIAN_POINT('Ctrl Pts',(77.5734619217612,1.40212146654784,-15.5901431443015));
#7745=CARTESIAN_POINT('Ctrl Pts',(62.6806978501957,1.8704379157288,-0.00924275533871973));
#7746=CARTESIAN_POINT('Ctrl Pts',(63.9244966995252,1.8704379157288,-0.0398404017447984));
#7747=CARTESIAN_POINT('Ctrl Pts',(66.2992238277428,1.8704379157288,-0.162254365521969));
#7748=CARTESIAN_POINT('Ctrl Pts',(69.6388655531078,1.8704379157288,-0.879635063497773));
#7749=CARTESIAN_POINT('Ctrl Pts',(72.7431521578206,1.8704379157288,-2.50439936239147));
#7750=CARTESIAN_POINT('Ctrl Pts',(75.2448195830585,1.8704379157288,-5.20288534068563));
#7751=CARTESIAN_POINT('Ctrl Pts',(76.8219849495425,1.8704379157288,-8.34782681866397));
#7752=CARTESIAN_POINT('Ctrl Pts',(77.4712745292187,1.8704379157288,-11.3790102768619));
#7753=CARTESIAN_POINT('Ctrl Pts',(77.5526679848265,1.8704379157288,-14.0292306450259));
#7754=CARTESIAN_POINT('Ctrl Pts',(77.5707550689899,1.8704379157288,-15.5901745093461));
#7755=CARTESIAN_POINT('Ctrl Pts',(62.680925223424,2.14158148702748,3.35628982547074E-17));
#7756=CARTESIAN_POINT('Ctrl Pts',(63.9249464449102,2.14158148702748,-0.0306031167959459));
#7757=CARTESIAN_POINT('Ctrl Pts',(66.2998526991693,2.14158148702748,-0.152627295701217));
#7758=CARTESIAN_POINT('Ctrl Pts',(69.64189346351,2.14158148702748,-0.870374268386966));
#7759=CARTESIAN_POINT('Ctrl Pts',(72.7491487878231,2.14158148702748,-2.49647693667403));
#7760=CARTESIAN_POINT('Ctrl Pts',(75.252985257535,2.14158148702748,-5.19747577045289));
#7761=CARTESIAN_POINT('Ctrl Pts',(76.8311663458796,2.14158148702748,-8.34454682098306));
#7762=CARTESIAN_POINT('Ctrl Pts',(77.4808720289387,2.14158148702748,-11.3786016786345));
#7763=CARTESIAN_POINT('Ctrl Pts',(77.5619112365133,2.14158148702748,-14.0289785932302));
#7764=CARTESIAN_POINT('Ctrl Pts',(77.58,2.14158148702748,-15.590067385798));
#7765=CARTESIAN_POINT('Ctrl Pts',(62.680925223424,2.285,5.79360871525497E-18));
#7766=CARTESIAN_POINT('Ctrl Pts',(63.9249085455762,2.285,-0.0306021844663953));
#7767=CARTESIAN_POINT('Ctrl Pts',(66.3001775982329,2.285,-0.152973032064144));
#7768=CARTESIAN_POINT('Ctrl Pts',(69.6419147305341,2.285,-0.870713372323989));
#7769=CARTESIAN_POINT('Ctrl Pts',(72.7489575348778,2.285,-2.49685798457438));
#7770=CARTESIAN_POINT('Ctrl Pts',(75.2526364693503,2.285,-5.19761220061835));
#7771=CARTESIAN_POINT('Ctrl Pts',(76.8308351619487,2.285,-8.34459384643544));
#7772=CARTESIAN_POINT('Ctrl Pts',(77.4806153398737,2.285,-11.3783430075908));
#7773=CARTESIAN_POINT('Ctrl Pts',(77.5619115227238,2.285,-14.029003293643));
#7774=CARTESIAN_POINT('Ctrl Pts',(77.58,2.285,-15.590067385798));
#7775=CARTESIAN_POINT('',(77.58,2.285,-15.590067385798));
#7776=CARTESIAN_POINT('Ctrl Pts',(76.0658005880245,0.0181206474871618,-15.6076128291868));
#7777=CARTESIAN_POINT('Ctrl Pts',(76.0968230600453,0.0193737799309532,-15.6072533633051));
#7778=CARTESIAN_POINT('Ctrl Pts',(76.1693781331081,0.0228647487907103,-15.6064126477977));
#7779=CARTESIAN_POINT('Ctrl Pts',(76.2832756150376,0.0309118290872284,-15.6050928864733));
#7780=CARTESIAN_POINT('Ctrl Pts',(76.4368699346031,0.050277378786337,-15.6033131470166));
#7781=CARTESIAN_POINT('Ctrl Pts',(76.6251502616174,0.0948950943969384,-15.6011314912897));
#7782=CARTESIAN_POINT('Ctrl Pts',(76.8138113853759,0.165562169998634,-15.5989454231666));
#7783=CARTESIAN_POINT('Ctrl Pts',(76.9902793953996,0.258993718080628,-15.5969006399925));
#7784=CARTESIAN_POINT('Ctrl Pts',(77.1515825617519,0.373339649938094,-15.5950315760163));
#7785=CARTESIAN_POINT('Ctrl Pts',(77.2932661304627,0.508285991315623,-15.5933898496926));
#7786=CARTESIAN_POINT('Ctrl Pts',(77.4091202705496,0.66617162689388,-15.5920474160342));
#7787=CARTESIAN_POINT('Ctrl Pts',(77.4934559767667,0.849456784475758,-15.5910701951032));
#7788=CARTESIAN_POINT('Ctrl Pts',(77.5445662222034,1.05653376834424,-15.5904779666881));
#7789=CARTESIAN_POINT('Ctrl Pts',(77.5650089933409,1.28197244633217,-15.5902410906988));
#7790=CARTESIAN_POINT('Ctrl Pts',(77.5697640371983,1.50586856055931,-15.590185992703));
#7791=CARTESIAN_POINT('Ctrl Pts',(77.572152545542,1.71405522341095,-15.5901583164025));
#7792=CARTESIAN_POINT('Ctrl Pts',(77.5753075973443,1.90832107581364,-15.590121757953));
#7793=CARTESIAN_POINT('Ctrl Pts',(77.5783266773196,2.05788025577575,-15.5900867750462));
#7794=CARTESIAN_POINT('Ctrl Pts',(77.5796947000377,2.17068088228991,-15.5900709233922));
#7795=CARTESIAN_POINT('Ctrl Pts',(77.58,2.24674823737711,-15.5900673857979));
#7796=CARTESIAN_POINT('Ctrl Pts',(77.58,2.285,-15.5900673857979));
#7797=CARTESIAN_POINT('Ctrl Pts',(62.680925223424,2.285,5.79360871525497E-18));
#7798=CARTESIAN_POINT('Ctrl Pts',(63.9249085455762,2.285,-0.0306021844663953));
#7799=CARTESIAN_POINT('Ctrl Pts',(66.3001775982329,2.285,-0.152973032064144));
#7800=CARTESIAN_POINT('Ctrl Pts',(69.6419147305341,2.285,-0.870713372323989));
#7801=CARTESIAN_POINT('Ctrl Pts',(72.7489575348778,2.285,-2.49685798457438));
#7802=CARTESIAN_POINT('Ctrl Pts',(75.2526364693503,2.285,-5.19761220061835));
#7803=CARTESIAN_POINT('Ctrl Pts',(76.8308351619487,2.285,-8.34459384643544));
#7804=CARTESIAN_POINT('Ctrl Pts',(77.4806153398737,2.285,-11.3783430075908));
#7805=CARTESIAN_POINT('Ctrl Pts',(77.5619115227238,2.285,-14.029003293643));
#7806=CARTESIAN_POINT('Ctrl Pts',(77.58,2.285,-15.590067385798));
#7807=CARTESIAN_POINT('Ctrl Pts',(74.3156989395069,0.005,-15.590067385798));
#7808=CARTESIAN_POINT('Ctrl Pts',(74.3156989395069,0.005,-52.3099326141928));
#7809=CARTESIAN_POINT('Ctrl Pts',(74.3493544383392,0.00436571113201578,
-15.590067385798));
#7810=CARTESIAN_POINT('Ctrl Pts',(74.3493544383392,0.00436571113201578,
-52.3099326141928));
#7811=CARTESIAN_POINT('Ctrl Pts',(74.4170989631246,0.0032396123120532,-15.590067385798));
#7812=CARTESIAN_POINT('Ctrl Pts',(74.4170989631246,0.0032396123120532,-52.3099326141928));
#7813=CARTESIAN_POINT('Ctrl Pts',(74.5200162763803,0.00197804448892297,
-15.590067385798));
#7814=CARTESIAN_POINT('Ctrl Pts',(74.5200162763803,0.00197804448892297,
-52.3099326141928));
#7815=CARTESIAN_POINT('Ctrl Pts',(74.6598476773856,0.00115210123371261,
-15.590067385798));
#7816=CARTESIAN_POINT('Ctrl Pts',(74.6598476773856,0.00115210123371261,
-52.3099326141928));
#7817=CARTESIAN_POINT('Ctrl Pts',(74.8390401050448,0.00150310540631692,
-15.590067385798));
#7818=CARTESIAN_POINT('Ctrl Pts',(74.8390401050448,0.00150310540631692,
-52.3099326141928));
#7819=CARTESIAN_POINT('Ctrl Pts',(75.0227434167624,0.00306066655081805,
-15.590067385798));
#7820=CARTESIAN_POINT('Ctrl Pts',(75.0227434167624,0.00306066655081805,
-52.3099326141928));
#7821=CARTESIAN_POINT('Ctrl Pts',(75.2111045573878,0.0054929117467722,-15.590067385798));
#7822=CARTESIAN_POINT('Ctrl Pts',(75.2111045573878,0.0054929117467722,-52.3099326141928));
#7823=CARTESIAN_POINT('Ctrl Pts',(75.4043531245504,0.00813853813528801,
-15.590067385798));
#7824=CARTESIAN_POINT('Ctrl Pts',(75.4043531245504,0.00813853813528801,
-52.3099326141928));
#7825=CARTESIAN_POINT('Ctrl Pts',(75.602690786291,0.0102325109719515,-15.590067385798));
#7826=CARTESIAN_POINT('Ctrl Pts',(75.602690786291,0.0102325109719515,-52.3099326141928));
#7827=CARTESIAN_POINT('Ctrl Pts',(75.8059219828996,0.0117322070403022,-15.590067385798));
#7828=CARTESIAN_POINT('Ctrl Pts',(75.8059219828996,0.0117322070403022,-52.3099326141928));
#7829=CARTESIAN_POINT('Ctrl Pts',(76.0128622164857,0.0147962704937162,-15.590067385798));
#7830=CARTESIAN_POINT('Ctrl Pts',(76.0128622164857,0.0147962704937162,-52.3099326141928));
#7831=CARTESIAN_POINT('Ctrl Pts',(76.2213579789071,0.0234883449770199,-15.590067385798));
#7832=CARTESIAN_POINT('Ctrl Pts',(76.221357978907,0.0234883449770199,-52.3099326141928));
#7833=CARTESIAN_POINT('Ctrl Pts',(76.4267656965664,0.0479012723981449,-15.590067385798));
#7834=CARTESIAN_POINT('Ctrl Pts',(76.4267656965664,0.0479012723981449,-52.3099326141928));
#7835=CARTESIAN_POINT('Ctrl Pts',(76.6250861623583,0.0948950943969384,-15.590067385798));
#7836=CARTESIAN_POINT('Ctrl Pts',(76.6250861623583,0.0948950943969384,-52.3099326141928));
#7837=CARTESIAN_POINT('Ctrl Pts',(76.8137599509768,0.165562169998634,-15.590067385798));
#7838=CARTESIAN_POINT('Ctrl Pts',(76.8137599509768,0.165562169998634,-52.3099326141928));
#7839=CARTESIAN_POINT('Ctrl Pts',(76.9902398073343,0.258993718080628,-15.590067385798));
#7840=CARTESIAN_POINT('Ctrl Pts',(76.9902398073342,0.258993718080628,-52.3099326141928));
#7841=CARTESIAN_POINT('Ctrl Pts',(77.1515538020013,0.373339649938094,-15.590067385798));
#7842=CARTESIAN_POINT('Ctrl Pts',(77.1515538020012,0.373339649938094,-52.3099326141928));
#7843=CARTESIAN_POINT('Ctrl Pts',(77.2932468819591,0.508285991315623,-15.590067385798));
#7844=CARTESIAN_POINT('Ctrl Pts',(77.2932468819591,0.508285991315623,-52.3099326141928));
#7845=CARTESIAN_POINT('Ctrl Pts',(77.4091087993582,0.66617162689388,-15.590067385798));
#7846=CARTESIAN_POINT('Ctrl Pts',(77.4091087993582,0.66617162689388,-52.3099326141928));
#7847=CARTESIAN_POINT('Ctrl Pts',(77.4934501670487,0.849456784475758,-15.590067385798));
#7848=CARTESIAN_POINT('Ctrl Pts',(77.4934501670486,0.849456784475758,-52.3099326141928));
#7849=CARTESIAN_POINT('Ctrl Pts',(77.5445638435266,1.05653376834424,-15.590067385798));
#7850=CARTESIAN_POINT('Ctrl Pts',(77.5445638435266,1.05653376834424,-52.3099326141928));
#7851=CARTESIAN_POINT('Ctrl Pts',(77.5650079869915,1.28197244633217,-15.590067385798));
#7852=CARTESIAN_POINT('Ctrl Pts',(77.5650079869915,1.28197244633217,-52.3099326141928));
#7853=CARTESIAN_POINT('Ctrl Pts',(77.569763350056,1.50586856055931,-15.590067385798));
#7854=CARTESIAN_POINT('Ctrl Pts',(77.569763350056,1.50586856055931,-52.3099326141928));
#7855=CARTESIAN_POINT('Ctrl Pts',(77.5721520187407,1.71405522341095,-15.590067385798));
#7856=CARTESIAN_POINT('Ctrl Pts',(77.5721520187407,1.71405522341095,-52.3099326141928));
#7857=CARTESIAN_POINT('Ctrl Pts',(77.5753072823424,1.90832107581364,-15.590067385798));
#7858=CARTESIAN_POINT('Ctrl Pts',(77.5753072823423,1.90832107581364,-52.3099326141928));
#7859=CARTESIAN_POINT('Ctrl Pts',(77.5783265649891,2.05788025577575,-15.590067385798));
#7860=CARTESIAN_POINT('Ctrl Pts',(77.5783265649891,2.05788025577575,-52.3099326141928));
#7861=CARTESIAN_POINT('Ctrl Pts',(77.5796946795428,2.17068088228991,-15.590067385798));
#7862=CARTESIAN_POINT('Ctrl Pts',(77.5796946795428,2.17068088228991,-52.3099326141928));
#7863=CARTESIAN_POINT('Ctrl Pts',(77.58,2.24674823737711,-15.590067385798));
#7864=CARTESIAN_POINT('Ctrl Pts',(77.58,2.24674823737711,-52.3099326141928));
#7865=CARTESIAN_POINT('Ctrl Pts',(77.58,2.285,-15.590067385798));
#7866=CARTESIAN_POINT('Ctrl Pts',(77.58,2.285,-52.3099326141928));
#7867=CARTESIAN_POINT('',(77.58,2.285,-52.3099326141928));
#7868=CARTESIAN_POINT('Ctrl Pts',(76.0653502270617,0.0181065745206299,-52.3099326141928));
#7869=CARTESIAN_POINT('Ctrl Pts',(76.0964444704671,0.0193603647320953,-52.3099326141928));
#7870=CARTESIAN_POINT('Ctrl Pts',(76.1690745072241,0.0228499954283391,-52.3099326141928));
#7871=CARTESIAN_POINT('Ctrl Pts',(76.2830508590433,0.0308944711746563,-52.3099326141928));
#7872=CARTESIAN_POINT('Ctrl Pts',(76.4367265736049,0.0502615919981953,-52.3099326141928));
#7873=CARTESIAN_POINT('Ctrl Pts',(76.6250861623583,0.0948950943969384,-52.3099326141928));
#7874=CARTESIAN_POINT('Ctrl Pts',(76.8137599509768,0.165562169998634,-52.3099326141928));
#7875=CARTESIAN_POINT('Ctrl Pts',(76.9902398073342,0.258993718080628,-52.3099326141928));
#7876=CARTESIAN_POINT('Ctrl Pts',(77.1515538020012,0.373339649938094,-52.3099326141928));
#7877=CARTESIAN_POINT('Ctrl Pts',(77.2932468819591,0.508285991315623,-52.3099326141928));
#7878=CARTESIAN_POINT('Ctrl Pts',(77.4091087993582,0.66617162689388,-52.3099326141928));
#7879=CARTESIAN_POINT('Ctrl Pts',(77.4934501670486,0.849456784475758,-52.3099326141928));
#7880=CARTESIAN_POINT('Ctrl Pts',(77.5445638435266,1.05653376834424,-52.3099326141928));
#7881=CARTESIAN_POINT('Ctrl Pts',(77.5650079869915,1.28197244633217,-52.3099326141928));
#7882=CARTESIAN_POINT('Ctrl Pts',(77.569763350056,1.50586856055931,-52.3099326141928));
#7883=CARTESIAN_POINT('Ctrl Pts',(77.5721520187407,1.71405522341095,-52.3099326141928));
#7884=CARTESIAN_POINT('Ctrl Pts',(77.5753072823423,1.90832107581364,-52.3099326141928));
#7885=CARTESIAN_POINT('Ctrl Pts',(77.5783265649891,2.05788025577575,-52.3099326141928));
#7886=CARTESIAN_POINT('Ctrl Pts',(77.5796946795428,2.17068088228991,-52.3099326141928));
#7887=CARTESIAN_POINT('Ctrl Pts',(77.58,2.24674823737711,-52.3099326141928));
#7888=CARTESIAN_POINT('Ctrl Pts',(77.58,2.285,-52.3099326141928));
#7889=CARTESIAN_POINT('',(77.58,2.285,-15.590067385798));
#7890=CARTESIAN_POINT('Ctrl Pts',(3.26430106049314,0.005,-52.3099326142029));
#7891=CARTESIAN_POINT('Ctrl Pts',(3.26430106049352,0.005,-15.5900673857647));
#7892=CARTESIAN_POINT('Ctrl Pts',(3.23064556166077,0.00436571113201578,
-52.3099326142029));
#7893=CARTESIAN_POINT('Ctrl Pts',(3.23064556166115,0.00436571113201578,
-15.5900673857647));
#7894=CARTESIAN_POINT('Ctrl Pts',(3.16290103687541,0.0032396123120532,-52.3099326142029));
#7895=CARTESIAN_POINT('Ctrl Pts',(3.1629010368758,0.0032396123120532,-15.5900673857647));
#7896=CARTESIAN_POINT('Ctrl Pts',(3.05998372361968,0.00197804448892297,
-52.3099326142029));
#7897=CARTESIAN_POINT('Ctrl Pts',(3.05998372362006,0.00197804448892297,
-15.5900673857647));
#7898=CARTESIAN_POINT('Ctrl Pts',(2.9201523226144,0.00115210123371261,-52.3099326142029));
#7899=CARTESIAN_POINT('Ctrl Pts',(2.92015232261478,0.00115210123371261,
-15.5900673857647));
#7900=CARTESIAN_POINT('Ctrl Pts',(2.74095989495519,0.00150310540631692,
-52.3099326142029));
#7901=CARTESIAN_POINT('Ctrl Pts',(2.74095989495557,0.00150310540631692,
-15.5900673857647));
#7902=CARTESIAN_POINT('Ctrl Pts',(2.55725658323764,0.00306066655081805,
-52.3099326142029));
#7903=CARTESIAN_POINT('Ctrl Pts',(2.55725658323803,0.00306066655081805,
-15.5900673857647));
#7904=CARTESIAN_POINT('Ctrl Pts',(2.3688954426122,0.0054929117467722,-52.3099326142029));
#7905=CARTESIAN_POINT('Ctrl Pts',(2.36889544261259,0.0054929117467722,-15.5900673857647));
#7906=CARTESIAN_POINT('Ctrl Pts',(2.17564687544964,0.00813853813528801,
-52.3099326142029));
#7907=CARTESIAN_POINT('Ctrl Pts',(2.17564687545003,0.00813853813528801,
-15.5900673857647));
#7908=CARTESIAN_POINT('Ctrl Pts',(1.97730921370899,0.0102325109719515,-52.3099326142029));
#7909=CARTESIAN_POINT('Ctrl Pts',(1.97730921370937,0.0102325109719515,-15.5900673857647));
#7910=CARTESIAN_POINT('Ctrl Pts',(1.77407801710038,0.0117322070403022,-52.3099326142029));
#7911=CARTESIAN_POINT('Ctrl Pts',(1.77407801710077,0.0117322070403022,-15.5900673857647));
#7912=CARTESIAN_POINT('Ctrl Pts',(1.56713778351429,0.0147962704937162,-52.3099326142029));
#7913=CARTESIAN_POINT('Ctrl Pts',(1.56713778351467,0.0147962704937162,-15.5900673857647));
#7914=CARTESIAN_POINT('Ctrl Pts',(1.35864202109297,0.0234883449770199,-52.3099326142029));
#7915=CARTESIAN_POINT('Ctrl Pts',(1.35864202109335,0.0234883449770199,-15.5900673857647));
#7916=CARTESIAN_POINT('Ctrl Pts',(1.15323430343358,0.0479012723981449,-52.3099326142029));
#7917=CARTESIAN_POINT('Ctrl Pts',(1.15323430343397,0.0479012723981449,-15.5900673857647));
#7918=CARTESIAN_POINT('Ctrl Pts',(0.954913837641735,0.0948950943969384,
-52.3099326142029));
#7919=CARTESIAN_POINT('Ctrl Pts',(0.954913837642118,0.0948950943969384,
-15.5900673857647));
#7920=CARTESIAN_POINT('Ctrl Pts',(0.766240049023213,0.165562169998634,-52.3099326142029));
#7921=CARTESIAN_POINT('Ctrl Pts',(0.766240049023597,0.165562169998634,-15.5900673857647));
#7922=CARTESIAN_POINT('Ctrl Pts',(0.589760192665746,0.258993718080628,-52.3099326142028));
#7923=CARTESIAN_POINT('Ctrl Pts',(0.589760192666129,0.258993718080628,-15.5900673857646));
#7924=CARTESIAN_POINT('Ctrl Pts',(0.42844619799875,0.373339649938094,-52.3099326142028));
#7925=CARTESIAN_POINT('Ctrl Pts',(0.428446197999133,0.373339649938094,-15.5900673857646));
#7926=CARTESIAN_POINT('Ctrl Pts',(0.286753118040875,0.508285991315623,-52.3099326142028));
#7927=CARTESIAN_POINT('Ctrl Pts',(0.286753118041258,0.508285991315623,-15.5900673857646));
#7928=CARTESIAN_POINT('Ctrl Pts',(0.170891200641789,0.66617162689388,-52.3099326142028));
#7929=CARTESIAN_POINT('Ctrl Pts',(0.170891200642172,0.66617162689388,-15.5900673857646));
#7930=CARTESIAN_POINT('Ctrl Pts',(0.0865498329513469,0.849456784475758,
-52.3099326142028));
#7931=CARTESIAN_POINT('Ctrl Pts',(0.0865498329517301,0.849456784475758,
-15.5900673857646));
#7932=CARTESIAN_POINT('Ctrl Pts',(0.0354361564734312,1.05653376834424,-52.3099326142028));
#7933=CARTESIAN_POINT('Ctrl Pts',(0.0354361564738144,1.05653376834424,-15.5900673857646));
#7934=CARTESIAN_POINT('Ctrl Pts',(0.0149920130084918,1.28197244633217,-52.3099326142028));
#7935=CARTESIAN_POINT('Ctrl Pts',(0.0149920130088751,1.28197244633217,-15.5900673857646));
#7936=CARTESIAN_POINT('Ctrl Pts',(0.0102366499439851,1.50586856055931,-52.3099326142028));
#7937=CARTESIAN_POINT('Ctrl Pts',(0.0102366499443684,1.50586856055931,-15.5900673857646));
#7938=CARTESIAN_POINT('Ctrl Pts',(0.00784798125927925,1.71405522341095,
-52.3099326142028));
#7939=CARTESIAN_POINT('Ctrl Pts',(0.00784798125966251,1.71405522341095,
-15.5900673857646));
#7940=CARTESIAN_POINT('Ctrl Pts',(0.00469271765765719,1.90832107581364,
-52.3099326142028));
#7941=CARTESIAN_POINT('Ctrl Pts',(0.00469271765804044,1.90832107581364,
-15.5900673857646));
#7942=CARTESIAN_POINT('Ctrl Pts',(0.00167343501091021,2.05788025577575,
-52.3099326142028));
#7943=CARTESIAN_POINT('Ctrl Pts',(0.00167343501129346,2.05788025577575,
-15.5900673857646));
#7944=CARTESIAN_POINT('Ctrl Pts',(0.000305320457188746,2.17068088228991,
-52.3099326142028));
#7945=CARTESIAN_POINT('Ctrl Pts',(0.000305320457572004,2.17068088228991,
-15.5900673857646));
#7946=CARTESIAN_POINT('Ctrl Pts',(1.40043878699666E-14,2.24674823737711,
-52.3099326142028));
#7947=CARTESIAN_POINT('Ctrl Pts',(3.97261724327299E-13,2.24674823737711,
-15.5900673857646));
#7948=CARTESIAN_POINT('Ctrl Pts',(1.40117965762273E-14,2.285,-52.3099326142028));
#7949=CARTESIAN_POINT('Ctrl Pts',(3.9726913303356E-13,2.285,-15.5900673857646));
#7950=CARTESIAN_POINT('',(-3.5527136788005E-14,2.285,-52.3099326142029));
#7951=CARTESIAN_POINT('',(1.40117965762273E-14,2.285,-52.3099326142028));
#7952=CARTESIAN_POINT('Ctrl Pts',(1.51419941197548,0.0181206474871617,-52.2923871708141));
#7953=CARTESIAN_POINT('Ctrl Pts',(1.48317693995472,0.0193737799309532,-52.2927466366957));
#7954=CARTESIAN_POINT('Ctrl Pts',(1.41062186689192,0.0228647487907102,-52.2935873522031));
#7955=CARTESIAN_POINT('Ctrl Pts',(1.29672438496243,0.0309118290872283,-52.2949071135275));
#7956=CARTESIAN_POINT('Ctrl Pts',(1.14313006539692,0.0502773787863369,-52.2966868529842));
#7957=CARTESIAN_POINT('Ctrl Pts',(0.954849738382562,0.0948950943969384,
-52.2988685087111));
#7958=CARTESIAN_POINT('Ctrl Pts',(0.766188614624044,0.165562169998634,-52.3010545768343));
#7959=CARTESIAN_POINT('Ctrl Pts',(0.589720604600341,0.258993718080628,-52.3030993600083));
#7960=CARTESIAN_POINT('Ctrl Pts',(0.428417438248045,0.373339649938094,-52.3049684239845));
#7961=CARTESIAN_POINT('Ctrl Pts',(0.286733869537246,0.508285991315623,-52.3066101503082));
#7962=CARTESIAN_POINT('Ctrl Pts',(0.170879729450393,0.66617162689388,-52.3079525839666));
#7963=CARTESIAN_POINT('Ctrl Pts',(0.0865440232332482,0.849456784475758,
-52.3089298048976));
#7964=CARTESIAN_POINT('Ctrl Pts',(0.0354337777965963,1.05653376834424,-52.3095220333127));
#7965=CARTESIAN_POINT('Ctrl Pts',(0.014991006659093,1.28197244633217,-52.309758909302));
#7966=CARTESIAN_POINT('Ctrl Pts',(0.010235962801648,1.50586856055931,-52.3098140072978));
#7967=CARTESIAN_POINT('Ctrl Pts',(0.00784745445800539,1.71405522341095,
-52.3098416835983));
#7968=CARTESIAN_POINT('Ctrl Pts',(0.00469240265566384,1.90832107581364,
-52.3098782420478));
#7969=CARTESIAN_POINT('Ctrl Pts',(0.00167332268036446,2.05788025577575,
-52.3099132249546));
#7970=CARTESIAN_POINT('Ctrl Pts',(0.000305299962288785,2.17068088228991,
-52.3099290766086));
#7971=CARTESIAN_POINT('Ctrl Pts',(-2.66453525910038E-14,2.24674823737711,
-52.3099326142029));
#7972=CARTESIAN_POINT('Ctrl Pts',(-2.66453525910038E-14,2.285,-52.3099326142029));
#7973=CARTESIAN_POINT('Ctrl Pts',(14.9363155529867,0.018120647487089,-66.3861569346891));
#7974=CARTESIAN_POINT('Ctrl Pts',(12.5065427046992,0.018120647487089,-66.3263841422502));
#7975=CARTESIAN_POINT('Ctrl Pts',(9.32472116361121,0.018120647487089,-66.0412176877592));
#7976=CARTESIAN_POINT('Ctrl Pts',(5.77440208438056,0.018120647487089,-64.1716716626035));
#7977=CARTESIAN_POINT('Ctrl Pts',(3.59584296558683,0.018120647487089,-61.8419267097809));
#7978=CARTESIAN_POINT('Ctrl Pts',(2.1924477680581,0.018120647487089,-59.0318582702553));
#7979=CARTESIAN_POINT('Ctrl Pts',(1.62304420916684,0.018120647487089,-56.4082867641157));
#7980=CARTESIAN_POINT('Ctrl Pts',(1.532068153565,0.018120647487089,-53.8344877267936));
#7981=CARTESIAN_POINT('Ctrl Pts',(1.51419941197728,0.018120647487089,-52.292387170814));
#7982=CARTESIAN_POINT('Ctrl Pts',(14.932486996478,0.0244087553212245,-66.5417883227086));
#7983=CARTESIAN_POINT('Ctrl Pts',(12.496725782929,0.0244087553212245,-66.4818682155468));
#7984=CARTESIAN_POINT('Ctrl Pts',(9.28904866859548,0.0244087553212245,-66.1984146874844));
#7985=CARTESIAN_POINT('Ctrl Pts',(5.67705976101156,0.0244087553212245,-64.2977376855484));
#7986=CARTESIAN_POINT('Ctrl Pts',(3.46511475116005,0.0244087553212245,-61.9302246386025));
#7987=CARTESIAN_POINT('Ctrl Pts',(2.04403366413645,0.0244087553212245,-59.0861230277395));
#7988=CARTESIAN_POINT('Ctrl Pts',(1.46634863947048,0.0244087553212245,-56.4202149843782));
#7989=CARTESIAN_POINT('Ctrl Pts',(1.37642274279637,0.0244087553212245,-53.8382429155668));
#7990=CARTESIAN_POINT('Ctrl Pts',(1.35853138956182,0.0244087553212245,-52.2941909388337));
#7991=CARTESIAN_POINT('Ctrl Pts',(14.9248375803508,0.0541987506048591,-66.8527382190198));
#7992=CARTESIAN_POINT('Ctrl Pts',(12.477123306795,0.0541987506048591,-66.7925240647106));
#7993=CARTESIAN_POINT('Ctrl Pts',(9.21770761514851,0.0541987506048591,-66.5123966825459));
#7994=CARTESIAN_POINT('Ctrl Pts',(5.48259893378753,0.0541987506048591,-64.5495611329555));
#7995=CARTESIAN_POINT('Ctrl Pts',(3.20397014624913,0.0541987506048591,-62.1066151504588));
#7996=CARTESIAN_POINT('Ctrl Pts',(1.74754310061915,0.0541987506048591,-59.19452460976));
#7997=CARTESIAN_POINT('Ctrl Pts',(1.15331530026569,0.0541987506048591,-56.4440919846117));
#7998=CARTESIAN_POINT('Ctrl Pts',(1.0654447852581,0.0541987506048591,-53.8457419533565));
#7999=CARTESIAN_POINT('Ctrl Pts',(1.04750829810806,0.0541987506048591,-52.2977948485965));
#8000=CARTESIAN_POINT('Ctrl Pts',(14.9144317855258,0.222013514331157,-67.2757353168469));
#8001=CARTESIAN_POINT('Ctrl Pts',(12.4504464191531,0.222013514331157,-67.2151208911073));
#8002=CARTESIAN_POINT('Ctrl Pts',(9.12072307075512,0.222013514331157,-66.9396082841843));
#8003=CARTESIAN_POINT('Ctrl Pts',(5.21804007454305,0.222013514331157,-64.8921778694646));
#8004=CARTESIAN_POINT('Ctrl Pts',(2.84867923405909,0.222013514331157,-62.3465919927162));
#8005=CARTESIAN_POINT('Ctrl Pts',(1.34417883307739,0.222013514331157,-59.3420050807587));
#8006=CARTESIAN_POINT('Ctrl Pts',(0.72744397696608,0.222013514331157,-56.476531101672));
#8007=CARTESIAN_POINT('Ctrl Pts',(0.642409555768968,0.222013514331157,-53.855946730082));
#8008=CARTESIAN_POINT('Ctrl Pts',(0.624411630114674,0.222013514331157,-52.3026973855924));
#8009=CARTESIAN_POINT('Ctrl Pts',(14.9057679382018,0.496532414929304,-67.6279219912597));
#8010=CARTESIAN_POINT('Ctrl Pts',(12.4282433797461,0.496532414929304,-67.5669744992753));
#8011=CARTESIAN_POINT('Ctrl Pts',(9.0399267453169,0.496532414929304,-67.2952371725182));
#8012=CARTESIAN_POINT('Ctrl Pts',(4.99778837849732,0.496532414929304,-65.1774016152804));
#8013=CARTESIAN_POINT('Ctrl Pts',(2.55289871387431,0.496532414929304,-62.5463769450736));
#8014=CARTESIAN_POINT('Ctrl Pts',(1.00836574472873,0.496532414929303,-59.4647839661926));
#8015=CARTESIAN_POINT('Ctrl Pts',(0.372893991604012,0.496532414929304,-56.5035708443341));
#8016=CARTESIAN_POINT('Ctrl Pts',(0.290191102441571,0.496532414929304,-53.8644405729761));
#8017=CARTESIAN_POINT('Ctrl Pts',(0.272142053748417,0.496532414929304,-52.306779229675));
#8018=CARTESIAN_POINT('Ctrl Pts',(14.9002850061428,0.884003648261417,-67.8508039899479));
#8019=CARTESIAN_POINT('Ctrl Pts',(12.4141728859616,0.884003648261417,-67.7896452426007));
#8020=CARTESIAN_POINT('Ctrl Pts',(8.98890686176635,0.884003648261417,-67.5204564936962));
#8021=CARTESIAN_POINT('Ctrl Pts',(4.85835511422678,0.884003648261417,-65.3579973225405));
#8022=CARTESIAN_POINT('Ctrl Pts',(2.36563231040257,0.884003648261417,-62.6728573103788));
#8023=CARTESIAN_POINT('Ctrl Pts',(0.795780773906474,0.884003648261417,-59.5425160076482));
#8024=CARTESIAN_POINT('Ctrl Pts',(0.148445533886329,0.884003648261417,-56.520609250565));
#8025=CARTESIAN_POINT('Ctrl Pts',(0.0672890651265547,0.884003648261417,
-53.8698221931787));
#8026=CARTESIAN_POINT('Ctrl Pts',(0.0492075904031696,0.884003648261417,
-52.3093624323728));
#8027=CARTESIAN_POINT('Ctrl Pts',(14.8992352960309,1.40210379601377,-67.8934748611677));
#8028=CARTESIAN_POINT('Ctrl Pts',(12.4114944233192,1.40210379601377,-67.8322760462532));
#8029=CARTESIAN_POINT('Ctrl Pts',(8.97904968772426,1.40210379601377,-67.5634482653026));
#8030=CARTESIAN_POINT('Ctrl Pts',(4.83169763655484,1.40210379601377,-65.392499717578));
#8031=CARTESIAN_POINT('Ctrl Pts',(2.32984469965022,1.40210379601377,-62.6970353327525));
#8032=CARTESIAN_POINT('Ctrl Pts',(0.755133071279128,1.40210379601377,-59.5573729992507));
#8033=CARTESIAN_POINT('Ctrl Pts',(0.105531185823402,1.40210379601377,-56.5239300045117));
#8034=CARTESIAN_POINT('Ctrl Pts',(0.0246142995768993,1.40210379601377,-53.8708475080961));
#8035=CARTESIAN_POINT('Ctrl Pts',(0.00652667479829735,1.40210379601377,
-52.309856987834));
#8036=CARTESIAN_POINT('Ctrl Pts',(14.8993019046742,1.87042222271145,-67.8907672099719));
#8037=CARTESIAN_POINT('Ctrl Pts',(12.4117042060134,1.87042222271145,-67.8295719171616));
#8038=CARTESIAN_POINT('Ctrl Pts',(8.97944311492304,1.87042222271145,-67.5603916573343));
#8039=CARTESIAN_POINT('Ctrl Pts',(4.83348545439136,1.87042222271145,-65.3901215532498));
#8040=CARTESIAN_POINT('Ctrl Pts',(2.33228336992735,1.87042222271145,-62.6954058432561));
#8041=CARTESIAN_POINT('Ctrl Pts',(0.757846805455634,1.87042222271145,-59.5563657581876));
#8042=CARTESIAN_POINT('Ctrl Pts',(0.108400754883095,1.87042222271145,-56.5238717788973));
#8043=CARTESIAN_POINT('Ctrl Pts',(0.0273220475171415,1.87042222271145,-53.8707694704741));
#8044=CARTESIAN_POINT('Ctrl Pts',(0.00923496335370519,1.87042222271145,
-52.3098256061526));
#8045=CARTESIAN_POINT('Ctrl Pts',(14.8990747765941,2.14158148702759,-67.9));
#8046=CARTESIAN_POINT('Ctrl Pts',(12.4110323336199,2.14158148702759,-67.8387937664099));
#8047=CARTESIAN_POINT('Ctrl Pts',(8.97784830412801,2.14158148702759,-67.5704557164146));
#8048=CARTESIAN_POINT('Ctrl Pts',(4.82749428225755,2.14158148702759,-65.3980247275237));
#8049=CARTESIAN_POINT('Ctrl Pts',(2.3241509064365,2.14158148702759,-62.7008582205831));
#8050=CARTESIAN_POINT('Ctrl Pts',(0.748740027595574,2.14158148702759,-59.559729940924));
#8051=CARTESIAN_POINT('Ctrl Pts',(0.0987757014484593,2.14158148702759,-56.5242367532588));
#8052=CARTESIAN_POINT('Ctrl Pts',(0.0180887634867075,2.14158148702759,-53.8710214067719));
#8053=CARTESIAN_POINT('Ctrl Pts',(-3.55619839442018E-14,2.14158148702759,
-52.3099326142028));
#8054=CARTESIAN_POINT('Ctrl Pts',(14.8990747765941,2.285,-67.9));
#8055=CARTESIAN_POINT('Ctrl Pts',(12.411108132288,2.285,-67.838795631069));
#8056=CARTESIAN_POINT('Ctrl Pts',(8.97740661304225,2.285,-67.5698302683742));
#8057=CARTESIAN_POINT('Ctrl Pts',(4.82767755290736,2.285,-65.3976652918042));
#8058=CARTESIAN_POINT('Ctrl Pts',(2.32447028205552,2.285,-62.7006768460781));
#8059=CARTESIAN_POINT('Ctrl Pts',(0.748995962841184,2.285,-59.5596071698824));
#8060=CARTESIAN_POINT('Ctrl Pts',(0.0990544898042772,2.285,-56.5245270046242));
#8061=CARTESIAN_POINT('Ctrl Pts',(0.0180884772762578,2.285,-53.8709967063591));
#8062=CARTESIAN_POINT('Ctrl Pts',(-3.55342081179916E-14,2.285,-52.3099326142028));
#8063=CARTESIAN_POINT('Ctrl Pts',(14.8990747765941,2.285,-67.9));
#8064=CARTESIAN_POINT('Ctrl Pts',(12.411108132288,2.285,-67.838795631069));
#8065=CARTESIAN_POINT('Ctrl Pts',(8.97740661304225,2.285,-67.5698302683742));
#8066=CARTESIAN_POINT('Ctrl Pts',(4.82767755290736,2.285,-65.3976652918042));
#8067=CARTESIAN_POINT('Ctrl Pts',(2.32447028205552,2.285,-62.7006768460781));
#8068=CARTESIAN_POINT('Ctrl Pts',(0.748995962841184,2.285,-59.5596071698824));
#8069=CARTESIAN_POINT('Ctrl Pts',(0.0990544898042772,2.285,-56.5245270046242));
#8070=CARTESIAN_POINT('Ctrl Pts',(0.0180884772762578,2.285,-53.8709967063591));
#8071=CARTESIAN_POINT('Ctrl Pts',(-3.55342081179916E-14,2.285,-52.3099326142028));
#8072=CARTESIAN_POINT('Ctrl Pts',(14.8990747765941,2.285,-67.9));
#8073=CARTESIAN_POINT('Ctrl Pts',(14.8990747765941,1.9765077893726,-67.9));
#8074=CARTESIAN_POINT('Ctrl Pts',(14.8988646780544,1.45015064908337,-67.9170725880663));
#8075=CARTESIAN_POINT('Ctrl Pts',(14.8995557657718,1.08509662469433,-67.8608954302537));
#8076=CARTESIAN_POINT('Ctrl Pts',(14.9000729849136,0.81188538903308,-67.818851706102));
#8077=CARTESIAN_POINT('Ctrl Pts',(14.9012318221984,0.635964445658846,-67.7246355841291));
#8078=CARTESIAN_POINT('Ctrl Pts',(14.9030900977165,0.478059900481603,-67.5739157217644));
#8079=CARTESIAN_POINT('Ctrl Pts',(14.9065726277233,0.182136442711591,-67.2914568300618));
#8080=CARTESIAN_POINT('Ctrl Pts',(14.9101621403864,0.10113832149809,-67.001366548787));
#8081=CARTESIAN_POINT('Ctrl Pts',(14.9131843915257,0.0558322221369924,-66.7578028004995));
#8082=CARTESIAN_POINT('Ctrl Pts',(14.9146292500276,0.0341725718190318,-66.6413614009433));
#8083=CARTESIAN_POINT('Ctrl Pts',(14.9160765985354,0.0237414691149325,-66.5248570054878));
#8084=CARTESIAN_POINT('Ctrl Pts',(14.9178084410441,0.0181206474871005,-66.3856989395053));
#8085=CARTESIAN_POINT('Ctrl Pts',(62.6809252234208,0.005,-64.6356989395069));
#8086=CARTESIAN_POINT('Ctrl Pts',(14.8990747765941,0.005,-64.6356989395069));
#8087=CARTESIAN_POINT('Ctrl Pts',(62.6809252234208,0.00436571113201578,
-64.6693544383392));
#8088=CARTESIAN_POINT('Ctrl Pts',(14.8990747765941,0.00436571113201578,
-64.6693544383392));
#8089=CARTESIAN_POINT('Ctrl Pts',(62.6809252234208,0.0032396123120532,-64.7370989631246));
#8090=CARTESIAN_POINT('Ctrl Pts',(14.8990747765941,0.0032396123120532,-64.7370989631246));
#8091=CARTESIAN_POINT('Ctrl Pts',(62.6809252234208,0.00197804448892297,
-64.8400162763803));
#8092=CARTESIAN_POINT('Ctrl Pts',(14.8990747765941,0.00197804448892297,
-64.8400162763803));
#8093=CARTESIAN_POINT('Ctrl Pts',(62.6809252234208,0.00115210123371261,
-64.9798476773856));
#8094=CARTESIAN_POINT('Ctrl Pts',(14.8990747765941,0.00115210123371261,
-64.9798476773856));
#8095=CARTESIAN_POINT('Ctrl Pts',(62.6809252234208,0.00150310540631692,
-65.1590401050448));
#8096=CARTESIAN_POINT('Ctrl Pts',(14.8990747765941,0.00150310540631692,
-65.1590401050448));
#8097=CARTESIAN_POINT('Ctrl Pts',(62.6809252234208,0.00306066655081805,
-65.3427434167624));
#8098=CARTESIAN_POINT('Ctrl Pts',(14.8990747765941,0.00306066655081805,
-65.3427434167624));
#8099=CARTESIAN_POINT('Ctrl Pts',(62.6809252234208,0.0054929117467722,-65.5311045573878));
#8100=CARTESIAN_POINT('Ctrl Pts',(14.8990747765941,0.0054929117467722,-65.5311045573878));
#8101=CARTESIAN_POINT('Ctrl Pts',(62.6809252234208,0.00813853813528801,
-65.7243531245504));
#8102=CARTESIAN_POINT('Ctrl Pts',(14.8990747765941,0.00813853813528801,
-65.7243531245504));
#8103=CARTESIAN_POINT('Ctrl Pts',(62.6809252234208,0.0102325109719515,-65.922690786291));
#8104=CARTESIAN_POINT('Ctrl Pts',(14.8990747765941,0.0102325109719515,-65.922690786291));
#8105=CARTESIAN_POINT('Ctrl Pts',(62.6809252234208,0.0117322070403022,-66.1259219828996));
#8106=CARTESIAN_POINT('Ctrl Pts',(14.8990747765941,0.0117322070403022,-66.1259219828996));
#8107=CARTESIAN_POINT('Ctrl Pts',(62.6809252234208,0.0147962704937162,-66.3328622164857));
#8108=CARTESIAN_POINT('Ctrl Pts',(14.8990747765941,0.0147962704937162,-66.3328622164857));
#8109=CARTESIAN_POINT('Ctrl Pts',(62.6809252234208,0.0234883449770199,-66.541357978907));
#8110=CARTESIAN_POINT('Ctrl Pts',(14.8990747765941,0.0234883449770199,-66.541357978907));
#8111=CARTESIAN_POINT('Ctrl Pts',(62.6809252234208,0.0479012723981449,-66.7467656965664));
#8112=CARTESIAN_POINT('Ctrl Pts',(14.8990747765941,0.0479012723981449,-66.7467656965664));
#8113=CARTESIAN_POINT('Ctrl Pts',(62.6809252234208,0.0948950943969384,-66.9450861623583));
#8114=CARTESIAN_POINT('Ctrl Pts',(14.8990747765941,0.0948950943969384,-66.9450861623583));
#8115=CARTESIAN_POINT('Ctrl Pts',(62.6809252234208,0.165562169998634,-67.1337599509768));
#8116=CARTESIAN_POINT('Ctrl Pts',(14.8990747765941,0.165562169998634,-67.1337599509768));
#8117=CARTESIAN_POINT('Ctrl Pts',(62.6809252234208,0.258993718080628,-67.3102398073343));
#8118=CARTESIAN_POINT('Ctrl Pts',(14.8990747765941,0.258993718080628,-67.3102398073343));
#8119=CARTESIAN_POINT('Ctrl Pts',(62.6809252234208,0.373339649938094,-67.4715538020013));
#8120=CARTESIAN_POINT('Ctrl Pts',(14.8990747765941,0.373339649938094,-67.4715538020013));
#8121=CARTESIAN_POINT('Ctrl Pts',(62.6809252234208,0.508285991315623,-67.6132468819591));
#8122=CARTESIAN_POINT('Ctrl Pts',(14.8990747765941,0.508285991315623,-67.6132468819591));
#8123=CARTESIAN_POINT('Ctrl Pts',(62.6809252234208,0.66617162689388,-67.7291087993582));
#8124=CARTESIAN_POINT('Ctrl Pts',(14.8990747765941,0.66617162689388,-67.7291087993582));
#8125=CARTESIAN_POINT('Ctrl Pts',(62.6809252234208,0.849456784475758,-67.8134501670487));
#8126=CARTESIAN_POINT('Ctrl Pts',(14.8990747765941,0.849456784475758,-67.8134501670487));
#8127=CARTESIAN_POINT('Ctrl Pts',(62.6809252234208,1.05653376834424,-67.8645638435266));
#8128=CARTESIAN_POINT('Ctrl Pts',(14.8990747765941,1.05653376834424,-67.8645638435266));
#8129=CARTESIAN_POINT('Ctrl Pts',(62.6809252234208,1.28197244633217,-67.8850079869915));
#8130=CARTESIAN_POINT('Ctrl Pts',(14.8990747765941,1.28197244633217,-67.8850079869915));
#8131=CARTESIAN_POINT('Ctrl Pts',(62.6809252234208,1.50586856055931,-67.889763350056));
#8132=CARTESIAN_POINT('Ctrl Pts',(14.8990747765941,1.50586856055931,-67.889763350056));
#8133=CARTESIAN_POINT('Ctrl Pts',(62.6809252234208,1.71405522341095,-67.8921520187407));
#8134=CARTESIAN_POINT('Ctrl Pts',(14.8990747765941,1.71405522341095,-67.8921520187407));
#8135=CARTESIAN_POINT('Ctrl Pts',(62.6809252234208,1.90832107581364,-67.8953072823423));
#8136=CARTESIAN_POINT('Ctrl Pts',(14.8990747765941,1.90832107581364,-67.8953072823424));
#8137=CARTESIAN_POINT('Ctrl Pts',(62.6809252234208,2.05788025577575,-67.8983265649891));
#8138=CARTESIAN_POINT('Ctrl Pts',(14.8990747765941,2.05788025577575,-67.8983265649891));
#8139=CARTESIAN_POINT('Ctrl Pts',(62.6809252234208,2.17068088228991,-67.8996946795428));
#8140=CARTESIAN_POINT('Ctrl Pts',(14.8990747765941,2.17068088228991,-67.8996946795428));
#8141=CARTESIAN_POINT('Ctrl Pts',(62.6809252234208,2.24674823737711,-67.9));
#8142=CARTESIAN_POINT('Ctrl Pts',(14.8990747765941,2.24674823737711,-67.9));
#8143=CARTESIAN_POINT('Ctrl Pts',(62.6809252234208,2.285,-67.9));
#8144=CARTESIAN_POINT('Ctrl Pts',(14.8990747765941,2.285,-67.9));
#8145=CARTESIAN_POINT('Ctrl Pts',(62.6809252234238,2.285,-67.9));
#8146=CARTESIAN_POINT('Ctrl Pts',(62.6809252234121,1.97650666212178,-67.9000000000003));
#8147=CARTESIAN_POINT('Ctrl Pts',(62.6811353260036,1.4501467717314,-67.9170729158614));
#8148=CARTESIAN_POINT('Ctrl Pts',(62.6804442266702,1.0850926229072,-67.8608948144247));
#8149=CARTESIAN_POINT('Ctrl Pts',(62.6799269933292,0.811878385975531,-67.8188499365189));
#8150=CARTESIAN_POINT('Ctrl Pts',(62.6787681105272,0.635955266839793,-67.724630115967));
#8151=CARTESIAN_POINT('Ctrl Pts',(62.6769097953716,0.478050814337944,-67.573907048947));
#8152=CARTESIAN_POINT('Ctrl Pts',(62.6734259241832,0.18201987958863,-67.2913393967292));
#8153=CARTESIAN_POINT('Ctrl Pts',(62.6698351263056,0.101057688367134,-67.0011457234497));
#8154=CARTESIAN_POINT('Ctrl Pts',(62.6668120879212,0.0557794688887389,-66.7575190772738));
#8155=CARTESIAN_POINT('Ctrl Pts',(62.6653682266184,0.0341537200065127,-66.6411583031111));
#8156=CARTESIAN_POINT('Ctrl Pts',(62.6639213388988,0.0237347748463357,-66.5246912714484));
#8157=CARTESIAN_POINT('Ctrl Pts',(62.6621915589736,0.0181206474871193,-66.3856989395058));
#8158=CARTESIAN_POINT('Ctrl Pts',(76.0655546507692,0.0181107190326232,-52.2923843210619));
#8159=CARTESIAN_POINT('Ctrl Pts',(76.0476859448714,0.0181107190326232,-53.8344817969721));
#8160=CARTESIAN_POINT('Ctrl Pts',(75.9565158049458,0.0181107190326232,-56.4079083669013));
#8161=CARTESIAN_POINT('Ctrl Pts',(75.3870911608005,0.0181107190326232,-59.0313097780878));
#8162=CARTESIAN_POINT('Ctrl Pts',(73.9837232032174,0.0181107190326232,-61.8410355303429));
#8163=CARTESIAN_POINT('Ctrl Pts',(71.8052803365092,0.0181107190326232,-64.1706502499643));
#8164=CARTESIAN_POINT('Ctrl Pts',(68.2550210729582,0.0181107190326232,-66.0401795762513));
#8165=CARTESIAN_POINT('Ctrl Pts',(65.0734417947685,0.0181107190326232,-66.3261384953913));
#8166=CARTESIAN_POINT('Ctrl Pts',(62.6436783983564,0.0181107190326232,-66.3859110553138));
#8167=CARTESIAN_POINT('Ctrl Pts',(76.2212341956883,0.024391672601701,-52.2941882225959));
#8168=CARTESIAN_POINT('Ctrl Pts',(76.2033428100239,0.024391672601701,-53.8382429981009));
#8169=CARTESIAN_POINT('Ctrl Pts',(76.1133401455895,0.024391672601701,-56.4197845016199));
#8170=CARTESIAN_POINT('Ctrl Pts',(75.5356375743277,0.024391672601701,-59.0856278198086));
#8171=CARTESIAN_POINT('Ctrl Pts',(74.1146160211739,0.024391672601701,-61.9294208694338));
#8172=CARTESIAN_POINT('Ctrl Pts',(71.9027448300679,0.024391672601701,-64.2968539877208));
#8173=CARTESIAN_POINT('Ctrl Pts',(68.2906771545465,0.024391672601701,-66.1975896996521));
#8174=CARTESIAN_POINT('Ctrl Pts',(65.0832770404494,0.024391672601701,-66.4816336446801));
#8175=CARTESIAN_POINT('Ctrl Pts',(62.6475072382539,0.024391672601701,-66.5415539631252));
#8176=CARTESIAN_POINT('Ctrl Pts',(76.5318674631366,0.0541104940168037,-52.2977876153612));
#8177=CARTESIAN_POINT('Ctrl Pts',(76.5139310942684,0.0541104940168037,-53.8457245122457));
#8178=CARTESIAN_POINT('Ctrl Pts',(76.4259686320507,0.0541104940168037,-56.443741809575));
#8179=CARTESIAN_POINT('Ctrl Pts',(75.831768288353,0.0541104940168037,-59.1938706059977));
#8180=CARTESIAN_POINT('Ctrl Pts',(74.3754589145062,0.0541104940168037,-62.1055644625201));
#8181=CARTESIAN_POINT('Ctrl Pts',(72.0970222956646,0.0541104940168037,-64.5482801559403));
#8182=CARTESIAN_POINT('Ctrl Pts',(68.3622295835297,0.0541104940168037,-66.5110278065914));
#8183=CARTESIAN_POINT('Ctrl Pts',(65.1028300153406,0.0541104940168037,-66.7919007434634));
#8184=CARTESIAN_POINT('Ctrl Pts',(62.6551470669065,0.0541104940168037,-66.8521141271709));
#8185=CARTESIAN_POINT('Ctrl Pts',(77.0977880396604,0.277159617918257,-52.3043450921105));
#8186=CARTESIAN_POINT('Ctrl Pts',(77.0797694949989,0.277159617918257,-53.8593738894434));
#8187=CARTESIAN_POINT('Ctrl Pts',(76.9957635373105,0.277159617918257,-56.4871722460463));
#8188=CARTESIAN_POINT('Ctrl Pts',(76.3714909397093,0.277159617918257,-59.3911864032793));
#8189=CARTESIAN_POINT('Ctrl Pts',(74.850945328144,0.277159617918257,-62.4266459726443));
#8190=CARTESIAN_POINT('Ctrl Pts',(72.4511257943902,0.277159617918257,-65.0066609561187));
#8191=CARTESIAN_POINT('Ctrl Pts',(68.4922491753323,0.277159617918257,-67.0825952060701));
#8192=CARTESIAN_POINT('Ctrl Pts',(65.138511535532,0.277159617918257,-67.3571527633911));
#8193=CARTESIAN_POINT('Ctrl Pts',(62.6690655253869,0.277159617918257,-67.4179015218236));
#8194=CARTESIAN_POINT('Ctrl Pts',(77.5691188981906,0.768516445358316,-52.3098065318853));
#8195=CARTESIAN_POINT('Ctrl Pts',(77.5510319085923,0.768516445358316,-53.8707422351091));
#8196=CARTESIAN_POINT('Ctrl Pts',(77.47032570772,0.768516445358316,-56.5233394850858));
#8197=CARTESIAN_POINT('Ctrl Pts',(76.8210069190691,0.768516445358316,-59.5555244319603));
#8198=CARTESIAN_POINT('Ctrl Pts',(75.2469627043498,0.768516445358316,-62.6940643096645));
#8199=CARTESIAN_POINT('Ctrl Pts',(72.7460464408547,0.768516445358316,-65.3884327554105));
#8200=CARTESIAN_POINT('Ctrl Pts',(68.6005304900095,0.768516445358316,-67.5586392658402));
#8201=CARTESIAN_POINT('Ctrl Pts',(65.1682302641346,0.768516445358316,-67.8279267821911));
#8202=CARTESIAN_POINT('Ctrl Pts',(62.6806576096071,0.768516445358316,-67.8891214589131));
#8203=CARTESIAN_POINT('Ctrl Pts',(77.5679414129968,1.49198936066064,-52.3097928880418));
#8204=CARTESIAN_POINT('Ctrl Pts',(77.5498547686408,1.49198936066064,-53.87069879632));
#8205=CARTESIAN_POINT('Ctrl Pts',(77.4689540196333,1.49198936066064,-56.5234168272418));
#8206=CARTESIAN_POINT('Ctrl Pts',(76.8197103512728,1.49198936066064,-59.5550236915372));
#8207=CARTESIAN_POINT('Ctrl Pts',(75.2457592587267,1.49198936066064,-62.6932577828133));
#8208=CARTESIAN_POINT('Ctrl Pts',(72.7451827300578,1.49198936066064,-65.3872259853048));
#8209=CARTESIAN_POINT('Ctrl Pts',(68.6005217575873,1.49198936066064,-67.5570325520866));
#8210=CARTESIAN_POINT('Ctrl Pts',(65.1681098722649,1.49198936066064,-67.8267518233533));
#8211=CARTESIAN_POINT('Ctrl Pts',(62.6806286501039,1.49198936066064,-67.8879442508248));
#8212=CARTESIAN_POINT('Ctrl Pts',(77.5761796667648,1.93283193143629,-52.309888346945));
#8213=CARTESIAN_POINT('Ctrl Pts',(77.5580916792826,1.93283193143629,-53.8709101691241));
#8214=CARTESIAN_POINT('Ctrl Pts',(77.4774055564522,1.93283193143629,-56.5239077100837));
#8215=CARTESIAN_POINT('Ctrl Pts',(76.8277135408074,1.93283193143629,-59.5579720865701));
#8216=CARTESIAN_POINT('Ctrl Pts',(75.2528615049785,1.93283193143629,-62.6980485527681));
#8217=CARTESIAN_POINT('Ctrl Pts',(72.7504444976124,1.93283193143629,-65.3941120191922));
#8218=CARTESIAN_POINT('Ctrl Pts',(68.6021938428221,1.93283193143629,-67.5657048669301));
#8219=CARTESIAN_POINT('Ctrl Pts',(65.1686681942906,1.93283193143629,-67.8349793879006));
#8220=CARTESIAN_POINT('Ctrl Pts',(62.6808312647424,1.93283193143629,-67.8961805658294));
#8221=CARTESIAN_POINT('Ctrl Pts',(77.58,2.14157069728477,-52.3099326141928));
#8222=CARTESIAN_POINT('Ctrl Pts',(77.5619116143717,2.14157069728477,-53.8709887970114));
#8223=CARTESIAN_POINT('Ctrl Pts',(77.4810847752747,2.14157069728477,-56.5243515959005));
#8224=CARTESIAN_POINT('Ctrl Pts',(76.8312010301205,2.14157069728477,-59.5592230474567));
#8225=CARTESIAN_POINT('Ctrl Pts',(75.255878936022,2.14157069728477,-62.7000916346702));
#8226=CARTESIAN_POINT('Ctrl Pts',(72.7527208545237,2.14157069728477,-65.3969790064924));
#8227=CARTESIAN_POINT('Ctrl Pts',(68.6033068098597,2.14157069728477,-67.5691881690825));
#8228=CARTESIAN_POINT('Ctrl Pts',(65.168867596175,2.14157069728477,-67.8387962281518));
#8229=CARTESIAN_POINT('Ctrl Pts',(62.6809252234209,2.14157069728477,-67.9000000000001));
#8230=CARTESIAN_POINT('Ctrl Pts',(77.58,2.285,-52.3099326141928));
#8231=CARTESIAN_POINT('Ctrl Pts',(77.561911522724,2.285,-53.8709967063498));
#8232=CARTESIAN_POINT('Ctrl Pts',(77.4811826703033,2.285,-56.524263396598));
#8233=CARTESIAN_POINT('Ctrl Pts',(76.8312923247282,2.285,-59.5592704821957));
#8234=CARTESIAN_POINT('Ctrl Pts',(75.2559915466816,2.285,-62.7001644568426));
#8235=CARTESIAN_POINT('Ctrl Pts',(72.7527876163474,2.285,-65.3971120833807));
#8236=CARTESIAN_POINT('Ctrl Pts',(68.6031691283642,2.285,-67.569407728446));
#8237=CARTESIAN_POINT('Ctrl Pts',(65.1688918677256,2.285,-67.8387956310679));
#8238=CARTESIAN_POINT('Ctrl Pts',(62.6809252234209,2.285,-67.9000000000001));
#8239=CARTESIAN_POINT('Ctrl Pts',(77.58,2.285,-52.3099326141928));
#8240=CARTESIAN_POINT('Ctrl Pts',(77.561911522724,2.285,-53.8709967063498));
#8241=CARTESIAN_POINT('Ctrl Pts',(77.4811826703033,2.285,-56.524263396598));
#8242=CARTESIAN_POINT('Ctrl Pts',(76.8312923247282,2.285,-59.5592704821957));
#8243=CARTESIAN_POINT('Ctrl Pts',(75.2559915466816,2.285,-62.7001644568426));
#8244=CARTESIAN_POINT('Ctrl Pts',(72.7527876163474,2.285,-65.3971120833807));
#8245=CARTESIAN_POINT('Ctrl Pts',(68.6031691283642,2.285,-67.569407728446));
#8246=CARTESIAN_POINT('Ctrl Pts',(65.1688918677256,2.285,-67.8387956310679));
#8247=CARTESIAN_POINT('Ctrl Pts',(62.6809252234209,2.285,-67.9000000000001));
#8248=CARTESIAN_POINT('Ctrl Pts',(14.8990747765787,5.965,-1.39759918836832E-14));
#8249=CARTESIAN_POINT('Ctrl Pts',(62.680925223424,5.965,-1.39747721562391E-14));
#8250=CARTESIAN_POINT('Ctrl Pts',(14.8990747765787,6.00325176262289,-1.39685831774224E-14));
#8251=CARTESIAN_POINT('Ctrl Pts',(62.680925223424,6.00325176262289,-1.39673634499784E-14));
#8252=CARTESIAN_POINT('Ctrl Pts',(14.8990747765787,6.07931911771009,-0.000305320457188711));
#8253=CARTESIAN_POINT('Ctrl Pts',(62.680925223424,6.07931911771009,-0.000305320457188709));
#8254=CARTESIAN_POINT('Ctrl Pts',(14.8990747765787,6.19211974422425,-0.00167343501091017));
#8255=CARTESIAN_POINT('Ctrl Pts',(62.680925223424,6.19211974422425,-0.00167343501091017));
#8256=CARTESIAN_POINT('Ctrl Pts',(14.8990747765787,6.34167892418636,-0.00469271765765715));
#8257=CARTESIAN_POINT('Ctrl Pts',(62.680925223424,6.34167892418636,-0.00469271765765715));
#8258=CARTESIAN_POINT('Ctrl Pts',(14.8990747765787,6.53594477658906,-0.00784798125927921));
#8259=CARTESIAN_POINT('Ctrl Pts',(62.680925223424,6.53594477658906,-0.00784798125927921));
#8260=CARTESIAN_POINT('Ctrl Pts',(14.8990747765787,6.74413143944069,-0.0102366499439851));
#8261=CARTESIAN_POINT('Ctrl Pts',(62.680925223424,6.74413143944069,-0.0102366499439851));
#8262=CARTESIAN_POINT('Ctrl Pts',(14.8990747765787,6.96802755366783,-0.0149920130084918));
#8263=CARTESIAN_POINT('Ctrl Pts',(62.680925223424,6.96802755366783,-0.0149920130084918));
#8264=CARTESIAN_POINT('Ctrl Pts',(14.8990747765787,7.19346623165576,-0.0354361564734311));
#8265=CARTESIAN_POINT('Ctrl Pts',(62.680925223424,7.19346623165576,-0.0354361564734311));
#8266=CARTESIAN_POINT('Ctrl Pts',(14.8990747765787,7.40054321552424,-0.0865498329513468));
#8267=CARTESIAN_POINT('Ctrl Pts',(62.680925223424,7.40054321552424,-0.0865498329513468));
#8268=CARTESIAN_POINT('Ctrl Pts',(14.8990747765787,7.58382837310612,-0.170891200641789));
#8269=CARTESIAN_POINT('Ctrl Pts',(62.680925223424,7.58382837310612,-0.170891200641789));
#8270=CARTESIAN_POINT('Ctrl Pts',(14.8990747765787,7.74171400868438,-0.286753118040875));
#8271=CARTESIAN_POINT('Ctrl Pts',(62.680925223424,7.74171400868438,-0.286753118040875));
#8272=CARTESIAN_POINT('Ctrl Pts',(14.8990747765787,7.87666035006191,-0.42844619799875));
#8273=CARTESIAN_POINT('Ctrl Pts',(62.680925223424,7.87666035006191,-0.42844619799875));
#8274=CARTESIAN_POINT('Ctrl Pts',(14.8990747765787,7.99100628191937,-0.589760192665746));
#8275=CARTESIAN_POINT('Ctrl Pts',(62.680925223424,7.99100628191937,-0.589760192665746));
#8276=CARTESIAN_POINT('Ctrl Pts',(14.8990747765787,8.08443783000137,-0.766240049023213));
#8277=CARTESIAN_POINT('Ctrl Pts',(62.680925223424,8.08443783000137,-0.766240049023213));
#8278=CARTESIAN_POINT('Ctrl Pts',(14.8990747765787,8.15510490560306,-0.954913837641735));
#8279=CARTESIAN_POINT('Ctrl Pts',(62.680925223424,8.15510490560306,-0.954913837641735));
#8280=CARTESIAN_POINT('Ctrl Pts',(14.8990747765787,8.20209872760186,-1.15323430343358));
#8281=CARTESIAN_POINT('Ctrl Pts',(62.680925223424,8.20209872760186,-1.15323430343358));
#8282=CARTESIAN_POINT('Ctrl Pts',(14.8990747765787,8.22651165502298,-1.35864202109297));
#8283=CARTESIAN_POINT('Ctrl Pts',(62.680925223424,8.22651165502298,-1.35864202109297));
#8284=CARTESIAN_POINT('Ctrl Pts',(14.8990747765787,8.23520372950628,-1.56713778351429));
#8285=CARTESIAN_POINT('Ctrl Pts',(62.680925223424,8.23520372950628,-1.56713778351429));
#8286=CARTESIAN_POINT('Ctrl Pts',(14.8990747765787,8.2382677929597,-1.77407801710038));
#8287=CARTESIAN_POINT('Ctrl Pts',(62.680925223424,8.2382677929597,-1.77407801710038));
#8288=CARTESIAN_POINT('Ctrl Pts',(14.8990747765787,8.23976748902805,-1.97730921370899));
#8289=CARTESIAN_POINT('Ctrl Pts',(62.680925223424,8.23976748902805,-1.97730921370899));
#8290=CARTESIAN_POINT('Ctrl Pts',(14.8990747765787,8.24186146186471,-2.17564687544964));
#8291=CARTESIAN_POINT('Ctrl Pts',(62.680925223424,8.24186146186471,-2.17564687544964));
#8292=CARTESIAN_POINT('Ctrl Pts',(14.8990747765787,8.24450708825323,-2.3688954426122));
#8293=CARTESIAN_POINT('Ctrl Pts',(62.680925223424,8.24450708825323,-2.3688954426122));
#8294=CARTESIAN_POINT('Ctrl Pts',(14.8990747765787,8.24693933344918,-2.55725658323764));
#8295=CARTESIAN_POINT('Ctrl Pts',(62.680925223424,8.24693933344918,-2.55725658323764));
#8296=CARTESIAN_POINT('Ctrl Pts',(14.8990747765787,8.24849689459368,-2.74095989495519));
#8297=CARTESIAN_POINT('Ctrl Pts',(62.680925223424,8.24849689459368,-2.74095989495519));
#8298=CARTESIAN_POINT('Ctrl Pts',(14.8990747765787,8.24884789876629,-2.9201523226144));
#8299=CARTESIAN_POINT('Ctrl Pts',(62.680925223424,8.24884789876629,-2.9201523226144));
#8300=CARTESIAN_POINT('Ctrl Pts',(14.8990747765787,8.24802195551108,-3.05998372361968));
#8301=CARTESIAN_POINT('Ctrl Pts',(62.680925223424,8.24802195551108,-3.05998372361968));
#8302=CARTESIAN_POINT('Ctrl Pts',(14.8990747765787,8.24676038768795,-3.16290103687541));
#8303=CARTESIAN_POINT('Ctrl Pts',(62.680925223424,8.24676038768795,-3.16290103687541));
#8304=CARTESIAN_POINT('Ctrl Pts',(14.8990747765787,8.24563428886798,-3.23064556166077));
#8305=CARTESIAN_POINT('Ctrl Pts',(62.680925223424,8.24563428886798,-3.23064556166077));
#8306=CARTESIAN_POINT('Ctrl Pts',(14.8990747765787,8.245,-3.26430106049314));
#8307=CARTESIAN_POINT('Ctrl Pts',(62.680925223424,8.245,-3.26430106049314));
#8308=CARTESIAN_POINT('',(14.8990747765787,5.965,3.5527136788005E-14));
#8309=CARTESIAN_POINT('Ctrl Pts',(14.916564806617,8.22668133827933,-1.41433203203002));
#8310=CARTESIAN_POINT('Ctrl Pts',(14.9146735124923,8.21674682472965,-1.26224069687402));
#8311=CARTESIAN_POINT('Ctrl Pts',(14.9127232450697,8.19609595440305,-1.10513494322197));
#8312=CARTESIAN_POINT('Ctrl Pts',(14.9080180988539,8.07587380582482,-0.72534180655678));
#8313=CARTESIAN_POINT('Ctrl Pts',(14.9060639129294,7.97643327228143,-0.56709885515082));
#8314=CARTESIAN_POINT('Ctrl Pts',(14.9035943600531,7.8204118963282,-0.367012907340363));
#8315=CARTESIAN_POINT('Ctrl Pts',(14.9024569961421,7.72894452877833,-0.274746591443924));
#8316=CARTESIAN_POINT('Ctrl Pts',(14.90048425074,7.47884308546377,-0.114585427397076));
#8317=CARTESIAN_POINT('Ctrl Pts',(14.899935257496,7.34010169839933,-0.0699513743835533));
#8318=CARTESIAN_POINT('Ctrl Pts',(14.8988929605036,6.86616580259312,0.0147708295890961));
#8319=CARTESIAN_POINT('Ctrl Pts',(14.8990747765765,6.1339207131819,-1.3948608520087E-14));
#8320=CARTESIAN_POINT('Ctrl Pts',(14.8990747765765,5.965,-1.39813255469509E-14));
#8321=CARTESIAN_POINT('',(62.680925223424,5.965,6.48919641191043E-18));
#8322=CARTESIAN_POINT('',(14.8990747765787,5.965,-1.39759918836832E-14));
#8323=CARTESIAN_POINT('Ctrl Pts',(62.6634351933833,8.22668133827935,-1.4143320320304));
#8324=CARTESIAN_POINT('Ctrl Pts',(62.6654387712047,8.21615702543703,-1.25321122991081));
#8325=CARTESIAN_POINT('Ctrl Pts',(62.6673545960537,8.1941070200208,-1.098851711417));
#8326=CARTESIAN_POINT('Ctrl Pts',(62.6719819011463,8.07587380582474,-0.725341806555982));
#8327=CARTESIAN_POINT('Ctrl Pts',(62.6739360870708,7.97643327228039,-0.567098855149508));
#8328=CARTESIAN_POINT('Ctrl Pts',(62.6764056399472,7.82041189632803,-0.367012907340081));
#8329=CARTESIAN_POINT('Ctrl Pts',(62.6775430038586,7.72894452877817,-0.274746591443816));
#8330=CARTESIAN_POINT('Ctrl Pts',(62.67951574926,7.47884308546426,-0.114585427397362));
#8331=CARTESIAN_POINT('Ctrl Pts',(62.6800647425045,7.34010169840004,-0.0699513743836668));
#8332=CARTESIAN_POINT('Ctrl Pts',(62.6811070394968,6.86616580259309,0.0147708295891189));
#8333=CARTESIAN_POINT('Ctrl Pts',(62.680925223424,6.13392071318189,3.88584294274172E-17));
#8334=CARTESIAN_POINT('Ctrl Pts',(62.680925223424,5.965,6.1414025635827E-18));
#8335=CARTESIAN_POINT('Ctrl Pts',(3.97661199138676E-13,5.965,-15.5900673857647));
#8336=CARTESIAN_POINT('Ctrl Pts',(0.00904423863873921,5.965,-14.8095353396893));
#8337=CARTESIAN_POINT('Ctrl Pts',(0.0404526679301057,5.965,-13.3527555272701));
#8338=CARTESIAN_POINT('Ctrl Pts',(0.206681501187836,5.965,-10.8762267358903));
#8339=CARTESIAN_POINT('Ctrl Pts',(0.752045850931221,5.965,-8.33106840757832));
#8340=CARTESIAN_POINT('Ctrl Pts',(2.32553423686552,5.965,-5.19800027997524));
#8341=CARTESIAN_POINT('Ctrl Pts',(4.83170976701981,5.965,-2.49987560659017));
#8342=CARTESIAN_POINT('Ctrl Pts',(7.94008093964366,5.965,-0.870845088520706));
#8343=CARTESIAN_POINT('Ctrl Pts',(11.278741623879,5.965,-0.154328907722889));
#8344=CARTESIAN_POINT('Ctrl Pts',(13.6550914544281,5.965,-0.0306021844661211));
#8345=CARTESIAN_POINT('Ctrl Pts',(14.8990747765787,5.965,3.94229922182259E-14));
#8346=CARTESIAN_POINT('Ctrl Pts',(3.97634271152605E-13,6.10404075041303,
-15.5900673857647));
#8347=CARTESIAN_POINT('Ctrl Pts',(0.00904431254947452,6.10404075041303,
-14.8095289610764));
#8348=CARTESIAN_POINT('Ctrl Pts',(0.0404342066079706,6.10404075041303,-13.3527872011301));
#8349=CARTESIAN_POINT('Ctrl Pts',(0.206610648170493,6.10404075041303,-10.8762816876802));
#8350=CARTESIAN_POINT('Ctrl Pts',(0.751981846704808,6.10404075041303,-8.3310438632715));
#8351=CARTESIAN_POINT('Ctrl Pts',(2.32541045400256,6.10404075041303,-5.19795537647009));
#8352=CARTESIAN_POINT('Ctrl Pts',(4.83166564463524,6.10404075041303,-2.49978612016278));
#8353=CARTESIAN_POINT('Ctrl Pts',(7.94011955331515,6.10404075041303,-0.870710244968159));
#8354=CARTESIAN_POINT('Ctrl Pts',(11.2788527010255,6.10404075041303,-0.154259430042635));
#8355=CARTESIAN_POINT('Ctrl Pts',(13.6550718802465,6.10404075041303,-0.0306026659940509));
#8356=CARTESIAN_POINT('Ctrl Pts',(14.8990747765787,6.10404075041303,3.94499138671537E-14));
#8357=CARTESIAN_POINT('Ctrl Pts',(0.00749585968643851,6.36873765882568,
-15.5901542423443));
#8358=CARTESIAN_POINT('Ctrl Pts',(0.0165395668211376,6.36873765882568,-14.8096680658708));
#8359=CARTESIAN_POINT('Ctrl Pts',(0.0479381697569357,6.36873765882568,-13.3530324356869));
#8360=CARTESIAN_POINT('Ctrl Pts',(0.214148340165988,6.36873765882568,-10.8771566352084));
#8361=CARTESIAN_POINT('Ctrl Pts',(0.759150888512493,6.36873765882568,-8.33367057925451));
#8362=CARTESIAN_POINT('Ctrl Pts',(2.33179925564798,6.36873765882568,-5.20224189942619));
#8363=CARTESIAN_POINT('Ctrl Pts',(4.83636379770246,6.36873765882568,-2.50591824036917));
#8364=CARTESIAN_POINT('Ctrl Pts',(7.94255005435714,6.36873765882568,-0.878012970133183));
#8365=CARTESIAN_POINT('Ctrl Pts',(11.2795727370488,6.36873765882568,-0.161795193763962));
#8366=CARTESIAN_POINT('Ctrl Pts',(13.6554165713506,6.36873765882568,-0.0380928173588536));
#8367=CARTESIAN_POINT('Ctrl Pts',(14.8992591325045,6.36873765882568,-0.00749409563524944));
#8368=CARTESIAN_POINT('Ctrl Pts',(0.00891768016584393,6.81528849689837,
-15.5901707173677));
#8369=CARTESIAN_POINT('Ctrl Pts',(0.0179613258254705,6.81528849689837,-14.8096898462898));
#8370=CARTESIAN_POINT('Ctrl Pts',(0.0493481990208628,6.81528849689837,-13.3531018191429));
#8371=CARTESIAN_POINT('Ctrl Pts',(0.21552694257594,6.81528849689837,-10.8773622687811));
#8372=CARTESIAN_POINT('Ctrl Pts',(0.760464509603609,6.81528849689837,-8.33415109683766));
#8373=CARTESIAN_POINT('Ctrl Pts',(2.33292172255583,6.81528849689837,-5.2030225520112));
#8374=CARTESIAN_POINT('Ctrl Pts',(4.83722309254196,6.81528849689837,-2.5070167803052));
#8375=CARTESIAN_POINT('Ctrl Pts',(7.9430389511027,6.81528849689837,-0.879300805417323));
#8376=CARTESIAN_POINT('Ctrl Pts',(11.2797895069989,6.81528849689837,-0.163174423352051));
#8377=CARTESIAN_POINT('Ctrl Pts',(13.655467820903,6.81528849689837,-0.0395139027220716));
#8378=CARTESIAN_POINT('Ctrl Pts',(14.8992941012795,6.81528849689837,-0.00891558150813994));
#8379=CARTESIAN_POINT('Ctrl Pts',(0.0481636355540965,7.49183387928576,-15.5906254710039));
#8380=CARTESIAN_POINT('Ctrl Pts',(0.0572044079544524,7.49183387928576,-14.8103925667286));
#8381=CARTESIAN_POINT('Ctrl Pts',(0.0885625223887163,7.49183387928576,-13.3545128523144));
#8382=CARTESIAN_POINT('Ctrl Pts',(0.254707685710022,7.49183387928576,-10.8821636617481));
#8383=CARTESIAN_POINT('Ctrl Pts',(0.79774259123055,7.49183387928576,-8.34780529103588));
#8384=CARTESIAN_POINT('Ctrl Pts',(2.36587490577732,7.49183387928576,-5.22528529894398));
#8385=CARTESIAN_POINT('Ctrl Pts',(4.86164413834619,7.49183387928576,-2.53876364365384));
#8386=CARTESIAN_POINT('Ctrl Pts',(7.95591918950782,7.49183387928577,-0.916994632809231));
#8387=CARTESIAN_POINT('Ctrl Pts',(11.284004983956,7.49183387928577,-0.202350587935212));
#8388=CARTESIAN_POINT('Ctrl Pts',(13.6571939912023,7.49183387928576,-0.0787319028330907));
#8389=CARTESIAN_POINT('Ctrl Pts',(14.9002593307185,7.49183387928576,-0.0481523008834447));
#8390=CARTESIAN_POINT('Ctrl Pts',(0.430069243893714,7.93172323080278,-15.5950507159076));
#8391=CARTESIAN_POINT('Ctrl Pts',(0.439082309698593,7.93172323080278,-14.8172089344812));
#8392=CARTESIAN_POINT('Ctrl Pts',(0.470097041532609,7.93172323080278,-13.3683522925863));
#8393=CARTESIAN_POINT('Ctrl Pts',(0.635735862493557,7.93172323080278,-10.9290747551869));
#8394=CARTESIAN_POINT('Ctrl Pts',(1.16027928689854,7.93172323080278,-8.48059124923762));
#8395=CARTESIAN_POINT('Ctrl Pts',(2.68612077182168,7.93172323080278,-5.44177200902725));
#8396=CARTESIAN_POINT('Ctrl Pts',(5.09913610889223,7.93172323080278,-2.84738826175448));
#8397=CARTESIAN_POINT('Ctrl Pts',(8.08139019179677,7.93172323080278,-1.28333418574899));
#8398=CARTESIAN_POINT('Ctrl Pts',(11.3254068480038,7.93172323080278,-0.583338924375089));
#8399=CARTESIAN_POINT('Ctrl Pts',(13.6739244061634,7.93172323080278,-0.460367126495763));
#8400=CARTESIAN_POINT('Ctrl Pts',(14.9096520574962,7.93172323080278,-0.429968032824118));
#8401=CARTESIAN_POINT('Ctrl Pts',(0.96716229233037,8.17292655402946,-15.6012741601922));
#8402=CARTESIAN_POINT('Ctrl Pts',(0.976136322587329,8.17292655402946,-14.826801208062));
#8403=CARTESIAN_POINT('Ctrl Pts',(1.00668578560613,8.17292655402946,-13.3877852362217));
#8404=CARTESIAN_POINT('Ctrl Pts',(1.17166239398247,8.17292655402946,-10.9949958636678));
#8405=CARTESIAN_POINT('Ctrl Pts',(1.67019379853287,8.17292655402946,-8.66735818361381));
#8406=CARTESIAN_POINT('Ctrl Pts',(3.13661647979429,8.17292655402946,-5.74627090087264));
#8407=CARTESIAN_POINT('Ctrl Pts',(5.43317501037296,8.17292655402946,-3.281507771127));
#8408=CARTESIAN_POINT('Ctrl Pts',(8.25780960338628,8.17292655402946,-1.79866429277155));
#8409=CARTESIAN_POINT('Ctrl Pts',(11.3835266134044,8.17292655402946,-1.11920811692853));
#8410=CARTESIAN_POINT('Ctrl Pts',(13.6974718660298,8.17292655402946,-0.99707946091129));
#8411=CARTESIAN_POINT('Ctrl Pts',(14.9228615211646,8.17292655402946,-0.966934683564491));
#8412=CARTESIAN_POINT('Ctrl Pts',(1.26382366707305,8.21686615850016,-15.6047116568093));
#8413=CARTESIAN_POINT('Ctrl Pts',(1.27277628609542,8.21686615850016,-14.8320865279625));
#8414=CARTESIAN_POINT('Ctrl Pts',(1.30303116609579,8.21686615850016,-13.3985831928377));
#8415=CARTESIAN_POINT('Ctrl Pts',(1.46753574199443,8.21686615850016,-11.0315186002935));
#8416=CARTESIAN_POINT('Ctrl Pts',(1.95171339365661,8.21686615850016,-8.77046843337196));
#8417=CARTESIAN_POINT('Ctrl Pts',(3.38519507260484,8.21686615850016,-5.91436867249241));
#8418=CARTESIAN_POINT('Ctrl Pts',(5.61759068221726,8.21686615850016,-3.52111059137655));
#8419=CARTESIAN_POINT('Ctrl Pts',(8.35533253505445,8.21686615850016,-2.08303149453274));
#8420=CARTESIAN_POINT('Ctrl Pts',(11.415854141268,8.21686615850016,-1.41505258347348));
#8421=CARTESIAN_POINT('Ctrl Pts',(13.7104385183829,8.21686615850016,-1.29353152630489));
#8422=CARTESIAN_POINT('Ctrl Pts',(14.9301577199572,8.21686615850016,-1.26352624300337));
#8423=CARTESIAN_POINT('Ctrl Pts',(1.4144658369875,8.22669627273699,-15.6064571888993));
#8424=CARTESIAN_POINT('Ctrl Pts',(1.42340744428739,8.22669627273699,-14.8347823890552));
#8425=CARTESIAN_POINT('Ctrl Pts',(1.45354766500573,8.22669627273699,-13.40400661933));
#8426=CARTESIAN_POINT('Ctrl Pts',(1.61791127287989,8.22669627273699,-11.0499609907713));
#8427=CARTESIAN_POINT('Ctrl Pts',(2.09478730287434,8.22669627273699,-8.82287320848128));
#8428=CARTESIAN_POINT('Ctrl Pts',(3.51165446177025,8.22669627273699,-5.99981193333289));
#8429=CARTESIAN_POINT('Ctrl Pts',(5.71131856465719,8.22669627273699,-3.64294753046387));
#8430=CARTESIAN_POINT('Ctrl Pts',(8.40478110272327,8.22669627273699,-2.22768488320034));
#8431=CARTESIAN_POINT('Ctrl Pts',(11.4320604779697,8.22669627273699,-1.56541085692639));
#8432=CARTESIAN_POINT('Ctrl Pts',(13.7170597615127,8.22669627273699,-1.44406650329491));
#8433=CARTESIAN_POINT('Ctrl Pts',(14.933862668804,8.22669627273699,-1.41413296128929));
#8434=CARTESIAN_POINT('Ctrl Pts',(3.97661199138676E-13,5.965,-15.5900673857647));
#8435=CARTESIAN_POINT('Ctrl Pts',(0.00904423863873921,5.965,-14.8095353396893));
#8436=CARTESIAN_POINT('Ctrl Pts',(0.0404526679301057,5.965,-13.3527555272701));
#8437=CARTESIAN_POINT('Ctrl Pts',(0.206681501187836,5.965,-10.8762267358903));
#8438=CARTESIAN_POINT('Ctrl Pts',(0.752045850931221,5.965,-8.33106840757832));
#8439=CARTESIAN_POINT('Ctrl Pts',(2.32553423686552,5.965,-5.19800027997524));
#8440=CARTESIAN_POINT('Ctrl Pts',(4.83170976701981,5.965,-2.49987560659017));
#8441=CARTESIAN_POINT('Ctrl Pts',(7.94008093964366,5.965,-0.870845088520706));
#8442=CARTESIAN_POINT('Ctrl Pts',(11.278741623879,5.965,-0.154328907722889));
#8443=CARTESIAN_POINT('Ctrl Pts',(13.6550914544281,5.965,-0.0306021844661211));
#8444=CARTESIAN_POINT('Ctrl Pts',(14.8990747765787,5.965,3.94229922182259E-14));
#8445=CARTESIAN_POINT('Ctrl Pts',(77.58,5.965,-15.590067385798));
#8446=CARTESIAN_POINT('Ctrl Pts',(77.58,5.965,-52.3099326141928));
#8447=CARTESIAN_POINT('Ctrl Pts',(77.58,6.00325176262289,-15.590067385798));
#8448=CARTESIAN_POINT('Ctrl Pts',(77.58,6.00325176262289,-52.3099326141928));
#8449=CARTESIAN_POINT('Ctrl Pts',(77.5796946795428,6.07931911771009,-15.590067385798));
#8450=CARTESIAN_POINT('Ctrl Pts',(77.5796946795428,6.07931911771009,-52.3099326141928));
#8451=CARTESIAN_POINT('Ctrl Pts',(77.5783265649891,6.19211974422425,-15.590067385798));
#8452=CARTESIAN_POINT('Ctrl Pts',(77.5783265649891,6.19211974422425,-52.3099326141928));
#8453=CARTESIAN_POINT('Ctrl Pts',(77.5753072823424,6.34167892418636,-15.590067385798));
#8454=CARTESIAN_POINT('Ctrl Pts',(77.5753072823423,6.34167892418636,-52.3099326141928));
#8455=CARTESIAN_POINT('Ctrl Pts',(77.5721520187407,6.53594477658906,-15.590067385798));
#8456=CARTESIAN_POINT('Ctrl Pts',(77.5721520187407,6.53594477658906,-52.3099326141928));
#8457=CARTESIAN_POINT('Ctrl Pts',(77.569763350056,6.74413143944069,-15.590067385798));
#8458=CARTESIAN_POINT('Ctrl Pts',(77.569763350056,6.74413143944069,-52.3099326141928));
#8459=CARTESIAN_POINT('Ctrl Pts',(77.5650079869915,6.96802755366783,-15.590067385798));
#8460=CARTESIAN_POINT('Ctrl Pts',(77.5650079869915,6.96802755366783,-52.3099326141928));
#8461=CARTESIAN_POINT('Ctrl Pts',(77.5445638435266,7.19346623165576,-15.590067385798));
#8462=CARTESIAN_POINT('Ctrl Pts',(77.5445638435266,7.19346623165576,-52.3099326141928));
#8463=CARTESIAN_POINT('Ctrl Pts',(77.4934501670487,7.40054321552424,-15.590067385798));
#8464=CARTESIAN_POINT('Ctrl Pts',(77.4934501670486,7.40054321552424,-52.3099326141928));
#8465=CARTESIAN_POINT('Ctrl Pts',(77.4091087993582,7.58382837310612,-15.590067385798));
#8466=CARTESIAN_POINT('Ctrl Pts',(77.4091087993582,7.58382837310612,-52.3099326141928));
#8467=CARTESIAN_POINT('Ctrl Pts',(77.2932468819591,7.74171400868438,-15.590067385798));
#8468=CARTESIAN_POINT('Ctrl Pts',(77.2932468819591,7.74171400868438,-52.3099326141928));
#8469=CARTESIAN_POINT('Ctrl Pts',(77.1515538020013,7.87666035006191,-15.590067385798));
#8470=CARTESIAN_POINT('Ctrl Pts',(77.1515538020012,7.87666035006191,-52.3099326141928));
#8471=CARTESIAN_POINT('Ctrl Pts',(76.9902398073343,7.99100628191937,-15.590067385798));
#8472=CARTESIAN_POINT('Ctrl Pts',(76.9902398073342,7.99100628191937,-52.3099326141928));
#8473=CARTESIAN_POINT('Ctrl Pts',(76.8137599509768,8.08443783000137,-15.590067385798));
#8474=CARTESIAN_POINT('Ctrl Pts',(76.8137599509768,8.08443783000137,-52.3099326141928));
#8475=CARTESIAN_POINT('Ctrl Pts',(76.6250861623583,8.15510490560306,-15.590067385798));
#8476=CARTESIAN_POINT('Ctrl Pts',(76.6250861623583,8.15510490560306,-52.3099326141928));
#8477=CARTESIAN_POINT('Ctrl Pts',(76.4267656965664,8.20209872760186,-15.590067385798));
#8478=CARTESIAN_POINT('Ctrl Pts',(76.4267656965664,8.20209872760186,-52.3099326141928));
#8479=CARTESIAN_POINT('Ctrl Pts',(76.2213579789071,8.22651165502298,-15.590067385798));
#8480=CARTESIAN_POINT('Ctrl Pts',(76.221357978907,8.22651165502298,-52.3099326141928));
#8481=CARTESIAN_POINT('Ctrl Pts',(76.0128622164857,8.23520372950628,-15.590067385798));
#8482=CARTESIAN_POINT('Ctrl Pts',(76.0128622164857,8.23520372950628,-52.3099326141928));
#8483=CARTESIAN_POINT('Ctrl Pts',(75.8059219828996,8.2382677929597,-15.590067385798));
#8484=CARTESIAN_POINT('Ctrl Pts',(75.8059219828996,8.2382677929597,-52.3099326141928));
#8485=CARTESIAN_POINT('Ctrl Pts',(75.602690786291,8.23976748902805,-15.590067385798));
#8486=CARTESIAN_POINT('Ctrl Pts',(75.602690786291,8.23976748902805,-52.3099326141928));
#8487=CARTESIAN_POINT('Ctrl Pts',(75.4043531245504,8.24186146186471,-15.590067385798));
#8488=CARTESIAN_POINT('Ctrl Pts',(75.4043531245504,8.24186146186471,-52.3099326141928));
#8489=CARTESIAN_POINT('Ctrl Pts',(75.2111045573878,8.24450708825323,-15.590067385798));
#8490=CARTESIAN_POINT('Ctrl Pts',(75.2111045573878,8.24450708825323,-52.3099326141928));
#8491=CARTESIAN_POINT('Ctrl Pts',(75.0227434167624,8.24693933344918,-15.590067385798));
#8492=CARTESIAN_POINT('Ctrl Pts',(75.0227434167624,8.24693933344918,-52.3099326141928));
#8493=CARTESIAN_POINT('Ctrl Pts',(74.8390401050448,8.24849689459368,-15.590067385798));
#8494=CARTESIAN_POINT('Ctrl Pts',(74.8390401050448,8.24849689459368,-52.3099326141928));
#8495=CARTESIAN_POINT('Ctrl Pts',(74.6598476773856,8.24884789876629,-15.590067385798));
#8496=CARTESIAN_POINT('Ctrl Pts',(74.6598476773856,8.24884789876629,-52.3099326141928));
#8497=CARTESIAN_POINT('Ctrl Pts',(74.5200162763803,8.24802195551108,-15.590067385798));
#8498=CARTESIAN_POINT('Ctrl Pts',(74.5200162763803,8.24802195551108,-52.3099326141928));
#8499=CARTESIAN_POINT('Ctrl Pts',(74.4170989631246,8.24676038768795,-15.590067385798));
#8500=CARTESIAN_POINT('Ctrl Pts',(74.4170989631246,8.24676038768795,-52.3099326141928));
#8501=CARTESIAN_POINT('Ctrl Pts',(74.3493544383392,8.24563428886798,-15.590067385798));
#8502=CARTESIAN_POINT('Ctrl Pts',(74.3493544383392,8.24563428886798,-52.3099326141928));
#8503=CARTESIAN_POINT('Ctrl Pts',(74.3156989395069,8.245,-15.590067385798));
#8504=CARTESIAN_POINT('Ctrl Pts',(74.3156989395069,8.245,-52.3099326141928));
#8505=CARTESIAN_POINT('',(77.58,5.965,-15.590067385798));
#8506=CARTESIAN_POINT('Ctrl Pts',(77.58,5.965,-15.5900673857979));
#8507=CARTESIAN_POINT('Ctrl Pts',(77.58,6.00325176262289,-15.5900673857979));
#8508=CARTESIAN_POINT('Ctrl Pts',(77.5796947000377,6.07931911771009,-15.5900709233922));
#8509=CARTESIAN_POINT('Ctrl Pts',(77.5783266773196,6.19211974422425,-15.5900867750462));
#8510=CARTESIAN_POINT('Ctrl Pts',(77.5753075973443,6.34167892418636,-15.590121757953));
#8511=CARTESIAN_POINT('Ctrl Pts',(77.572152545542,6.53594477658906,-15.5901583164025));
#8512=CARTESIAN_POINT('Ctrl Pts',(77.5697640371983,6.74413143944069,-15.590185992703));
#8513=CARTESIAN_POINT('Ctrl Pts',(77.5650089933409,6.96802755366783,-15.5902410906988));
#8514=CARTESIAN_POINT('Ctrl Pts',(77.5445662222034,7.19346623165576,-15.5904779666881));
#8515=CARTESIAN_POINT('Ctrl Pts',(77.4934559767667,7.40054321552424,-15.5910701951032));
#8516=CARTESIAN_POINT('Ctrl Pts',(77.4091202705496,7.58382837310612,-15.5920474160342));
#8517=CARTESIAN_POINT('Ctrl Pts',(77.2932661304627,7.74171400868438,-15.5933898496926));
#8518=CARTESIAN_POINT('Ctrl Pts',(77.1515825617519,7.87666035006191,-15.5950315760163));
#8519=CARTESIAN_POINT('Ctrl Pts',(76.9902793953996,7.99100628191937,-15.5969006399925));
#8520=CARTESIAN_POINT('Ctrl Pts',(76.8138113853759,8.08443783000137,-15.5989454231666));
#8521=CARTESIAN_POINT('Ctrl Pts',(76.6251502616174,8.15510490560306,-15.6011314912897));
#8522=CARTESIAN_POINT('Ctrl Pts',(76.4559838365087,8.19519310582054,-15.6030916689992));
#8523=CARTESIAN_POINT('Ctrl Pts',(76.3227009025606,8.21384473313484,-15.6046360548666));
#8524=CARTESIAN_POINT('Ctrl Pts',(76.2291928769834,8.22231964538503,-15.6057195579747));
#8525=CARTESIAN_POINT('Ctrl Pts',(76.1767871606354,8.22596108936855,-15.6063267973661));
#8526=CARTESIAN_POINT('Ctrl Pts',(76.1657938754546,8.22667931509255,-15.606454179573));
#8527=CARTESIAN_POINT('',(77.58,5.965,-15.590067385798));
#8528=CARTESIAN_POINT('Ctrl Pts',(62.680925223424,5.965,5.79360871525497E-18));
#8529=CARTESIAN_POINT('Ctrl Pts',(63.9249085455762,5.965,-0.0306021844663953));
#8530=CARTESIAN_POINT('Ctrl Pts',(66.3001783957007,5.965,-0.15298052803181));
#8531=CARTESIAN_POINT('Ctrl Pts',(69.6419187399047,5.965,-0.870723765254215));
#8532=CARTESIAN_POINT('Ctrl Pts',(72.7489604213379,5.965,-2.49687946588475));
#8533=CARTESIAN_POINT('Ctrl Pts',(75.2526387101465,5.965,-5.19765129689293));
#8534=CARTESIAN_POINT('Ctrl Pts',(76.8308385612222,5.965,-8.34462726968681));
#8535=CARTESIAN_POINT('Ctrl Pts',(77.4806190356508,5.965,-11.3783819547502));
#8536=CARTESIAN_POINT('Ctrl Pts',(77.5619115227238,5.965,-14.029003293643));
#8537=CARTESIAN_POINT('Ctrl Pts',(77.58,5.965,-15.590067385798));
#8538=CARTESIAN_POINT('Ctrl Pts',(62.680925223424,6.10403069676737,3.27133110143887E-17));
#8539=CARTESIAN_POINT('Ctrl Pts',(63.9248937642387,6.10403069676737,-0.0306018208431793));
#8540=CARTESIAN_POINT('Ctrl Pts',(66.3003047811273,6.10403069676737,-0.153116877783577));
#8541=CARTESIAN_POINT('Ctrl Pts',(69.6419264170101,6.10403069676737,-0.870858082800763));
#8542=CARTESIAN_POINT('Ctrl Pts',(72.7488845434728,6.10403069676737,-2.49702996398126));
#8543=CARTESIAN_POINT('Ctrl Pts',(75.2525006347307,6.10403069676737,-5.19770614655508));
#8544=CARTESIAN_POINT('Ctrl Pts',(76.8307079217879,6.10403069676737,-8.34464648587286));
#8545=CARTESIAN_POINT('Ctrl Pts',(77.4805175123532,6.10403069676737,-11.3782813487171));
#8546=CARTESIAN_POINT('Ctrl Pts',(77.5619116343503,6.10403069676737,-14.0290129271932));
#8547=CARTESIAN_POINT('Ctrl Pts',(77.58,6.10403069676737,-15.590067385798));
#8548=CARTESIAN_POINT('Ctrl Pts',(62.6808483180979,6.30737308959516,-0.00312621287514554));
#8549=CARTESIAN_POINT('Ctrl Pts',(63.924776209305,6.30737308959516,-0.0337270337316142));
#8550=CARTESIAN_POINT('Ctrl Pts',(66.2997961576334,6.30737308959516,-0.156055785160302));
#8551=CARTESIAN_POINT('Ctrl Pts',(69.6408836279106,6.30737308959516,-0.873678421235786));
#8552=CARTESIAN_POINT('Ctrl Pts',(72.7470323327111,6.30737308959516,-2.49935961193878));
#8553=CARTESIAN_POINT('Ctrl Pts',(75.2500594459327,6.30737308959516,-5.19940928431149));
#8554=CARTESIAN_POINT('Ctrl Pts',(76.8279063977921,6.30737308959516,-8.34571186599584));
#8555=CARTESIAN_POINT('Ctrl Pts',(77.4775072423964,6.30737308959516,-11.3786551021427));
#8556=CARTESIAN_POINT('Ctrl Pts',(77.5587849925696,6.30737308959516,-14.029075652874));
#8557=CARTESIAN_POINT('Ctrl Pts',(77.5768730512391,6.30737308959516,-15.5901036186099));
#8558=CARTESIAN_POINT('Ctrl Pts',(62.6806308850521,6.73184679032204,-0.0119648983297533));
#8559=CARTESIAN_POINT('Ctrl Pts',(63.9243679306139,6.73184679032204,-0.0425610243534719));
#8560=CARTESIAN_POINT('Ctrl Pts',(66.2990072578906,6.73184679032204,-0.165065204770885));
#8561=CARTESIAN_POINT('Ctrl Pts',(69.6379747990626,6.73184679032204,-0.882342175494501));
#8562=CARTESIAN_POINT('Ctrl Pts',(72.741405897749,6.73184679032204,-2.50671915000349));
#8563=CARTESIAN_POINT('Ctrl Pts',(75.2424483540083,6.73184679032204,-5.20450624586985));
#8564=CARTESIAN_POINT('Ctrl Pts',(76.8193147282408,6.73184679032204,-8.34882269142295));
#8565=CARTESIAN_POINT('Ctrl Pts',(77.4684749311791,6.73184679032204,-11.3791950905115));
#8566=CARTESIAN_POINT('Ctrl Pts',(77.549945667798,6.73184679032204,-14.0293024744931));
#8567=CARTESIAN_POINT('Ctrl Pts',(77.568032285228,6.73184679032204,-15.5902060589875));
#8568=CARTESIAN_POINT('Ctrl Pts',(62.6807397537545,7.25452978624208,-0.00753936948367728));
#8569=CARTESIAN_POINT('Ctrl Pts',(63.9245799483234,7.25452978624208,-0.0381380329891186));
#8570=CARTESIAN_POINT('Ctrl Pts',(66.2993373404987,7.25452978624208,-0.160484151647729));
#8571=CARTESIAN_POINT('Ctrl Pts',(69.6394273059122,7.25452978624208,-0.877935240842297));
#8572=CARTESIAN_POINT('Ctrl Pts',(72.7442620287085,7.25452978624208,-2.50295692492207));
#8573=CARTESIAN_POINT('Ctrl Pts',(75.2463301510193,7.25452978624208,-5.20192602357755));
#8574=CARTESIAN_POINT('Ctrl Pts',(76.8236836807808,7.25452978624208,-8.3472552308428));
#8575=CARTESIAN_POINT('Ctrl Pts',(77.4730495570966,7.25452978624208,-11.3789763959031));
#8576=CARTESIAN_POINT('Ctrl Pts',(77.5543714594116,7.25452978624208,-14.0291839565432));
#8577=CARTESIAN_POINT('Ctrl Pts',(77.5724588558085,7.25452978624208,-15.5901547671015));
#8578=CARTESIAN_POINT('Ctrl Pts',(62.6751189809386,7.71440320903627,-0.236024615308049));
#8579=CARTESIAN_POINT('Ctrl Pts',(63.9145584082552,7.71440320903627,-0.266515019250159));
#8580=CARTESIAN_POINT('Ctrl Pts',(66.2743890034114,7.71440320903627,-0.388469059227084));
#8581=CARTESIAN_POINT('Ctrl Pts',(69.5639556843576,7.71440320903627,-1.09705773343367));
#8582=CARTESIAN_POINT('Ctrl Pts',(72.6015499247816,7.71440320903627,-2.68778152579913));
#8583=CARTESIAN_POINT('Ctrl Pts',(75.0545550323514,7.71440320903626,-5.33170876361867));
#8584=CARTESIAN_POINT('Ctrl Pts',(76.6062920647854,7.71440320903626,-8.4269793744248));
#8585=CARTESIAN_POINT('Ctrl Pts',(77.2432177752084,7.71440320903626,-11.3965611616151));
#8586=CARTESIAN_POINT('Ctrl Pts',(77.3258656639466,7.71440320903627,-14.034700245418));
#8587=CARTESIAN_POINT('Ctrl Pts',(77.3439198263671,7.71440320903627,-15.592802911442));
#8588=CARTESIAN_POINT('Ctrl Pts',(62.6670055700588,7.99060506148756,-0.565835966888457));
#8589=CARTESIAN_POINT('Ctrl Pts',(63.9001179670202,7.99060506148756,-0.596170724893351));
#8590=CARTESIAN_POINT('Ctrl Pts',(66.2381601851128,7.99060506148756,-0.717324436697512));
#8591=CARTESIAN_POINT('Ctrl Pts',(69.4550015828612,7.99060506148756,-1.41312397420538));
#8592=CARTESIAN_POINT('Ctrl Pts',(72.3956795192415,7.99060506148756,-2.95431208662624));
#8593=CARTESIAN_POINT('Ctrl Pts',(74.7779703182571,7.99060506148756,-5.5189520839343));
#8594=CARTESIAN_POINT('Ctrl Pts',(76.2927179850113,7.99060506148756,-8.5420257547549));
#8595=CARTESIAN_POINT('Ctrl Pts',(76.9116367872854,7.99060506148756,-11.4221166985331));
#8596=CARTESIAN_POINT('Ctrl Pts',(76.9960244582314,7.99060506148756,-14.0426463216847));
#8597=CARTESIAN_POINT('Ctrl Pts',(77.0140308398069,7.99060506148756,-15.5966254254996));
#8598=CARTESIAN_POINT('Ctrl Pts',(62.6571668666945,8.17345197482534,-0.965780712997679));
#8599=CARTESIAN_POINT('Ctrl Pts',(63.8825903281173,8.17345197482534,-0.995926321984648));
#8600=CARTESIAN_POINT('Ctrl Pts',(66.194368336753,8.17345197482535,-1.11626195333926));
#8601=CARTESIAN_POINT('Ctrl Pts',(69.322887278483,8.17345197482535,-1.79655051669064));
#8602=CARTESIAN_POINT('Ctrl Pts',(72.1459467858933,8.17345197482535,-3.27768737670345));
#8603=CARTESIAN_POINT('Ctrl Pts',(74.4424167406427,8.17345197482534,-5.74607329186409));
#8604=CARTESIAN_POINT('Ctrl Pts',(75.9123176551705,8.17345197482534,-8.68155782874487));
#8605=CARTESIAN_POINT('Ctrl Pts',(76.5094328987234,8.17345197482534,-11.4529943682114));
#8606=CARTESIAN_POINT('Ctrl Pts',(76.5960436340586,8.17345197482534,-14.0522928486193));
#8607=CARTESIAN_POINT('Ctrl Pts',(76.6139919498724,8.17345197482534,-15.6012607857046));
#8608=CARTESIAN_POINT('Ctrl Pts',(62.6498476020232,8.21684162976823,-1.26330990381664));
#8609=CARTESIAN_POINT('Ctrl Pts',(63.86954985424,8.21684162976823,-1.2933147701615));
#8610=CARTESIAN_POINT('Ctrl Pts',(66.1618008179171,8.21684162976823,-1.41305302168171));
#8611=CARTESIAN_POINT('Ctrl Pts',(69.2246046765285,8.21684162976824,-2.08180240546842));
#8612=CARTESIAN_POINT('Ctrl Pts',(71.9601579552649,8.21684162976823,-3.51826692005057));
#8613=CARTESIAN_POINT('Ctrl Pts',(74.1927784744694,8.21684162976823,-5.91503910230375));
#8614=CARTESIAN_POINT('Ctrl Pts',(75.6293173454968,8.21684162976823,-8.78536090584146));
#8615=CARTESIAN_POINT('Ctrl Pts',(76.2102147482022,8.21684162976823,-11.4759568111834));
#8616=CARTESIAN_POINT('Ctrl Pts',(76.2984876129935,8.21684162976823,-14.0594699383038));
#8617=CARTESIAN_POINT('Ctrl Pts',(76.3163927230387,8.21684162976823,-15.6047091494708));
#8618=CARTESIAN_POINT('Ctrl Pts',(62.6461429569543,8.22668133836724,-1.41390427348267));
#8619=CARTESIAN_POINT('Ctrl Pts',(63.8629502597534,8.22668133836724,-1.44383792361867));
#8620=CARTESIAN_POINT('Ctrl Pts',(66.1453095889474,8.22668133836724,-1.56326604182371));
#8621=CARTESIAN_POINT('Ctrl Pts',(69.1748585112488,8.22668133836725,-2.22617498654009));
#8622=CARTESIAN_POINT('Ctrl Pts',(71.8661252697655,8.22668133836724,-3.64002767846832));
#8623=CARTESIAN_POINT('Ctrl Pts',(74.0664319384199,8.22668133836724,-6.00055801290213));
#8624=CARTESIAN_POINT('Ctrl Pts',(75.4860841919284,8.22668133836724,-8.83789973067708));
#8625=CARTESIAN_POINT('Ctrl Pts',(76.0587712814362,8.22668133836724,-11.4875849669103));
#8626=CARTESIAN_POINT('Ctrl Pts',(76.1478796568572,8.22668133836724,-14.0631020740321));
#8627=CARTESIAN_POINT('Ctrl Pts',(76.1657629046509,8.22668133836724,-15.6064545384402));
#8628=CARTESIAN_POINT('Ctrl Pts',(62.680925223424,5.965,5.79360871525497E-18));
#8629=CARTESIAN_POINT('Ctrl Pts',(63.9249085455762,5.965,-0.0306021844663953));
#8630=CARTESIAN_POINT('Ctrl Pts',(66.3001783957007,5.965,-0.15298052803181));
#8631=CARTESIAN_POINT('Ctrl Pts',(69.6419187399047,5.965,-0.870723765254215));
#8632=CARTESIAN_POINT('Ctrl Pts',(72.7489604213379,5.965,-2.49687946588475));
#8633=CARTESIAN_POINT('Ctrl Pts',(75.2526387101465,5.965,-5.19765129689293));
#8634=CARTESIAN_POINT('Ctrl Pts',(76.8308385612222,5.965,-8.34462726968681));
#8635=CARTESIAN_POINT('Ctrl Pts',(77.4806190356508,5.965,-11.3783819547502));
#8636=CARTESIAN_POINT('Ctrl Pts',(77.5619115227238,5.965,-14.029003293643));
#8637=CARTESIAN_POINT('Ctrl Pts',(77.58,5.965,-15.590067385798));
#8638=CARTESIAN_POINT('Ctrl Pts',(77.58,0.,-52.3099326141927));
#8639=CARTESIAN_POINT('Ctrl Pts',(77.58,8.25,-52.3099326141927));
#8640=CARTESIAN_POINT('Ctrl Pts',(77.5776929092165,0.,-52.5090381842459));
#8641=CARTESIAN_POINT('Ctrl Pts',(77.5776929092165,8.25,-52.5090381842459));
#8642=CARTESIAN_POINT('Ctrl Pts',(77.570714229327,0.,-53.0217110418779));
#8643=CARTESIAN_POINT('Ctrl Pts',(77.570714229327,8.25,-53.0217110418779));
#8644=CARTESIAN_POINT('Ctrl Pts',(77.5549491358552,0.,-53.8193490027547));
#8645=CARTESIAN_POINT('Ctrl Pts',(77.5549491358552,8.25,-53.8193490027547));
#8646=CARTESIAN_POINT('Ctrl Pts',(77.5202829068544,0.,-54.8476125439026));
#8647=CARTESIAN_POINT('Ctrl Pts',(77.5202829068544,8.25,-54.8476125439026));
#8648=CARTESIAN_POINT('Ctrl Pts',(77.442977655446,0.,-56.0344851679825));
#8649=CARTESIAN_POINT('Ctrl Pts',(77.442977655446,8.25,-56.0344851679825));
#8650=CARTESIAN_POINT('Ctrl Pts',(77.3025673597298,0.,-57.2009871849017));
#8651=CARTESIAN_POINT('Ctrl Pts',(77.3025673597298,8.25,-57.2009871849017));
#8652=CARTESIAN_POINT('Ctrl Pts',(77.0875677668792,0.,-58.2926467425744));
#8653=CARTESIAN_POINT('Ctrl Pts',(77.0875677668792,8.25,-58.2926467425744));
#8654=CARTESIAN_POINT('Ctrl Pts',(76.7816248296867,0.,-59.3517526771017));
#8655=CARTESIAN_POINT('Ctrl Pts',(76.7816248296867,8.25,-59.3517526771017));
#8656=CARTESIAN_POINT('Ctrl Pts',(76.3719976660841,0.,-60.4079082037309));
#8657=CARTESIAN_POINT('Ctrl Pts',(76.3719976660841,8.25,-60.4079082037309));
#8658=CARTESIAN_POINT('Ctrl Pts',(75.8520258356475,0.,-61.4639675498028));
#8659=CARTESIAN_POINT('Ctrl Pts',(75.8520258356475,8.25,-61.4639675498028));
#8660=CARTESIAN_POINT('Ctrl Pts',(75.2208335331933,0.,-62.5017309495486));
#8661=CARTESIAN_POINT('Ctrl Pts',(75.2208335331933,8.25,-62.5017309495486));
#8662=CARTESIAN_POINT('Ctrl Pts',(74.4825175224784,0.,-63.4919619599469));
#8663=CARTESIAN_POINT('Ctrl Pts',(74.4825175224784,8.25,-63.4919619599469));
#8664=CARTESIAN_POINT('Ctrl Pts',(73.6455199110438,0.,-64.4024297109479));
#8665=CARTESIAN_POINT('Ctrl Pts',(73.6455199110438,8.25,-64.4024297109479));
#8666=CARTESIAN_POINT('Ctrl Pts',(72.7221100480404,0.,-65.2076170451735));
#8667=CARTESIAN_POINT('Ctrl Pts',(72.7221100480404,8.25,-65.2076170451735));
#8668=CARTESIAN_POINT('Ctrl Pts',(71.7274781039512,0.,-65.8950480230277));
#8669=CARTESIAN_POINT('Ctrl Pts',(71.7274781039512,8.25,-65.8950480230277));
#8670=CARTESIAN_POINT('Ctrl Pts',(70.6774928795761,0.,-66.4617939764454));
#8671=CARTESIAN_POINT('Ctrl Pts',(70.6774928795761,8.25,-66.4617939764454));
#8672=CARTESIAN_POINT('Ctrl Pts',(69.5866041285872,0.,-66.9126836401129));
#8673=CARTESIAN_POINT('Ctrl Pts',(69.5866041285872,8.25,-66.9126836401129));
#8674=CARTESIAN_POINT('Ctrl Pts',(68.4659183867374,0.,-67.2579785647415));
#8675=CARTESIAN_POINT('Ctrl Pts',(68.4659183867374,8.25,-67.2579785647415));
#8676=CARTESIAN_POINT('Ctrl Pts',(67.320628990529,0.,-67.5112333789841));
#8677=CARTESIAN_POINT('Ctrl Pts',(67.320628990529,8.25,-67.5112333789841));
#8678=CARTESIAN_POINT('Ctrl Pts',(66.1506918177394,0.,-67.6877476139015));
#8679=CARTESIAN_POINT('Ctrl Pts',(66.1506918177394,8.25,-67.6877476139015));
#8680=CARTESIAN_POINT('Ctrl Pts',(64.9966067370887,0.,-67.7991853548317));
#8681=CARTESIAN_POINT('Ctrl Pts',(64.9966067370887,8.25,-67.7991853548317));
#8682=CARTESIAN_POINT('Ctrl Pts',(64.0585858336357,0.,-67.8542003757029));
#8683=CARTESIAN_POINT('Ctrl Pts',(64.0585858336357,8.25,-67.8542003757029));
#8684=CARTESIAN_POINT('Ctrl Pts',(63.3520044254603,0.,-67.8816132354818));
#8685=CARTESIAN_POINT('Ctrl Pts',(63.3520044254603,8.25,-67.8816132354818));
#8686=CARTESIAN_POINT('Ctrl Pts',(62.8900396321965,0.,-67.894855752808));
#8687=CARTESIAN_POINT('Ctrl Pts',(62.8900396321965,8.25,-67.894855752808));
#8688=CARTESIAN_POINT('Ctrl Pts',(62.6809252234209,0.,-67.9));
#8689=CARTESIAN_POINT('Ctrl Pts',(62.6809252234209,8.25,-67.9));
#8690=CARTESIAN_POINT('',(77.58,0.,-52.3099326141927));
#8691=CARTESIAN_POINT('Ctrl Pts',(14.8990747765942,0.,-67.9));
#8692=CARTESIAN_POINT('Ctrl Pts',(14.8990747765942,8.25,-67.9));
#8693=CARTESIAN_POINT('Ctrl Pts',(14.6899603678154,0.,-67.8948557528081));
#8694=CARTESIAN_POINT('Ctrl Pts',(14.6899603678154,8.25,-67.8948557528081));
#8695=CARTESIAN_POINT('Ctrl Pts',(14.2279955745486,0.,-67.881613235482));
#8696=CARTESIAN_POINT('Ctrl Pts',(14.2279955745486,8.25,-67.881613235482));
#8697=CARTESIAN_POINT('Ctrl Pts',(13.5214141663701,0.,-67.8542003757033));
#8698=CARTESIAN_POINT('Ctrl Pts',(13.5214141663701,8.25,-67.8542003757033));
#8699=CARTESIAN_POINT('Ctrl Pts',(12.5833932629137,0.,-67.7991853548326));
#8700=CARTESIAN_POINT('Ctrl Pts',(12.5833932629137,8.25,-67.7991853548326));
#8701=CARTESIAN_POINT('Ctrl Pts',(11.4293081822599,0.,-67.6877476139025));
#8702=CARTESIAN_POINT('Ctrl Pts',(11.4293081822599,8.25,-67.6877476139025));
#8703=CARTESIAN_POINT('Ctrl Pts',(10.2593710094705,0.,-67.5112333789851));
#8704=CARTESIAN_POINT('Ctrl Pts',(10.2593710094705,8.25,-67.5112333789851));
#8705=CARTESIAN_POINT('Ctrl Pts',(9.11408161326251,0.,-67.2579785647421));
#8706=CARTESIAN_POINT('Ctrl Pts',(9.11408161326251,8.25,-67.2579785647421));
#8707=CARTESIAN_POINT('Ctrl Pts',(7.99339587141287,0.,-66.9126836401127));
#8708=CARTESIAN_POINT('Ctrl Pts',(7.99339587141287,8.25,-66.9126836401127));
#8709=CARTESIAN_POINT('Ctrl Pts',(6.90250712042415,0.,-66.4617939764444));
#8710=CARTESIAN_POINT('Ctrl Pts',(6.90250712042415,8.25,-66.4617939764444));
#8711=CARTESIAN_POINT('Ctrl Pts',(5.85252189604907,0.,-65.8950480230263));
#8712=CARTESIAN_POINT('Ctrl Pts',(5.85252189604907,8.25,-65.8950480230263));
#8713=CARTESIAN_POINT('Ctrl Pts',(4.85788995195984,0.,-65.2076170451725));
#8714=CARTESIAN_POINT('Ctrl Pts',(4.85788995195984,8.25,-65.2076170451725));
#8715=CARTESIAN_POINT('Ctrl Pts',(3.93448008895616,0.,-64.4024297109477));
#8716=CARTESIAN_POINT('Ctrl Pts',(3.93448008895616,8.25,-64.4024297109477));
#8717=CARTESIAN_POINT('Ctrl Pts',(3.09748247752152,0.,-63.4919619599476));
#8718=CARTESIAN_POINT('Ctrl Pts',(3.09748247752152,8.25,-63.4919619599476));
#8719=CARTESIAN_POINT('Ctrl Pts',(2.35916646680669,0.,-62.5017309495496));
#8720=CARTESIAN_POINT('Ctrl Pts',(2.35916646680669,8.25,-62.5017309495496));
#8721=CARTESIAN_POINT('Ctrl Pts',(1.7279741643526,0.,-61.4639675498036));
#8722=CARTESIAN_POINT('Ctrl Pts',(1.7279741643526,8.25,-61.4639675498036));
#8723=CARTESIAN_POINT('Ctrl Pts',(1.20800233391583,0.,-60.4079082037313));
#8724=CARTESIAN_POINT('Ctrl Pts',(1.20800233391583,8.25,-60.4079082037313));
#8725=CARTESIAN_POINT('Ctrl Pts',(0.798375170313292,0.,-59.3517526771016));
#8726=CARTESIAN_POINT('Ctrl Pts',(0.798375170313292,8.25,-59.3517526771016));
#8727=CARTESIAN_POINT('Ctrl Pts',(0.492432233120791,0.,-58.2926467425739));
#8728=CARTESIAN_POINT('Ctrl Pts',(0.492432233120791,8.25,-58.2926467425739));
#8729=CARTESIAN_POINT('Ctrl Pts',(0.277432640270214,0.,-57.200987184901));
#8730=CARTESIAN_POINT('Ctrl Pts',(0.277432640270214,8.25,-57.200987184901));
#8731=CARTESIAN_POINT('Ctrl Pts',(0.137022344553971,0.,-56.0344851679819));
#8732=CARTESIAN_POINT('Ctrl Pts',(0.137022344553971,8.25,-56.0344851679819));
#8733=CARTESIAN_POINT('Ctrl Pts',(0.0597170931457434,0.,-54.8476125439039));
#8734=CARTESIAN_POINT('Ctrl Pts',(0.0597170931457434,8.25,-54.8476125439039));
#8735=CARTESIAN_POINT('Ctrl Pts',(0.0250508641448848,0.,-53.8193490027582));
#8736=CARTESIAN_POINT('Ctrl Pts',(0.0250508641448848,8.25,-53.8193490027582));
#8737=CARTESIAN_POINT('Ctrl Pts',(0.00928577067310821,0.,-53.0217110418837));
#8738=CARTESIAN_POINT('Ctrl Pts',(0.00928577067310821,8.25,-53.0217110418837));
#8739=CARTESIAN_POINT('Ctrl Pts',(0.00230709078349877,0.,-52.5090381842539));
#8740=CARTESIAN_POINT('Ctrl Pts',(0.00230709078349877,8.25,-52.5090381842539));
#8741=CARTESIAN_POINT('Ctrl Pts',(1.08826793063233E-16,0.,-52.3099326142029));
#8742=CARTESIAN_POINT('Ctrl Pts',(1.08826793063233E-16,8.25,-52.3099326142029));
#8743=CARTESIAN_POINT('',(-1.39591029707509E-17,0.,-52.3099326142029));
#8744=CARTESIAN_POINT('Origin',(2.08909181118829E-30,0.,-52.3099326142029));
#8745=CARTESIAN_POINT('',(3.83243377354361E-13,0.,-15.5900673857647));
#8746=CARTESIAN_POINT('Origin',(77.58,0.,-15.590067385798));
#8747=CARTESIAN_POINT('',(77.58,0.,-15.590067385798));
#8748=CARTESIAN_POINT('Ctrl Pts',(62.680925223424,0.,-1.95156391047391E-17));
#8749=CARTESIAN_POINT('Ctrl Pts',(62.680925223424,8.25,-1.95156391047391E-17));
#8750=CARTESIAN_POINT('Ctrl Pts',(62.890039632199,0.,-0.00514424719202933));
#8751=CARTESIAN_POINT('Ctrl Pts',(62.890039632199,8.25,-0.00514424719202933));
#8752=CARTESIAN_POINT('Ctrl Pts',(63.3520044254622,0.,-0.0183867645183242));
#8753=CARTESIAN_POINT('Ctrl Pts',(63.3520044254622,8.25,-0.0183867645183242));
#8754=CARTESIAN_POINT('Ctrl Pts',(64.0585858336373,0.,-0.0457996242972534));
#8755=CARTESIAN_POINT('Ctrl Pts',(64.0585858336373,8.25,-0.0457996242972534));
#8756=CARTESIAN_POINT('Ctrl Pts',(64.9966067370904,0.,-0.100814645168046));
#8757=CARTESIAN_POINT('Ctrl Pts',(64.9966067370904,8.25,-0.100814645168046));
#8758=CARTESIAN_POINT('Ctrl Pts',(66.150691817741,0.,-0.212252386097799));
#8759=CARTESIAN_POINT('Ctrl Pts',(66.150691817741,8.25,-0.212252386097799));
#8760=CARTESIAN_POINT('Ctrl Pts',(67.3206289905303,0.,-0.3887666210153));
#8761=CARTESIAN_POINT('Ctrl Pts',(67.3206289905303,8.25,-0.3887666210153));
#8762=CARTESIAN_POINT('Ctrl Pts',(68.4659183867379,0.,-0.642021435258251));
#8763=CARTESIAN_POINT('Ctrl Pts',(68.4659183867379,8.25,-0.642021435258251));
#8764=CARTESIAN_POINT('Ctrl Pts',(69.5866041285869,0.,-0.987316359887167));
#8765=CARTESIAN_POINT('Ctrl Pts',(69.5866041285869,8.25,-0.987316359887167));
#8766=CARTESIAN_POINT('Ctrl Pts',(70.6774928795755,0.,-1.43820602355496));
#8767=CARTESIAN_POINT('Ctrl Pts',(70.6774928795755,8.25,-1.43820602355496));
#8768=CARTESIAN_POINT('Ctrl Pts',(71.7274781039507,0.,-2.0049519769729));
#8769=CARTESIAN_POINT('Ctrl Pts',(71.7274781039507,8.25,-2.0049519769729));
#8770=CARTESIAN_POINT('Ctrl Pts',(72.7221100480401,0.,-2.69238295482698));
#8771=CARTESIAN_POINT('Ctrl Pts',(72.7221100480401,8.25,-2.69238295482698));
#8772=CARTESIAN_POINT('Ctrl Pts',(73.6455199110438,0.,-3.49757028905216));
#8773=CARTESIAN_POINT('Ctrl Pts',(73.6455199110438,8.25,-3.49757028905216));
#8774=CARTESIAN_POINT('Ctrl Pts',(74.4825175224785,0.,-4.40803804005281));
#8775=CARTESIAN_POINT('Ctrl Pts',(74.4825175224785,8.25,-4.40803804005281));
#8776=CARTESIAN_POINT('Ctrl Pts',(75.2208335331933,0.,-5.39826905045105));
#8777=CARTESIAN_POINT('Ctrl Pts',(75.2208335331933,8.25,-5.39826905045105));
#8778=CARTESIAN_POINT('Ctrl Pts',(75.8520258356475,0.,-6.43603245019696));
#8779=CARTESIAN_POINT('Ctrl Pts',(75.8520258356475,8.25,-6.43603245019696));
#8780=CARTESIAN_POINT('Ctrl Pts',(76.3719976660841,0.,-7.49209179626881));
#8781=CARTESIAN_POINT('Ctrl Pts',(76.3719976660841,8.25,-7.49209179626881));
#8782=CARTESIAN_POINT('Ctrl Pts',(76.7816248296868,0.,-8.54824732289833));
#8783=CARTESIAN_POINT('Ctrl Pts',(76.7816248296868,8.25,-8.54824732289833));
#8784=CARTESIAN_POINT('Ctrl Pts',(77.0875677668793,0.,-9.60735325742592));
#8785=CARTESIAN_POINT('Ctrl Pts',(77.0875677668793,8.25,-9.60735325742592));
#8786=CARTESIAN_POINT('Ctrl Pts',(77.3025673597298,0.,-10.6990128150988));
#8787=CARTESIAN_POINT('Ctrl Pts',(77.3025673597298,8.25,-10.6990128150988));
#8788=CARTESIAN_POINT('Ctrl Pts',(77.442977655446,0.,-11.865514832018));
#8789=CARTESIAN_POINT('Ctrl Pts',(77.442977655446,8.25,-11.865514832018));
#8790=CARTESIAN_POINT('Ctrl Pts',(77.5202829068543,0.,-13.0523874560963));
#8791=CARTESIAN_POINT('Ctrl Pts',(77.5202829068543,8.25,-13.0523874560963));
#8792=CARTESIAN_POINT('Ctrl Pts',(77.5549491358552,0.,-14.0806509972422));
#8793=CARTESIAN_POINT('Ctrl Pts',(77.5549491358552,8.25,-14.0806509972422));
#8794=CARTESIAN_POINT('Ctrl Pts',(77.5707142293269,0.,-14.8782889581168));
#8795=CARTESIAN_POINT('Ctrl Pts',(77.5707142293269,8.25,-14.8782889581168));
#8796=CARTESIAN_POINT('Ctrl Pts',(77.5776929092165,0.,-15.3909618157467));
#8797=CARTESIAN_POINT('Ctrl Pts',(77.5776929092165,8.25,-15.3909618157467));
#8798=CARTESIAN_POINT('Ctrl Pts',(77.58,0.,-15.590067385798));
#8799=CARTESIAN_POINT('Ctrl Pts',(77.58,8.25,-15.590067385798));
#8800=CARTESIAN_POINT('',(62.680925223424,0.,6.50521303491303E-18));
#8801=CARTESIAN_POINT('Origin',(14.8990747765787,0.,0.));
#8802=CARTESIAN_POINT('',(14.8990747765787,0.,5.28548559086683E-18));
#8803=CARTESIAN_POINT('Ctrl Pts',(3.83243377354361E-13,0.,-15.5900673857647));
#8804=CARTESIAN_POINT('Ctrl Pts',(3.83243377354361E-13,8.25,-15.5900673857647));
#8805=CARTESIAN_POINT('Ctrl Pts',(0.0023070907838528,0.,-15.3909618157205));
#8806=CARTESIAN_POINT('Ctrl Pts',(0.0023070907838528,8.25,-15.3909618157205));
#8807=CARTESIAN_POINT('Ctrl Pts',(0.00928577067347437,0.,-14.8782889580979));
#8808=CARTESIAN_POINT('Ctrl Pts',(0.00928577067347437,8.25,-14.8782889580979));
#8809=CARTESIAN_POINT('Ctrl Pts',(0.0250508641452668,0.,-14.0806509972304));
#8810=CARTESIAN_POINT('Ctrl Pts',(0.0250508641452668,8.25,-14.0806509972304));
#8811=CARTESIAN_POINT('Ctrl Pts',(0.0597170931460707,0.,-13.0523874560909));
#8812=CARTESIAN_POINT('Ctrl Pts',(0.0597170931460707,8.25,-13.0523874560909));
#8813=CARTESIAN_POINT('Ctrl Pts',(0.137022344553959,0.,-11.8655148320179));
#8814=CARTESIAN_POINT('Ctrl Pts',(0.137022344553959,8.25,-11.8655148320179));
#8815=CARTESIAN_POINT('Ctrl Pts',(0.2774326402702,0.,-10.6990128150987));
#8816=CARTESIAN_POINT('Ctrl Pts',(0.2774326402702,8.25,-10.6990128150987));
#8817=CARTESIAN_POINT('Ctrl Pts',(0.492432233120781,0.,-9.60735325742586));
#8818=CARTESIAN_POINT('Ctrl Pts',(0.492432233120781,8.25,-9.60735325742586));
#8819=CARTESIAN_POINT('Ctrl Pts',(0.798375170313296,0.,-8.54824732289832));
#8820=CARTESIAN_POINT('Ctrl Pts',(0.798375170313296,8.25,-8.54824732289832));
#8821=CARTESIAN_POINT('Ctrl Pts',(1.20800233391584,0.,-7.49209179626885));
#8822=CARTESIAN_POINT('Ctrl Pts',(1.20800233391584,8.25,-7.49209179626885));
#8823=CARTESIAN_POINT('Ctrl Pts',(1.72797416435261,0.,-6.43603245019702));
#8824=CARTESIAN_POINT('Ctrl Pts',(1.72797416435261,8.25,-6.43603245019702));
#8825=CARTESIAN_POINT('Ctrl Pts',(2.3591664668067,0.,-5.39826905045109));
#8826=CARTESIAN_POINT('Ctrl Pts',(2.3591664668067,8.25,-5.39826905045109));
#8827=CARTESIAN_POINT('Ctrl Pts',(3.09748247752152,0.,-4.40803804005282));
#8828=CARTESIAN_POINT('Ctrl Pts',(3.09748247752152,8.25,-4.40803804005282));
#8829=CARTESIAN_POINT('Ctrl Pts',(3.93448008895616,0.,-3.49757028905215));
#8830=CARTESIAN_POINT('Ctrl Pts',(3.93448008895616,8.25,-3.49757028905215));
#8831=CARTESIAN_POINT('Ctrl Pts',(4.85788995195983,0.,-2.69238295482697));
#8832=CARTESIAN_POINT('Ctrl Pts',(4.85788995195983,8.25,-2.69238295482697));
#8833=CARTESIAN_POINT('Ctrl Pts',(5.85252189604906,0.,-2.00495197697292));
#8834=CARTESIAN_POINT('Ctrl Pts',(5.85252189604906,8.25,-2.00495197697292));
#8835=CARTESIAN_POINT('Ctrl Pts',(6.90250712042414,0.,-1.438206023555));
#8836=CARTESIAN_POINT('Ctrl Pts',(6.90250712042414,8.25,-1.438206023555));
#8837=CARTESIAN_POINT('Ctrl Pts',(7.99339587141287,0.,-0.987316359887193));
#8838=CARTESIAN_POINT('Ctrl Pts',(7.99339587141287,8.25,-0.987316359887193));
#8839=CARTESIAN_POINT('Ctrl Pts',(9.11408161326251,0.,-0.642021435258215));
#8840=CARTESIAN_POINT('Ctrl Pts',(9.11408161326251,8.25,-0.642021435258215));
#8841=CARTESIAN_POINT('Ctrl Pts',(10.2593710094705,0.,-0.388766621015195));
#8842=CARTESIAN_POINT('Ctrl Pts',(10.2593710094705,8.25,-0.388766621015195));
#8843=CARTESIAN_POINT('Ctrl Pts',(11.4293081822599,0.,-0.212252386097669));
#8844=CARTESIAN_POINT('Ctrl Pts',(11.4293081822599,8.25,-0.212252386097669));
#8845=CARTESIAN_POINT('Ctrl Pts',(12.5833932629108,0.,-0.100814645167898));
#8846=CARTESIAN_POINT('Ctrl Pts',(12.5833932629108,8.25,-0.100814645167898));
#8847=CARTESIAN_POINT('Ctrl Pts',(13.5214141663641,0.,-0.0457996242971593));
#8848=CARTESIAN_POINT('Ctrl Pts',(13.5214141663641,8.25,-0.0457996242971593));
#8849=CARTESIAN_POINT('Ctrl Pts',(14.2279955745395,0.,-0.018386764518286));
#8850=CARTESIAN_POINT('Ctrl Pts',(14.2279955745395,8.25,-0.018386764518286));
#8851=CARTESIAN_POINT('Ctrl Pts',(14.6899603678031,0.,-0.0051442471920226));
#8852=CARTESIAN_POINT('Ctrl Pts',(14.6899603678031,8.25,-0.0051442471920226));
#8853=CARTESIAN_POINT('Ctrl Pts',(14.8990747765787,0.,-2.00577401909818E-17));
#8854=CARTESIAN_POINT('Ctrl Pts',(14.8990747765787,8.25,-2.00577401909818E-17));
#8855=UNCERTAINTY_MEASURE_WITH_UNIT(LENGTH_MEASURE(0.01),#8859,
'DISTANCE_ACCURACY_VALUE',
'Maximum model space distance between geometric entities at asserted c
onnectivities');
#8856=UNCERTAINTY_MEASURE_WITH_UNIT(LENGTH_MEASURE(0.01),#8859,
'DISTANCE_ACCURACY_VALUE',
'Maximum model space distance between geometric entities at asserted c
onnectivities');
#8857=(
GEOMETRIC_REPRESENTATION_CONTEXT(3)
GLOBAL_UNCERTAINTY_ASSIGNED_CONTEXT((#8855))
GLOBAL_UNIT_ASSIGNED_CONTEXT((#8859,#8860,#8861))
REPRESENTATION_CONTEXT('','3D')
);
#8858=(
GEOMETRIC_REPRESENTATION_CONTEXT(3)
GLOBAL_UNCERTAINTY_ASSIGNED_CONTEXT((#8856))
GLOBAL_UNIT_ASSIGNED_CONTEXT((#8859,#8860,#8861))
REPRESENTATION_CONTEXT('','3D')
);
#8859=(
LENGTH_UNIT()
NAMED_UNIT(*)
SI_UNIT(.MILLI.,.METRE.)
);
#8860=(
NAMED_UNIT(*)
PLANE_ANGLE_UNIT()
SI_UNIT($,.RADIAN.)
);
#8861=(
NAMED_UNIT(*)
SI_UNIT($,.STERADIAN.)
SOLID_ANGLE_UNIT()
);
#8862=SHAPE_DEFINITION_REPRESENTATION(#8863,#8864);
#8863=PRODUCT_DEFINITION_SHAPE('',$,#8866);
#8864=SHAPE_REPRESENTATION('',(#2998),#8857);
#8865=PRODUCT_DEFINITION_CONTEXT('part definition',#8870,'design');
#8866=PRODUCT_DEFINITION('2026-03-03-17-07-34-035','main',#8867,#8865);
#8867=PRODUCT_DEFINITION_FORMATION('',$,#8872);
#8868=PRODUCT_RELATED_PRODUCT_CATEGORY('main','main',(#8872));
#8869=APPLICATION_PROTOCOL_DEFINITION('international standard',
'automotive_design',2009,#8870);
#8870=APPLICATION_CONTEXT(
'Core Data for Automotive Mechanical Design Process');
#8871=PRODUCT_CONTEXT('part definition',#8870,'mechanical');
#8872=PRODUCT('2026-03-03-17-07-34-035','main',$,(#8871));
#8873=PRESENTATION_STYLE_ASSIGNMENT((#8877));
#8874=PRESENTATION_STYLE_ASSIGNMENT((#8878));
#8875=PRESENTATION_STYLE_ASSIGNMENT((#8879));
#8876=PRESENTATION_STYLE_ASSIGNMENT((#8880));
#8877=SURFACE_STYLE_USAGE(.BOTH.,#8881);
#8878=SURFACE_STYLE_USAGE(.BOTH.,#8882);
#8879=SURFACE_STYLE_USAGE(.BOTH.,#8883);
#8880=SURFACE_STYLE_USAGE(.BOTH.,#8884);
#8881=SURFACE_SIDE_STYLE('',(#8885));
#8882=SURFACE_SIDE_STYLE('',(#8886));
#8883=SURFACE_SIDE_STYLE('',(#8887));
#8884=SURFACE_SIDE_STYLE('',(#8888));
#8885=SURFACE_STYLE_FILL_AREA(#8889);
#8886=SURFACE_STYLE_FILL_AREA(#8890);
#8887=SURFACE_STYLE_FILL_AREA(#8891);
#8888=SURFACE_STYLE_FILL_AREA(#8892);
#8889=FILL_AREA_STYLE('Opaque(255,191,0)',(#8893));
#8890=FILL_AREA_STYLE('Steel - Satin',(#8894));
#8891=FILL_AREA_STYLE('Opaque(120,110,70)',(#8895));
#8892=FILL_AREA_STYLE('SemiTransparent(0,128,0)',(#8896));
#8893=FILL_AREA_STYLE_COLOUR('Opaque(255,191,0)',#8897);
#8894=FILL_AREA_STYLE_COLOUR('Steel - Satin',#8898);
#8895=FILL_AREA_STYLE_COLOUR('Opaque(120,110,70)',#8899);
#8896=FILL_AREA_STYLE_COLOUR('SemiTransparent(0,128,0)',#8900);
#8897=COLOUR_RGB('Opaque(255,191,0)',1.,0.749019607843137,0.);
#8898=COLOUR_RGB('Steel - Satin',0.627450980392157,0.627450980392157,0.627450980392157);
#8899=COLOUR_RGB('Opaque(120,110,70)',0.470588235294118,0.431372549019608,
0.274509803921569);
#8900=COLOUR_RGB('SemiTransparent(0,128,0)',0.,0.501960784313725,0.);
ENDSEC;
END-ISO-10303-21;
